review_id,app_id,rating,comment,date,sentiment,comment_en
9841e963-5c66-4287-9b1a-0bd99ff2b29f,008,2,"có phí nghen các cô, các bác, các chú, các dì, các anh, các chị, các ba, các mẹ, các con, các cháu, các loại từ nhân xưng",2026-01-18 13:28:38,Negative,"There is a fee for aunts, uncles, uncles, aunts, brothers, sisters, fathers, mothers, children, grandchildren, all kinds of personal pronouns."
be4b9849-511e-4ac5-8bdd-064b2fadcdb5,008,1,phải nạp tiền mới học được nếu mà cho thòi2 hạn sd miễn phí 2 ngày mà sau đó tự tính phí mà k thông báo đừng trách t. r còn nó hok mới đến 1 đoạn đã premium alf sao?,2025-11-27 16:38:35,Negative,"You have to recharge to learn. If you give them a 2-day free usage period and then charge yourself without notice, don't blame me.r and it doesn't get to 1 section with premium alf?"
a4419f47-a855-4686-80fd-db675d42b574,008,1,trời má tưởng học free ai ngờ bắt nộp tiền tại ko có tiền hc trực tiếp nên mới học onl mà bắt đóng tiền nữa chứ tr muốn chửi ghê,2024-07-24 08:19:55,Negative,"Oh my gosh, I thought I could study for free, but I had to pay because I didn't have money to study directly, so I started studying online and had to pay, but I wanted to curse."
2e8217d1-349c-4a96-94c9-10aef9c1a777,008,1,"bắt buộc phải mua gói hội viên mới đc học tiếp, trải nghiệm học tệ, nhiều app miễn phí khác học ok hơn nhiều. mọi người nên cân nhắc trc khi tải. tôi xoá app đây.",2024-03-20 14:57:12,Negative,You have to buy a membership package to continue studying. The learning experience is bad. There are many other free apps that make learning much better.Everyone should consider before downloading.I will delete this app.
45e08c2f-83a2-49fa-9bb5-d449ad1d3ced,008,2,"tại sao không cho học tiếng anh gia đình mà cứ bắt mua hội viên trọn đời mà còn để thời gian không biến mất, không cho học là sao, ng ta đâu muốn mua hội viên trọn đời đâu mà cứ bắt buộc ng ta phải mua , có ai rảnh đâu mà mua,ai rảnh, lâu lâu vô học mà còn nhiều thời gian,ai rảnh mà đợi lâu thế đâu ,đã đợi vài ngày còn không hết thời gian,không muốn ng ta học à thì nói một câu,lúc chờ hết thời thì nó lại quay lại từ đầu😡😠",2024-03-19 14:18:47,Negative,"Why don't we let them learn English at home, but just force them to buy a lifetime membership and let the time not disappear? What's the point of not allowing them to learn? We don't want to buy a lifetime membership. We just have to force them to buy it. No one has free time to buy it. Who is free? After a while, we still have a lot of time to study. Who has free time to wait that long? We've waited for a few days and the time hasn't run out. If we don't want people to learn, just say something. When the time is up, it will come back.head😡😠"
5d2a5754-cca4-4531-b6f1-995f7ba65829,008,1,tôi thật sự là ko thích về app này vì tôi học như nào mà đến phần học thứ hai lại ko nhấn đc nx 1 sao,2024-03-01 14:26:14,Negative,I really don't like this app because I don't know how to learn but in the second part I can't press the button. 1 star
159c5e51-2810-4be6-bc0c-198bc4cee141,008,1,"tưởng app họ miễn phí, ai dè phải trả tiền. lí do học qua app là không có tiền học trực tiếp, biết vậy không tải.",2024-01-07 16:21:31,Negative,"I thought the learning app was free, but who didn't have to pay?The reason for studying through the app is that I don't have money to study directly, so I don't download it if I know that."
e811ec72-a7fb-4b30-bbc7-7b2083c69a85,008,1,đã đăng ký gói tháng. khj không còn nhu cầu thì không thể hủy. hướng dẫn hủy subscription không đúng. vẫn trừ tiền hàng tháng. trải nghiệm tệ. có ai support cho tôi không?,2024-01-02 07:04:33,Negative,"subscribed to the monthly package.If you no longer need it, you cannot cancel it.Instructions to cancel subscription are incorrect.Still deducted monthly.bad experience.Does anyone support me?"
6492f489-fb07-4720-8e20-7e161ab56682,008,2,mình đã vào học thử tiếng pháp nhưng chỉ học được 1 unit còn unit 2 trở đi bắt phải trả phí thì mới học được,2023-12-22 15:19:01,Negative,"I tried to learn French but I could only learn 1 unit, and for units 2 and above, I had to pay a fee to learn it."
a7cdf393-7148-4d99-a16f-2b9175136a45,008,2,"nó không chuyển sang bài khác được với cả là nó cứ bắt nạp tiền thôi , không nên tải app học tiếng hàn này:((",2023-11-21 15:28:06,Negative,"It can't move to another lesson and it just keeps asking for money, don't download this Korean learning app :(("
0f876840-a6e4-44fd-8002-90029709ab71,008,1,"học 1 bài xong bắt trả tiền đắt cắt cổ để học bài 2, thế xoá cmn app luôn đi cho rồi 🙂 đầy app cho học hết khoá mà không cần trả tiền (duolingo để bản cao cấp riêng chẳng hạn)",2023-08-06 07:35:48,Negative,"After taking 1 lesson, you have to pay exorbitant money to take lesson 2, so just delete the app and leave 🙂 There are many apps that let you study the entire course without having to pay (for example, Duolingo has a separate premium version)."
3100f2e2-9117-4450-9e67-01bfcbae4495,008,1,"sau khi bị trừ tiền tôi đã đề nghị hoàn tiền ngay nhưng lại để đến gần 48h mới gửi mail, đến khi đọc mail đã qua hạn 48h cuối cùng không được hoàn tiền. app thì lộn xộn, không giúp ích gì cho việc học, đã tốn tiền mua 1 năm đầu học được có vài buổi rồi, giờ lại bị trừ thêm phí 1 năm nữa. quá tệ",2023-06-06 15:34:54,Negative,"After the money was deducted, I requested a refund immediately, but I waited until almost 48 hours to send the email. By the time I read the email, the 48-hour deadline had passed and the final 48 hours were not refunded.The app is messy and not helpful for studying. I spent money to buy it for the first year and only got a few sessions, and now I'm being charged another year.too bad"
8999eb61-dee5-485c-a0f5-630fc98ed66b,008,1,bắt đăng ký gói học r mới cho học 😿 đã nghèo k có tiền đi học nên mới nhờ app mà v thì chết r,2023-05-26 10:00:00,Negative,I had to sign up for a new learning package to study 😿 I'm poor and don't have money to go to school so I relied on the app but I died.
aa9af4ec-662a-4279-a380-1cec2dbd21b2,008,1,rất tốt nhưng app miễn phí bắt người khác đóng tiền học được bài 1 xong qua bài 2 bấm vô để học không đóng không học được xin hãy xem xét lại ạ.,2023-01-08 23:06:29,Negative,"Very good, but the free app forces others to pay to learn lesson 1, then go to lesson 2, click to study. If you don't pay, you can't study. Please reconsider."
338a28ec-6e75-4392-a926-20b707eea7b3,008,1,"mới vào hc tg nhật mà cno tiếp đãi bằng chữ nhật luôn ạ,thế thì dell hiểu đc j luôn.k hc đc nên 1 sao",2022-11-12 07:17:27,Negative,"I'm new to Japanese school but I still treat you in Japanese, so I don't understand. If you can't study, that's why 1 star."
2be5e77b-27c0-48b7-a974-bf9b2c035cb3,008,1,những cái lần đầu tiên thì họ không bắt tôi trả tiền nhưng lần thứ hai họ lại bắt tôi trả tiền thế là sao sao lại ghi là miễn phí ông miễn phí thế à đánh giá thế này là một sao còn nhiều,2022-11-05 10:34:46,Negative,"The first time they didn't make me pay, but the second time they made me pay, so why did it say it was free? Is it free? This rating is one star, there are many more."
17ade118-24bb-49eb-870f-cc41566eb164,008,1,"mấy bạn ko có tiền đừng tải app này về, đã nặng lại còn ép ngưòi dùng trả tiền khi mới học xong 1 bài, bọn lingo này chỉ biết bú tiền từ người dùng thôi 🤡🤡",2022-09-01 06:20:41,Negative,"If you don't have money, don't download this app, it's heavy and even forces users to pay after just finishing a lesson, these lingos only know how to suck money from users 🤡🤡"
6075601f-3fa0-4c94-a598-3eb8bc347eaa,008,1,đcm 😡 học hết cáu thú cưng r mà học đến ng nhà nó bắt đóng tiền vừa bảo miễn phí mà app như lon mong nhà sản xuất mở rộng cho app và k mất tiền app này để cho các bn muốn học tiếng anh nhưng k có tiền mong nhà sản xuất mở rộng hơn,2022-08-24 05:14:28,Negative,"Damn 😡 learning everything is a pet peeve, but even though it's so difficult to learn, they require you to pay money and they say it's free, but the app is so bad, I hope the manufacturer expands the app and doesn't cost money. This app is for those who want to learn English but don't have money. I hope the manufacturer expands it further."
b4e37577-ef8f-43b4-ba6d-f25c77717311,008,2,"học cũng ổn nhưng không hiểu sao lộ trình học bị reset lại, phải học lại từ đầu và bắt nâng cấp. muốn ôn lại bài đã học cũng bắt nâng cấp. coi như là vào app không có tác dụng gì nếu không nâng cấp. hơi thất vọng",2022-07-29 04:50:31,Negative,"Learning is okay, but for some reason the learning path is reset, I have to start over and upgrade.If you want to review what you have learned, you should upgrade.It seems like accessing the app has no use if you don't upgrade.a bit disappointed"
d1f9f0f4-beb5-4c0a-8a25-91cd461ec669,008,1,"mình học tiếng anh mà mình thấy dễ lắm luôn app cực kỳ hay cảm ơn app đã giúp mình học tiếng anh dễ hơn , xin cảm ơn app",2022-07-25 01:28:13,Negative,I find it very easy to learn English. The app is extremely good. Thank you for helping me learn English easier. Thank you for the app.
f8c86462-dee2-4cd2-b44f-712291a89ff1,008,2,"app có lần kiểu gì ý viết đúng rồi lại bảo sai , ghép từ có hai chữ o đổi lại thì vẫn báo sai .",2022-07-08 04:15:38,Negative,"The app sometimes says it's written correctly and then says it's wrong. If you combine a word with two o's and change it, it still says it's wrong."
089fd734-1a73-471b-9da6-4ee21b8962a4,008,2,app dạy hay lắm nhưng tự nhiên khóa học tiếng nhật thay vì hồi trước là free thì bây giờ lại bắt mua thẻ thành viên. ngay cả những bài học đầu tiên cũng trở thành premium hết rồi. chán,2022-07-07 11:34:17,Negative,"The app teaches very well, but suddenly the Japanese course instead of being free before, now requires you to buy a membership card.Even the first lessons have become premium.bored"
ea7a4686-6058-4ff2-936d-37bf2fdc32eb,008,1,"app gì vậy tr, còn tuổi hs bắt ngta đóng gần triệu bạc để học bài thứ 2, xoá app đi là vừa hám tiền vừa th",2022-06-29 10:12:27,Negative,"What app is that? At my age, students are forcing me to pay nearly a million dollars to learn the second lesson. If I delete the app, I'm just greedy for money and stupid."
ed529929-a7bf-48cf-a770-6b23675eabf8,008,2,"cái đầu free còn sau thì mua gói, mà hs làm j có tiền mà bỏ ra vài trăm ngàn để học ,app j ko có tâm j hết á,tải về tốn dung lượng chứ học hành j kiểu này,(•‿•)",2022-05-04 02:28:27,Negative,"First it's free and later you have to buy a package, but students don't have the money to spend hundreds of thousands to learn, the app doesn't have any interest at all, downloading takes up space but studying like this, (•‿•)"
47b0cff2-f0df-46f3-9a03-5c0c761725bb,008,2,lúc đầu rất tốt nhưng tới bài ngoại hình tính cách thì phải nạp mới vào đc thôi tải áp khác học miễn phí vẫn tốt hơn tạm biệt app c.ơn vì đã giúp tôi biết thêm nhiều t.a hơn😔,2022-03-30 13:20:53,Negative,"At first it was very good, but when it comes to the appearance and personality lesson, you have to download it to get it. Download another pressure and learn for free. It's better to say goodbye to the app because it helped me learn more about myself😔"
885fe8c2-8432-4440-bdff-215314f58f27,008,1,tui định cho 5sao đó nhưng học có 1 bài xong ko cho học nữa chán thật xong bắt phải mua gói ko cho người ta học,2022-03-11 13:16:53,Negative,"I was going to give it 5 stars, but after taking 1 lesson, I didn't let anyone learn anymore. It was so boring that I had to buy a package so I wouldn't let them learn."
1c35c7d6-1fca-4a06-b7c3-81f0de0eedc6,008,2,tôi rất thích nhưng khi vô học người nhà thì tôi không vô được phải nạp tiền tôi tất tiệc mong nhà sản xuất có thể làm lại để không phải nạp tiền,2022-02-13 17:03:40,Negative,"I really like it, but when I go to school, my family can't come in and have to pay, so I hope the manufacturer can remake it so I don't have to pay."
f0429761-21b3-4e80-a961-2d5b4f086c14,008,2,"thật tệ khi các nước khác lại dịch được từ tiếng việt sang tiếng anh tiếng nhật cũng vậy mà tiêng nga lại học từ tiếng anh qua tiếng nga ,tôi k giỏi tiếng anh lắm lên học khó hiểu vì vậy mong add sửa lỗi lại ạ",2022-02-10 14:14:55,Negative,"It's so bad that other countries can translate from Vietnamese to English, Japanese is the same, but Russian learns from English to Russian. I'm not very good at English, so it's hard to understand, so please correct the error."
7bc49373-c946-4179-8070-df5f32fb0fbf,008,1,đến phần gia đình lại phải nạp dù rất tốt nhưng lại bắt nạp cìn bắt theo thứ tự ko nạp thì ko cho qua,2022-01-24 01:25:56,Negative,"When it comes to the family part, you have to pay, even though it's very good, but you're forced to pay in order and if you don't pay, you won't be allowed to pass"
d290f6b4-02f0-4905-a6fe-94b230b37f3e,008,2,"ứng dụng tốt nhưng tới bài tập 2 phải tốn tiền,học sinh phải cho free chứ còn k bằng google dịch của chúng tôi học sinh k có tiền đâu mà tiêu tôi cho 2 sao thôi",2022-01-10 06:37:16,Negative,Good app but for exercise 2 you have to spend money. Students have to give it for free. It's not as good as our Google translate. Students don't have money to spend. I'm only giving 2 stars.
4287b91a-898c-407a-a0ad-c8d0ce059596,008,1,tôi gét ứng dụng này tôi không hiểu là tạo cái này là lừa đảo học xong một bài bài thứ 2 phải đóng phí lừa đảo,2022-01-09 14:54:52,Negative,"I hate this app. I don't understand that creating this is a scam. After finishing one lesson, the second lesson has to pay a scam fee."
cc16ce1d-e297-4230-9342-3faba08bef1d,008,1,lúc đầu nói miễn phí bây giờ bắt buộc nạp tiền mới cho vào học là sao cho trẻ em học rồi tiền đâu ra tiền,2022-01-06 02:32:15,Negative,"At first it was said it was free, but now you have to pay money to get into the school. What's wrong with children learning and then making money?"
8b8ada2d-6526-4a8b-9a1c-9ce66a53be29,008,1,tôi là học sinh nên tôi không có tiền nạp app và không nạp tiền tôi không học được nên app hãy bỏ nạp tiền đi còn cho nhiều bạn học sinh học nữa! app cứ kêu nạp tiền nên tôi đành phải xóa,2022-01-03 04:09:03,Negative,I'm a student so I don't have money to recharge the app and if I don't recharge I can't study so please stop the app and let more students study!The app kept asking for money so I had to delete it
eee87f7b-6818-48ed-817b-a1f8a7169c68,008,1,mấy bạn tải về đi nhé . mất công mấy bạn xóa nữa tại cái app này quá là không hợp lý luôn . mình ko có gây xúc phạm hay nói những lời bình luận tiêu cực gì luôn . từ trước tới giờ mình chưa thấy app nào mà vô vụng như app này luôn mình xin chủ app sẽ xem sét lại tình hình này . xinh cảm ơn,2021-12-24 13:22:54,Negative,"Guys, please download it.It's so unreasonable to waste your time deleting it because this app is so unreasonable.I did not cause offense or say any negative comments.Until now, I have never seen an app as clumsy as this one. I ask the app owner to review this situation.beautiful thank you"
797eed89-0377-4cc8-bba5-839b5a66176d,008,1,hảy tải về đi nhé bạn sẻ có nhửng trải nghiệm thật thú vị đấy nếu không yin bạn có thể tải về học không nhửng có tiếng anh mà còn có rất nhiều tiếng khác nhau.,2021-12-24 04:10:07,Negative,"Please download it, you will have a very interesting experience. Otherwise, you can download and learn not only English but also many different languages."
fd283c02-244c-4e53-b9f6-fef91dd32c1a,008,1,"biết là cần người mua để duy trì app, nhưng chỉ vừa mới đầu tức là phần thú cưng thôi mà đã bắt mua, app quá tệ, tôi sẽ xoá nó",2021-12-23 15:43:00,Negative,"I know I need buyers to maintain the app, but I just started buying it, which is the pet part. The app is so bad, I will delete it."
8de5b8ca-7e23-4e3a-b821-b989da2f0ef6,008,1,nó có bản chữ cái đầy đủ nhưng phải mất rất nhiều tiền mới học tiếp được. mong là được miễn phí ạ ...học phí cao quá.,2021-12-14 03:24:44,Negative,It has the full alphabet but it takes a lot of money to continue learning it.I hope it's free...tuition is too high.
5c49f60c-84e6-485c-8ad0-da582601c66d,008,2,ứng dụng khá hay và tốt nhưng tôi qua cái mặt cười để học và hiểu biết thêm thì nó bắt mua gói mùa đông yêu cầu nhà sản xuất chỉnh lại chứ có nhiều người muốn học mà ko có tiền sao mà mua gói giá tới 900 mấy lận😡😡😡😡😡😡😡😡,2021-12-12 02:16:14,Negative,"The application is quite good and good, but when I use the smiley face to learn and understand more, it requires me to buy the winter package and ask the manufacturer to fix it. There are many people who want to learn but don't have money, so why buy a package that costs up to 900?"
0456f5a2-d6b5-4428-b6e4-5d5d08d2536a,008,2,"mình cũng mới học ,học được mấy ngày thì lại mua gói nhưng mình nghe nói aap này học miễn phí mà mong bạn làm lại",2021-12-11 02:09:21,Negative,"I just started learning, after a few days I bought the package but I heard that this aap course is free so I hope you can do it again."
8d28f130-e56e-4074-ad09-809feb1fd0ec,008,1,đang học hết phần thú cưng. chuyển sang chủ đề người nhà khóa học bắt phải mua. mong nhà sản xuất xem xét lại để được học các chủ đề khác.,2021-12-08 02:28:21,Negative,"learning all about pets.Moving on to the subject, the course must be purchased.I hope the manufacturer reconsiders to learn about other topics."
a7c2c2a6-3b87-45be-b72d-0967fd34ceff,008,2,học xong chủ đề động vật thì phải đóng tiền cho mấy chủ đề khác tốn tiền học cũng vui nhưng mà có cái hơi chán,2021-12-04 06:15:26,Negative,"After studying the animal topic, you have to pay for other topics that cost money to study, which is fun but a bit boring"
42bdcbf2-c753-4ac0-b652-c84484da60d0,008,2,app khá là tốt nhưng ko đồng tình về việc phải mua gói mới hc đc tiếp .hi vọng nhà sản xuất suy nghĩ về việc này,2021-12-03 04:03:26,Negative,"The app is quite good, but I don't agree with the need to buy a package to continue learning. I hope the manufacturer thinks about this."
a9f23820-7004-4875-908f-293cf1a7a116,008,2,"app này học cũng được đó nhưng có một điều là lại lừa đảo người ta bắt phải mua gói, mà gói còn mắc nữa chứ. khi hết giờ mua gói thì lại quay lại 47 tiếng, tôi thấy app này ko hài lòng cho 2 sao thôi nhé. mong nhà phát hành sửa lỗi lại nha.",2021-12-03 03:04:05,Negative,"This app is okay to learn, but one thing is that it tricks people into buying a package, and the package is also expensive.When the time to buy the package ends, it goes back to 47 hours. I find this app unsatisfactory and give it 2 stars.I hope the publisher will fix the error."
8da7e2eb-e9e3-44c4-b15d-365694ae0739,008,2,"tôi phải công nhận là mới học một chủ đề vật nuôi thôi mà tôi đã tiến bộ, nhưng học xong chủ đề vật nuôi thì tôi lại ko học dc chủ đề tiếp theo, muốn học chủ đề tiếp theo thì phải đăng kí gói tốn tiền, tôi khá thất vọng về app chỉ cho học một chủ đề duy nhất mà tôi đã học hết chủ đề đó rồi",2021-12-03 01:27:52,Negative,"I have to admit that I have improved by just learning one pet topic, but after studying the pet topic, I can't learn the next topic. If I want to learn the next topic, I have to sign up for an expensive package. I'm quite disappointed that the app only lets me learn a single topic and I've already learned all of that topic."
ccd68489-d1ce-4993-8288-97e7dac50756,008,2,học tốt lắm nhưng tôi nghỉ mình không có điều kiện nên mới học bằng aap mà giờ lại có tiền chắc ngu tiếng nước ngoài luôn rồi 😭😭😭😭😭😭😭😭😭😭😭😭😭😭😭😭😭,2021-11-29 12:25:48,Negative,"I studied very well but I thought I didn't have the conditions so I studied with an AAP and now that I have money, I'm probably stupid in foreign languages ​​😭😭😭😭😭😭😭😭😭😭😭😭😭😭😭😭😭"
3924b8ec-6924-4ba6-ba17-5b65ad9e23ef,008,1,"học rất tốt nhưng mà khi qua chương mới thì có vương miện cần tiền để học, nếu các em nhỏ học thì ko thể có tiền để nạp đc mong nhà sản xuất xem xét lại việc này",2021-11-21 05:43:57,Negative,"Studying is very good, but when you get to the new chapter, you will need money to study. If children study, they will not have money to recharge. I hope the producer will reconsider this."
bb1b4185-9610-47d8-b9d7-4d5225e0181c,008,1,tôi học tới bài gia đình thì học ko được bắm vô nó cứ quảng cáo friday black tôi rất bực mình mong nhà sản xuất chỉ cách để cho tôi học được xin cám ơn,2021-11-20 12:32:32,Negative,I'm so frustrated when I study the family lesson that I can't read it. It keeps advertising Friday black. I'm so frustrated. I hope the producer can show me how to learn. Thank you.
57fa7c0c-b081-4d9f-8e28-3faebb622d8b,008,1,"danh sách các bạn trẻ em nhiêu người dân việt nam biểu diễn nghệ thông minh và các tỉnh unit im hơi thở cuối tuần qua tại nhà, e hai bà bầu nên biết khi đặt mua sản, hai mua bán nhà đất nước uy tin, len lỏi vào từng loại hình ảnh hưởng",2021-11-12 13:01:17,Negative,"List of children, many Vietnamese people perform smart arts and provinces unit quietly last weekend at home, e two pregnant women should know when ordering products, two reputable country house buyers, creeping into each type of influence"
ecbaed55-d606-401f-9aeb-0b918b79b191,008,1,tôi ko thích ứng dụng 👎này vì dịch ở nhà tui.muốn học tiếng anh miễn phí nhưng nó lại bắt đóng tiền mới cho học tiếp giá tiền là 969.000 đồng,2021-11-06 03:32:52,Negative,"I don't like this app 👎 because it translates at home. I want to learn English for free but it requires me to pay to continue learning, the price is 969,000 VND."
facd07e6-2a2c-4bd9-831e-5975b9b629c2,008,1,tôi đã mua nó vào tháng đầu tiên sau khi sử dụng k hiệu quả tôi đã tạm dừng nhưng tôi biết là cũng đã mất tiền rồi thì thôi nhưng mà tháng thứ 2 app đã tự ý thanh toán khi k có sự đồng ý của tôi và k có một thông báo nào hết,2021-11-03 03:15:45,Negative,"I bought it the first month after using it ineffectively, I stopped it but I knew I was wasting money, so that's it, but the second month the app arbitrarily paid without my consent and without any notification."
34a08acd-b2c8-4582-b247-dc5f49189d13,008,1,"tại sao bây giờ lại bắt dăng ký vậy ? mình không dăng nhặp vào để học được như trước nữa , tệ quá 👍",2021-10-20 06:10:47,Negative,"Why do you have to register now?I don't bother to study anymore like before, it's too bad 👍"
bcdc5ad3-7a14-4fb8-8f08-7bb8cb81110a,008,1,"ứng dụng khá hay nhưng khuyên mọi người trc khi tải vì sau khi hc xong dc vài bài thì app bắt mua nâng cấp, giờ mới biết ko ai dạy ko cho ai cái j nếu mọi người muốn hc tiếng anh bắt đầu thì nên tải duolingo thì hơn vì nó ko bắt mình phải nâng cấp j thật tồi tệ khi tốn thời gian để sử dụng ứng dụng này",2021-09-18 13:54:07,Negative,"The app is quite good, but I advise everyone to download it before downloading it because after learning a few lessons, the app requires you to buy an upgrade. Now I know that no one teaches anyone anything. If you want to start learning English, you should download Duolingo because it doesn't force you to upgrade. It's terrible to waste time using this app."
958ae67f-843b-4929-945e-b8bd44852403,008,1,nhà sản xuất coi khắc phục điểm này giúp tôi.tại sao khi tôi học đến phần đình từ thì lại phải nhận khuyến mãi nhưng tôi ko cần mà tôi cũng ko học tiếp được 🤨🤨🤨tôi cảm thấy rất khó chịu,2021-09-11 15:09:23,Negative,"The manufacturer please help me fix this problem. Why is it that when I learn the vocabulary part, I have to receive a promotion but I don't need it and I can't continue studying 🤨🤨🤨I feel very uncomfortable"
00992159-3e82-45a0-a8ec-5cfe17cba203,008,2,tôi cứ tưởng miễn phí ai ngờ nó toàn bắt mình đóng tiền như là đi học ở truờng nên mình chỉ đánh 2 sao thui mong muốn là nó đc miễn phí ko khác j app 4english🙂🙂🙃🙃,2021-08-25 08:33:54,Negative,I thought it was free but it made me pay like going to school so I only gave 2 stars but I hope it's free no different from j app 4english🙂🙂🙃🙃
501c56bd-7650-4a0c-97d4-0c5314cbb57e,008,1,"ad ơi phần mẹo học ở mục bài thú cưng. phần 2 bạn, tôi, anh ấy cô ấy cái bảng bị sai phải k ạ? sao có thể sai ở mục cơ bản như thế được, dù nó rất cơ bản thì cũng nên kiểm tra kiến thức rồi mới đem vào ứng dụng chứ? khi nào app sửa thì mình sẽ đánh giá ứng dụng 5 sao lại...",2021-08-23 15:35:31,Negative,"Admin, the learning tips are in the pets section.Part 2: you, me, he, she. Is the table wrong?How can you go wrong with such a basic item? Even though it's very basic, you should test your knowledge before putting it into application, right?When the app is fixed, I will rate the app 5 stars again..."
fcbdf8ba-5c0d-47ac-9e0c-f033da53c3f8,008,1,rất hay và ko chán các bạn cố gắng học mỗi ngày là được sẽ có kiến thức nhé . mong tác giả sản xuất nhiều ứng dụng hay như này nữa . bạn là một giáo viên tốt nghiệp đại học sinh tốt nghiệp đại học không mẹ của tôi là một giáo viên tốt nghiệp đại học không mẹ của tôi là một giáo viên tốt nghiệp đại học không mẹ của tôi là một giáo viên tốt nghiệp đại học không chỉ là giáo viên và một số thập phân của bạn thì cao cấp của bạn thì cao cấp của tôi là một giáo viên tốt nghiệp đại học không mẹ của tôi,2021-08-17 03:17:00,Negative,It's very good and not boring. Try to study every day and you will have knowledge.I hope the author produces more good applications like this.are you a teacher university graduate university graduate no my mother is a teacher university graduate no my mother is a teacher university graduate no my mother is a teacher university graduate not just a teacher and a decimal your senior then my senior is a university graduate teacher no my mother
130ce903-b2a3-44a0-ba29-d121cf6d5be5,008,1,nhờ admin có thể thêm bàn phím của các nước khác để dễ học tập nhờ ứng dụng này mà e xem phim sex k cần sub rất vui mừng nhưng mà mấy ngày nay mạng yếu nên em cho 1 sao thôi,2021-08-09 02:33:00,Negative,"Thanks to the admin, you can add keyboards from other countries to make it easier to study. Thanks to this application, I'm very happy to watch sex movies without subs, but the network is weak these days so I only give 1 star."
fbc5e06e-1f87-4f8f-9673-2ebc80c00c51,008,1,hồi đó chỉ trả phí 1 số chức năng bây giớ tính tiền quá nhiều thà tải app khác. thích lingo deer hồi đó thực sự giờ làm chán quá,2021-08-03 17:10:37,Negative,"At that time, I only paid for some functions, but now I charge too much, so I would rather download another app.I liked lingo deer back then and now it's really boring"
c5b9ea6d-ddbc-4fb4-ae18-7aa5ad6f5d07,008,1,"đánh giá một sao vì bản cập nhật tệ hơn bản cũ về giao diện học, thêm phần nữa app cứ hiển thị phần khuyến mãi update lên prenium trong khi người dùng không có nhu cầu và phần sử dụng free không cho phép hiển thị những cái này trên app.",2021-07-29 01:06:47,Negative,"Rated one star because the update is worse than the old version in terms of interface, plus the app keeps displaying promotions to update to premium when users don't need it and the free usage section doesn't allow these to be displayed on the app."
b9f010c4-e776-4387-98be-24f018469599,008,1,do không miễn phí. trong thời gian mình học chỉ có mười mấy tiếng sao đủ học. phải dùng tiền .rất mắc tiền học mỗi tháng phải đóng🙄🙄👎,2021-07-27 14:30:27,Negative,"because it's not free.During the time I study, I only have a dozen hours to study.You have to spend money. It's very expensive to pay tuition every month🙄🙄👎"
08b44296-50ea-4843-bea5-6f8590bc11a0,008,2,ứng dụng tốt nhưng chỉ học đc cơ bản một thôi ko học đc cơ bản khác nó cứ bắt phải mua phiên bản. như những người ko điều kiện như mình ko mua đc,2021-07-26 12:56:37,Negative,"The app is good but you can only learn one basic part, you can't learn the other basic ones, it requires you to buy a version.People like me who don't have enough money can't buy it"
ea911310-2922-4eae-969f-14a02104aad4,008,1,"i am vietnamese. idont want to learn ""high level korean"" in english. i feel waste money to pay and learn basic korean in vietnamese . please update learn ""high level korean"" in vietnamese asap",2021-07-19 04:21:58,Negative,"i am vietnamese.i don't want to learn ""high level korean"" in english.i feel waste money to pay and learn basic korean in vietnamese .please update learn ""high level korean"" in vietnamese asap"
f7315c1b-1473-4c85-91ad-e06c58906dab,008,1,đã ko có tiền rồi tưởng cho học free mới tải về mà tải về xong cho học đúng 1 bài rồi cái gì cũng vip :)) xóa cho rồi,2021-07-16 12:51:51,Negative,"I didn't have any money so I thought I would download it for free, but after downloading it, I learned exactly 1 lesson and then everything was VIP :)) and I deleted it."
770277cc-4c71-458b-b212-d209dcaa59a0,008,1,"ứng dụng tốt, học rất hiệu quả , tui hoc ta còn sang hàn nói chuyện v chị blackpink nữa 😍😍😍,có bạn nào học ta chỉ đi xang hàn nói chuyện với các idol hong nà🙂",2021-07-07 03:45:11,Negative,"Good application, very effective learning, I even went to Korea to talk to blackpink sister 😍😍😍, any of my classmates only went to Korea to talk to Korean idols🙂"
55dde466-24ea-484d-9f4d-6c63a37a9cc6,008,1,khốn nạn muốn học tiếp bắt phải trả tiền trong khi giá thì rất chát thứ app lừa đảo khốn nạn vậy mà bày đặt nó app miễn phí bớt xạo đi giữ chút liêm sĩ để sống mà làm người còn không thì biến khỏi thế giới đi chứ đừng có ở đó đạo đức giả tạo mấy cái app miễn phí để học trong khi chỉ muốn lấy tiền của người khác thôi,2021-06-26 14:58:52,Negative,"Damn, if you want to continue learning, you have to pay money when the price is very expensive. Damn scam app, but you put it up. It's a free app. Be less of a liar. Have some integrity to live and be a human. Otherwise, get out of the world. Don't stay there and hypocritically use free apps to learn when you only want to take other people's money."
72ce3c95-6a05-4fb9-86cc-71d606d7c903,008,1,chả hiểu sao tự nhiên lại có chương trình khuyến mãi jj đó khiến mình không thể học được . mình vẫn là còn học sinh mà cứ cho mấy gói chục tiền để nâng cấp 🤦,2021-06-25 10:00:25,Negative,I don't understand why suddenly there's a jj promotion that makes me unable to study.I'm still a student but I keep giving dozens of packages of money to upgrade 🤦
05777444-334c-4127-9f37-a357a6f82b7d,008,1,lúc trước đây làm gi phải trả tiền nộp phí để học phần dịch tiếng việt. chỉ nộp phí nhưng phần ko dịch tiêng việt chỉ dịch tiếng anh . giờ lại bắt nộp phí. lúc trc là app học tiếng mà tui thích nhất. giờ quá thất vọng. kêu nộp phí mới cho học tiếp chán ad ghê. thấy mấy tik tok giới thiệu là nghi lắm mà. hôm nay vô mới biết phải nộp phí khi mới vô bài 2,2021-06-21 15:36:36,Negative,"Before, why did I have to pay a fee to learn Vietnamese translation?Only pay the fee but the part is not translated into Vietnamese, only translated into English.Now you have to pay a fee.Before, it was my favorite language learning app.so disappointed now.It's so boring to ask you to pay a fee to continue studying.Seeing some tik tok introductions makes me very suspicious.Today I found out that I have to pay a fee when I first enter lesson 2"
dc636257-957e-4ce8-bf91-65b74dd8c470,008,2,"đang học được 1,2 bài đầu cảm thấy tuyệt vời như nào, tới 3 thứ 3 thì mất phí. huhu hs như mình thì sao mà có tiền trả",2021-05-25 19:30:23,Negative,"Learning the first 1 or 2 lessons feels great, but the third 3 are wasted.Huhu, how can a student like me have money to pay?"
57eb4dee-7b14-4690-a968-afb8a3548351,008,1,"ôi trời,mất phí ư?nghe ngứa tai quá!tôi là học sinh,tôi xin cha,mẹ thì chả đc.thôi ,không loằng ngoằng nữa,tôi xóa cái app vớ vẩn này đây.",2021-05-18 12:23:41,Negative,"oh my gosh, what a waste of money? that sounds so itchy! I'm a student, I asked my parents but they couldn't. Okay, no more fuss, I'll delete this stupid app."
195bf466-6e34-4a08-942c-8666dc663461,008,1,"why is there a fee for only 1 lesson? if there is no fee, more people will download it!! good app but not free so goodbye!!! i don't have money to study, just come here to find a learning app but charge a fee, students like me can't have money to pay, it's really frustrating. app has many good things but not free too. haizzzzzz",2021-05-16 10:09:02,Negative,"why is there a fee for only 1 lesson?if there is no fee, more people will download it!!good app but not free so goodbye!!!i don't have money to study, just come here to find a learning app but charge a fee, students like me can't have money to pay, it's really frustrating.app has many good things but not free too.haizzzzzz"
d170ee38-cd28-4a42-b3b3-9aa12da2a120,008,2,"tôi ko có tiền để đóng phí . rõ ràng đang học thì qua cấp độ mới lại phải nộp tiền mới học đc , tôi à gì có nbieeuf tiền như thế☹😤😡",2021-05-13 04:49:26,Negative,"I don't have money to pay the fee.Obviously, if you're studying, you have to pay money to study to get to the next level. I don't have money like that☹😤😡"
11f0f406-8c9e-4818-93e4-3e2d5627f652,008,2,"app tốt nhưng phải mất phí, tôi học đc vài bài đầu xong đến bài thứ 3 nó bắt phải đăng kí lm tôi ko thể nào học tiếp đc",2021-04-30 13:12:36,Negative,"The app is good but it costs money. I learned the first few lessons and then the third lesson required me to register, so I couldn't continue studying."
0198e067-4636-43d9-bf40-96999de6cf75,008,1,"thật sự mà nói ngay từ đầu mê ứng dụng này r, nhưng đã ko đóng tiền đi học là bởi vì ko đủ tg học mới lên đây học online mà thu phí thì say bye...",2021-04-23 15:00:35,Negative,"To be honest, I loved this app from the beginning, but I didn't pay for school because I didn't have enough credits so I came here to study online and charge a fee, so say bye..."
6a556b07-c693-4878-b88d-c7e2083a3d83,008,1,bạn copy duolingo à ? copy là không tốt đâu nhé! tại vì duolingo sản xuất trước bạn nên tôi tin chắc bạn copy duolingo ! lần đầu tôi mở ra đã thấy email rồi mật mã chẳng khác gì duolingo cả ! phần học cũng thế ! cố sửa lỗi sai đi nhé ! tôi hơi bực khi thấy rồi đó nha ! haiz 😡😡😡😡😡😡😡😡😡,2021-04-10 15:06:57,Negative,"did you copy duolingo?Copying is not good!Because duolingo was produced before you, so I'm sure you copied duolingo!The first time I opened it, I saw the email and the password was no different from duolingo!The same goes for studying!Please try to correct your mistakes!I was a bit upset when I saw that!haiz 😡😡😡😡😡😡😡😡😡"
8b5e8579-7ad7-4941-9583-c525f3c99462,008,1,"cho 1 sao vì tội lươn lẹo, thu học phí sớm và làm ăn thiếu chuyên nghiệp và trung thực! bạn nào muốn biết có thể vào trang tiktok khá tiếng anh để tìm hiểu thêm về công ty trung quốc làm ăn lừa đảo này!",2021-04-10 08:24:24,Negative,"Giving 1 star for being dishonest, collecting tuition early and not doing business professionally and honestly!If you want to know, you can go to the tiktok page in English to learn more about this fraudulent Chinese company!"
877a7b98-c792-4ed6-a803-50c32164c7c9,008,1,app lương lẹo clm app lừa gạt người khác app này đã lừa khá tiếng anh trên tik tok nha khuyên m.n ko nên dow về cho nó mất doanh thu đi,2021-04-10 05:47:40,Negative,CLM app cheats others. This app has cheated quite a bit of English on Tik Tok. I advise you not to download it because it will lose revenue.
be9f29e5-ea92-424f-b89b-2ddbc90327c6,008,1,"lừa đảo. mọi người cẩn thận (mình có biết ứng dụng tương tự mà ko mất tiền nè ""duolingo"" m sử dụng 1 thời gian và thấy rất hay luôn )",2021-04-10 04:51:07,Negative,"Cheat.Everyone be careful (I know a similar app that doesn't cost money, ""duolingo"", I used it for a while and found it very good)"
bd5b0337-37f1-4c65-9ebd-b143f9cc36a2,008,1,lừa đảo đấy mọi người ạ chỉ đc mỗi bài đầu thôi ạ đến bài thứ 2 là bắt phải trả phí đấy ạ :vvv,2021-04-08 13:38:09,Negative,"It's a scam, everyone. You only get the first song. You have to pay for the second song :vvv"
f0f8d677-9824-4d65-8d52-c936639e0422,008,1,app qua bài thứ 2 bắt mua mới cho học. vừa phải thôi chứ. không giống như phiên bản trước. đm làm như hssv giàu lắm ha gì mà mua,2021-04-02 18:09:48,Negative,"The app passed the second lesson and required me to buy a new one for studying.Just right.unlike previous version.Don't act like Hssv is rich, why would you buy it?"
0a562331-725e-41f3-9baf-7fb920d23c15,008,1,"học mới bài đầu tiên thì thật sự khá tuyệt, phát âm chuẩn, dễ ghi nhớ, mới chuyển sang bài thứ 2 về người nhà hay người thân gì ý thì bắt đầu hiện lên bắt buộc người dùng phải đóng tiền, đừng tưởng 2 - 30k mà là 999 trăm đến 1 triệu 50 nghìn nha, coi ai dám tải nó về, 1 bài học là tốn 999 trăm hay 1 triệu đúng lẵng phí mà",2021-01-21 11:42:04,Negative,"Just learning the first lesson is really quite great, the pronunciation is correct, easy to remember, when I move on to the second lesson about family members or relatives, it starts showing up forcing the user to pay, don't think it's 2 - 30k but it's 999 hundred to 1 million 50 thousand, let's see who dares to download it, 1 lesson costs 999 hundred or 1 million, that's a waste."
bf4c09ad-a17a-403a-9ba7-8c03df621de4,008,1,tiền đâu mà đóng. đã mình không có tiền học mới kiếm ứng dụng để học mà bắt đóng tiền là sao... đang học rất hay nhưng tới bài 3 thì bắt đóng phí nên tui xoá luôn..,2020-12-16 06:07:37,Negative,"Where is the money to pay?Since I don't have money to study, I found an app to study that requires me to pay... I'm studying very well but when I get to lesson 3, I have to pay so I delete it.."
00f2b3e8-3f9e-4351-9b75-d085483519af,008,2,"app khá hay nhưng tôi mới học tiếng hàn đến bài thứ 2 thì đã bắt trả phí rồi, tôi là học sinh sao có thế trả khoản phí lớn như vậy được???",2020-12-15 10:46:12,Negative,"The app is quite good, but I just learned Korean until the 2nd lesson and I'm already required to pay a fee. How can I, as a student, pay such a large fee???"
e69ded2a-e2ae-4b42-9be2-f87d03720842,008,1,"rất là vui ,học ở cái áp này tui có cảm giác như là mình được giao tiếp với các nước ,tôi rất thích game này",2020-11-21 08:20:53,Negative,"It's very fun, studying in this class makes me feel like I can communicate with other countries. I really like this game."
415c7a37-fcd2-47c3-81f2-ac4d2b33394c,008,2,ứng dụng học tốt nhưng đến mục thứ 3 là phải đóng tiền học là sao? không phải ai cũng có nhiều tiền đâu chứ. sao phải đóng đến1.900.000 đ. nhiều quá! tôi nghĩ ưnhs dụng học tốt thì thu tiền cũng không cần thiết lắm. đang học ok tự nhiên thu tiền học. cải thiện lại việc này nhe.,2020-11-02 05:49:39,Negative,"The learning app is good, but what about the 3rd item that requires you to pay for the course?Not everyone has a lot of money.Why do I have to pay up to 1,900,000 VND?too!I think if you want to study well, it's not necessary to collect money.I'm studying ok and naturally collect tuition.please improve this."
3149de07-3300-40e0-b8d5-74d1b971c479,008,1,"app này cực nhiều lỗi vặt .mình tốn tiền cho app không tốt này .con mình lớp mẫu giáo còn biết dịch sai ở đâu nữa thì sao mà dạy. phần từ vựng bên tiếng anh nên có chút giải thích tránh nhầm lẫn trong tiếng việt (ví dụ như dress và skirt hay coat và jacket) .""suit"" là "" bộ âu phục"" mà ghi ""bộ đồ"" con tui nó tưởng đồ bộ mặc ngủ sai chính tả màu nâu mà cứ gray",2020-10-28 18:13:58,Negative,"This app has a lot of small errors. I wasted money on this bad app. How can I teach my kindergartener where the translation is wrong?The vocabulary part in English should have a little explanation to avoid confusion in Vietnamese (for example, dress and skirt or coat and jacket). ""suit"" is ""suit"" but it says ""suit"" my child thought it was brown, the wrong spelling was gray."
1a052a52-ac89-47a1-842e-2cd16f0d22ea,008,1,"ad xem lại đi nhé!!! mới. học 2 bài 2 đến phần chào hỏi mà không học được phải đăng kí mất tiền chứ. tôi là một người học sinh lấy đâu ra tiền mà đăng kí. nếu ad k xem lại tôi sẽ xoá ứng dụng này ngay lập tức. năm này ứng dụng này bị sao k biết, những năm trước tui học có bị sao đâu",2020-10-07 11:46:30,Negative,"Admin please look again!!!new.Take 2 lessons, 2 to the greeting part and if you can't learn it, you'll have to register and lose money.I'm a student. Where do I get the money to register?If you don't review it, I will delete this application immediately.I don't know what's wrong with this app this year. In previous years, I didn't have any problems with it"
bfb3cb1d-fc8d-489c-98da-44c20b940233,008,1,bên ngoài thì trông như thế nhưng bên trong lại không như vậy hãy nhớ lấy các bạn ạ ứng dụng này rất tệ hại đừng bao giờ tải ứng dụng này về cho tôi xin cảm ơn.,2020-08-23 10:13:35,Negative,"It looks like that on the outside but it's not like that on the inside. Remember guys, this app is very bad, don't ever download this app, thank you."
797669d5-4e02-4fc4-8ab0-27953ca5af66,008,2,"khi đến trương 2 , tôi ko hề muốn , và cũng ko học được . ok ứng dụng thật buồn cười . hahahahahahaha !!!",2020-08-17 09:29:20,Negative,"When I got to school 2, I didn't want to, and I couldn't study either.ok the app is funny.hahahahahahaha!!!"
32be7245-5fde-4b4d-b95d-fab39f27ed8a,008,2,ứng dụng này có vẻ tốt thật nhưg đến bài cơ bản 2 lại hiện quảg cáo bắt nộp tiền để học biết ko có gì là miễn phí nhưg với 1 ứg dụg như này mà phải trả tiền thì nên xem xét,2020-08-15 08:48:24,Negative,"This app seems really good, but when it comes to basic lesson 2, there is an ad asking you to pay so you should learn that nothing is free, but with an app like this that requires payment, you should consider it."
872e257c-d3ca-48d7-980c-a413fb3dd9a8,008,1,"bài đầu đang hay , bài sau mất hứng . app này chỉ vs ng giàu ai nghèo giống tôi ko nên tải app ko xiền",2020-07-19 23:52:33,Negative,"The first song is good, the next song loses interest.This app is only for rich people or poor people like me so don't download the app because it's not expensive"
54cdbc83-d2b0-455e-b80d-7d569e2495ed,008,1,ứng dụng này phải mất phí s? tôi học đc mấy bài đầu thì ổn nhưng đến bài thứ 2 thì phải nộp phí s trời😡,2020-07-17 07:08:48,Negative,Does this app cost anything?I learned the first few lessons okay but for the second lesson I had to pay a huge fee😡
d1e32151-f989-4f9a-9466-60b23f649244,008,1,mình học tiếng trung học được có mỗi cơ bản 1 còn đâu thì toàn quảng cáo không học được nữa xóa đi tải lại vẫn thế,2020-07-16 04:42:09,Negative,"The only thing I learned from high school is the basics, but everything else is full of ads. I can't learn it anymore. I delete it and redownload it, but it's still the same."
af294702-93f6-4f94-ad7b-8f8c2961a4eb,008,2,"tôi hơi bất ngờ vì lúc trước tôi dùng lingodeer hoàn toàn miễn phí và học rất tốt, chất lượng ! nhưng sao ngày hôm nay tôi tải lại sử dụng thì bắt tôi trả phí thế này ? thật sự trước đó dùng rất tốt và tiện lợi cho các bn hạn hẹp kinh tế cơ mà ???",2020-07-04 07:47:37,Negative,"I was a bit surprised because before I used Lingodeer completely free and learned very well and with quality!But why today, when I download it again and use it, they ask me to pay a fee?Actually, before that, it was very good and convenient for people with limited economic resources???"
969586b4-c118-4918-8486-f9b28fa3d3ee,008,1,rất hay mà phải chả phí what học có một chút xíu kiến thức mà phải chả phí tải về học được một số con vật là phải bắt buộc chả phín nếu không là ko cho học 👎👎👎👎👎👎👎👎👎👎👎👎👎👎👎👎👎👎👎👎👎👎👎👎👎👎👎👎👎 mọi người thử tải về đi,2020-06-10 14:31:33,Negative,"It's very good but it's not a waste to learn. There's a little bit of knowledge but it's not a waste to download. Learning some animals is a must. It's not a waste. Otherwise, it's not allowed to learn.👎👎👎👎👎👎👎👎👎👎👎👎👎👎👎👎👎👎👎👎👎👎👎👎👎👎👎👎👎Please try downloading it"
45db5f81-e2c7-4535-a4a9-72e0e52485dc,008,1,"đang muốn học tiếng hàn nhưng ap lại thu phí ( là học sinh làm j có tiền ) vừa xem được phần giới thiệu, học được 1bài đầu sang đến bài đã t2 thu phí r😞",2020-06-05 07:48:21,Negative,"I want to learn Korean but the app charges a fee (as a student, what can I do for money) just watched the introduction, learned the first lesson, then moved on to the second lesson and charged a fee😞"
d2670471-12db-4adc-834b-9ef8e219dd77,008,1,"lúc đầu học rất thích, đến bài 3 thì bắt phải đóng phí... thất vọng cực kì. nếu có tiền thì đã ra trung tâm học rồi làm gì lên đây tải free. đây có phải là chiêu trò không?!!",2020-06-05 06:36:35,Negative,"At first I really enjoyed learning, but in lesson 3 I had to pay a fee... extremely disappointed.If I had money, I would go to the center to study and why would I upload it here for free?Is this a trick?!!"
e7d18e7f-a292-480e-9265-584f9810ce13,008,1,ứng dụng hay mà học đc bài đầu tới bài thứ 2 thì tính phí một học sinh nghèo mất gốc anh như tôi làm gì có tiền chứ😢,2020-05-20 11:47:22,Negative,"Good app, but if you learn the first lesson to the second lesson, then charge a fee for a poor student with no roots like me, how can you make money😢"
d4946666-3107-4adc-8009-0c94b738838d,008,1,học đến bài thứ 3 đã bắt nộp tiền.lúc đầu hí hửng học nhưng đến bài thứ ba lại bắt nộp tiền.có ai biết app học tiếng hàn ko?,2020-04-23 10:25:23,Negative,"When I learned the third lesson, I had to pay money. At first I was excited to learn it, but when I learned the third lesson, I had to pay. Does anyone know an app to learn Korean?"
6d9a3942-cb09-4a62-a67e-59cff00740c6,008,1,minh rat thich hoc tieng anh du hoc k duoc tot nhung van co gang luyen hoc vi co gang hoc cung co loi cho minh.,2020-04-18 05:36:14,Negative,"I really like to study English abroad, but I still have a problem studying because I have a problem studying with me."
ce1d79fe-a5c8-44d8-a220-a244ab64035a,008,1,"mấy người bị đien a 😤😤 mới học được cơ bản 1 mà đã bắt nộp phí , học chưa được gì mà chỉ toàn thấy nộp phí, nộp phi thoi ,mà phải phí rẻ đau phí mắc om học kiểu này thì khỏi học cha cho roi🤬🤬🤬🤬🤬🤬🤬",2020-04-03 03:42:49,Negative,"You guys are crazy 😤😤 you just learned basic level 1 but you're forced to pay fees. You haven't learned anything but you only see paying fees, paying fees, but having to waste cheap, painful and expensive to study like this, I don't want to study anymore🤬🤬🤬🤬🤬🤬🤬"
ce705ce2-1268-4678-a10e-8b1011fcbfd0,008,1,1 app tốt như z mà lại thu phí hả trời. đang học ngon lành bài thứ 1. quay qua bài thứ 2 thu phí. vãi app. chơi z thì chơi 1 mình điii. 1 sao.,2020-04-03 01:38:20,Negative,"Such a good app but it charges a fee.I'm studying the 1st lesson well. Turn to the 2nd lesson to collect a fee.damn app.If you play z, then play alone.1 star."
d765fe09-676f-4e38-90ac-20c01c5bd83c,008,1,"về mọi mặt thì khá hay, ai học xong một phần thì sẽ thấy rất tốt nhưng sang phần khác muốn học cx k được. ấn vào học thì cứ hiện lên phải đăng kí, ứng dụng để học mà k cho học. mình khuyên bạn nào mà không có tiền thì đừng tải về mất công phải gỡ đấy...",2020-03-31 02:46:28,Negative,"In all aspects, it's quite good. Anyone who studies one part will find it very good, but if you want to study another part, you won't be able to.When I click on study, it keeps showing me that I have to register, the application is to study but it doesn't allow me to study.I recommend that if you don't have money, don't download it and waste your time uninstalling it..."
7da903fe-57a9-418e-9d7c-e3f504847df0,008,1,mới học xong chương 1 thú cưng mà đã thu phí cứ hiện ta hoài ko cho học tiếp lúc đầu tưởng ko thu phí chứ,2020-03-26 15:21:57,Negative,I just finished studying chapter 1 of Pets but there's already a fee but I still don't let you continue learning. At first I thought there was no fee
8ce62bf5-aacc-40c9-a346-8cfdf99bbaeb,008,1,"ép buộc mua gói học vậy treo giá thẳng trên apps đi , cần gì để sử dụng 1 thời gian rồi chèn phí vào , làm mất thời gian , ứng dụng lừa tiền các bạn đừng down về",2020-03-22 01:52:58,Negative,"You are forced to buy a learning package so put the price directly on the app, what do you need to use it for a while and then add a fee, it wastes time, the app is a scam, don't download it."
d6b72317-19a2-4066-9f2c-909c566985ba,008,1,"thế nào đến phần định từ nó bắt mua mới.học đc thế , sao cứ bắt mua , ko mua thì ko học đc nưa ad",2020-03-18 13:52:31,Negative,"When it comes to determining the word, they force you to buy a new one. If you can learn it, why do you keep asking it to buy it? If you don't buy it, you won't be able to learn it anymore, Admin."
d802d6ed-1fd3-4322-b386-a4c7e0c1b0ca,008,1,"ứng dụng lúc trc còn đc, bâyh cứ vào bài cơ bản 2 là lại hiện lên cái "" khuyến mãi mùa xuân "" đm. xog r ko vào đc bài học ￣へ￣╭∩╮",2020-03-18 07:06:05,Negative,"The app used to work fine, but now every time I go to basic lesson 2, the ""spring promotion"" pops up again.So I can't access the lesson ¯へ¯╭∩╮"
04909b81-892e-4247-bc6d-1cf36281e552,008,1,"học đc có 1 ngày là bắt phải đóng tiền mua các thứ vs giá quá cao. nản thiệt, ko hiểu sao lại là lựa chọn của biên tập viên hay thật",2020-03-15 02:07:24,Negative,"After only 1 day of learning, I was forced to pay money to buy things at very high prices.It's so frustrating, I don't understand why it was a good editor's choice"
10920443-8f3e-4588-8d3e-536d69859592,008,1,"dạy tiếng anh tốt đấy nhưng lại bắt ng ta nạp tiền vào, ủa ko nạp tiền liền ko mở khoá cho học à định lý ở cái lờ nào ra vậy ad ,",2020-03-13 05:52:31,Negative,"He's good at teaching English but he forces people to deposit money. If you don't deposit money, you won't be able to unlock the course. Where does the theorem come from? Admin,"
d63ecba2-3b66-480b-b112-9b5e5667e710,008,1,"nên đưa ra hai sự lựa chọn cho người dùng, một bên ko thu phí có thể ko đầy đủ nội dung và ko nâng cao để những người ko có điều kiện còn học. một bên thì nâng cao hơn, có nhiều bài học, từ vựng, ngữ pháp hơn để cho ai muốn nâng cao bản thân thì có thể đăng kí chứ ko phải ms vào cái bắt thu phí, khó khăn cho người dùng thực sự. bài học thì rất hay, rõ ràng nhưng như vậy chán app quá:(((((((",2020-03-11 09:22:47,Negative,"Should give users two options, one side does not charge a fee and may not have enough content and not be advanced so that those who cannot afford it can still learn.On the one hand, it is more advanced, with more lessons, vocabulary, and grammar so that anyone who wants to improve themselves can register instead of having to pay a fee, which is difficult for real users.The lesson is very good and clear but the app is so boring :((((((("
09a5f3d6-a7ae-4b88-8792-e2a79f1c8165,008,1,"mọi người đừng tải app này, tôi khuyên chân thành. vì ban đầu học miễn phí, nhưng đến phần ""mua sắm quần áo"" thì app này sẽ báo là bạn phải mua mới đc sử dụng. tôi chưa từng thấy ứng dụng dạy học nào như vậy, tôi ghét 😡. sau này đừng sử dụng",2020-02-25 14:44:05,Negative,"Everyone do not download this app, I sincerely advise.Because initially, learning is free, but when it comes to the ""clothes shopping"" part, this app will tell you that you have to buy it to use it.I've never seen such a teaching app, I hate it 😡.Don't use it later"
701087f8-70a1-4569-8f03-b9c87c8853ee,008,2,"tôi thấy ứng dụng khá hay nhưng mới học 3 bài xong đã đòi thu phí ko thì ko cho học nữa, mong đừng thu phí nữa",2020-02-20 13:36:47,Negative,"I think the app is quite good, but after just taking 3 lessons, I asked for a fee or I won't let you study anymore. Please don't charge me anymore."
c2fbd7a0-b00c-403d-9930-78b9e8c6ae65,008,1,trước dùng free nay ra cái kiểu bắt phải đăng kí thì chả ai dùng đâu chỉ những ai thực sự cần họ mới học thôi :),2020-01-16 15:19:18,Negative,"Before it was free, now it's forced to register so no one uses it, only those who really need it will learn :)"
7955361d-54b5-4127-b0ae-d4d3e512ec39,008,1,tôi học được vài bài đầu sau đó có cái chương trình gì đó khiến tôi không vào bài học được. mỗi khi bấm vào bài học thì cái chương trình này lại hiện ra. và bây giờ tôi không thể sử dụng app để học được nữa,2019-12-24 13:46:30,Negative,"I learned the first few lessons then something happened that prevented me from entering the lesson.Every time I click on a lesson, this program appears.and now I can't use the app to study anymore"
1e82cebb-237e-433e-8ea7-d992280fd1b6,008,1,lúc đầu mk rất thích hok nó nhưng sao bây h mấy cái lời lưu ý lại toàn bằng tiếng anh nên mk hok chẳng hiểu j cả,2019-12-22 02:30:23,Negative,At first I really liked it but now the notes are all in English so I don't understand anything.
91e88efc-7ccd-4e46-95fd-cdaa0d8f289b,008,1,tôi học đến cơ bản 2 rồi nhưng ko tài nào vào được ứng dụng cứ bắt nộp phí tôi mong ứng dụng khắc phục và sửa đổi,2019-12-03 14:41:06,Negative,"I've studied up to basic level 2 but I can't access the app, it keeps asking me to pay a fee. I hope the app will fix it and modify it."
4fee254f-531a-4b07-8bc3-fe5116a75607,008,2,ứng dụng này phải trả phí sao?tôi đang học rất tốt nếu tôi ko đăng kia hay mua thì tôi ko hok được hết chương trình,2019-12-01 12:07:37,Negative,"Does this app have to be paid? I'm learning very well. If I don't post or buy it, I won't be able to finish the program."
43119b9b-983a-4253-8233-9bcdf09f3e6a,008,1,"too disappointed. you can not learn a language with this app. don't lose your money. 1. too difficult to learn. after a lesson, we had a story to listen and speaking. but it's too hard. a lot of new vocabulary which the previous tume, they don't teach you. i'm sure you can not follows this lesson. 2. too much grammar, lack of reality : learn a language is the way to speak it. but they focus too much to learn grammar so so disappointed. don't lose your money",2019-10-22 13:58:07,Negative,"too disappointed.you can't learn a language with this app.don't lose your money.1. too difficult to learn.after a lesson, we had a story to listen and speak.but it's too hard.a lot of new vocabulary which the previous tume, they don't teach you.i'm sure you can't follow this lesson.2. too much grammar, lack of reality : learning a language is the way to speak it.but they focus too much on learning grammar so they are disappointed.don't lose your money"
b074646d-daba-4053-b5dd-179e2f1e630e,008,1,buồn cho 1 ứng dụng free hỗ trợ mọi người học tốt nay lại hút máu con dân. mọi người nên tải hello china để học thay vì mất thời gian cho ứng dụng này,2019-10-17 10:37:12,Negative,Sad that a free application that helps people learn well is now sucking people's blood.Everyone should download hello china to learn instead of wasting time on this application
ce3754af-a6a4-49d2-9916-528f15077f07,008,1,mới học 2 bài đầu thì ok. đến bài thứ 3 thì thu phí rồi bắt tạo hồ sơ này nọ. thực sự nản. mong app có thể cập nhật đừng thu phí nữa.,2019-10-13 06:36:55,Negative,"Just learned the first 2 lessons and it's ok.For the 3rd lesson, they collect a fee and are forced to create this and that profile.really discouraged.I hope the app can be updated without charging anymore."
a0781d88-4ad4-43b3-a518-196d76a57b08,008,1,bây giờ app tính tiền học 🤣 vô học đc 1 bài rồi bắt đóng tiền mới cho học bài tiếp nữa🤣 lúc trc nhớ là tải app ..app đâu có tính tiền đâu,2019-09-28 12:59:51,Negative,"Now the app charges for lessons 🤣 After taking 1 lesson, you have to pay to take the next lesson 🤣 I remember downloading the app .. the app doesn't charge money."
c7f61feb-6ee4-46de-9378-96f857bccfe5,008,2,mình đang học tiếng hàn thì tới bài 3 là thu phí tại sao bây giờ mình muốn học nữa mà ko có tiền mình khuyên app nên sửa lại và cho học miễn phí chứ học sinh còn đang đi học ko có tiền mình mong app sửa lại nhé,2019-08-26 12:08:46,Negative,I'm learning Korean and for lesson 3 there is a fee. Why do I want to learn more now but I don't have money? I advise the app to fix it and make it free. Students who are still in school don't have money. I hope the app will fix it.
0d697296-2260-4d9e-a9aa-26f196f4a060,008,1,cách mua bài học như thế nào nhỉ? mình đã mua 1 tháng rồi nhưng bài học là mỗi bài mua 1 lần à? nếu vậy thì với số bài học trong app này phải mua với rất nhiều tiền sao ạ?,2019-08-17 12:01:01,Negative,"How to buy lessons?I bought it 1 month ago but the lesson is to buy each article once?If so, do I have to buy a lot of money with the number of lessons in this app?"
2abad64e-143f-4bc1-944d-18a9464933d4,008,2,ứng dụng này phải mất phí sao? trời ơi. tôi đang có một trải nghiệm tốt ở những bài đầu. đến bài thứ ba nó cứ hiển thị gì đó làm tôi không thể học được. mong có câu trả lời chính đáng. nếu là mất phí thì quá tệ rồi. một học sinh như tôi thì lấy tiền đâu ra chứ. tiếc quá,2019-08-10 15:08:53,Negative,"Does this app cost anything?Oh my God.I'm having a good experience with the first few posts.On the third lesson, it kept showing something that made me unable to study.Hope to have a legitimate answer.If it's a waste, that's too bad.Where does a student like me get money?What a pity"
5f013741-836e-467a-9489-4880d62cef53,008,1,"vừa tới bài 2 thì bắt mua khuyến mãi tháng, cứ mỗi lần vào là bắt buộc phải mua... ứng dụng học mà bắt buộc kiểu này thì với người không có tiền chẳng phải là không thể học tiếp à",2019-08-07 09:27:33,Negative,"As soon as I got to lesson 2, I was forced to buy the monthly promotion. Every time I came in, I was forced to buy... if this kind of mandatory learning app is required, wouldn't it mean that people who don't have money can't continue learning?"
280d0609-44ee-435f-a4a9-bda7386fc404,008,1,thực sự phải đợi rất lâu để vào bài học có khi càng đợi thì càng ko học được cái gì mong add chỉnh sửa lại phần này giúp mình,2019-08-01 02:54:45,Negative,"I really have to wait a long time to start the lesson. Sometimes the more I wait, the less I learn. I hope you can help me edit this part."
0d1e24ad-3588-4f90-8670-12fac0a91bb8,008,1,"lúc trước sử dụng miễn phí thì nó rất có lợi ích nhưng giờ tải lại app thì mất bài và phải tính phí thì mới được học, tôi nghĩ app miễn phí sẽ được nhiều người sử dụng hơn.",2019-07-31 14:11:05,Negative,"Before, using the app for free was very beneficial, but now when I re-download the app, I lose lessons and have to pay to learn. I think the free app will be used by more people."
fdae3dc7-edbd-49d0-a93c-005149473ac8,008,1,tui không có tiền để học tiếng hàn nên mới lên đây tìm cách học tại nhà chủ yếu là ôn cơ bản để giao tiếp. nhưng khi học được tầm 3 bài thì bắt thu phí mới cho học tiếp tui không thích dulingo vì học tiếng hàn khó khăn quá nên qua đây vậy mà... tui chưa hiểu đc bao nhiu thì đã thu tiền!!,2019-07-24 11:07:44,Negative,"I don't have money to learn Korean, so I came here to find a way to study at home, mainly to learn the basics to communicate.But when I learned about 3 lessons, I had to charge a fee to continue studying. I don't like Dulingo because learning Korean is too difficult, so I came here instead... I didn't understand how much it was before I charged!!"
2ec9afa8-882f-4dcc-bcb6-3265026c0c5b,008,1,làm ơn đừng hiển thị mấy cái hocj nâng cao tôi ko cần bỏ đi hộ tôi làm tôi ko học dc nếu ko tôi sẽ xoá app,2019-07-24 01:14:07,Negative,"Please don't show advanced lessons, I don't need them. Leave them. I can't study. Otherwise, I will delete the app."
c0cde0d8-e26c-4843-aa21-9d1db2850533,008,2,ứng dụng này dùng để add kiếm tiền chứ đâu phải là học tiếng anh trung hàn mới có học 1chut đã đòi nạp tiền vào ứng dụng rồi,2019-07-23 23:09:31,Negative,"This application is used to earn money, not to learn Chinese and Korean English. Only after learning 1 chapter will you be asked to deposit money into the application."
602b5a02-548f-4027-bd4f-dbd3b60f9dcf,008,1,những người kinh tế hạn hẹp mới phải tải ap về học chưa học được gì đã thu phí. nếu miễn phí thì sẽ có nhiều người dùng,2019-07-15 13:46:16,Negative,"Only people with limited economic resources have to download the app to learn but have to pay a fee.If it were free, there would be many users"
3681c281-681e-4c0c-b8db-40542d16294d,008,2,lúc trước tôi học không cần phải trả tiền đâu ! sao hôm nay lingodeer lại bắt phải trả tiền chứ nhỉ ? tôi thật sự không thích vấn đề này ở lingodeer,2019-07-10 05:00:09,Negative,"Before, I learned without having to pay!Why did lingodeer force you to pay today?I really don't like this problem in lingodeer"
d070c61b-d31d-4946-930f-25c2db6a19d7,008,1,muốn đăng ký gói học mà không thể đăng kí được. mong ad hướng dẫn đăng ký giúp giùm. ai có thể chỉ mình được không,2019-07-08 05:44:39,Negative,I want to register for a course package but cannot register.I hope you can help me with registration instructions.Can anyone point me to it?
644eba19-0027-451a-a7a6-1cd7c1c1947f,008,1,tại sao tui chỉ muốn học thui mà cũng phải trải tiền vậy người ta đã ko có tiền mà còn bị vậy nữa nếu có tiền thì tui đâu cần lên đây tải về làm j,2019-07-08 02:27:06,Negative,"Why do I just want to study but I have to spend money? People don't have money and this is still the case. If I had money, I wouldn't have come here to download it."
de7c3613-1ba1-4dea-97d2-05b2941c2b7f,007,1,"phần ""nói chuyện với ai"" khi ấn vào thì lại bị đơ rồi đen hết màn hình bổ sung: có hiện tượng đơ khi hoàn thành ""bài kiểm tra cột móc"" và không ghi nhận kết quả. ứng dụng này chắc chắn còn nhiều lỗi khác và trong tương lai tôi sẽ tìm ra. khuyên mọi người ko nên tải app này để học tiếng ánh bổ sung lỗi: tôi học tới a2 hoàn thành chương 8 nhưng chương 9 ko mở dù có thoát ra vào lại nhiều lần.",2026-02-21 13:05:41,Negative,"When pressing the ""talk to someone"" part, it freezes and the screen goes black. Additional screen freezes when completing the ""hook test"" and results are not recorded.This application definitely has many other errors and in the future I will find them.I advise everyone not to download this app to learn English. Additional error: I studied up to level 2 and completed chapter 8, but chapter 9 did not open even though I logged out and back in many times."
5a02eca0-c555-4b39-95f1-4fd1a1e0cd2b,007,1,"tệ vxai, mới ngày t2 thôi mà đã lag r , các ứng dụng khác sử dụng rất mượt mà chứng tỏ wifi ổn định , qua app này một cái là lag luôn .",2026-01-22 14:06:21,Negative,"It's so bad, it's only been Monday and it's already lagging, other applications are running very smoothly, proving that the wifi is stable, just one use of this app and it's always lagging."
d1f9ebc0-1fcd-430b-b649-52c4cce7b44b,007,1,tôi mua gói premium plus của busuu nhưng không vào được mục trò chuyện với ai trong bài học và không có khóa học đặc biệt. mọi người nên cân nhắc,2026-01-09 05:11:09,Negative,I bought busuu's premium plus package but I can't access the chat section with anyone in the lesson and there are no special courses.everyone should consider
1674c5c6-f510-41d7-b855-dfa9eb8c3bcd,007,1,"i pay for premium plus and i can't use the ""talk with ai"" . it's always be black screen and broken when i click on",2025-12-05 10:50:07,Negative,"i pay for premium plus and i can't use the ""talk with anyone"" .it's always be black screen and broken when i click on"
984665b5-7930-49f2-bcb1-6e712e47f50e,007,1,"app có thể hoàn tiền lại được không, tự nhiên đăng ký gói 500 ngàn /1 năm, trời ơi không có nhu cầu mà đăng ký như vậy thì biết nói gì nữa, 500 ngàn đâu có nhỏ mà đăng ký không gửi thông báo luôn, yêu cầu hoàn tiền",2025-11-12 11:34:59,Negative,"Can the app be refunded? Suddenly, I signed up for the 500,000 package per year. Oh my god, if I didn't need it, what could I say if I signed up like that? 500,000 is not a small amount, but I didn't even send a notification when I signed up. I asked for a refund."
ae44d161-45c3-424c-bed4-3f7f1473eb7a,007,1,tôi không thể hủy gói premium trên trang web mặc dù đã yêu cầu hủy rất nhiều lần. vì tôi thanh toán bằng thẻ visa nên phải hủy trên trang web. nhưng xảy ra lỗi và không tiến hành hủy được. gửi email hỗ trợ nhưng chỉ có thư trả lời tự động mà không được hỗ trợ. và tôi phải hủy thẻ thanh toán visa đó 🥲 app quá tệ.,2025-10-09 16:27:56,Negative,"I cannot cancel the premium package on the website even though I have requested to cancel many times.Because I paid with a visa card, I had to cancel on the website.but an error occurred and the cancellation could not be performed.sent support emails but only got auto-replies without support.and I had to cancel that visa payment card 🥲 app is so bad."
eab49206-00de-4120-8183-268d7e9c4802,007,1,ứng dụng đã trừ tiền thông qua liên kết ngân hàng. tôi không hề thực hiện thao tác nhập otp mà ứng dụng vẫn lấy tiền của tôi được là như nào?,2025-05-11 05:48:39,Negative,"The application deducted money through the bank link.I didn't enter OTP but the app still takes my money, how can I do that?"
d87d119e-2f65-4cbe-aeaa-9c564ea2a31f,007,1,tôi bị trừ tiền 1 cách vô cớ. không đăng kí gia hạn nhưng vẫn bị trừ tiền? trừ tiền nhưng vào app vẫn là tài khoản thường?,2025-02-14 05:53:51,Negative,My money was deducted without reason.Didn't register to renew but still got charged?Deduct money but still log into the app as a regular account?
d5720b3d-d977-4bc2-a6a9-30d36c204c7d,007,2,"tại sao bị mất dữ liệu bài học, mình đã học xong khoá học a1 từ lâu rồi, nhưng hôm nay mình vào xem lại thì thấy bị mất 1 phần dữ liệu bài học??? bao nhiêu công sức giờ học lại à ?",2024-08-25 16:58:02,Negative,"Why did I lose the lesson data? I finished the a1 course a long time ago, but today I went back to review and saw that part of the lesson data was lost???How much effort does it take to study again?"
78116d0b-88c2-4266-97b7-21fee6434e8e,007,2,phần cộng đồng của mình bị lỗi mất kết nối internet không thấy các bài viết của người khác trong khi mình vẫn đang kết nối internet,2023-11-26 06:25:57,Negative,My community has lost internet connection and can't see other people's posts while I'm still connected to the internet
f0f3ad5a-6494-4acc-8f8c-f20d59858d0b,007,1,"càng ngày càng thấy chán, mới đầu học còn thú vị. tôi cảm thấy các bài đáng giá nhận xét bắt làm bằng tiếng anh sau mỗi bài lại còn quy định số từ khiến cho người học không còn cảm giác hứng thú khi học nữa. nó kh còn là học mà là 1 nhiệm vụ ngày nào cũng buộc phải hoàn thành. quá chán",2023-10-13 15:48:43,Negative,"I feel more and more bored, but at first learning was interesting.I feel that the lessons worth commenting on are made to be done in English after each lesson and the number of words is specified, making learners no longer feel interested in learning.It is no longer just learning but a task that must be completed every day.too boring"
97ba8a22-ae1a-4609-ae76-65af1b0a6117,007,1,"khuyên các bạn ko nên lk thẻ vs ứng dụng, mình đã ngưng sd ứng dụng và tắt thanh toán tự động, nhưng app vẫn liên tục yêu cầu ngân hàng thanh toán rất nhìu lần và bị trừ tiền oan",2022-11-28 06:49:33,Negative,"I advise you not to check your card with the app. I stopped using the app and turned off automatic payments, but the app still keeps asking the bank to pay many times and the money is deducted unfairly."
8e1abbb2-e59f-43b4-807d-43be26de9483,007,1,"lúc trước tôi có thể học toàn bộ các bài học miễn phí. hiện tại tôi chỉ có thể truy cập vào một số ít các bài học, muốn tiếp tục học tôi phải mua thành viên, như thế thật quá đáng. tôi thật thất vọng về ứng dụng này",2022-03-26 14:41:29,Negative,"Before, I could take all the lessons for free.Currently I can only access a small number of lessons, if I want to continue learning I have to buy a membership, that's too much.I'm really disappointed with this app"
4dba73e4-e9ac-4ef4-af4a-da5b41178fad,007,1,"i update this app today. when i open it, the screen keeps showing loading icon. and i lost my learning streak too. shame. after my subscription ends, i will cancel it. edit: ok, i fixed it already.",2021-09-15 14:15:27,Negative,"i updated this app today.when i open it, the screen keeps showing loading icon.and i lost my learning streak too.shame.after my subscription ends, i will cancel it.edit: ok, i fixed it already."
0670d8e7-7d86-4a93-97aa-ff19b929fb17,007,2,"ứng dụng khá hay nhưng kiến thức quá cơ bản chưa thực sự chuyên sâu cho người học , mong nhà phát triển xem xét và cải thiện hơn. thanks so much",2021-08-05 00:48:20,Negative,"The application is quite good, but the knowledge is too basic and not really in-depth for learners. I hope the developer will consider and improve.thanks so much"
6a21b5e0-affc-474e-b65d-4177e8911453,007,1,tô đã đk gói 1năm nhưng do mất điện thoại nên đã không đăng nhập và học tiếp nhưng ứng dụng tự trừ tiền vào tài khoản liên kết 1 cách không rõ ràng,2021-03-30 05:19:10,Negative,"I signed up for a 1-year package, but because I lost my phone, I didn't log in and continue studying, but the app automatically deducted money from my linked account in an unclear way."
011bcc3f-ff7c-4e1a-879e-69d44ea72c9d,007,1,dạ! em chào ad! em là huy đã có mua phần mêm busuu 2 năm vài tuần trước em bận nên không có thường xuyên đăng nhập vào phần mềm busuu để học được. hôm qua em mới bắt đầu đăng nhập vô phần mềm mình học lại thì lại không đăng nhập được trên thiết bị sam sung a51 nhưng các thiết bị khác thì lại đăng nhập và sử dụng được bình thường. em đã thử gỡ ra và cài lại trên thiết bị sam sung a51 nhưng vẫn không đăng nhập vô để học được. nên em mong ad có thể xem và chỉnh sữa lỗi này trên thiết bị này,2020-12-24 05:37:47,Negative,"Yes!Hello admin!I'm Huy and I bought the busuu software 2 years ago. A few weeks ago, I was busy so I didn't often log into the busuu software to learn.Yesterday I just started logging in to the software I re-learned and couldn't log in on the Samsung A51 device, but other devices were able to log in and use it normally.I tried uninstalling and reinstalling on Samsung a51 device but still can't log in to learn.So I hope admin can see and fix this error on this device"
e7ddffe3-fb55-47ee-9ba1-641a68091b42,007,1,"đăng ký dùng thử nhưng vẫn bị trừ tiền. hủy luôn thì google gửi mail báo là không có chính sách hoàn tiền, trong khi lúc đăng ký thì ghi là có 30 ngày để dùng thử và có thể hủy bất cứ lúc nào. tự dưng mất không 1triệu 500k",2020-12-11 08:37:36,Negative,"Signed up for a trial but still got charged.If you cancel, Google sends you an email saying there is no refund policy, while when you register, it says you have 30 days to try it out and you can cancel at any time.suddenly lost 1 million 500k"
33c4d69d-61d7-4e40-b6b0-a4e5613e99c4,007,1,"tôi rất không đồng ý khi tự động thanh toán chương trình hoc 1 nam 1,100,000vnd mà chưa hỏi lại khách hàng , tôi đã khóa thanh toán online của thẻ visa mà vẫn bị trừ tiền ???",2020-10-10 05:16:28,Negative,"I strongly disagree when automatically paying for the 1,100,000 VND 1-year study program without asking the customer, I have blocked online payment of the visa card but still the money is deducted???"
a4ef1d6d-931d-4eba-b529-047eb752ab9e,007,1,"i really confuse. firstly, trading activities are not notified one day in advance for users to decide whether to continue or not, but instead automatically deduct money from customers' accounts. secondly: when the money is deducted directly, the busuu party did not send a notice, but instead was the gg play party. such action is very unprofessional. the support team doesnt work, just send an email and ask me wait. i want the answer from busuu.",2020-07-18 09:25:56,Negative,"i really confused.firstly, trading activities are not notified one day in advance for users to decide whether to continue or not, but instead automatically deduct money from customers' accounts.secondly: when the money is deducted directly, the busuu party did not send a notice, but instead was the gg play party.Such action is very unprofessional.the support team doesnt work, just sent an email and asked me to wait.i want the answer from busuu."
60c7c551-184b-4823-9afc-c9fc0ce2ae4d,007,1,app lag vch. đã bỏ tiền mua app dùng 1 năm r mà lúc học hay làm bài kiểm tra load mãi k xong. trắng xóa màn hình xong biểu tượng load vẫn cứ xoay,2020-05-21 16:39:45,Negative,"app lag vch.I spent money to buy an app to use for 1 year, but when I study or take tests, it never loads.After the screen turns white, the loading icon still rotates"
8572409d-bda2-4358-8124-42e4f5cc564d,007,1,bản cập nhật gần đây khiếng ứng dụng bị lưu chữ trên màn hình và nhận dạng âm thanh không hoạt động đề nghị nhà sản xuất khắc phục,2020-02-23 03:02:53,Negative,"A recent update caused the application to save text on the screen and sound recognition not working, please ask the manufacturer to fix it"
bbc9b219-479e-4b01-94a6-d945736479e8,007,1,tại sao tự động gia hạn 12 tháng mà không thông báo cho ngườidùng gia hạn xong trừ tiền xong tôi mới biết vậy mà trên dịch vụ lúc nào cũng nói là minh bạch đề nghị có câu trả lời cho vấn đề này,2020-01-18 15:13:04,Negative,"Why does it automatically renew for 12 months without notifying the user of the renewal, after deducting the money, I just found out, but the service always says it's transparent, please have an answer to this problem"
1de986aa-de4a-45e1-b814-a30dcbb85835,007,2,"tôi đk dùng nhưng sau đó k quyết định mua. tôi k tìm được cách để hủy phần đk, tôi k muốn nhận thông báo yêu cầu thanh toán. nhưng k có cách nào để ngưng nó cả",2019-12-01 16:49:24,Negative,"I didn't use it but then decided to buy it.I can't find a way to cancel the subscription, I don't want to receive a notification asking for payment.but there is no way to stop it"
451c7643-7be3-45a3-974f-5586c4ce04d2,007,1,"ngày 30 tháng 10 đến ngày 3 tháng 11 . vinaphone bảo trì hệ thống thanh toán ở cửa hàng ch play,nên ko mua gói học được, làm tôi nạp 650k vào ko mua được gói khi khuyến mãi 50% . bên bussu khuyến mại đúng ngày hệ thống họ bảo trì. giờ ai chịu trách nhiệm đây. bên bussu phải xem cho tôi lại cách khuyến mại đi. khuyến mại cho dù 90% những ngày hệ thống họ bảo trì khóa cho phép thanh toán thì khách cũng ngồi ngó thui,",2019-11-04 12:18:31,Negative,"October 30 to November 3 .Vinaphone maintains the payment system at the CH Play store, so I can't buy the learning package, so I deposited 650k and can't buy the package when there is a 50% promotion.bussu party offers promotions on the day their system is maintained.Now who is responsible?Bussu side needs to show me how to promote.Even though 90% of the days when the system maintains the key to allow payment, customers still sit and watch."
70391b4c-521f-4d4e-8019-ad15b10b2e34,007,1,tôi tải về học tiếng nhật. mới chỉ học được 1 bài. cảm thấy khó học. tôi học thử 1 số phần mềm miễn phí thấy dễ học hơn. chắc tại cái này mất phí nên khó học. dành cơ hội cho những bạn khác vây. p/s nếu học tiếng anh tôi thấy dualingo khá vui. cái này thì chưa thử,2019-09-19 12:57:23,Negative,"I downloaded it to learn Japanese.Only learned 1 lesson.find it difficult to study.I tried some free software and found it easier to learn.Probably because this costs money so it's difficult to learn.Give other people a chance.p/s If I learn English, I find dualingo quite fun.Haven't tried this yet"
2c3a3612-22fb-4340-be9c-c839523cb8bc,007,1,"tải về dùng thử đồng nghĩa với việc đồng ý cho việc tự động chuyển sang gói một năm, và tự gia hạn khi hết thời gian. kể cả bạn có gỡ bỏ app thì giao dịch vẫn diễn ra. vãn gia hạn hằng năm. giao dịch bất minh. lừa đảo. mình tải bản dùng thử miễn phí . sau không ưng nên gỡ bỏ. sau mấy ngày . một hôm không thao tác máy mà tk bank báo bị trừ 1100k . khiếu nại cả tháng nay mà không hồi âm. các bạn chắc may mắn hơn tôi",2019-09-14 17:08:31,Negative,"Downloading a trial means agreeing to automatically switch to a one-year plan, which will automatically renew at the end of the period.Even if you remove the app, the transaction will still take place.renewed annually.dishonest transactions.Cheat.I downloaded the free trial version.If you don't like it then remove it.after a few days.One day when I didn't operate the machine, my bank account said 1,100k was deducted.Complained for a month now with no response.You guys are probably luckier than me"
6ba979cf-68b0-49eb-bb41-79fce42deedf,007,2,xin lỗi. vì tôi chưa sắp xếp công việc để học được nên tạm thời tôi chưa muốn sử dụng.sau này tôi sẽ sử dụng sau ạ. ...,2019-01-23 02:35:44,Negative,"Sorry.Because I haven't arranged my work yet to learn, I don't want to use it for now. I will use it later...."
d40dd6b4-950b-45ab-8e7a-a0d5dd38a222,007,1,"ứng dụng này thật bất tiện. tại sao lại để trial miễn phí trong vòng 1 khoảng thời gian nhất định nhưng chưa hết thời gian sử dụng thử miễn phí thì lại trừ 1 số tiền lớn gần 1 triệu (990.000vnd) trừ tự động vào thẻ ngân hàng của tôi cho gói sử dụng 1 năm mà tôi ko hề hay biết, trong khi tôi không hề đk mua hàng và quảng cáo ko đúng sự thật. trừ tiền của khách trong thời gian sử dụng thử như vậy. không bao giờ tải hay giới thiệu app này cho ai. may mà có google hỗ trợ ko thì tôi mất 1 số tiền rồi.",2019-01-15 13:44:02,Negative,"This app is so inconvenient.Why do I have a free trial within a certain period of time, but before the free trial period expires, a large amount of nearly 1 million (990,000 VND) is automatically deducted from my bank card for the 1-year package without my knowledge, while I have not registered to purchase and the advertisement is not true.deduct customer's money during such trial period.Never download or recommend this app to anyone.Luckily if Google had supported me, I would have lost some money."
568a1559-cbac-4fb9-9dcd-1156304c813a,007,1,"tại sao tôi vừa nâng cấp lên vip, vừa hủy tự động gia hạn được 6 ngày thì mất rồi. tôi đăng nhập vào chỉ thấy mình là thành viên miễn phí là sao? khôi phục lại thành viên vip cho tôi",2018-10-28 04:59:06,Negative,Why did I just upgrade to VIP and cancel the auto-renewal after 6 days?What if I log in and see I'm a free member?restore my vip membership
2a64ffed-2d9e-4777-a0ac-21bbb1bed0eb,007,1,muốn dùng thử mà không có cơ hội... có 7 ngày để trải nghiệm mà bắt đăng ký kiểu qua 7 ngày lỡ quên mất sẽ mất tiền?! sao không cho lựa chọn từ đầu là dùng thử để biết rồi sau đó thấy hay thì mua cho đàng hoàng. không thì hướng dẫn trước cách ngắt thanh toán. thực sự muốn thử úng dụng này :),2018-10-21 07:59:25,Negative,"Wanted to try it but didn't have the chance... I had 7 days to try it out but if I had to register after 7 days, I would lose money if I forgot?!Why don't you choose from the beginning to try it out and then buy it if you find it's good?If not, instructions on how to stop payment will be given in advance.really want to try this app :)"
5f91c827-44cb-4015-b082-277628596c7a,007,2,"tôi mua gói 1 tháng, đã báo thành công và trừ tiền mà sao mục trong bài học 
vẫn bị khóa! cần sự trợ giúp",2018-08-10 17:37:27,Negative,"I bought a 1-month package, it was reported successfully and the money was deducted but it was copied in the lesson
still locked!need help"
b33280e5-f592-4408-b2e2-ec0220d89255,007,2,"phần phát âm lúc nói 2 lần đầu nó hiện lên thử lại đến lần thứ 3 nố gì nó 
cũng hiện là rất tốt",2018-07-10 14:12:08,Negative,"The pronunciation part appears when speaking the first 2 times, try again the 3rd time
Also currently very good"
8c7b1a4e-db2d-4138-a9c8-da2143d681e4,007,2,tôi đã mua rồi thế nhưng trong phần luyện tập. khi phát âm tôi nói thế nào nó cũng cho là đúng. mong ad chỉnh lại để tôi cho 5 sao.,2017-11-22 17:26:36,Negative,"I already bought it but in the practice section.When I pronounce it, it thinks it's correct no matter what I say.I hope admin can correct it so I can give it 5 stars."
32ee6701-ae5e-4d46-973e-77b3a0e71d26,007,2,"đừng có lừa gạt nhau. nếu có tính phí thì nên công khai rõ ràng lúc đầu. để free khi tải xuống, lại tính phí. mắc công remove. tôi sẽ đưa app này vào list bịp bợm và .. quảng bá trên facebook, zalo dùm bạn nhé.",2017-11-21 04:05:59,Negative,"Don't deceive each other.If there is a fee, it should be clearly disclosed at the beginning.to download for free, then charge again.failed to remove.I will put this app on the scam list and .. promote it on Facebook and Zalo for you."
acf94b48-c511-4c40-b558-376004c8caad,001,1,"tốt càng ngày càng bắt ng ta mua super, đã đổi trái tim thành nl rồi lại còn cộng nl ít như muối bỏ biển nx cứ thế mà phát huy nữa nhé",2026-03-09 10:36:30,Negative,"I'm forcing people to buy super more and more, I've changed my heart to nl and then add nl as little as salt in the sea nx just keep promoting it"
e7f66c8b-d0e7-4703-b198-31feb720e67c,001,1,"bắt đăng nhập tài khoản rồi đăng nhập thì các khóa học và chuỗi mất hết và bắt đầu lại từ đầu, từ nay k học duolingo nữa🤬",2026-03-09 04:42:32,Negative,"If you have to log in to your account and then log in, all the courses and series will be lost and you will have to start over from the beginning. From now on, you won't learn Duolingo anymore🤬"
799370a8-49de-4bd5-92e6-0832756900c3,001,1,"dạo này thấy ứng dụng này đi xuống, học nhg ko đc ghi nhận và mất hạng oan uổng, nói chung là không thể gắn bó với ứng dụng trong thời gian tới nữa, với lại việc học nhg không có sự cải tiến liên tục làm việc hứng thú đi xuống. kể cả học chuỗi streak nó ko còn ý nghĩa khi áp dụng với đời sống thực tế. chỉ khi nào nó được cải tiến đến mức có những lợi ích rất tích cực từ số đông thì sẽ cân nhắc. còn giờ thì hết hy vọng",2026-03-08 14:03:32,Negative,"Recently, I see this application going downhill, learning but not being recognized and unjustly losing rank, in general, I cannot stick with the application in the future anymore, and learning but there is no continuous improvement, making the interest in working go down.Even learning the streak series is no longer meaningful when applied to real life.Only when it is improved to the point where there are very positive benefits from the majority will it be considered.And now there is no hope"
746bcb6a-7980-4c78-88ef-d396675b0dbb,001,1,"tôi ko hiểu duo làm thế này có đc ko cứ học xong một bài là quảng có học super duolingo và năng lượng trong 1 bài thì mắt 8,9 năng lượng rồi",2026-03-08 10:55:06,Negative,I don't understand if duos can do this like this. Just finish one lesson and you'll learn super duolingo and the energy in one lesson is 8.9 energy.
2e5fdfda-108d-43ef-bf28-21c99f742b21,001,2,"học chán kinh khủng, lập đi lập lại không có gì mới hết. chơi cờ cho đỡ mà cũng dần chán đi, toàn cho học mấy cái không thật sự cần thiết 1 bài thì phải học đi học lại 20-30 lần rất là chán, mọi người nên tải những app khác còn hơn nhé.",2026-03-08 10:22:45,Negative,"Studying is so boring, it's repetitive and there's nothing new.Playing chess to help but gradually gets boring. It's always boring to learn things that aren't really necessary. Having to learn 20-30 times over and over again is very boring. You should download other apps instead."
170e859e-3e4c-498b-8fac-dbaf326c6750,001,2,học được hơn trước nhưng lấy kim cương để đóng năng lượng thì lại ko có. trong khi đã đóng kim cương để lấy năng lượng rồi mà vẫn kêu phải đóng tiếp?????,2026-03-08 03:49:18,Negative,"I can learn more than before, but I don't have diamonds to use for energy.Even though I've closed diamonds to get energy, it still asks me to close again?????"
f97257bd-b960-4e2c-9542-97f5c98669c6,001,2,"duolingo đã giúp tôi cải thiện trình độ giao tiếp tiếng anh và từ vựng nhưng..., có 1 lỗi khiến tôi cực kỳ bức xúc, tối trước 12 giờ tôi đã học xong và được tính ngày streak bình thường, sáng hôm sau bị thông báo streak bị đóng băng ngày hôm qua và ngay ngày đó được tính streak. mong đc sửa lỗi sớm nhất 😭💔",2026-03-08 01:55:03,Negative,"duolingo has helped me improve my English communication and vocabulary but..., there is an error that makes me extremely frustrated, the night before 12 o'clock I finished studying and the streak was calculated normally, the next morning I was informed that the streak was frozen yesterday and on that day the streak was calculated.I hope the error will be fixed as soon as possible 😭💔"
d33c8b89-2d6d-4519-afc3-ead7680b441f,001,1,"niếu như bạn thực sự muốn học ngoại ngữ để giao tiếp hay để hiểu biết thì bạn nên tải những app từ điển về mà học ứng dụng này không giúp được gì cho bạn đâu tin tôi đi tôi thành thạo ba ngôn ngữ anh , nhật và trung tôi đễ trải nghiện và đây là đánh giá của tôi",2026-03-07 16:45:48,Negative,"If you really want to learn a foreign language to communicate or understand, you should download dictionary apps, but learning this app won't help you. Believe me, I'm fluent in three languages: English, Japanese and Chinese. I'm addicted and this is my review."
746efd23-ed07-47ec-bf13-c556919849ee,001,2,app hay nhưng khi cứ học xong 1 bài học thì nó lại quay trở lại ban đầu trước bài học đó mấy bài và việc lặp lại ấy phải khoảng 3-4 lần r điều này khiến tôi rất khó chịu vì cứ học đi học lại mấy cái bài này và không đc tiếp cận những kiến thức khác.mong duolingo có thể cải thiện tình trạng lặp lại này để tôi có thể học những kiến thức mới thay vì những kiến thức cũ lặp lại,2026-03-07 15:15:07,Negative,"The app is good, but when I finish learning a lesson, it goes back to the beginning a few lessons before that lesson and has to repeat it about 3-4 times. This makes me very uncomfortable because I keep learning these lessons over and over and don't have access to other knowledge. I hope duolingo can improve this repetition situation so that I can learn new knowledge instead of repeating old knowledge."
3e5efd81-9fd8-437d-bf6b-3126308227f7,001,1,"bài học có quá nhiều quả cáo và học ko hiệu quả phải xem quảng cáo ko có quà gì nhiều nhiều kim cương ,thời gian ko giá trị lắm",2026-03-07 14:42:12,Negative,"The lesson has too many ads and doesn't study effectively, having to watch ads doesn't give you many gifts, lots of diamonds, time isn't very valuable."
eeb7c104-cf5b-474e-b148-4bce422d95c5,001,1,"quảng cáo nhiều cho năng lượng vs kn thì ít,nạp thêm tiền ms chs đc tiếp cày thì lâu mà cx chả đc ích j hết mà toàn cho mấy bài lặp đi lặp lại l7 cho mấy cái bài linh tinh chứ ko có giúp đc j trg học tập?h app học bài này rác lắm luôn ak",2026-03-07 14:21:27,Negative,"There are a lot of ads for energy and less skill. If you add more money, you can continue plowing for a long time, but it's not helpful at all. It only gives you repetitive lessons. L7 gives you random lessons. Doesn't it help you with your studies? This learning app is really trash."
fc307430-5c88-4084-bd78-e116ad4fc3c2,001,1,mọi người thử không học mấy ngày đi nó sẽ chuyển sang tức giận đấy rất đáng sợ ai học thì sẽ hiểu nếu lười vậy,2026-03-07 14:14:23,Negative,"Everyone try not studying for a few days, it will turn to anger, which is very scary. Anyone who studies will understand if you are lazy"
c0e6b0cb-c1a6-4175-bce7-723742002876,001,1,rất chán học cái nó bắt mình học quai rất bực không học bài cái là nó làm cái ban mặt khó ưa vãi! những người khó tính không nên tải,2026-03-07 11:49:41,Negative,I'm so bored with studying that it makes me study so hard that I'm so frustrated that I can't study because it makes my face so unpleasant!Difficult people should not download
d489324f-4999-4a20-b816-638f8acab273,001,1,tr ơi ngày trước còn là trái tim làm sai thì mới bị trừ tim bây giờ cho cái năng lượng làm 1câu trừ 1năng lượng chơi v ai chơi lại mấ,2026-03-07 08:52:23,Negative,"Oh, in the past, it was the hearts that made mistakes to get hearts deducted. Now, the energy for doing 1 sentence minus 1 energy for playing and who plays again?"
b6170c9e-d693-482c-987b-dbf6913ecbdd,001,1,"ứng dụng bây giờ quá mất chất. tự dưng cập nhật đổi sang cái năng lượng học được có tí tẹo đã hết trong khi phải đợi hẳn 14 tiếng mới đầy, mà đủ 25 năng lượng rồi thì cũng chỉ học được tầm 3 ải là hết, chả thấm vào đâu. rốt cuộc thèm tiền tới mức độ làm cho app càng ngày càng tệ hại, tôi không cảm thấy ứng dụng này giống như một ứng dụng học tập bình thường nữa mà giống như một ứng dụng khều tiền hơn, quảng cáo thì nhiều giống mấy cái game. xưa hồi 2022 học thoải mái bao nhiêu🙂",2026-03-07 07:42:38,Negative,"The app is so bad now.Suddenly the update changed to the fact that the amount of energy learned was exhausted while having to wait 14 hours for it to be full, but with 25 energy, you could only learn about 3 levels, it was nothing.In the end, I wanted money to the point that it made the app worse and worse. I didn't feel like this app was like a normal learning app anymore, but more like a money-grubbing app, with a lot of ads like games.How comfortable it was to study in 2022 🙂"
39d67f4e-95b6-4f3c-973a-3405dfe050b0,001,1,"hôm qua xem 5 cái quảng cáo để có đầy năng lượng học bài. mà bị lỗi xong tới khi gần học bài xong nó tụt xuống 1 năng lượng. không phải kiểu học nên mất năng lượng, mà nó tụt số năng lượng mà mắt thường có thể nhìn thấy được luôn. xong còn 1 năng lượng thì học cái gì được. xong phải thoát bài học. mà chuyện như vậy xảy ra mấy lần luôn. cứ ra xem kiếm năng lượng rồi vào học lại mất. dev nên fix lỗi nhanh",2026-03-07 04:43:28,Negative,"Yesterday I watched 5 ads to have enough energy to study.but after the error, when the lesson is almost finished, it drops 1 energy.It's not like learning should lose energy, but it reduces the amount of energy that can be seen with the naked eye.If you still have 1 energy left, what can you learn?Once finished, you must exit the lesson.But this kind of thing happens many times.Just go out and look for energy and then come back and study again.The dev should fix the error quickly"
6f178659-10d5-46f8-93de-6a8d974ca496,001,1,tôi ko hiểu tiếng anh mà tôi học khóa khác mà nó bảo là bây giờ những câu nói tiếng việt trong đó đều chuyển sang tiếng anh mà tôi đã ko đồng tình mà nó cứ bắt tôi thôi khuyên mọi người học cái j thì vẫn chọn app này nhưng mà ko nên đang học khóa này lại chyyeenr sang kháo khác ko thì cái khóa đầu của mik app sẽ tưởng là mik hiểu ngôn ngữ đấy rồi thì app sẽ cho cáu ngô ngữ ban đầu cuat mik chọn vào,2026-03-07 04:01:52,Negative,I don't understand English so I took another course and they said that now the Vietnamese sentences in there are all changed to English which I didn't agree with and they kept asking me to stop advising people to study whatever they want to still choose this app but they shouldn't switch to another course while taking this course or else the app's first course will think that they understand that language then the app will let them choose their original language.
192e3347-ef43-4895-be77-60b3266dd0ad,001,1,"ko hiểu sao ns cho dùng thử super miễn phí mà nó tự thoát lun , ns ko cho nx , vs cs cái năng lượng í , ns mau hết lắm , lm đúng cg tốn năng lượng , cái tim tháy đc hơn á ,vs cứ quảng cáo super miết à thấy quá là thất vọng lun í duolingo oi😔😔😔😔😔🤧🤧🤧🤧🤧😭,vs lại cái phần cờ vua lúc thắng thì cộng cs vài điểm mà lúc thua trừ mấy chục điểm lận , mịa ns",2026-03-06 03:28:07,Negative,"I don't understand why users let me try super for free but it quits on its own. It doesn't give me access. It's a waste of energy. It runs out quickly. If I do it right, it wastes energy. My heart feels better. Why do I keep advertising Super all the time? I feel so disappointed. duolingoOi😔😔😔😔😔🤧🤧🤧🤧🤧😭, compared to the chess part, when you win, you add a few points, but when you lose, you deduct dozens of points, damn"
b1722751-ed3b-4a21-882a-44a25754267e,001,1,"thứ nhất tôi thấy đầu tiên là hồi nó chỉnh từ tim sang năng lượng và quảng cáo rất nhiều là tui đã rất tức r. và hôm nay tôi đang học thấy 14 năng lượng, tôi vô bài học thì một lúc sau còn 0 năng lượng",2026-03-05 14:26:53,Negative,"The first thing I saw was when it changed from heart to energy and advertised a lot, I was very angry.And today I was learning and saw 14 energy. I went into the lesson and then after a while I had 0 energy left"
3ef496c4-acb2-4457-8f4b-256279f21437,001,1,hôm trước mình đã nối steak 37 ngày rồi mà hôm nay nó bảo do mình ko nối ngày 37 nên nó về lại ngày 1 nghĩ mà tức,2026-03-05 04:29:15,Negative,"The other day, I hooked up the steak for 37 days, but today he said it was because I didn't get hooked up on day 37, so it went back to day 1. I thought I was angry."
48f49632-3855-45a3-8d83-5ca3da9d8f99,001,1,"bài nói từng từ thì như l ý , rõ ràng đọc đúng rồi mà vẫn đánh sai , có đọc hoàn hảo tới cỡ nào thì ít nhất nó cx phải cho sai một câu. nhiều khi còn chưa đọc app đã tính sai",2026-03-04 13:33:12,Negative,"The speech is word-by-word, it's clear that you read it correctly but you still type it wrong. No matter how perfect your reading is, at least one sentence must be wrong.Many times, even before reading the app, the calculation is wrong"
86075bbf-66f3-4e0e-9223-2209cf889132,001,2,"má oi nó tucs cái lúc mà nó giao nhv á🤬, cs cái nhvu là ""hoàn thành 2 bài tập hoàn hảo"" á mà ý là cái bài của nó á cái bài cuối nó bị sai mà t cố lắm mới làm đc vậy á mấy m 🥀 đúng là thương duo thật á 😇",2026-03-04 12:37:48,Negative,"Oh my god, he passed the exam when he assigned the assignment🤬, the assignment was ""complete 2 exercises perfectly"" but he meant his assignment, the last assignment was wrong but I tried so hard to do that 🥀 I really love the duo 😇"
ece83a0f-4b44-412e-938e-a9f7de19e57a,001,1,duolingo gì mà chả có cờ vua âm nhạc toán học cả chả học cái gì mặc dù rất thích chơi cờ vua và họ âm nhạc thế mà chả có,2026-03-04 10:59:48,Negative,"Duolingo doesn't have chess, music, math, doesn't study anything even though I love playing chess and music, but there's nothing."
944ed96b-0915-4b50-a4c3-eb632c432ea1,001,2,yêu cầu cú duo ko cho phép người chơi rời đi khi chưa hết trận cờ vua đang chơi thì họ rời trong khi trận vẫn tiếp tục rồi sau đó thì tôi bị thua trừ 30 elo trong khi họ bỏ trận thì đc cộng 20 elo,2026-03-04 08:20:06,Negative,"Duo request does not allow players to leave before the chess match is over, they leave while the game is still going and then I lose 30 elo while if they quit the game they get 20 elo"
875a2657-103a-4004-ab33-53adb543344f,001,2,"tôi dùng kim cương mua điểm năng lượng để học,làm được 1,2 câu mất hết luôn.bắt tôi mua lại để học tiếp mà tôi phải làm vậy tới tận 5 lần.",2026-03-03 15:50:49,Negative,"I used diamonds to buy energy points to study. After completing 1 or 2 questions, I lost them all. They forced me to buy them again to continue studying, but I had to do it 5 times."
2a079d4d-3760-45c8-8575-e0058975b0d4,001,2,thắng cờ vua mà nó trừ điểm elo từ 500 mà còn cs 413 đáng lí ra là thắng mà nó trừ cay vcl 😡😡😡😡😡,2026-03-03 12:11:53,Negative,I won in chess but it deducted elo points from 500 but also cs 413 was supposed to be a win but it deducted so much 😡😡😡😡😡
cb6d4c25-0e9c-4a1a-9ea5-7f523f727cad,001,1,ê í là duo bị làm sao vậy học đàn mà lúc chơi nhạc í nút đô ko đc chỉ đc lần đâu là sao í làm ko nhấn đc í chỉ riêng nút đô thôi đấy yêu cầu nhà xuất bản xem và sửa lại cho toii và người mới chơi đàn thì chơi đần thử thù cho chậm thôi,2026-03-03 05:57:38,Negative,"Hey Duo, what's wrong with me? When I'm learning to play the piano, I can't press the ""Do"" button when playing music. Why can't I just press the ""Do"" button? Please ask the publisher to look at it and fix it for me. If I'm new to playing the piano, I'll try to play slowly."
61d72102-0749-49ac-8f9e-9aed6fcf3743,001,2,"kể từ ngày cập nhật qua mức năng lượng, chạy cực kỳ nặng và chậm, dễ nóng máy, còn tụt năng lượng cái vào, không học kĩ được khi gặp ngữ pháp mới gì cả 😑😑. bản cũ vẫn dễ dùng hơn. quảng cáo quá trời, tự văng khỏi app vào quảng cáo, rồi không vào lại được app luôn",2026-03-02 17:19:03,Negative,"Since the update, the power level has gone through, it's been running extremely hard and slow, it's easy to overheat, it's also losing power, I can't learn thoroughly when encountering new grammar at all 😑😑.The old version is still easier to use.There are so many ads, I get kicked out of the app and into ads, then can't get back into the app"
b1de160b-0a10-456d-b427-a8350395cdb5,001,1,"with so many ai nowadays. many of ways to learn a new language. duo choose to use the energy points to limit learners? i will okay to watch ads, and i don't care about exp. but stop user from finishing a lession is unacceptable.",2026-03-02 15:38:03,Negative,"with so many anyone nowadays.many of ways to learn a new language.duo choose to use the energy points to limit learners?i will be okay to watch ads, and i don't care about exp.but stopping user from finishing a reduction is unacceptable."
abc602d2-813f-42d3-8a7d-5c8d8e2b70ee,001,1,chơi cờ vua xong thắng tui nhận đc có 7-9 elo xong lúc tui thua thằng duo nó trừ của tui tận ~35 elo cơ thua phát éo muốn chơi nữa app tệ vãi çcccccccccc như muốn giết luôn,2026-03-02 14:23:50,Negative,"After playing chess, I won and received 7-9 elo, but when I lost to the duo, they deducted ~35 elo from me, but I lost so much that I don't want to play anymore. The app is so bad çcccccccccc I feel like I want to kill myself"
14cea567-7397-4257-8f63-982b4de076e5,001,1,"quảng cáo nhiều, nói khác nhiều, thua giảm 50 elo ,thắng tăng 10elo là sao, có người 1 ngày tăng khoảng 7000 kn, hoà cũng trừ elo, thắng trừ elo, duo ơi bạn có biết tính taons ko mà tao đang 11 điểm cộng xe 5 điểm tao phong mà chỉ đc 15 điểm, trong 1 con xe 5 điểm, thắng trận cờ vua rồi mà thoát ko đc",2026-03-02 09:36:24,Negative,"A lot of advertising, a lot of different things said, losing reduces 50 elo, winning increases 10 elo, what's the point, some people gain about 7000 kn a day, draw also deducts elo, win minus elo, duo do you know how to calculate taons but I have 11 points plus a 5 point car that I assigned but only got 15 points, in a 5 point car, I won the chess match but can't escape."
e933c443-f0cc-4eef-b62b-50cab92c541e,001,1,"từ vựng thì khó, cờ vua thì nhàm chán,không có gì vui, app này bảng xếp hạng thì bị xuống hạng thì bị quay bảng xếp hạng cũ",2026-03-01 23:13:11,Negative,"Vocabulary is difficult, chess is boring, no fun, this app's rankings are downgraded, then the old rankings are rotated."
312ab51b-ed17-4c77-af5f-c2e0510ef3a4,001,1,thấy nó mới đổi từ trái tim sang năg lượng khó chịu . học cờ vua lúc chơi cờ vs ông ócar thì nói mấy câu kiểu khó chịu. ko đổi tên dc và chả xem dc nhiệm vụ bạn bè. phản hồi lại thì nói đc mấy câu rồi im re. chán thục sự,2026-03-01 15:00:47,Negative,"Seeing it change from heart to unpleasant energy.When studying chess, when playing chess with Mr. Cúar, he said some annoying things.Can't change name and can't view friend missions.When responding, I say a few sentences and then shut up.really bored"
59684822-3c2b-4e5a-8c8b-ca70b21da288,001,1,1 sao vì duolingo không có cờ vua xin giúp tôi làm sao chơi cờ vua trên duolingo pls huhu. mong duolingo cập nhật. cờ vua,2026-03-01 14:27:34,Negative,"1 star because duolingo doesn't have chess, please help me how to play chess on duolingo pls huhu.I hope duolingo updates.chess"
7fb0838b-73dc-464d-98c7-26f5ac8b3ff0,001,1,nhập đúng mật khẩu và tên đăng nhập rồi mà vẫn ko vào đc t tức chết vì con này cả thêm 1tk nữa nhập đúng hết r mà vẫn ko vào đc nên t đánh giá 1sao là đúng,2026-03-01 13:46:25,Negative,"Entered the correct password and login name but still can't log in. I'm so angry because this guy even spent another 10000000000$ and entered everything correctly but still can't log in, so I'm right to rate it 1 star."
d305c656-245a-4307-a0a4-12263c0acc01,001,1,"thích thì thích đi chứ mih học hơn 3 năm rồi thì thấy ngữ pháp k tiến bộ cho lắm, v mà nó còn đổi qua cái năng lượng là th mih thua",2026-03-01 13:10:26,Negative,"If you like it, you can like it, but if you've been studying for more than 3 years, you'll see that your grammar hasn't improved much, but it also changes the energy, which makes you lose."
7130e749-2b9e-44e9-b5e8-40e5a9fb1dc9,001,2,"cay nhất cái đoạn còn đúng 1 câu thì xong bài mà hết năng lượng mà còn 13 đá quý và mong rút ngắn thời gian sạc năng lượng ạ và mong app ít bảo trì hơn, còn cả lúc quên mật khẩu, vào gmail đặt mật khẩu lại xong r vào duolingo lại bảo sai mật khẩu😡",2026-03-01 04:16:29,Negative,"The scariest part is the part where you only have 1 correct sentence, but when you finish the test you run out of energy but still have 13 gems and hope to shorten the charging time and hope the app has less maintenance, also when you forget your password, go to gmail and reset your password, then go to duolingo and it says wrong password😡"
5987024e-1dda-40b5-8562-f57d69b4cea5,001,2,"yêu cầu đổi thanh năng lượng thành tim ik , làm đúng nó cũng trừ . bị trừ xong hết lại bắt nạp kim cương , hoặc super . duolingo kì thiệt.....",2026-02-28 13:58:47,Negative,"request to change the energy bar to heart ik, if done correctly it will also be deducted.After being deducted, you will have to pay for diamonds or super.duolingo is so weird....."
cae7b670-5438-4f4d-81de-2ee9d06da2c9,001,1,"mình đã học app hơn 3 năm rồi, nhưng mà dạo gần đây thay đổi qua cái năng lượng, mình vào app học 1 bài được 1 nửa, cái là máy bị đơ luôn, tự động tắt nguồn và khởi động lại. mình dùng xiaomi redmi note 11, điện thoại cũ nhưng mà fb, tik tok lướt cả ngày ko bị đơ mà dô đây học một bài đang học cái bị out ra mất hết năng lượng, dô học tiếp thì bị out tiếp, ko còn năng lượng cho lần tiếp theo luôn",2026-02-28 02:28:41,Negative,"I have been studying the app for more than 3 years, but recently the energy has changed. I went to the app to learn a lesson halfway, but the device froze, automatically turned off and restarted.I use xiaomi redmi note 11, old phone but I can surf Facebook and Tik Tok all day without freezing, but here I'm studying a lesson and I log out and lose all my energy."
6b0f371e-4086-4296-8f88-611d806fe595,001,1,nó không có xuất hiện hình ảnh và nó không có giọng nói lên giọng nói cái bài mà cần giọng nói thì nó quá là khó bởi vì tâm chưa có giọng nói nào đâu,2026-02-28 00:11:43,Negative,"It doesn't have an image and it doesn't have a voice. To speak a song that requires a voice, it's too difficult because the mind doesn't have a voice yet."
d5376c4b-68aa-4990-95fa-7a3a2c303860,001,1,𝗁ọɕ 𝗁ơꪱᜒ ᥣɑ𝗀 ɕứ ᑲắ𝗍 𐓣𝗀ườꪱᜒ 𝗍ɑ 𝗑౿ო 𝗊υả𐓣𝗀 ɕá𝗈 để ოυɑ ડυρ౿𝗋 ɑρρ ᑲả𝗈 ოꪱᜒễ𐓣 ρ𝗁í 0₫ 𐓣𝗁ư𐓣𝗀 ᑲɑო 𝗏à𝗈 𝗍𝗁ì ɕầ𐓣 𝗍ꪱᜒề𐓣 𐓣ôꪱᜒ ᑯυ𐓣𝗀 𝗁ọɕ ƙ𝗁á 𝗍ố𝗍 á𝖯 ᑯụ𐓣𝗀 ƙ𝗁ꪱᜒ ᑯυ 𝗁ọɕ 𐓣ướɕ 𐓣𝗀𝗈àꪱᜒ 𐓣𝗁ư𐓣𝗀 ɑρρ ρ𝗁ảꪱᜒ ɕ𝗁𝗈 𝗁ọɕ ᑲ𝗍𝗁 ოấɣ ɕáꪱᜒ 𝗍𝗋áꪱᜒ 𝗍ꪱᜒო 𝗏ớꪱᜒ ɕả 𐓣ă𐓣𝗀 ᥣượ𐓣𝗀 ρ𝗁ꪱᜒề𐓣 𝗍𝗁ậ𝗍 ડự ƙ𝗈 ɕ𝗁𝗈 𐓣𝗀𝗍ɑ 𝗁ọɕ 𝗍𝗁𝗈ảꪱᜒ ოáꪱᜒ à? mà cái thằng cờ vua nó chêu ngươi tôi chỉnh sửa ứng dụng mình đi chưa,2026-02-27 15:32:09,Negative,𝗁ọɕ 𝗁ôꪱᜒ ᥣɑ𝗀 ᑲă𝗍 𐓣𝗀uꪱᜒ 𝗍ɑ 𝗑౿ო 𝗊υ𐓣𝗀 ɕá𝗈 to ოυɑડυρ౿𝗋 ɑρρ ᑲã𝗈 ოꪱᜒê𐓣 ρ𝗁í 0₫ 𐓣𝗁u𐓣𝗀 ᑲɑო 𝗏à𝗈 𝗍𝗁ì ɕat𐓣𝗍ꪱᜒabout𐓣 𐓣ôꪱᜒ ᑯυ𐓣𝗀 𝗁ọɕ ᑯυ 𝗁ọɕWaterWhat's the point?ɕ𝗁𝗈 ოáꪱᜒ ოáꪱᜒ ?But the chess guy asked me if I should edit my application yet
6f0a34da-031a-474b-9aca-36fc7040aa62,001,1,"cái app này đã cập nhật nhiều lần nhưng có lần cập nhật đẹp phết, nhưng cũng có lần cập nhật như cái cc, làm xấu đi cả huy hiệu giải đấu cả tên người. thêm nữa là đáng nhẽ nhà xuất bản nên để 5 trái tim thì hay hơn, tự nhiên thay bằng thanh năng lượng làm cái gì nữa chịu thật rồi. ngoài ra còn nhiều thứ khác nữa ví dụ như đã đc x3 kn r mà vẫn lấy chỉ như bình thường; app thì như bị điếc vì khi làm bài đọc thì nó ko tính những từ mà mình đã đọc đúng trong khi loa vẫn tốt;...",2026-02-27 14:37:16,Negative,"This app has been updated many times, but sometimes the updates are beautiful, but there are also updates like the cc one, which makes the tournament badge and people's names worse.Plus, the publisher should have put 5 hearts, so why bother replacing it with an energy bar?In addition, there are many other things, for example, having completed x3 kn r but still taking thread as usual;The app seems to be deaf because when doing the reading test, it doesn't count the words I read correctly while the speaker is still good;..."
7e615fcd-319c-4806-875f-a8ad613076b9,001,1,"chơi subway surfer city mà toàn quảng cáo con cú này đã thế còn k cho tắt âm thanh, bày đặt tự nhận mình top 1 app học ngoại ngữ trong khi bản thân còn chưa có vé bằng speak và 1 số app khác, thuê mấy em quảng cáo thì giọng chói quá chả ai muốn nghe kk đến mức t phải vô đây vote 1 sao là hiểu luôn vấn đề 😃",2026-02-27 14:00:47,Negative,"Playing subway surfer city but all the ads are like this and this owl doesn't even turn off the sound, claiming to be the top 1 app for learning foreign languages ​​while I don't even have a ticket with speak and some other apps, hiring some people to advertise, their voices are so harsh that no one wants to listen to them, so much so that I have to come here and vote 1 star to understand the problem 😃"
89cc8440-15e9-4b01-a469-048306bd0d4d,001,1,tại sao lúc chơi cờ thì chẳng cộng miếng elo nào vậy. trong khi thua thì trừ hết elo của ngta??? yêu cầu xem xét lại,2026-02-27 10:17:37,Negative,"Why don't you add any elo when you play chess?If you lose, your elo will be deducted???request reconsideration"
9ccd20c9-fcb4-4c26-99e6-7337b78cf88e,001,1,ứng dụng cần thêm học tiếng nhật cho tiếng việt vì mình không thể vừa học tiếng nhật và tiếng anh cùng một lúc được.,2026-02-26 15:43:46,Negative,The application needs to add Japanese learning to Vietnamese because I cannot learn Japanese and English at the same time.
4e932acb-40f0-4807-8a99-85f31b0a8e8d,001,1,app rất to6 nha oscar chọc tức mấy người chơi dễ xóa app và chết vì tức ộc máu và đột quỵ ko nên tải👍,2026-02-26 13:36:34,Negative,"The app is very great, oscar makes players angry. It's easy to delete the app and die from blood poisoning and stroke. Don't download it👍"
cd58997f-b8ed-493e-9bfe-7f86694a338a,001,1,rõ ràng đúng rồi nó bảo sai trả lại trái tim đi năng lượng ít vãi ko cho người ta cày nhiều điểm kn à huyền thoại học 1 nửa thì hết chán ko muốn nói,2026-02-26 12:44:40,Negative,"Obviously that's right, it said wrong, give me back my heart, energy is so low, it doesn't let me earn a lot of points, but after studying half of the legend, I'm bored, I don't want to talk about it."
ffff3458-e18c-4283-ae8c-1b5cb8934b43,001,1,"không thể viết được phiên âm latinh với bàn phím, và ko cho học qua bài. học tiếng trung chứ có phải học phiên âm lating đâu",2026-02-26 09:45:23,Negative,"Can't write Latin pronunciation with the keyboard, and won't let you go through the lesson.Learning Chinese, not lating phonetics"
f938bfa4-6cda-4233-ab7c-d264411940d8,001,1,"chơi cờ với người khác thì ᴋʜᴏ̂ɴɢ ᴄᴏ́ ʙᴀ́ᴏ ᴄᴀ́ᴏ hay ᴄᴏ̛ ᴄʜᴇ̂́ ʙᴀ̉ᴏ ᴠᴇ̣̂, ᴄʜᴏ̛̀ ʜᴏ̛ɴ 10p đến ʜᴇ̂́ᴛ ᴛʜᴏ̛̀ɪ ɢɪᴀɴ vẫn ᴘʜᴀ́ɴ ᴛʜᴜᴀ vì thoát, biết bên ᴋɪᴀ ɢɪᴀɴ ʟᴀ̣̂ɴ nhưng ᴋʜᴏ̂ɴɢ ʟᴀ̀ᴍ ɢɪ̀ đᴜ̛ᴏ̛̣ᴄ, ʟᴏ̂̃ɪ ɴɢᴏ̂ɴ ɴɢᴜ̛̃, ʟᴏ̂̃ɪ ʜɪᴇ̂̉ɴ ᴛʜɪ̣, học xong bài không hiện 𝐬𝐭𝐫𝐞𝐚𝐤, bù lại tính năng ɴᴀ̣ᴘ ᴛɪᴇ̂̀ɴ thì làm cực kì tốt càng ngày càng rác đùng là duolingo tôi yêu",2026-02-26 06:31:20,Negative,"playing chess with others is ᴋʜᴏ̂ɴɢ ᴄᴏ́ ʙᴀ́ᴏ ᴄᴀ́ᴏ or ᴄᴏ̛ ᴄʜᴇ̂́ ʙᴀ̉ᴏ ᴠᴇ̣̂, ᴄʜᴏ̛̀ʜᴏ̛ɴ 10 minutes to ʜᴇ̂́ᴛ ᴛʜᴏ̛̀ɪ ɢɪᴀɴ still ᴘʜᴀ́ɴ ᴛʜᴜᴀ because I escaped, knowing my side ɢɪᴀɴ ʟᴀ̣̂ɴ butᴋʜᴏ̂ɴɢ ʟᴀ̀ᴍ ɢɪ̀ dᴜ̛ᴏ̛̣ᴄ, ʟᴏ̂̃ɪ ɴɢᴏ̂ɴ ɴɢᴜ̛̃, ʟᴏ̂̃ɪ ʜɪᴇ̂̉ɴᴛʜɪ̣, after studying the lesson, the 𝐬𝐭𝐫𝐞𝐚𝐤 is not displayed, in return the ɴᴀ̣ᴘ ᴛɪᴇ̂̀ɴ feature works extremely well and gets more and more trashy, it's Duolingo I love"
638d1adb-63af-4cae-b3fc-a7632d89706c,001,2,hay thì cx hay nhg ít năng lượng cái đấy t ko quan tam lm nhg thứ t quan tâm là cái cách mà nó nhắc t như kiểu khinh t á cái đấy khiến t khó chịu ai đời dạy ngoại ngữ mà lại đi nói như chửi vào mặt như thế chứ dko nên t thấy là thay đổi cách ứng sử đi nói như khinh á ghét,2026-02-25 16:25:07,Negative,"It's good, it's good but it's low energy, I don't care about it, but what I care about is the way it talks to me like it's contemptuous, that makes me annoyed that anyone who teaches foreign languages ​​has to say it like a curse to the face like that, so I think I should change the way I react and say it like I hate it."
c053fa0d-46c4-443d-95f9-80cb84c025af,001,1,"học xong 1 bài rồi tới khúc nhận kinh nghiệm thì quảng cáo, quảng cáo xong rồi đứng. thoát ra thì tính chưa học, bị mấy lần liên tục",2026-02-25 15:59:42,Negative,"After learning a lesson, then when it's time to receive experience, advertise, finish advertising, then stand.If you escape, you won't learn how to do it, and you'll get hit several times in a row"
c6ec951f-32ed-48d3-b767-3725c8c01dc6,001,1,"học xong để lên chuỗi xong vô lại ko thấy chuỗi đâu làm tốn bao nhiêu năng lượng, quảng cáo thì lắm tiền đâu mà mua, mẹ chưa kể mấy cái quảng cáo nói kháy nói móc vcl ra, ko mua là thái độ vậy à???? mẹ học xong thì khen cho đàng hoàng vào đằng này nói như kiểu t dùng dịch ý đéoo hiểu tâm lí người học gì app như mửa ý:))))))",2026-02-25 15:51:10,Negative,"After finishing studying to join the chain, I can't see where the chain is and how much energy it takes. There's a lot of money to buy from advertising. I haven't mentioned the ads that talk nonsense and talk about trash. Is that the attitude of not buying????Mom, when you finish studying, please praise her properly. Here, you're talking like I'm using translation. I don't understand the psychology of learners. The app is like vomit :))))))"
2ecc0b22-10bc-4b45-8fa4-a6e6d213eb45,001,1,"tao nói thật lòng nhá con nhân vật trong cờ vua á đang gần lên 900elo rồi mà nó giống như hoá thành hikaru hay là ông levy ấy thua xong rồi nó có ăn ủi đâu ngược lại nó còn khịa lại nx , má tức quá cs làm đc j đâu",2026-02-25 15:40:09,Negative,"I'm being honest, the character in Asian chess is almost 900 elo and it's like he turned into hikaru or that levy guy lost and then he doesn't take advantage of it. On the contrary, he even retorts, I'm so angry that I can't do anything."
f2127883-256e-4109-931e-575cc39dc52e,001,2,"hay thì hay thật nhưng nó phi thực tế lắm ,rõ ràng là nó có thể ăn con hậu rồi mà tự nhiên chạy ra ăn con tốt để cho mình ăn hậu luôn, mong có thể làm cho nó thực tế hơn, và chỉnh sửa cho cái năng lượng thế nào chứ hồi trước học 7 bài vẫn được mà bây giờ mới học có tí đã hết năng lượng rồi , xong thì quảng cáo chất một đống ra, học một bài tặng kèm một quảng cáo nó cứ sao sao ấy ,game nó cứ lag kiểu gì ko biết, đọc thì chậm hơn rùa, mong cái game có thể sửa lại để cho mọi có trải nghiệm tốt hơn",2026-02-25 14:01:29,Negative,"It's really good, but it's very unrealistic. It's obvious that it can eat the queen and then suddenly run out and eat the pawn to give yourself the queen. I hope you can make it more realistic, and how to edit the energy. Before, I was able to study 7 lessons, but now I've run out of energy after just learning a little bit. After all, the ads pile up, learning a lesson comes with an ad, but it's always the same. The game keeps lagging somehow, reading is slower.Turtle, I hope the game can be fixed so everyone can have a better experience"
06c766ef-eb1c-404b-b94f-008fd76e7d2c,001,1,"khịa mọi khi học xg , lúc nào cũng ép dùng supper , ko có tiền, bỏ qua nhìu lần r mà khịa thế mãi ,bức xúc vô cùng >:((",2026-02-25 12:47:53,Negative,"Every time I study xg, I always force myself to eat supper, I don't have money, I ignore it so many times but it keeps happening, I'm so frustrated >:(("
406afb5f-f9f9-43ed-a1bd-43349fe243fe,001,2,"ứng dụng duolingo đôi lúc bị lag, phản hồi chậm khi chuyển bài hoặc làm bài tập, ảnh hưởng đến trải nghiệm học. một số câu hướng dẫn và giải thích chưa thật sự rõ ràng, khiến người học khó hiểu nội dung hoặc không biết mình sai ở đâu. ngoài ra, quảng cáo và các thông báo nâng cấp gói trả phí xuất hiện khá thường xuyên, gây khó chịu khi sử dụng bản miễn phí. mong ứng dụng cải thiện hiệu năng, tối ưu tốc độ và bổ sung phần giải thích chi tiết hơn để người học dễ hiểu và tiếp thu tốt hơn.",2026-02-24 17:58:26,Negative,"Duolingo application sometimes lags, responds slowly when changing lessons or doing exercises, affecting the learning experience.Some instructions and explanations are not really clear, making it difficult for learners to understand the content or know where they went wrong.In addition, ads and notifications to upgrade paid packages appear quite often, making it annoying when using the free version.I hope the application improves performance, optimizes speed and adds more detailed explanations to make it easier for learners to understand and absorb better."
49826210-1b54-4bfe-b21d-5d00e174827c,001,1,"duo cho năng lượng để học nhưng chỉ đủ cho 1,5 bài/ngày, làm đúng hay làm sai vẫn trừ năng lượng, học được rất ít nếu ko nạp.",2026-02-24 14:01:55,Negative,"Duo gives energy to study but only enough for 1.5 lessons/day, doing it right or wrong still deducts energy, learning very little if not recharged."
0c0c3a59-13cb-4ae6-829d-6baa068bf416,001,1,cho 5 tim hết là một là đợi hai là học còn cái hút máu nhất là mua trả phí bốn là dùng kim cương,2026-02-24 13:52:54,Negative,"For all 5 hearts, one is to wait, two is to learn, and the most blood-sucking thing is to buy and pay, four is to use diamonds"
6e98b785-5f55-4a8b-9018-f4c9a89b768a,001,1,"ép người dùng mua gói super , quảng cáo vô tội vạ bắt buộc mua để đỡ phiền thì đang có nhân x3 kinh nghiệm học xong chả thấy điểm nhân x3 đâu mà chỉ có x1 , đang học chương tít ở dưới bỗng dưng bị đẩy ngược lên trên 4 5 chương bắt học lại, bộ bị ở lại lớp hay gì, lỗi app quá nhiều mà không khắc phục chỉ nhăm nhe bán gói super kiếm tiền , 25 năng lượng học 1 bài là gần hết , từ có thiện cảm bây giờ bắt đầu thấy mất thiện cảm rồi",2026-02-24 04:33:19,Negative,"forcing users to buy the super package, advertising without any reason to force them to buy it to avoid bothering, there are x3 multipliers. After finishing studying, I don't see x3 multiplier points, only x1. While studying the chapter at the bottom, suddenly I was pushed back to 4 or 5 chapters and forced to retake the class, are I being held back in class or something, there are too many app errors that are not fixed just to sell the super package to make money, 25 energy to study 1 lesson is almost gone, from being sympathetic now I have to startI feel like I've lost my sympathy"
be70508c-a4e7-4824-96aa-746c634d5aa6,001,1,"dạy cờ vua nhiều bài trùng lặp , oscar xưng tao mày? , nhiều ván cờ vua thắng kêu hòa(pk với người)?, đánh với người chơi khác , khi ăn quân đối thủ cộng 5s( người chơi không được cộng)==> app như shitttttt",2026-02-23 17:27:38,Negative,"teaching chess many duplicate lessons, oscar calls me you?, many chess games win a draw (pk with other people)?, play with other players, when capturing the opponent's piece plus 5s (player does not get bonus)==> app like shitttttt"
d895fdbd-9599-4f01-a4ec-836164884c75,001,1,"rồi tự nhiên đổi thành pin năng lượng làm gì vậy ,như này làm giảm hiệu quả học . học được 2 bài đã phải đi xem qc để nhận năng lượng mà lúc đó hết thời gian gấp 3 kn còn đâu , không muốn học nữa luôn . kiểu như là ép người dùng phải mua gói super ấy 😡 . cực kì khó chịu! . càng ngày càng khó chịu , cái con duo này k xứng để t đánh giá 1 sao .",2026-02-23 16:12:52,Negative,"Then suddenly change it into an energy battery, what's the point? This reduces learning efficiency.After studying 2 lessons, I had to go see QC to get energy, but by that time I had 3 times more time left, I didn't want to study anymore.It's like forcing users to buy the super package 😡.extremely annoying!.It's getting more and more annoying, this duo doesn't deserve a 1 star rating."
382598f6-5dbb-4ab2-aeed-47b189387c8a,001,2,"sau lần thay đổi từ 5 tim sang sạc năng lượng thì mình cảm thấy rất tệ, mỗi lần có hứng hc thì năng lượng không cho phép và chỉ còn cách hc vượt..",2026-02-23 15:07:24,Negative,"After changing from 5 hearts to charging energy, I felt very bad, every time I was inspired to study, my energy was not allowed and the only way was to study hard.."
60af120a-357e-490e-bb03-61ad119603f2,001,2,"thiệt sự giới hạn lỗi sai cũng đc á, học tiếng hoa mà bắt viết từ này đọc sao từ ga tàu vnam tụi tui ko có dấu mũ ô nằm ngược tìm hết rồi mà chẳng thấy dấu đó nên tui quyết định ko học nữa ko cho qua làm tui nản muốn khóc luôn",2026-02-23 13:35:51,Negative,"It's really okay to limit your mistakes. Learning Chinese and having to write this word how to read it from Vietnam train station, we don't have the caret sign. I've looked all over but can't find that sign so I decided not to study anymore. It makes me so frustrated that I want to cry."
44ed059c-d3fc-4656-8832-1165b7c01816,001,2,"tui học duolingo đánh cờ lúc tìm đối thủ nó bảo là tìm cho đối thủ xứng tầm ai ờ lúc đó tui mới có 464 elo duolingo sếp cho tui đánh với mấy ông elo hơn 500 không à 😡 điểm điểm là gặp ông hơn 530 elo nữa chứ (hệ số elo trong cờ vua là một hệ thống thống kê do nhà vật lý arpad elo phát triển, dùng để đo lường trình độ và sức mạnh tương đối của các kỳ thủ) làm tui thua hoài không dám tìm đối thủ đánh cờ luôn huhu chỉ biết đi chơi đánh cờ với oscar thôi (oscar là ai chỉ dạy người mới) đề nghị sửa.",2026-02-22 16:58:58,Negative,"When I learned to play chess in Duolingo, when I was looking for an opponent, it said to find a worthy opponent. At that time, I only had 464 elo. Duolingo, boss, will you let me play against guys with more than 500 elo? 😡 The point is to meet someone with more than 530 elo (the elo coefficient in chess is a statistical system developed by physicist arpad elo, used to measure the level and relative strength of players).I keep losing so I don't dare to find an opponent to play chess huhu I only know how to play chess with Oscar (who is Oscar who only teaches newbies) please fix."
88937be5-be3a-459d-9269-c21c02d9255c,001,2,dù duolingo có cho tất cả học miễn phí nhưng mình thấy cũng tức mỗi lần mình không học thì mất chuỗi mái lại cái hình duolingo nó cứ tức í sao í đã tính mình khó tính mà còn làm dị nữa thấy ghét quá,2026-02-22 14:19:44,Negative,"Even though Duolingo gives everyone free lessons, I feel angry that every time I don't learn, I lose my bangs and Duolingo's picture. It makes me so angry that I'm being difficult and I hate it."
3a0e384c-df96-461c-8d19-c75dd5b94614,001,1,"tại sao tôi thắng mà sao cho tôi thua , người khác thu thì tại sao cho thắng , còn nữa tại sao mỗi khi học một bài là mất một cụp pin",2026-02-22 12:09:03,Negative,"Why do I lose when I win, why do others let me win, and why do I lose a pin every time I study a lesson?"
9ec82d3a-4634-4778-a9ad-76a5e9b09402,001,1,đang streak hơn 100 ngày với bạn bè mà tự dưng mất ( có làm bài đầy đủ ) là sao hả duo ?? cần một lời giải thích gấp .,2026-02-22 03:28:40,Negative,"I'm on a streak of over 100 days with my friends but suddenly I lose it (with all my homework done), what do you mean, duo??need an urgent explanation."
119a1114-5d94-458d-a8a0-54ec30229623,001,1,"mn học thì nên đọc cận trọng đừng chủ quan như mình, mình ấn chỗ dùng thử cứ nghĩ là sẽ như máy app khác ấy thế mà chắc do mình chủ quan 1 phát bay mất 700 rưỡi h tk còn 250 mà đấy là tiền mình tiết kiệm để trả quỹ lớp bm thì kc tiền, những lúc như này thật sự cảm thấy chỉ còn cái chết mới có thể giải thoát được cho mình 🙂 lần đầu tiên trong đời khóc k ra nước mắt mà tim thì đâu cuộn thắt",2026-02-22 01:49:42,Negative,"If you're a student, you should read carefully and don't be subjective like me. I pressed the trial button and thought it would be like another app, but maybe it's because I'm subjective. One shot costs 700 and a half, but now it's only 250, but that's the money I saved to pay for the class fund. It's not worth the money. At times like this, I really feel like only death can free me 🙂 For the first time in my life, I cry without tears but my heart doesn't hurt."
6a5071e5-ccae-4dc8-9317-ec668ddfad1f,001,2,mình đang có chuỗi với chị thì bổng nhiên mất chuỗi mà mình với chị mình điều học xong ngầy hôm đó hết rồi mà qua ngầy hôm sao thì lại bái mất chuỗi 259 của mình và chị,2026-02-21 17:56:50,Negative,"I was having a rosary with my sister when suddenly I lost it. My sister and I finished our studies that day, but the next day we lost our 259 chain and our sister."
a9c1a3fe-1708-4886-9183-1864fcb18099,001,2,vào thẳng vấn đề chính luôn tôi muốn nói như này tôi đánh giá cao việc các người áp dụng các phương pháp tiếng anh vô cùng tuyệt vời và rất xứng đáng cho việc học những điều đáng nói ở đây là các người tạo ra cái bảng rèn luyện hàng ngày và người xếp trong top 5 sẽ được cúp các người đang làm cái quái gì vậy điều này chẳng khác nào mọi người đang cố gắng đấu tranh để được nâng cách lên một cái cúp vô bổ chẳng có ích lợi gì mà nhiều người phải đấu đá với nhau chị đ được cái cúp đó chẳng có ý nghĩ,2026-02-21 17:52:02,Negative,"Let's get straight to the point. I want to say this. I appreciate your application of English methods, which are extremely wonderful and very worthy for learning. The things worth mentioning here are that you create a daily practice table and the top 5 will get a trophy. What the hell are you doing? This is like everyone trying to fight to get a way up to a useless trophy that has no use and many people have to fight with each other. I don't have any idea about getting that trophy."
79296676-54cf-4048-a0d8-2f3cb609b297,001,1,"cho 1 sao lí do : bài học đó có chữ viết latinh tiếng trung, nhưng bàn phím của mình không có tiếng đó nên mình đã báo cáo là mình không viết được đừng học bài này nữa . mặc dù đã báo cáo nhiều lần nhưng vẫn chưa sửa đổi cho mình . mình mong duolingo có thể sửa đổi để các người dùng khác cũng có trải nghiệm học tốt hơn",2026-02-21 16:13:16,Negative,"Reason for giving 1 star: That lesson has Chinese Latin writing, but my keyboard doesn't have that sound so I reported that I couldn't write and don't study this lesson anymore.Even though I have reported it many times, it still hasn't been corrected.I hope duolingo can modify it so that other users can have a better learning experience"
6061156b-ebb7-44ed-b694-3f7f2323071c,001,2,"không thể luyện tập viết phiên âm chữ hán khi học tiếng trung quốc, sẽ uninstall nếu không có phản hồi trong 1 tháng tới",2026-02-21 15:43:28,Negative,"Can't practice writing phonetic Chinese characters when learning Chinese, will uninstall if no response in the next month"
b5ba6b24-192d-43bd-9dc5-a622dc526ca8,001,2,mỗi nhân vật có tiếng nói khác nên phát âm hơn khó và nếu học vượt thì vẫn quay về đc nhưng sẽ mất phần luyện nói,2026-02-21 10:23:53,Negative,"Each character has a different voice so pronunciation is more difficult and if you overlearn it, you can still return but you will lose the speaking practice."
66116da6-7b17-49af-9b68-6e453961b516,001,1,"không thể chịu nổi cái app duolingo này nx, càng ngày càng giống như một trò chơi thực sự chứ ko phải một ứng dụng học tập. duolingo càng ngày càng moi tiền người dùng vậy. đáng để nhận lấy 1 sao này!!",2026-02-21 09:35:09,Negative,"I can't stand this duolingo app, it's becoming more and more like a real game, not a learning app.duolingo is extorting more and more money from users.This deserves 1 star!!"
61e438a8-d5e2-4e36-b7c8-bb105b141d9b,001,1,"mọe rõ ràng nó bên vững nhũng con bot trong cờ vua hơn là người chơi, nó có khi còn thông minh hơn hikaru và magus",2026-02-21 04:43:51,Negative,"It's clear that it's better than bots in chess than human players, it's probably even smarter than hikaru and magus."
d9b4dae8-2280-4177-af7a-d97d46738142,001,1,"vừa luyện tập xong để cộng năng lượng thì lại ko cộng chút nào. nghĩ là lỗi hình ảnh nên vào bài học luôn, nhưng nó vẫn số năng lương đấy. lúc hết thì bảo mua tiếp với giá 450kc nhưng mua xong vừa đc 1 cái thì hết. lúc thoát ra mua với giá 350kc thì vừa vào hết năng lượng luôn thế là bắt mua tiếp hoặc mất. bấm vào mua mà cũng như vừa nãy",2026-02-21 02:37:49,Negative,"Just finished practicing to add energy but it doesn't add up at all.I thought it was an image error so I went straight to the lesson, but it's still a problem.When it ran out, he told me to buy another one for 450kc, but as soon as I bought one, it was gone.When I exited to buy at 350kc, I ran out of energy as soon as I entered so I had to continue buying or lose.Click buy just like before"
5f6709c3-43f7-42de-a60f-658f5ebd4cd1,001,2,"tôi đạt cái thành tích tay đua tốc độ lên 2 trên 5 rồi mà thoát ứng dụng ra, khi vào lại thì reset lại thành 1 trên 5 luôn, mong bạn nhận được cái này và chỉnh sửa lại duolingo",2026-02-21 02:25:49,Negative,"I got the speed racer achievement to 2 out of 5 and exited the app, when I came back in it reset to 1 out of 5, I hope you get this and edit duolingo again"
47a44076-ab12-413f-b664-9c6f66bc8231,001,2,"quá tệ , tất cả điều rất ok nhưng có 1 lỗi là khi học được liên tiếp nhiều câu đúng thì nó cho thêm năng lượng thì nó đứng đơ làm phải học lại từ đầu , rất nhiều lần như vậy , tôi rất bức xúc!!! mong nhà phát hành sửa lỗi càng sớm càng tốt",2026-02-20 14:19:09,Negative,"too bad, everything is very ok but there is one mistake: when learning many correct sentences in a row, it gives more energy, then it freezes and has to learn from the beginning, many times like that, I'm very frustrated!!!Hope the publisher fixes the error as soon as possible"
55fc6f71-e2e6-4cb5-a22b-2cf1f5a18b18,001,1,"app dùng để học mà cách dùng từ thì ko thể nào chấp nhận nổi, làm được thì ko sao làm sai thì chê các kỉu, mới có thêm trò chơi cờ vua đánh thắng thì nói hên còn thua thì nói là đó là 1 bài họcđủ thứ hog hỉu luôn, đã xóa app r mà cứ gửi mail kêu học",2026-02-20 12:57:22,Negative,"The app is used to learn but the way it uses words is unacceptable. If you do it, it's okay. If you do it wrong, you'll be criticized. There's a new chess game. If you win, say you're lucky. If you lose, say it's a lesson. There are all kinds of confusing things. I deleted the r app and keep sending emails asking to learn."
bffefdef-47c7-40eb-a597-21fe82da7410,001,1,không còn là ứng dụng giúp học ngoại ngữ nữa...con cú tôi từng cày 600 streak bây giờ chỉ là một trong hàng tỉ ứng dụng chạy quảng cáo để kiếm tiền...goodbye duolingo.,2026-02-20 09:48:39,Negative,is no longer an app to help learn foreign languages...the owl I used to get 600 streaks of is now just one of billions of apps that run ads to make money...goodbye duolingo.
d3f3a33b-ed86-49f1-b440-34ac4345c09b,001,1,cho 0 sao vì câu nói bất lịch sự mà còn ko cho phép mà bắt 1 sao là tối thiểu để ko bị báo cáo chứ gì .,2026-02-20 03:26:05,Negative,"Giving 0 stars because of impolite statements and not even allowing it, but giving 1 star is the minimum to avoid being reported."
50e69f5f-835a-46d5-97e6-8b042004015d,001,1,sao t học tiếng nga mà nó cứ hiện tiếng anh ko luôn á 😡😡 đến chị t thử thì nó hiện lên tiếng việt đển chị t hiểu còn t thì tiếng anh 🤞🏻✨😇😡😡,2026-02-19 17:18:09,Negative,"Why am I learning Russian but it doesn't always show English 😡😡 when I try it, it shows Vietnamese so I can understand and I show English 🤞🏻✨😇😡😡"
f7b92b48-cc23-4ad0-9bf2-fa18614875ab,001,1,r mắc h dở cái trò cho thêm năng lượng r hết bắt coi qc=)) khác j gây ức chế ép mua gói super k?,2026-02-19 16:20:09,Negative,r I'm stuck with the game of giving more energy. I'll stop watching qc=)) other j causing frustration and forcing me to buy the super package?
01bb3af7-bf44-4667-99d2-a9924110a4e1,001,1,tôi rất ghét duolingo bởi vì tôi tưởng nó là miễn phí nên tôi đã tải ai ngờ nó bắt phải trả tiền mới được học,2026-02-19 12:32:22,Negative,I really hate duolingo because I thought it was free so I downloaded it but didn't realize it required you to pay to learn.
1e5d4cc9-e902-4324-9200-05e8d9364cf1,001,2,lúc trước thì dùng trái tim bây giờ thì dùng năng lượng khó chịu vô cùng đúng sai gì cũng trừ học mà tức chắc tao xoá lun quá☹️😡,2026-02-19 09:12:44,Negative,"Before, I used my heart, but now I use my energy. It's very uncomfortable right and wrong. Everything except studying makes me feel so lost ☹️😡"
098b492c-3206-44cd-bef6-0702ca0a2995,001,1,"học thì cần năng lượng,học tí là hết,cứ học xong là quảng cáo.chơi cờ vua thì cứ khịa gáy,nó thua thì nói đủ thứ và rất nhiều lý do ko chịu phủ nhận bản thân thua,nói chung app rất ngu",2026-02-19 04:05:53,Negative,"Studying requires energy, a little studying is all, once you finish studying, you advertise. When you play chess, you keep complaining. If you lose, you talk about all kinds of things and many reasons why you won't deny yourself losing. In general, the app is very stupid."
8e042c83-dcb8-4be9-bb5d-edc64d097598,001,1,tới trải nghiệm 6 duolingo bây giờ phải bắt buộc người dùng xem quảng cáo rất là nhiều và việc học ở duolingo không còn miễn phí và thú vị nữa đó chỉ là một chuỗi mà thôi khí hậu chúng ta cũng phải cần xem quảng cáo nó rất là bất tiện cho chúng ta học một bài là chúng ta phải xem 54 bài quảng cáo nó thực sự khó khăn cho tôi khi học tập tôi cảm thấy không dùng nay bởi nó khiến tôi tức tối tạo một điều nữa tôi cũng cảm thấy rất là bực đó chính là đủ lệnh câu chỉ cho giới hạn là 25 câu mà tôi lại,2026-02-19 03:26:45,Negative,"to experience 6 duolingo now we have to force users to watch a lot of ads and learning at duolingo is no longer free and interesting it's just a chain, climate we also have to watch ads it's very inconvenient for us to learn a lesson we have to watch 54 ads it's really difficult for me to study I feel like I shouldn't use it now because it makes me angry one more thing I also feel very angry is that there are enough commands for genderThe limit is 25 sentences and I'm back"
64ad1423-c316-463a-9a0f-a5f59d88e729,001,1,"1. tự nhiên thêm pin vào chi v ☠ học ko đủ j hết ( muốn can ngta ko dùng , ủng hộ nhiều hả ?¿ ) [-2 sao] 2. quảng cáo quá trời lun [-2 sao ]",2026-02-19 01:15:11,Negative,"1. Suddenly adding a battery to the device ☠ not learning enough j at all (want to ask people not to use it, support a lot?¿) [-2 stars] 2. too much advertising [-2 stars]"
71505965-8ef3-4401-91e7-4129c98b910f,001,1,đề nghị app chỉnh sửa lại lời nói của con oscar khi chơi cờ vua nó cứ hạ thấp danh dự sĩ nhục ng khác học để chơi chứ ko phải để bị sĩ nhục hạ thấp danh dự 🤬 t nói thật chơi cờ với con oscar như màn tra tấn lời sĩ nhục thua thì gáy như quỷ thua thì nói đầy đủ lí do mà vẫn gáy bt con oscar đánh gà r mà vẫn gáy chơi cờ vua để giải trí ko phải để bị tra tấn bởi lời nói của nó t cực kì ghét nó lun đề nghị app sửa lại ngay🤬,2026-02-18 15:38:16,Negative,"I recommend the app to edit Oscar's words when playing chess, he keeps lowering his honor and humiliating others, learning to play, not to be humiliated and humiliated. 🤬 I'll be honest, playing chess with Oscar is like torture. He humiliates losing, crows like a devil, if he loses, then tell me the full reason why he's still crowing. Oscar beats the cock, but he still crows. Playing chess for fun, not to be tortured by his words. I absolutely hate him. I recommend the app.Fix it now🤬"
6669d756-6e4f-48af-b5c5-4c6806dfa764,001,1,học thì không có đầu đuôi muốn học thật thì đừng nên dùng vì mới vào học mà đã cho từ chả cho học như chữ a chữ b j cả,2026-02-18 14:43:39,Negative,"Learning doesn't have a beginning or end. If you really want to learn, don't use it because you're new to learning and already given words like the letters a and b j."
bf779ab8-b1de-4f68-b5ae-19c4938be35b,001,1,"học dài làm áp lực cho người học. chưa kể những cập nhật thì rất hay lỗi, tôi mua gói super thì báo lỗi sau vài ngày.",2026-02-18 12:27:33,Negative,"Long study puts pressure on learners.Not to mention the updates are very error prone, I bought the super package and got an error message after a few days."
ff1aa911-433b-47f7-be1c-8713dc5e5f54,001,1,dù tôi có hoàn thành hết các nhiện vụ hằng ngày thì nó vẫn không cho tôi nhận phần thưởng và học xong là nó hiện nguyên cái màn hình không làm gì được luôn. bực mình!!!,2026-02-18 11:58:48,Negative,"Even if I complete all the daily tasks, it still won't let me receive the reward and after learning it, it will show the same screen where I can't do anything.annoyed!!!"
405adfa5-bfcd-4331-8cba-c5b1deccdea2,001,1,nó chỉ học hết thì cứ lập đi lập lại mãi thấy gét ơi là thấy gét khuyên mọi người đừng tải duolingo nha phí thời gian dài lấm luôn đó mọi người đừng tải duolingo nha 😡,2026-02-18 07:49:21,Negative,"I just hate learning it all and keep repeating it over and over again. I hate it. I advise everyone not to download Duolingo. It's a waste of time. Everyone, please don't download Duolingo 😡"
cb94f7ff-4c9d-4d1d-ace9-553aee5a4622,001,1,pin thì đã yếu còn bắt dùng 350 kim cương để được 25 pin quảng cáo thì suốt ngày kêu dùng super duolingo còn kêu giá 0 đồng đến khi sử dụng thì nạp tiền vào tức thật,2026-02-18 07:39:51,Negative,"The battery is already weak and they force you to use 350 diamonds to get 25 batteries. Ads keep calling you to use Super Duolingo and keep asking you to pay 0 VND until you need to recharge, which is really annoying."
7e128f5f-3e2e-425c-ba44-0e2060927dcb,001,1,"1⭐. app vẫn dạy ngoại ngữ, nhưng cảm giác còn dạy thêm môn “chịu đựng”: năng lượng hết nhanh như pin 1%, học vài phút đã bị đá ra. cơ chế thì giống chơi cờ kiểu địa ngục — làm gì cũng bị trừ: học cũng hết năng lượng, không học cũng hết, mở app lên là chuẩn bị… hết. popup mua gói xuất hiện chăm hơn bài tập. học tiếng trung còn có chế độ tu tiên: bấm nghe thì im lặng ngộ đạo, viết đúng vẫn bị chấm sai để luyện nhẫn nhục. học xong chỉ muốn sang tây thiên thỉnh kinh xin bản không lỗi.",2026-02-18 07:23:55,Negative,"1⭐.The app still teaches foreign languages, but it feels like it also teaches ""endurance"": energy runs out as quickly as a 1% battery, after studying for a few minutes you will be kicked out.The mechanism is like playing chess in hell - everything you do will be deducted: you will lose all your energy if you study, if you don't study you will lose your energy, open the app and prepare... it's over.The package purchase popup appears for more assignments.Learning Chinese also has a cultivating mode: if you click to listen, you will be silently enlightened, if you write correctly, you will still be marked incorrectly to practice patience.After finishing studying, I just wanted to go to Tay Thien to ask for sutras and ask for forgiveness."
deaa0806-a643-455e-92ca-dff0ec6c766d,001,1,ứng dụng này ko để như để làm người ức chế mới đúng lúc tôi chơi bản cập nhật mới tôi thấy có màn con tốt phong hậu hoặc là tượng là chiếu được mà khi phong tượng thì vua chạy là sai khi phong hậu chiếu lại đúng? vua cũng chạy được mà? phải đúng100% theo cách chơi của game vãi ứng dụng này không phải để học mà là để ức chế,2026-02-18 03:51:51,Negative,"This application is not intended to discourage people. When I play the new update, I see that there is a screen where the queen pawn or the bishop can be shown, but when the bishop is shown, the king runs. Is that wrong? When the queen is shown, it's right?Kings can run too, right?must be 100% correct according to the way the game is played, this application is not for learning but for inhibiting"
42f7f237-71bd-4d15-bede-2e3b0b026519,001,1,cứ quảng cáo bắt mua super duolingo mặc dù không muốn mua cũng không có tiền trong tài khoản như cặc cứ học xong là bắt mua super duolingo nói dùng miễn phí mà phải nạp tiền lừa đảo 1 sao,2026-02-17 14:54:49,Negative,Keep advertising and force you to buy Super Duolingo even though you don't want to buy it and don't have money in your account. Just finish studying and force yourself to buy Super Duolingo and say it's free to use but you have to top up. 1-star scam
cd7740fb-f58a-409b-8f7a-f266301966fa,001,1,"1. tui nghĩ là doulingo nên trở lại về trái tim thì hơn chứ học xong một bài là lại chỉ còn đúng 18 năng lượng xong lại còn phải chờ để hồi lại năng lượng. 2. tui ko hiểu ln á, hôm trước hoàn thành nhiệm vụ lẽ ra hôm sau phải đc nhân 3 kn thế nhưng sang hôm sau lại ko được nhân ba kn đúng cái hôm ko bảo trì là một hai là lúc tui đang rảnh. đúng cái hôm bảo trì và tui ko cs rảnh thì nó lại nhân ba kn tui ko hiểu nổi ln!!!!!",2026-02-17 13:50:53,Negative,"1. I think doulingo should return to the heart, but after learning a lesson, you only have 18 energy left and then have to wait to regain energy.2. I don't understand, the day before I completed the mission I should have gotten 3 kn the next day, but the next day I didn't get 3 kn. The day there was no maintenance, it was one or two when I was free.On the day of maintenance and I didn't have time, it tripled the number and I didn't understand it!!!!!"
f6c39b1d-5e92-4ab7-a115-61055893b525,001,1,"để môn cờ vua cho đã rồi không cho học vậy sao không cho hiện nữa đi ,cái thứ 2 nè kêu mua super hoài mà sao không cho mã để có cho gì hết mà cập nhật thì cập nhật trể mà còn lỗi ,rồi một phút tăng 1000 kn mình báo cáo thì ko chặn hoặc xóa tài khoản vậy ,ap có lễ gần hết thời ap thì lỗi ngồi kể ko hết ,",2026-02-17 13:38:15,Negative,"Let's leave it to chess and not let them learn, so why don't you show it again? The second one always asks to buy super but why doesn't it give you a code to get it for anything? The update is late and there are errors. If I report an increase of 1000 kn in a minute, I won't block or delete my account. If the ap has a holiday that's almost expired, I can't even count the faults."
239a264d-506d-471f-829b-2e60fbf50a98,001,2,duolingo giúp cho dùng miễn phí một tuần mà nhìn thì rắc rối ko biết làm sao thì bỏ mà lúc đang làm bài gần hết thì nó hiện 1 là dùng miễn phí một tuần 2 là mất kn nhiều lần bị sao mà chơi được trời..,2026-02-17 12:12:57,Negative,Duolingo offers free use for a week but it looks like a hassle and I don't know how to quit but when I'm almost done with the assignment it says 1 it's free for a week 2 it takes so many times I can't even play it..
2f9e046d-8685-4b51-895e-f136c4c2a835,001,1,"app ban đầu học rất ổn nhưng về sau càng lag đang học cứ bị giật ra mặc dù dung lượng còn nhiều , đọc đúng theo mà app nghe như không nghe cứ bảo đọc sai thôi , có khi lặp lại y hệt luôn mà app nghe đc 1 2 chữ thôi rồi bảo đọc sai mà app cứ thu mấy cái tạp âm xung quanh vào làm thgian học bị kéo dài tới 6ph có khi còn lâu hơn . mong app khắc phục tình trạng không thì tôi xoá app .",2026-02-17 06:11:11,Negative,"The app was very good at first, but later on, it got more and more laggy and kept crashing even though there was still a lot of capacity. If I read correctly, the app sounds like I can't hear it and keeps telling me that I read it wrong. Sometimes it repeats the same thing, but the app only hears 1 or 2 words and then says I read it wrong, but the app keeps recording the surrounding noise, making the learning time last up to 6 minutes, sometimes even longer.I hope the app fixes the problem. If not, I will delete the app."
d277bf1e-9530-4694-82b2-42ea7db9e36a,001,1,"xin lỗi tôi từ bỏ và cần nhắc trẻ em cẩn thận đây là cú quỷ đấy 🫡,và bạn bt nó mỏ hỗn và lỗi từ ngữ và cả ám ảnh cho trẻ em và cẩn thận nó có thể hack máy các bạn đấy😔",2026-02-16 19:32:12,Negative,"Sorry I give up and need to remind children to be careful this is a demon 🫡, and you know it's mixed up and has errors in words and is even haunting for children and be careful it can hack your computer😔"
cf0411b1-ef72-46ed-98bd-0e46997d57ee,001,1,con bot oscar t thắng nó cộng chx tới 30elo mà thua thì trừ hơn 100 đùa à. them cái nữa là thắng đậm nó mà vẫn bị trừ 8elo app rác vc,2026-02-16 15:31:55,Negative,"Oscar bot wins less than 30 elo, but loses more than 100, are you kidding?Add another one and you'll win big but still get deducted 8elo for junk app"
c2f8b6cc-8e56-4664-b5f9-f9c8564a02df,001,1,"đấu cờ vua với oscar rất tệ nó toàn nó lời châm chọc t thua còn gáy to như cái loa đầu trận cuk v,r nó thua t thì toàn biện minh, lý do,ai dở v",2026-02-16 14:20:32,Negative,"The chess match with Oscar was very bad, it was full of sarcasm, I lost, and my crow was as loud as a loudspeaker at the beginning of the match. When I lost, I had all the excuses and excuses, who was bad?"
54ab6fd3-65fe-45d4-ae41-40cd46f1e72d,001,1,đồ lừa đảo vì nó nói là nếu bạn làm được 100 ngày thì sẽ tặng 257 đá quý. đến ngày thứ 100 thì nó tặng cái ngày học bị đóng băng thôi,2026-02-16 13:14:13,Negative,"It's a scam because it says if you do it for 100 days, you'll get 257 gems.On the 100th day, it gives away a frozen school day"
48fe5021-fd39-484f-bd2e-37808c8a7bc9,001,1,"tôi biết là app muốn tăng thời gian xài ứng dụng nhưng một lần thua ván cờ vua tại sao lại trừ tận 30 elo? mà có một thứ tôi muốn hỏi nhé tại sao khi chiến thắng lại bị trừ elo? còn có lúc xp x3 mất tiêu. từ 1032 elo bị trừ xuống còn 940 elo, xin lưu ý cái điểm này không phải là đánh giá bạn giỏi chơi cờ đến mức nào mà là đánh giá bạn đã chiến thắng được bao nhiêu người ván rồi, tôi chiến thắng bị trừ, tôi hòa cũng bị trừ, đang chơi giữa chừng thoát ra cũng bị trừ, nếu như bị trừ sao tôi không n",2026-02-16 07:56:59,Negative,"I know the app wants to increase app usage time, but if you lose a game of chess, why does it deduct 30 elo?But there's one thing I want to ask, why is elo deducted when winning?There are times when xp x3 disappears.From 1032 elo is deducted to 940 elo. Please note that this score is not an assessment of how good you are at playing chess, but an assessment of how many games you have won. If I win, I will be deducted, if I draw will also be deducted, if I quit in the middle of the game, I will also be deducted. If I am deducted, why don't I win?"
adf2690a-3bb7-487d-933b-9c8fdfbe544c,001,1,"chơi cờ thắng mà không có kn với lại cày tiếng anh 115 cũng không có kn nữa chứ, còn chơi cờ thì ông oscar cứ lải nhải quài nghe mà mắc mệt🤬. thắng xong thì màn hình cứ màu đen rồi lại mất kn khó chịu vaiz💢💢💢💢 cái elo thắng mà cứ tụt không biết tại sao lun á chơi kiểu gì cũng tụt lên tụt xuống 😣",2026-02-16 04:34:48,Negative,"Playing chess won't have any skills, and studying English 115 won't have any skills, but when playing chess, Oscar just keeps talking and talking and gets tired🤬.After I win, the screen keeps going black and then I lose my skills. It's so annoying. My winning elo keeps dropping and I don't know why, no matter how I play, it keeps going up and down 😣"
dff0d91b-5c63-4d79-a727-b9a92b867759,001,1,đang học dở của tự nhiên nó chuyển về cửa đầu tiên khi học không biết tại sao lần đầu tưởng sao mạng lag lần nữa thì tưởng ứng dụng có vấn đề nên cửa sổ xóa hết ứng dụng đã xem đi xong rồi tải lại nhưng nó cũng không hiện về cái bài mình đã học cũ thật là một sự thất vọng về duolingo nếu xem được thì bạn hãy mau cải thiện đi nhé không thì chẳng có ai dám xài ứng dụng của bạn nữa đâu.xin cảm ơn.,2026-02-16 03:22:08,Negative,"In the middle of studying naturally, it switched to the first door when learning, I don't know why. The first time I thought the network was laggy again, I thought the application had a problem so the window deleted all the applications I viewed and then redownloaded but it still didn't show the old lesson I learned. What a disappointment about Duolingo. If you can see it, please improve quickly, otherwise no one will dare to use your application. Thank you."
bd1ab7b4-7164-4812-a4b9-dc3cc28f3237,001,1,lúc tôi tải cái giao diện thì mấy ngáy ổn nhưng lâu lâu ko học thì nó chửi tui là kẻ phản bội tức vl lun,2026-02-16 02:01:24,Negative,"When I downloaded the interface, it was fine, but if I don't study it every now and then, it'll curse me for being a traitor, which is crazy."
52249808-93d9-4ebc-b065-7fd38cd44009,001,1,"bản cập nhật mới nhất phần ngữ pháp phiên âm dấu ngã của tiếng trung tôi không thể viết được, bản cập nhật này quá tệ",2026-02-15 14:32:21,Negative,"The latest update of the Chinese tilde phonetic grammar I can't write, this update is so bad"
08c68b44-6c3e-453f-925d-700a15706477,001,1,học mà nỏ hiểu học ko có cấu trúc ngữ pháp gì cả nói chung học cho vui chứ kiến thúc thì ít mà phải học nhiều,2026-02-15 14:15:05,Negative,"Learning without understanding has no grammatical structure. In general, learning is for fun, but the knowledge is limited and you have to study a lot."
fc007957-d0c4-4cf6-8f74-0be5b124b955,001,1,"chơi cờ vua thắng rồi lại còn trừ điểm elo,hoặc thắng thì cộng ít,còn thua thì trừ nhiều,kể cả hòa cũng trừ,đây không phải lần đầu mấy lần rồi",2026-02-15 12:16:39,Negative,"Playing chess, if you win, then your elo points will be deducted, or if you win, you will add a little, if you lose, you will deduct a lot, even if you draw, you will be deducted. This is not the first time."
cf61eb5c-5e86-44ab-95dd-b4e7e332bf67,001,1,sao trung tâm luyện tập của tôi lúc có lúc không là sao. bài học huyền thoại của tôi sao không cho tôi học.sao số người tôi theo dõi lại không hoàng thành nhiệm vụ bạn bè với tôi được trong khi đó họ cũng không làm nhiệm vụ bạn bè với ai. sao tôi có ×2 mà sao tôi dùng thì nó đâu mất rồi.,2026-02-15 06:54:41,Negative,"Why does my training center sometimes not work?My legendary lesson, why don't you let me learn it? Why can't the people I follow complete the friend quest with me while they also don't do the friend quest with anyone?Why do I have ×2 but when I use it, it's gone?"
984060ed-4997-4bfe-ad2c-bd934cff6116,001,1,"app suốt ngày bắt học. học sinh là người khổ nhất , tôi ghét nó vãiiiii. quên học 1 hôm mà nó báo inh ỏi lên, bực ko chịu đc t xóa luôn . mất chuỗi 472 ngày nhưng thà thế còn hơn",2026-02-15 06:41:01,Negative,"app keeps studying all day long.Students are the most miserable people, I hate them so much.I forgot to study one day and it said loudly, I couldn't stand it so I deleted it.It took 472 days but it's better than that"
5c75b853-022b-4757-af3b-54e044d2aba4,001,1,mỗi lúc kết thúc bài học là bị đứng máy. phải tắt khởi động ứng dụng lại thì mới học được bài học tiếp theo. mỗi này kéo dài rất lâu rồi. yêu cầu sửa lỗi để ko bị bất tiện khi học nữa. báo cáo lỗi cả trăm lần rồi mà lag càng nhiều và càng lâu hơn. rồi túm lại là có sửa lỗi ko vậy??,2026-02-15 03:05:46,Negative,"Every time I finish a lesson, my computer freezes.You must turn off and restart the application to learn the next lesson.This has been going on for a long time.Ask for error correction so that you won't be inconvenienced when studying again.I've reported the error hundreds of times but the lag is getting worse and taking longer.Then again, will you fix the error??"
e2861264-0e29-4379-a057-78dcbcaa138a,001,1,trời ơi học mà t muốn điên lên luôn ik ng ta đag đọc thì ẩn bh rồi phát âm ko dungd dùng từ sai,2026-02-14 16:43:44,Negative,"Oh my gosh, I'm going crazy when I'm reading. If I'm reading, I'll hide the text and pronounce it, but I won't use the wrong word."
02711b11-32b4-4bee-9600-b5513c6ec341,001,1,lúc trc có trái tim học rất oke nma bây h đổi lại thành năng lượng j đó học đúng cx trừ sai cx trừ học chưa được bao lâu thì hết năng lượng mất tiêu chx dô đc chữ nào đã phải thoát ra tệ vl,2026-02-14 16:40:06,Negative,"Before I had a heart, I learned very well, now I change it back to energy. I learned correctly, subtracted incorrectly, and subtracted. It didn't take long for me to lose all my energy. It's so bad that I can't figure out which word to use."
1bd2a3a9-150c-41d6-b1cb-87bcf8962882,001,1,game thì kém lỗi thì nhiều và yêu cầu game sửa lỗi số và chữ ngay trả lời đúng mà không nhận bó tay luôn . học bài gần xong thì app tự out rùi xóa tài khoản người sử dụng à cái bọn kia .,2026-02-14 12:41:57,Negative,"The game has a lot of errors and requires the game to correct the number and letter errors right away and answer correctly without giving up.Almost after studying, the app automatically quits and deletes the user's account."
5b1cb882-9f29-4127-8478-842546f67f7d,001,1,chơi cờ thắng thì ít điểm elo vậy mà thua thì trừ điểm elo còn nhiều hơn khi bị trừ điểm thi nữa còn hòa thì trừ điểm elo? app như lol,2026-02-14 04:53:59,Negative,"When playing chess, if you win, you get less elo points, but if you lose, your elo points are deducted even more than if you lose test points, but if you draw, then you lose elo points?app like lol"
1e3ec43d-32ab-43de-9d9d-e573b47e8e40,001,2,duolingo ngày càng tư bản hoá rồi:/ từ 1 ứng dụng học free nay phải bắt mua super ms đc hoàn thành để lên huyền thoại màu vàng :/,2026-02-14 03:54:30,Negative,"Duolingo is becoming more and more capitalist :/ from a free learning app, now you have to buy super ms to complete it to reach yellow legend :/"
b576ec83-fd1b-445c-8ba2-9bd0f6bbc4b0,001,1,tệ vaiz. ngta bận ko họv thì cho cái widget phản cảm mới suốt ngày gửi lời đê dọa quá đáng vô mail. bộ xong cứ học 1 bài là quảng cáo. vui dữ ha,2026-02-14 03:34:22,Negative,"that's bad.I'm busy not studying so I created a new offensive widget that keeps sending outrageous threats to my email.After completing the set, just study 1 lesson and then advertise.So much fun"
fd07fd18-5603-4510-b641-f9a3ea43a4a7,001,2,chỉ cần mất 1 năng lượng là được rồi một trái tim khi xai người ta đã nhẹ lòng rồi còn trừ thêm 3 năng lượng khi học âm nhạc nữa chứ,2026-02-14 03:06:36,Negative,You only need to lose 1 energy and you'll have a lighter heart when you lose someone. You'll also lose 3 more energy when learning music.
74a00041-1462-4e37-ae48-7db5d167a76d,001,1,"thưởng kn và phần thưởng nhiệm vụ rất dở, rất hay lỗi. luôn luôn làm mất nhân ba kn.( ko thik luôn cả hệ thống bảng xếp hạng). cái năng lượng cũng là hệ thống để đòi nạp nữa",2026-02-13 16:43:48,Negative,"Skill rewards and quest rewards are very bad, very buggy.Always lose triple kn. (I don't like the ranking system either).The energy is also a system for charging"
b22ff925-9c19-48e6-9d6d-bb11bdc45e47,001,1,quảng cáo quá nhiều sau mỗi bài học. vào mục ôn luyện toàn yêu cầu mua khóa học super...tiêu chí thương mại đặt quá cao. k thích lắm.😓,2026-02-13 15:37:03,Negative,Too many ads after each lesson.Go to the review section and ask to buy a super course...the commercial criteria are set too high.I don't like it very much.😓
97b3a6e6-0568-41d9-bee2-e3c9a9ba8f7f,001,1,"ứng dụng này ngu vậy mà đòi dạy tiếng anh và một số tiếng khác cho trẻ em gắp trái đất. mấy người cho 5 sao sau này sẽ hối hận vì sao mình lại cho 5 sao. ứng dụng này không phù hợp với những lứa tuổi từ 3 đến 10 tuổi vì có vài từ ngữ chỉ người lớn mới sử dụng mà thôi. học tiếng anh đã ngu và hay bị lỗi nhiều không biết học đánh cờ sẽ ra sao. một ứng dụng phát táng vi -rút. rất ngu mà còn tửng mình thông minh, đi bắt bẻ người ta, đưa ra những từ vô nghĩa.",2026-02-13 13:52:22,Negative,"This application is so stupid that it claims to teach English and some other languages ​​for children to learn about the world.Those who give 5 stars will later regret why they gave 5 stars.This application is not suitable for ages 3 to 10 years old because there are some words that only adults can use.Learning English is stupid and often makes many mistakes. I don't know how learning to play chess will turn out.a virus spreading application.very stupid but still pretending to be smart, rebuking people, giving meaningless words."
d24d9edb-99fa-4a2e-b675-de7369347d38,001,1,"bị lỗi nha, yêu cầu một đằng ( ở đây app cho một câu tiếng anh và bảo mình đọc), mình đọc đúng hết cả câu và app đã hiện đọc xanh các chữ đã được đọc rồi nhưng đáp án lại bảo sai và đưa ra đáp án một câu khác đề bài ụa là sao. trong khi mình báo cáo lỗi mình không được trả điểm mà app đã lỗi trong khi hiện tại app đang có chế độ bị giới hạn bởi mức thanh pin rồi tôi bị trừ lỗi oan vậy sinh ra cái báo cáo làm gì vậy mà chả thấy giúp được gì, tình trạng này đã diễn ra mấy lần rồi chứ khp lần đầu.",2026-02-13 13:48:19,Negative,"There's an error, the request is one way (here the app gives me an English sentence and tells me to read it), I read the whole sentence correctly and the app shows the green reading of the words that have already been read but the answer says it's wrong and gives a different answer to the problem. What is the problem?While I reported an error, I didn't get paid points but the app had an error while the app is currently in a mode limited by the battery level and I was unfairly deducted for the error so why did I create a report like that but I don't see any help. This situation has happened several times but not the first time."
3124b500-af9f-464d-848e-942b1daaf858,001,1,"tui không có dấu giống nó đọc tiếng trung sụy là nước đi mà nó cứ bắt tui phải có dấu trong khi lúc đó đt tui kh có dấu , tui báo cáo lên cx kh thèm sửa là sao v mún chửi thề ghê ln á",2026-02-13 12:47:25,Negative,"I don't have accents like he said in Chinese, but he kept asking me to have accents when at that time my phone didn't have accents, so I reported it to the boss and they didn't bother to fix it, so why did I swear so much?"
5d1c7fe9-a8ea-4c10-a4ee-6eb2c4f89497,001,1,"cho không đủ hàng để ghép chữ vào,câu đó cần 4 chữ nhưng dòng đó chỉ đủ cho 3 chữ, tức muốn chết luôn á",2026-02-13 12:30:59,Negative,"There aren't enough lines to put the words in, that sentence needs 4 words but that line is only enough for 3 words, that makes me want to die."
7f22fec8-5d36-4c3f-86a1-dd8246800e1b,001,1,"lag vãi, hồi trước m đăng nhập ko bị mà bây giờ nó cứ bị mất mấy cái bài tiếp theo ý. tất cả các môn luôn! cờ vua thì bài thử đầu tiên lại ko thấy hình đâu, nói chung là chán + v_ing luôn! 🤬🤬",2026-02-13 10:30:59,Negative,"It's so laggy, I couldn't log in before but now it keeps missing the next posts.All subjects too!In chess, the first test didn't show any pictures. Overall, it was boring + v_ing!🤬🤬"
63cc46d1-26a5-46b6-a923-57d5fc377858,001,1,"không vô đc cứ bị lag í, khó chịu, vô lâu.làm ơn bỏ phần năng lượng đi bảo cho học free mà bắt phải có năng lượng là sao????? cho năng lượng free thì ko nói, đằng này hết năng lượng thì bắt chọn 1 là nạp tiền 2 là khỏi học còn nữa lúc đọc rất to và chuẩn nhưng bắt đọc lại ,vô từ lúc 13:52 tới 14:5 chưa vô đc .dolingo mà ko giải quyết thì xóa ok",2026-02-13 06:54:42,Negative,"If I can't access it, it's just laggy, annoying, and takes a long time. Please take away the energy part and tell me it's free but requires energy?????It's okay to give me free energy. If I run out of energy, I have to choose 1 to top up, 2 to stop studying, and when I read very loudly and correctly, I have to read again, from 13:52 to 14:5, but I can't access it. If dolingo doesn't solve the problem, then delete it ok."
f5a95df7-fba1-4174-8d12-72dcdbea7044,001,1,đang học thì nó cố tình cho cq vào. nó làm như thế để tôi mua surperduolingo. có lúc tôi được x3 trong 15p . nhấn vào học thì còn có 5p .khó chịu vô cùng 🤬🤬🤬🤬🤬🤬🤬🤬🤬🤬🤬🤬🤬😡😡😡😡😡😡😡😡😡😡😡😡😡😡😡😡😡😡😡😡😡😡😡😡😡😡😡😡😡😡😡😡😡😡😡😡😡😡😡😡😡😡😡😡😡😡😡😡😡😡😡😡😡😡😡😡😡😡😡😡😡😡😡😡😡😡😡😡😡😡,2026-02-13 05:39:42,Negative,"While studying, he intentionally put cq in.it did that so I could buy superduolingo.Sometimes I get x3 in 15 minutes.If you click on study, it will take 5 minutes. It's extremely annoying🤬🤬🤬🤬🤬🤬🤬🤬🤬🤬🤬🤬🤬😡😡😡😡😡😡😡😡😡😡😡😡😡😡😡😡😡😡😡😡😡😡😡😡😡😡😡😡😡😡😡😡😡😡😡😡😡😡😡😡😡😡😡😡😡😡😡😡😡😡😡😡😡😡😡😡😡😡😡😡😡😡😡😡😡😡😡😡😡😡"
678d64d7-3873-4cf9-8626-041eca614c98,001,2,giúp toii học được ngôn ngữ mới. nhưng chạy qc + kêu ngta nạp nâng cấp quá nhiều lần. để logo emotion để khuyến khích ngta vào học mà khi ngta học thì lại out ngang làm ngta vừa mất năng lượng vừa mất kn là sao hả duo?? rất kh hài lòng về chất lượng dạo này nha,2026-02-13 04:24:45,Negative,"Help me learn new languages.But running qc + asks me to load and upgrade too many times.Leave the emoticon logo to encourage people to study, but when they study, they immediately leave, causing them to lose both energy and skills. What's wrong with that, duo??Very satisfied with the quality these days"
b62a836c-8312-4142-99f6-64efff7ceeff,001,2,"quá tệ,qua được hạng r mà nó vẫn cho mình ở lại hạng tím.khó chịu.mỗi lần làm hết năng lượng lại phải tốn kc, nhưng có nút xem quảng cáo thì k cho,bộ làm cho có à? bào tiền vừa thôi 🙂 lần 1 và không còn lần nào nữa nha",2026-02-12 16:27:22,Negative,"Too bad, even though I passed R rank, it still lets me stay in purple rank. Annoying. Every time I run out of energy, I have to spend KC, but there's no button to watch ads, are you just doing it?Just save money 🙂 once and never again"
2fef0ac1-b89e-4b9a-bd78-f30a660503da,001,1,mộ người học lâu mợi người sẽ gặp kiểu như mình hoàn thành nhiệm vụ thưởng kim cương mà số kim cương của tôi đang 2052 thì lúc nhận thưởng mình lại thấy kim cương của mình chỉ 1000 mấy r mới công lên 2052,2026-02-12 12:30:45,Negative,"Someone who has studied for a long time will encounter something like I completed the diamond reward mission and my diamond count was 2052, then when I received the reward I saw that my diamonds were only 1,000 or so before it went up to 2052."
9a8c8c4f-2a81-40b1-8ec2-776d77a1f5e5,001,2,"mình đã học đến phần 4 cửa 7. mình cảm thấy vốn tiếng anh của mình vẫn không được cải thiện. nhưng vì không cần tiền vẫn học được nên cũng tạm chấp nhận. gần đây còn có cái giới hạn năng lượng, nên chỉ học được khoảng 2 bài thôi. mình càng nản hơn",2026-02-12 07:39:59,Negative,"I have studied up to part 4 of level 7. I feel like my English has not improved.But because I don't need money to still study, I temporarily accept it.Lately there's been an energy limit, so I've only been able to learn about 2 lessons.I'm even more frustrated"
780e1f96-065b-4784-a5d7-c1c76530dbfc,001,1,"thật ra tôi muốn đánh giá 0 sao thì có bởi vì hồi xưa nó tốt lắm, cho cứ như super duolingo á vậy mà bây giờ nó cho 25 năng lượng nên cứ học mỗi bài là mất 1 năng lượng đã vậy còn quảng cáo tùm lum bắt người ta cứ phải mua, nạp tiền chỉ để có vô hạn năng lượng à. còn nữa, vụ quảng cáo giả bởi nó nói tiết kiệm tiền rồi mất cả đống(ý là tiết kiệm dữ chưa)à gói hiện miễn phí 1 tuần mà bắt làm đủ thứ mệt chết luôn á. còn nhiều lý do lắm mà do hết dòng nên ko ghi đc nhiều nữa(nói chung quá tệ hại) tv",2026-02-12 04:25:47,Negative,"Actually, I want to rate it 0 stars because in the past it was very good, it was like super duolingo but now it gives 25 energy so for each lesson you lose 1 energy and there are so many ads forcing people to buy and recharge just to have unlimited energy.Also, the advertisement is fake because it says it saves money and then loses a lot (meaning it saves a lot) and the current package is free for 1 week but it makes me do all kinds of things and it's tiring.There are many reasons why I can't record much anymore because I run out of streams (in general, it's too bad)."
635dd418-4dff-48fd-9892-6559085b7db7,001,1,"app sửa lỗi rất chi là không ưng, không biết hán tự thì thôi đây lại còn không nghe nổi người ta nói gì. app này tôi thấy khá tệ, đề nghị sửa lại hệ thống nghe người nói còn nếu không sẽ có rất nhiều người khó có trải nghiệm tốt.",2026-02-12 04:21:38,Negative,"The error correction app is very unsatisfactory. If you don't know Chinese characters, that's it, and you can't even hear what people say.I think this app is quite bad. I suggest you fix the speaker listening system, otherwise many people will have a hard time having a good experience."
2bc3e7c7-3d5d-4807-a4dc-fc11d7eae35b,001,1,"càng ngày càng thất vọng về app này , lúc trước là không có năng lượng học thoải mái , bây giờ có năng lượng cái là i như rằng chỉ học được 2 lần thôi , tôi không có tiền để nạp super doulingo , cứ qc đăng ký tưởng đăng ký ko có nạp tiền , bấm vô thấy đăng ký mấy ngàn, cái đó gọi là đăng ký à ? không hiểu sao mn tải app này nhiều như thế nữa app này tôi cho 1 sao !!! quá thất vọng!!!",2026-02-12 04:20:34,Negative,"I'm getting more and more disappointed with this app. Before, I didn't have the energy to study comfortably. Now I have the energy. It's like I can only study twice. I don't have money to recharge super doulingo. Every time I register, I think there's no deposit. When I click on it, I see a few thousand registrations. Is that called registration?I don't understand why people download this app so much. I give this app 1 star!!!so disappointed!!!"
58c8b851-5ebe-45e8-b12a-0848f6c05e4a,001,1,"ứng dụng hay nhưng xoá mất phần thay avatar rồi nên chỉ xứng đáng với 1 sao, lẽ ra là âm sao nhưng google play không có cơ chế này.",2026-02-12 01:35:39,Negative,"Good app but the avatar change part has been removed so it only deserves 1 star, it should be negative but google play doesn't have this mechanism."
e53158ee-48c0-47c8-900f-d682a4c7a3bc,001,1,lúc mìk còn 10 pin thì mìk vào học mà khi mìk còn 5pin thì duo nó chỉ cho mìk 1 pin là còn 6pin xong mìk làm tiế còn 1 pin thì nó cũng chỉ cho mik 1 pin vậy là mìk ko làm đc nữa,2026-02-11 11:39:30,Negative,"When I had 10 batteries left, I could go to school, but when I had 5 batteries left, it only gave me 1 battery and I had 6 batteries left, so when I did it again, I had 1 battery left and it only gave me 1 battery so I couldn't do it anymore."
290c4aae-dcd1-424f-8fa5-dee4c93e56b2,001,1,học vui thì được chứ về phần ngữ pháp thì gần như vô dụng.với cả chế độ đếm điểm tích lũy học từng ngày là vô nghĩa.muốn học tiếng anh thật thì phải cần có người dạy cộng với tự tìm đọc ngữ pháp và ghi nhớ từ mới,2026-02-11 04:13:36,Negative,"It's okay to learn for fun, but the grammar part is almost useless. The system of counting accumulated points and studying every day is meaningless. If you want to learn real English, you need someone to teach you, plus you can read grammar and memorize new words yourself."
b15e78fb-f4a4-4bb6-8d3a-cfdc26ff491b,001,1,"ở phần cờ vua ấy, nhiều người chơi cứ ko đi, kiểu để hết tg rồi cho mình bỏ cuộc ý, điều ấy siêu khó chịu luôn , bực thật 😡🤬",2026-02-10 15:25:41,Negative,"In that part of chess, many players just don't go, like letting all the points go and then letting me give up, which is super annoying, really frustrating 😡🤬"
e46d70a1-a8a8-4572-ae6e-ebecdd0a04ce,001,1,"nhiều quảng cáo nhân vật dạy học hay chê bai nhất là con oscar , khi chơi cờ vua mới vào nó hay chê bai nhưng cuối cuộc lại là tôi thắng trong suốt quá trình chơi nó còn hqy chê bai mik , làm tức đến phát điên đến sáng lúc 6 giờ sáng thì mình mới dạy rồi mở lên thấy dullingo măt nó đỏ bừng rồi nó còn chửi mình nữa cơ chứ. ngay cả khi ngày hôm qua đã học và đến cả 4h và 5h sáng nó cũng chửi",2026-02-10 10:14:20,Negative,"In many commercials, the character who teaches the most often criticizes Oscar. When he first started playing chess, he often criticized him, but in the end, I won. During the game, he also criticized Mik. It made me so angry that I started teaching at 6 a.m., then turned it on and saw dullingo, his eyes were red, and he even cursed at me.even when he studied yesterday and even at 4am and 5am he cursed"
0c35c270-5ee1-4aaa-86d1-d3c5af775cb5,001,1,"quá tệ, vì là ko muốn mua super duolingo mà cứ quảng cáo hoài cho đến khi nào mua thì hết. bỏ quảng cáo mà có quảng nào khác của super duolingo đâu😡😡😡.tức 1 sao phiền phức, còn bị khi chơi và học xong máy toàn trắng tinh lun vứt đi vứt lại mới đc nhìn thấy chán quá!!!!",2026-02-10 08:53:33,Negative,"Too bad, because I don't want to buy super duolingo but it keeps advertising until I buy it.If you remove the ads, there are no other ads from super duolingo😡😡😡. That's 1 star, annoying, but when you finish playing and learning, the device is all pure white and has to be thrown away to be seen again, so boring!!!!"
535af237-c7db-4199-a562-e4890edc0fcb,001,1,"má, chs cờ vua mà t sắp thắng cái nó đơ . chơi thắng thì elo giảm ( từ 1000 xuống giờ còn 813 ) thề á , t ko thua mà nó giảm elo của t ???💩",2026-02-10 08:48:55,Negative,"Mom, I'm about to win when I play chess.If I win, my elo will decrease (from 1000 to 813 now) I swear, I didn't lose but it reduced my elo???💩"
64e8b9a2-07dc-40d3-97d7-2c8ad2cab51f,001,1,tôi nghĩ chúng ta nên trở lại 5 tim như hồi xưa chứ bây giờ dùng năng lượng cứ học 1 bài là năng lương 5/25 với cả ko có super là nó lại bắt xem qc có bao giờ đc top 1 giải đấu vô địch đâu.,2026-02-09 12:31:05,Negative,"I think we should return to 5 hearts like in the past, but now using energy to learn a lesson is 5/25 energy and even without super it asks if qc will ever be top 1 in the championship tournament."
ad183a35-71ce-4a52-9110-2bf0b14486a4,001,2,"từ lúc đổi thành thanh năng lượng, học rất chán, máy yếu truớc đó còn học được giờ có lag văng cả ra ngoài làm k bao giờ hoàn thành được bài học. lại còn trừ năng lượng khi học nữa, tệ đến thế là cùng.",2026-02-09 07:58:03,Negative,"Since changing to the energy bar, studying has been very boring. Previously, the weak computer was able to learn, but now it lags all over, making it impossible to complete the lesson.It also reduces energy when studying, it's that bad."
a362f3d7-9808-42d4-a6ed-cbebbed29d9d,001,1,"trước là 5 sao giờ là 1 sao. vì lúc trước học thoải mái bằng tim nên dễ kiếm nhiều từ vừng mới. còn giờ không hiểu sao đổi thành năng lượng, học hay sai 1 bài nó đều rút 1 năng lượng, tôi rất khó chịu,nó không hợp với tôi!",2026-02-09 02:21:45,Negative,"Before it was 5 stars, now it's 1 star.Because in the past, I learned easily by heart, so it was easy to find many new words.But now I don't know why it's converted into energy. If I learn a lesson or do it wrong, it will drain me of 1 energy. I'm very upset, it doesn't suit me!"
6f69a90f-3096-4ab9-9245-689ca5c306b7,001,2,có thể giải thích ngữ pháp đc không chứ người ta bắt đầu từ số 0 thì làm sao biết ngữ pháp mà học nói thật điểm yếu nhiều nhưng không chịu khắc phục về ngữ pháp và giải thích làm app kiếm tiền thì làm ăn làm phước thêm cái ngữ pháp vào người ta làm sai còn chỉ ra sai ngữ pháp hay sai từ vựng moẹ sai lầm khi mua super cái app chết tiệt này quá tệ,2026-02-08 17:16:17,Negative,"Can you explain the grammar? If people start from zero, how can they know the grammar and learn to speak? There are many weaknesses but they don't fix the grammar and explain how to make an app to make money, then it's a good business to add grammar to it. People make mistakes and point out incorrect grammar or vocabulary. I made a mistake when I bought super. This damn app is so bad."
7e5ba8d2-93fe-4852-a99f-89f16a9d04c3,001,1,tôi ko bt tại sao nhưng app này học mấy phần nghe liên tiếp đọc là nó nói sai dù đã nói y chang luôn mà vẫn không chính xác,2026-02-08 14:54:54,Negative,"I don't know why, but this app keeps reading and listening to several parts and it says something wrong even though it says the exact same thing but it's still incorrect."
441d8dca-c4d4-48b1-a187-e643a22a149b,001,1,"làm ơn bỏ phần năng lượng được không, bảo là học miễn phí mà cứ học được cỡ 1 bài là phải nạp một lần, chưa kể mấy lúc đang học, năng lượng còn có chút thôi, học ít nữa là hoàn thành mà app cứ cho văng ra, cứ như cố tình ấy, học tốn nhiều năng lượng đã đành, năng lượng cho thêm cũng ít, thà có phần học để thêm năng lượng thì không nói",2026-02-08 13:40:42,Negative,"Can you please remove the energy part? It's said to be free, but every time you learn about 1 lesson, you have to recharge it. Not to mention the amount of time you're studying, the energy is only a little bit. The less you study, the more the app keeps throwing it out. It's like it's on purpose. Learning consumes a lot of energy, but the amount of extra energy is also small. It's better to have a learning portion to add energy, then don't say anything."
31466c9f-4043-4466-bd06-8bd94dcabde3,001,2,mong ứng dụng trở lại như cũ học sai thì trừ tim chứ như bây giờ ra năng lượng học là trừ học không được bao nhiêu bắt mua bằng đá quý hoặc bắt nạp tui học sinh còn chưa có tiền nạp nữa mong nhà làm ứng dụng cho trở lại như trước vậy xin cảm ơn,2026-02-08 11:36:47,Negative,"I hope the application will return to the way it used to be. If you make mistakes, your heart will be deducted. But now, the energy you learn will be deducted. You won't be able to study much. You'll have to buy it with gems or bully me. The student doesn't have any money to recharge. I hope the app maker will return it to the way it was before. Thank you."
34daf4d4-206c-4a6d-940b-c964ad586cbd,001,1,mé!!! t coi quảng cáo cho đã đc 25 năng lượng r mà vô cày mới sai có 2 lỗi là kêu hết năng lượng cần mua gói$###,2026-02-08 06:18:41,Negative,"me!!!I saw the ad for 25 energy but when I started plowing, there were 2 errors: I ran out of energy and needed to buy a package$###"
a865b1cf-8984-4746-8bba-f037ffab5df3,001,1,"app cực kỳ tệ và ngu. tôi làm đúng app lại cho sai. app lại cho chức năng bảng xếp hạng nên phải tranh đua rất mệt để top 1. tôi tải app lí do để học chill chill mà app cho bxh nên tôi luôn rất mệt với app.app giờ còn có năng lượng, khó để học bài. hồi xưa là tim tôi đã ko thích giờ còn năng lượng. hồi xưa còn có chức năng vô duo school là vô hạn tim , giờ mất rồi .1 sao là còn nhân nhượng nếu có 0 sao tôi cho 0 sao luôn. mong app sửa lại .",2026-02-08 01:08:32,Negative,"The app is extremely bad and stupid.I made the correct application and corrected the error.The app has a leaderboard function, so I have to compete very hard to get to the top 1. I downloaded the app for the reason of studying chill chill but the app gives rankings so I'm always very tired with the app. Now I still have energy, it's hard to study.In the past, my heart didn't like it, but now it still has energy.In the past, there was still the ability to enter duo school with unlimited hearts, but now it's gone. 1 star is still lenient. If there is 0 stars, I'll give it 0 stars.I hope the app will fix it."
5bc52e21-567d-4c4f-9ddc-d95260ba5486,001,1,"i swear i have absolutely no motivation to study duolingo, oh my god, why does the dumb streak mean? it's just causing trouble, missing a day means losing all my progress. i really just want to get back my 540 streak points, it's so precious to me, it costs over a year!!",2026-02-07 16:20:10,Negative,"i swear i have absolutely no motivation to study duolingo, oh my god, why does the dumb streak mean?it's just causing trouble, missing a day means losing all my progress.i really just want to get back my 540 streak points, it's so precious to me, it costs over a year!!"
d469db2d-5681-4885-b092-101aa03e5854,001,1,mẹ cái phần nói rõ ràng nói đúng theo cách nhân vật nói mà nó vẫn để sai và có lần rõ rangd đúng nhưng ghi sai nó hiện kết quả nhưng kết ko khác gì tôi đưa,2026-02-07 14:08:26,Negative,"Damn, the part that says clearly says exactly the way the character says it but it's still wrong and one time it's clearly correct but it's written wrongly, it shows the result but the result is no different from what I gave."
65e06a5a-5a28-457e-9075-834c8965169f,001,2,"t tải để chơi cờ vua nhưng nó đo elo ko đúng đâu , vd mình chơi vs người khác mà mình bận mình thoát thì nó sẽ ko quan tâm đến kĩ thuật của mình mà nó chỉ trừ elo thôi",2026-02-07 13:39:06,Negative,"I downloaded it to play chess but it doesn't measure my elo correctly, for example if I play against someone else and if I'm too busy to escape, it won't care about my technique, it just deducts my elo."
f6986fdb-4968-4b85-8a2e-5bafdfc3f0ba,001,1,"áp đểu vãi chưởng ra , đi đầu cúp ngọc đỏ vô thấy bot học 23 ngày đứng top 1 với hơn 3k kn 😭 mẹ cái app cho bot thi đấu thế thì ai thèm học nữa ạ? app nhiều lỗi vãi cả ra toàn là lỗi xàm dái không như phát âm chuẩn thì nó còn chả nghe mình nói (tôi biết vì lấy âm thanh của chính nó phát âm để cho nó nghe).",2026-02-07 13:30:04,Negative,"I'm so frustrated, I went to the top of the red jade cup and saw a learning bot that ranked #1 in 23 days with more than 3k kn 😭 Damn this app for bots to compete, who wants to learn anymore?The app has so many errors, they're all nonsense, not like the pronunciation is correct, it doesn't even listen to what I say (I know because it uses its own pronunciation to let it listen)."
c6f67d6b-388f-4c89-bbd8-44d4cd6ad68a,001,1,1sao vì tao đã nạp đầy pin là cần 350 đá quý mới đọc xong từ vựng qua cái mới cái nó 0% luôn cứ bắt phải nạp gói thành viên không nên tải về nha,2026-02-07 12:55:18,Negative,"1 star because I have fully charged the battery and need 350 gems to finish reading the vocabulary through the new one, it's 0% and keeps forcing me to load the membership package, so don't download it."
6810e8e0-c02d-4c0d-be21-f120602746f9,001,1,"ủa app đang rất hoàn hảo đâu ra tự nhiên tạo ra cái energy là như nào?? học đc tí thì hết, bắt nạp supper, ngta đã k có nhu cầu thì th đi chớ, có động lực học cx bị dập tắt. 😮‍💨",2026-02-07 04:55:03,Negative,"The app is so perfect, how does it suddenly create such energy??If you don't study for a while then it's over, you have to force supper, if you don't have the need then just leave, your motivation to study will be extinguished.😮‍💨"
15bd25ca-4c20-47c5-be0a-eef9ea3d0aa6,001,2,"lỡ tay bấm vào tắt nguồn bật lên xong các app khác vẫn bình thường còn đến doolingo thì nó lại bắt phải học lại từ đầu.học trên app có thể tiếp thu nhanh chóng, học được nhiều ngôn ngữ khác nhau và hoàn toàn miễn phí nhưng doolingo cần phải chú ý",2026-02-07 00:40:00,Negative,"Accidentally press power off and then turn it back on, other apps are still normal, but when it comes to doolingo, it requires you to learn from the beginning. Learning on the app can be learned quickly, you can learn many different languages ​​and it's completely free, but doolingo needs to be careful."
cd3fdfdc-0ad3-4dd2-b8cc-d4adb6c595c7,001,1,"t ghi rõ mùa thu là fall, nó k chịu, autumn nó ms chịu. nqu, t xài tiếng anh của mỹ (anh mỹ) k chịu. chỉ cho tiếng anh của anh (anh anh) . học xong bị lỗi màn hình trắng ph thoát ra vào lại rất phiền",2026-02-06 11:49:31,Negative,"t clearly states autumn as fall, it doesn't bear it, autumn it does bear.nqu, I can't use American English.just for my English (my brother).After studying, I get a white screen error and log out and back in, which is very annoying"
48af4bd4-fb29-4cad-904a-099aca0f5c37,001,1,"cơ chế năng lượng là 1 trong lý do mình bỏ học :v đang học hăng say lại hết năng lượng dù không sai từ nào, sự hạn chế làm mình tụt hạng do học không đủ số kinh nghiệm , mình bị mất sự hào hứng khi học",2026-02-06 10:40:26,Negative,"The energy mechanism is one of the reasons why I dropped out of school: I was studying enthusiastically but I ran out of energy even though I didn't make any mistakes. The restriction caused me to drop my rank because I didn't have enough experience, I lost my excitement when studying."
33f5755f-77d2-4882-b16a-43537bdebef2,001,1,"từ ngày con cú bắt đầu sử dụng ai vào bài học thì các bài học dần xa rời thực tế hơn. và bố cục một bài học cũng không đều, một bài học chỉ bắt người dùng dịch, dịch và dịch, không cho nghe hay nói gì cả. làm những bài học như vậy vừa tốn thời gian mà vừa gây ức chế. nói chung là chất lượng con cú gần đây đi xuống rõ rệt. p/s: chất lượng bài học ngày càng tệ.",2026-02-06 04:45:39,Negative,"From the day the owl started using anyone in his lessons, the lessons gradually became more distant from reality.and the layout of a lesson is also uneven, a lesson that only forces the user to translate, translate and translate, without listening or saying anything.Doing such lessons is both time-consuming and frustrating.In general, the quality of owls has gone down significantly recently.p/s: lesson quality is getting worse and worse."
66bb223c-55a7-4bdb-920a-7b41f7a8f2f8,001,1,"cái chức năng mới của duolingo quá tệ, không nghe được giọng nói người dùng, và phát âm sai, kể cả từ vựng cũng sai",2026-02-06 02:10:55,Negative,"Duolingo's new function is so bad, it can't hear the user's voice, and the pronunciation is wrong, even the vocabulary is wrong."
d02ce8a1-6000-4c2f-b556-40d80293f270,001,1,"ủa sao bây giờ lại có năng lượng mới học đc hả trời, trước ko cần cái gì học vô tư luôn mà giờ phải có năng lượng,học được có xíu à,thất vọng.sao mà nó cứ lag vào bài học 15 năng lượng,chưa kịp học gì mà đã trừ luôn 15nlg rồi,tệ",2026-02-05 15:02:55,Negative,"Why do I have to have energy to learn? Before, I didn't need to learn anything, but now I have to have energy. I can only learn a little. I'm disappointed. Why does it keep lagging in the 15-energy lesson? Before I can learn anything, I've already deducted 15 energy. That's bad."
94fdfc92-1858-4d89-9c47-679fc0c30406,001,1,học chứ có phải chơi game đâu mà cần năng lượng.hết năng lượng là nó lại không cho học nữa. tính ra cho nó 0 sao rồi .nó lỗi thời rồi anh em đừng tải,2026-02-05 10:18:31,Negative,"Studying, not playing games, requires energy. When you run out of energy, it won't let you study anymore.I think I gave it 0 stars. It's outdated, don't download it"
ffe39c2e-4539-43f6-9994-9dae3bd5be0b,001,1,"tức vãi!!! duo nên biết hệ máy của một số người là khác nhau, sao cứ bắt tôi viết chữ hoa trong khi đó bàn phím của t còn không có chữ đó!",2026-02-04 16:42:39,Negative,"so angry!!!Duo, you should know that some people's systems are different, why do you keep asking me to write capital letters when your keyboard doesn't even have those letters!"
465319df-de84-43bd-b27a-79cfbfa1f9b9,001,1,mới học cờ vua được có vài tháng mà nó siêu khó elo thì thấp mà lại còn khó. ai thì đần quoảng cảo toàn bị lỗi có lúc ko có nút bỏ qua 😡😡,2026-02-04 14:47:40,Negative,"I've only been learning chess for a few months and it's super difficult. My elo is low but it's still difficult.Everyone is stupid, the ads are always wrong and sometimes there is no skip button 😡😡"
6c8a0f13-e2bd-4604-97c3-ffcdfaae861e,001,2,"tôi đng chs cờ phong 4,5 hậu,vua đen còn 5 ô để đi thì lại hoà dolingo chx cải thiện tốt mong lỗi này sẽ đc xửa",2026-02-04 13:25:47,Negative,"I'm playing 4.5 queen chess, the black king has 5 spaces left to go then draws dolingo chx good improvement hope this error will be fixed"
dc890865-0b32-407e-945c-ee3ddc41273b,001,2,tính điển kn rất sai dã có điểm rồi còn ko tính cho ng ta nữa ko cho điểm trong khi vừa hoàn thành bài,2026-02-04 12:30:14,Negative,"The score calculation is very wrong. Even though the score is already there, it is not even counted for us. It is not given a score even after completing the test"
da09d6ec-e9f2-4a42-bbae-578e633efc14,001,1,"tôi chấm 1 sao vì mỗi khi tôi học xong một bài là màn hình trắng, tôi phải thoát ra vô lại rất phiền. chưa hết, lúc đầu tôi vào super thì miễn phí nhưng lúc sau lại nạp tiền, thật khó chịu. và còn nữa, duolingo còn không cho tôi theo dõi mấy người khác, và nó còn không cho siêu kn x3 ngày mai nữa các bạn ạ. mong nhà sản xuất khắc phục lỗi lầm này. và thứ mà tôi ghét nhất đó chính là cờ vua vì: thua thì trừ rất nhiều elo còn thắng thì cộng rất ít elo, đừng có tải ứng dụng này nữa.",2026-02-04 12:00:29,Negative,"I give it 1 star because every time I finish a lesson the screen is blank, I have to log out and back again which is very annoying.That's not all, at first I signed up for super for free, but later I had to top up, which was annoying.and also, duolingo doesn't even let me follow other people, and it doesn't even let me super kn x3 tomorrow, guys.Hope the manufacturer fixes this mistake.And the thing I hate the most is chess because: if you lose, you lose a lot of elo, and if you win, you add very little elo, don't download this app anymore."
3d10f61f-f8c9-4e6e-805f-b9e11a2fcf8e,001,1,các môn khác khá ổn nhưng cờ vua thì không. con dạy cờ đó nói chuyện thì rất khó chịu và rất là không tôn trọng người học.,2026-02-04 10:24:40,Negative,Other subjects are quite good but chess is not.That chess teacher's conversation is very annoying and very disrespectful to the students.
cd60710d-ba5f-4a8d-834d-e8bf8df28be8,001,2,ê nha má t hc cờ vua ấy có cái mini match là một cái cuộc chiến ăn quân nhỏ ý xong có lúc t ăn đc 1 quân ko có còn nào bảo vệ cái t bị trừ điểm vì bị quân khác ăn là s zay tr🫠,2026-02-04 06:12:09,Negative,"hey, that chess school has a mini match which is a battle to capture a small piece and then sometimes I can win 1 piece and there's no one left to defend the point where I'll lose points because another piece captured it and I'll lose."
4c94d2e2-48d1-4a41-93b1-494ec5dcb831,001,1,đã bảo là ko học super duolingo mà nó cứ ép học sau có lúc mà đang học ngoại ngữ thì tự nhiên cứ đưa ra quảng cáo học thử miễn phí đã ấn ko cảm ơn r mà cứ ép app bj làm sao ý,2026-02-04 05:45:40,Negative,"I told you not to learn Super Duolingo, but they kept forcing me to learn it later. Sometimes when I was learning a foreign language, I suddenly kept advertising for free trial lessons. I pressed no thanks, but I kept forcing the app. Why?"
c9bfd1e3-cc8f-4b81-9ac2-3a03531051dc,001,1,"thực sự luôn vô cùng, 1 bài hc kéo dài đến tận 10 phút, so vs khả năng củ tôi thì 2-3 phút xong bài, vs lại văng nx pk gọi là tần suất lag, văng nhiều kinh khủng ☹️☹️",2026-02-03 23:06:17,Negative,"It's really amazing, a lesson lasts up to 10 minutes, compared to my ability, it takes 2-3 minutes to finish the lesson, and it crashes again, called the frequency of lag, there's a lot of crashes ☹️☹️"
5b030420-ef3f-40e3-9f28-38b22505c3e2,001,2,"học xong lag, không tổng kết được, cái coi như chưa học luôn:) đọc rõ rồi mà không thu âm được, quảng cáo thì mượt mà học thì lag kinh. đó giờ rất ít đánh giá, vì tình trạng này xuất hiện hơi nhiều lần nên tôi mới trồi lên đánh giá đấy.",2026-02-03 15:55:15,Negative,"After studying, I'm lagging, I can't summarize, it's like I haven't learned at all :) I read it clearly but can't record it, the advertisement is smooth but studying is incredibly laggy.There are very few reviews at the moment, because this situation has appeared so many times that I just came up with a review."
4eef0581-0730-44fe-93a7-b76cb57f9b3a,001,1,nó khiến tôi nghiện cày chuỗi mà không học được những kiến thức gì khuyên không nên tải xuống mẹ tôi bỏ nhiều thời gian để khiến tôi như một người bình thường không nghiện những cái đống chuỗi này,2026-02-03 14:15:28,Negative,It makes me addicted to chain mining without learning anything. I recommend not downloading it. My mother spent a lot of time trying to make me look like a normal person and not addicted to these chains.
974f3aca-5a53-4066-91c1-27cae904bd38,001,1,đề nghị nhà sx chỉnh lại cách tính điểm elo cờ vua gấp . chơi thắng 3 ván thì điểm elo mới bằng thua 2 ván bị trừ với cả đánh hoà mà vẫn bị trừ elo là sao ạ nói chung là như concak,2026-02-03 13:52:03,Negative,"Please ask the manufacturer to correct the way chess elo scores are calculated urgently.If you win 3 games, your elo points will be equal to losing 2 games and you'll be deducted. Even if you win a draw, your elo will still be deducted, so what's the point? In general, it's like concak."
7648952e-0eeb-499f-bc4d-748ebaa803c6,001,2,"t học cờ vua trên duo,đấu vs oscar thắng cộng có 8-9 điểm hoà trừ 3 điểm thua trừ hẳn 20 điểm k hiểu app nghĩ j",2026-02-02 14:18:00,Negative,"I learned chess on duo, played against Oscar, win plus 8-9 points for draw minus 3 points for loss minus 20 points I don't understand what the app thinks"
5044a707-621e-424e-832b-da7bb4ed52f6,001,2,"học cũng vui, nhưng mà nhiệm vụ tháng sao nó cứ lẹt đẹt /20 /25 ? bạn của tôi được /50, còn tôi mỗi tháng thì 20/ , 25/ nhiệm vụ ?",2026-02-02 13:28:45,Negative,"Learning is fun, but why are monthly tasks always flat /20 /25?My friend gets /50, and I get 20/, 25/tasks every month?"
09bfd917-c6c2-4ed7-8114-a93790beb7fc,001,2,tôi ấn đăng kí nhầm gói 12 tháng và ứng dụng đã trừ tiền tôi nhưng chưa thấy phản hồi hoàn trả lại tiền cho tôi.,2026-02-02 07:05:50,Negative,I mistakenly signed up for the 12-month package and the app deducted my money but I have not received a response to refund my money.
a64b6973-8d0c-4f6f-8478-bccd7d2664ee,001,1,"sạc năng lượng từ sáng tới giờ mới được 10 năng lượng còn lúc chơi còn đúng 1 thì được tăng thêm 1 năng lượng, cái lúc nhận thì tuột về 0, cay chưa ?",2026-02-01 13:21:04,Negative,"Charging energy since morning until now only gives me 10 energy, but when I play, if I have exactly 1 left, I get 1 more energy, but when I receive it, it drops to 0. Is that spicy yet?"
3fdef837-7d4d-43fd-85b5-9803381748c2,001,1,tôi cho 1 xem vì trên chỗ mấy cái ứng dụng của tôi spam 300 cái hình ứng dụng duolingo dẫn tới việc tôi phải xoá !,2026-02-01 12:44:34,Negative,"I show one because on my apps there were 300 duolingo app images spammed, which led to me having to delete them!"
9509e03c-d13e-45c5-a243-7348ec84fd98,001,1,"app giáo dục miễn phí như ko miễn phí, thêm ng lượng vào nên mik chỉ họk đc 2 bài hoặc 3 bài nếu có bài nghe là hết, muốn học thêm á, mua super, mà super lại phí tiền, dell mua thì ko học đc nên bị tụt giải đấu dù có chăm chỉ tới đâu, đúng là lũ này bây h còn đề cao tiền hơn kiến thức, mik lúc đầu học tiếng đức trn này tăng giải đấu vù vù nhg bây h chả hiểu s học chăm chỉ mà tụt từ hắc thạch đen ngọc trai, từ ngọc trai xuống thạch tím, tức lắm nên xóa lun, bây h học todaii german hiệu quả hơn",2026-02-01 11:35:12,Negative,"It's a free educational app, but it's not free. It adds a lot of energy, so I can only learn 2 or 3 lessons. If there's a listening lesson, that's it. If I want to learn more, I buy super, but super is a waste of money. If I buy it, I can't learn it, so I'll lose the league no matter how hard I work. It's true that these people now value money more than knowledge. When I first learned German on this page, my prizes increased rapidly, but now I don't understand why I study hard and fall from grace.black pearl black stone, from pearl to purple stone, I was so angry that I deleted it, now learning todaii german is more effective"
406327a8-0e0a-49a5-97d6-57e76909b207,001,2,"app kì vậy, không vô được trang cá nhân để coi thành tích này kia, cứ ấn vô đó là văng ra. chả hiểu làm vậy được gì, người học không vô coi thì lấy đâu ra thưởng từ mấy cái thành tích đạt được.",2026-02-01 11:02:55,Negative,"The app is weird, I can't access my personal page to see my achievements, I just click on it and it crashes.I don't understand what can be done like that. If students don't pay attention, how can they get rewards from their achievements?"
219de230-c486-4c8c-b75c-796fde161fa1,001,1,"app dạo này bị sao vậy, đang học tự nhiên thoát ra hoài làm mất năng lượng lại xem quảng cáo thì vô lại vẫn mất. quảng cáo thì chạy mượt bình thường mà vô họ cứ thoát ra hoài đã vậy còn quảng cáo suốt bị mấy ngày rồi. từ hồi cập nhật xong là tệ hơn trước.",2026-02-01 09:02:31,Negative,"What's wrong with the app these days? While I'm studying, I suddenly log out and lose energy, and then watch ads and it's still useless.The ads are running smoothly but they keep quitting and the ads have been stuck for several days.Since the update it's been worse than before."
b8640546-6219-4511-89ef-ac67026f7c1d,001,1,"app giúp người dùng học tập mà lại đưa ra tính năng hết pin tím là sao? không cho người khác học nữa,... rồi còn chèn thêm quảng cáo khi đang học,... thật sự rất tệ, mọi người k nên tải, 1 ngày có khi học chưa được chữ nào vào đầu mà toàn nhớ quảng cáo k, xàm vãi",2026-02-01 08:19:07,Negative,"What's wrong with an app that helps users study but offers a purple battery drain feature?Don't let other people learn,... and then add ads while studying,... it's really bad, people shouldn't download it, one day maybe you can't learn a single word in your head and only remember the ads, it's nonsense"
47ad5533-7096-4c21-a7e0-3ae6fd04052e,001,1,app ngáo à? t đang học bth tự nhiện out ra xong t phải học lại mà còn kh hồi pin cho t? mà t học lại cái bài đấy lần t2 rồi vẫn cứ bị out ra xong cứ quay như gụ ấy? app ngáo vch,2026-02-01 07:24:23,Negative,Is the app stupid?I'm studying and then it suddenly logs out so I have to re-study but it still doesn't restore my battery?But I re-learned that lesson a second time and still got passed out and kept spinning like crazy?vch gag app
96a633d1-26e1-48ee-a728-5327bc6dffee,001,2,tôi đag hc cờ vua nó luôn tìm cho tôi nhg đối thủ ở mức rất cao và khiến tôi thua liên tục có khi chỉ thắng đc một lần khi hc tiếng anh thì nó cứ hc xong lại lag một bài lại lag xong hc xong thì một nùi quảng cáo lúc trc có vậy đou bây h một đống cờ vua thì khiến tôi bực mình vì (ý kiến tôi đã nêu ở trên),2026-01-31 17:48:16,Negative,"I'm learning chess, it always finds me opponents at a very high level and makes me lose constantly, sometimes I only win once when studying English, it keeps learning one lesson then lags, then after studying it, a bunch of ads like before, now a bunch of chess makes me angry because (the opinion I stated above)"
1ca8d50e-22f5-46e4-b90a-6ce5137250e4,001,1,"làm ơn!! sửa lại cái streak bạn đii!!! nhiều khi ấn bỏ nhầm cái theo dõi là mất luôn bạn bè rồi. hãy để xác minh hai lần là có hủy theo dõi hay không đi chứ! bị hai lần rồi, tức ói! cập nhật lại sau gần 1 năm bão thì lại bị mất thêm 4 lần streak bạn bè 200 ngày chỉ vì lỡ tay ấn huy theo dõi, cái lùm mía!!! vote 1s nào sửa thì vote 5s",2026-01-31 16:32:57,Negative,"Please!!Fix your streak!!!Sometimes I press unfollow by mistake and lose my friends.Let's verify twice whether to unfollow or not!I've had it twice, I'm vomiting!Updated again after nearly a year of storms and lost 4 more 200-day friends streaks just because I accidentally pressed the tracking button, sugarcane grove!!!Vote 1s If you fix it, vote 5s"
11b4b88f-1c3f-4101-a605-74015e3b9805,001,1,"sai 1 chút của 1 dấu phẩy cũng sai làm đúng hết nguyên câu vẫn còn sai,2 năm nay nhịn không nói bây giờ chịu hết nổi rồi. còn việc 1 tuần bận không luyện thì ứng dụng trong nền tỏa thái độ dm con gà duolingo hách dịch vl",2026-01-31 08:19:06,Negative,"Getting even a little wrong with a comma is still wrong. If you get the whole sentence right, it's still wrong. I've been holding back for 2 years and now I can't stand it anymore.As for being busy and not practicing for a week, the app in the background radiates the bossy duolingo chick's attitude."
745891f7-db67-42dc-b251-5232b3c392d8,001,1,"nó bị cái gì á, cờ thì còn cái bóng ko thấy quân nào luôn. còn oscar thì người biến thành màu hông, mấy môn khác cũng vậy luôn, giải thích cho tôi đi duolingo hoặc tôi nhắc tên phụ huynh bạn rất nhiều. tôi thà đầu tư vào hdpe còn ngon",2026-01-31 00:48:43,Negative,"What's wrong with it? The chess piece still has a shadow and I can't see any pieces.As for oscar, people turn pink, other subjects are the same, explain to me duolingo or I mention your parents' names a lot.I would rather invest in hdpe which is still good"
d4c0ae70-f8fb-4985-887e-8431b3f24774,001,2,"mình hc và thấy khá ổn nhưng mỗi khi hc sắp xong và gần hết năng lượng thì lại lỗi và đơ buộc mình phải thoát khỏi app, ní luôn xảy ra với bài đầu tiên mình hc khi vào app",2026-01-30 15:11:27,Negative,"I study and feel pretty good, but every time I'm about to finish studying and almost run out of energy, it gives me an error and forces me to exit the app. This always happens with the first lesson I study when I enter the app."
ba424faa-6e6f-4dad-9137-a275fd119fe5,001,1,tui không vào được duolingo và lily nói thật xấu hổ khi mất chuỗi 8 nếu không bạn sẽ chịu trách nhiệm nhé tui không hài lòng bạn làm sao ngày mai tui vào không được mà còn mất chuỗi nữa tui sẽ xóa ngay lập tức 😡😡🤬🤬🤬🤬🤬🤬💢💢💢😡😡,2026-01-30 12:46:48,Negative,I can't get into duolingo and lily said it's a shame to lose the 8th streak otherwise you'll be responsible I'm not happy with you how come I can't get in tomorrow but also lose the streak I'll delete it immediately 😡😡🤬🤬🤬🤬🤬🤬💢💢💢😡😡
e372e0c7-acf2-4a06-82c0-04a237769e37,001,1,"lúc học thì bị bảo trì. xưa thì ko có q cáo, h 1 nùi q cáo. mạng h thành pin muốn tụt quần ko dạy ngữ pháp thì chừng nào ms ns đc. tao cần gặp chủ app",2026-01-30 09:56:06,Negative,"When studying, there is maintenance.In the past, there was no q fox, h 1 had q fox.If you want to drop your pants and not teach grammar, how long can you help me?I need to meet the app owner"
dbb057d9-90aa-47d6-ad6a-585b8ff9b1f0,001,1,tôi đăng kí gói miễn phí 7 bằng ngân hàng momo thì hết 7 ngày sau app đã trừ của tôi hết 689k mà không có năng lượng vô tận mong duolingo xem,2026-01-29 14:59:07,Negative,I signed up for free package 7 with momo bank and after 7 days the app deducted 689k from me but no endless energy. Hope Duolingo will see.
c13a1b57-1e96-40a2-82a3-6c15ee4c4ba8,001,1,quảng cáo nhiều khó chịu với cả nhiều lúc đọc đúng nó cho sai sử dụng năng lượng làm hạn chế câu hỏi quá hút máu,2026-01-29 14:27:25,Negative,"Ads are annoying and sometimes read correctly and incorrectly, using energy to limit the question is too blood-sucking"
2a9e8da5-97da-4d05-9293-36ec818b3c28,001,1,"bản miễn phí ghi sẽ thông báo khi còn 2 ngày dùng thử nhưng tôi lại không thấy bất kỳ thông báo nào trên ứng dụng, dẫn đến việc nó tự gia hạn gói super 1 năm và tôi hoàn toàn không hài lòng vì điều đó",2026-01-29 11:15:13,Negative,"The free version says it will notify you when there are 2 days left on the trial, but I don't see any notification on the app, leading to it automatically renewing the 1-year super package and I'm completely unhappy with that."
6ca19e6b-52f4-4a6b-9cde-f811686172ae,001,1,lúc đầu hay nhưng tôi để tên dài rồi duo cập nhật vì tôi tên hơi dài mà nó không đăng xuất được cũng chả đổi tên được. tức ơi là tức chuyển về như cũ hoặc nếu tên dài quá cho cái vuốt để thấy cái đăng xuất đi. bố láo bố toét. ko tao bỏ duolingo đấy!!!!,2026-01-29 09:52:13,Negative,"At first it was good but I made the name long and then duo updated it because my name was a bit long but it couldn't log out or change the name.If the name is too long, swipe to see it and log out.Big dad, big dad.no I quit duolingo!!!!"
7bddaec4-b0a1-4ff4-9a78-e198f1421882,001,1,"dạo này cứ liên tục bị lỗi, học chưa xong 1 bài là thoát ra nên bị mất năng lượng. đã đổi thành năng lượng thì bị giới hạn rồi còn lỗi mất năng lượng nữa",2026-01-28 15:15:51,Negative,"Lately, I keep getting errors, I just log out before finishing a lesson, so I lose energy.Once converted into energy, there is a limit and there is also the error of losing energy"
a8927caa-3038-48a9-96ec-6de53b681f35,001,1,"càng update càng tệ ,ko còn là app để dạy học nữa mà phần chính là để kiếm tiền từ túi người dùng,giới hạn học bằng thanh năng lượng cái lúc cần thì không coi quảng cáo lấy thêm được nous chung là tệ",2026-01-27 15:53:37,Negative,"The more updates get worse, it's no longer an app to teach, but the main part is to make money from users' pockets, limiting learning to energy bars when needed, not considering ads to get more common nous is bad."
031d809a-1c8e-4263-a9a3-80cf1761ed0c,001,1,hãy trả lại cho t một duo xưa. nơi mọi thứ free nhưng học hiệu quả. nay dù nạp premium nhưng được mỗi giữ chuỗi. mọi thứ hết thú vị như xưa rồi,2026-01-27 11:29:33,Negative,"Please give me back my old duo.where everything is free but learning is effective.Now even though I top up premium, I only get to keep the chain.Everything is no longer as interesting as before"
c76cce2a-238c-4d22-bcab-5b03153c09be,001,1,tự nhiên tôi có rất nhiều nik nhuâng dolingo lại ko cho tôi muốn chuyển qua nik khác thì ko thấy cài đặt đâu cả,2026-01-27 05:06:03,Negative,"Of course, I have a lot of niks but duolingo doesn't let me switch to another nik, but I don't see the settings anywhere."
ee62c29b-3920-4aeb-8a99-b216872a9bb0,001,1,chả hiểu sao cứ học được 5 lần liên tiếp là tự thoát ra cho học lại bị lỗi hòai hồi trước không có bây giờ lại có,2026-01-26 15:19:35,Negative,"I don't understand why every time I learn it 5 times in a row, I just get out of it and get the error again. I didn't have it before and now I have it."
36389d0f-d960-428f-80c8-dd2c6ebfe78c,001,1,mong pháp luật vào cuộc xoá 2 ứng dụng kh tải được là sao và nên đền bù tôi dung lượng hoặc 2 ứng dụng khác chứ tôi tức quá,2026-01-26 15:11:15,Negative,"I hope the law will step in and delete the 2 apps that can't be downloaded and compensate me for the data or 2 other apps, but I'm so angry."
2d749659-9d44-4531-a1bd-cffdfe913660,001,2,"duo khỉ, ai phát minh ra cái gọi là năng lượng v? sai thì sửa mắc j mất năng lượng? app học chứ đâu phải app chơi đâu? rồi còn muốn kiếm năng lượng là phải xem quảng cáo hoặc trả bằng kim cương. trả bằng kim cương đắt vãi, bằng 2 ngày cài còn xem quảng cáo thì lâu vcl còn vô nghĩa. tao có muốn đk cái gói super rách đó đâu mà chứ lằng nhằng hoài. ngứa hết cả tai. 1 là sửa, bỏ cái năng lượng đi. 2 là t xóa app. i want old duolingo.",2026-01-26 15:01:52,Negative,"monkey duo, who invented this thing called v energy?If you make a mistake, correct it without wasting energy?It's a learning app, not a play app, right?And if you want to earn energy, you have to watch ads or pay with diamonds.Paying with diamonds is so expensive, 2 days of installing and watching ads is meaningless.I don't want to buy that super torn package, but it's so confusing.itchy ears.1 is to fix it, remove the energy.2 is to delete the app.i want old duolingo."
927815cd-74e2-4a6d-807f-24a542e1ec2b,001,1,"1 lần học là 1 lần quảng cáo, bộ duolingo đói đến vậy rồi à? mà lúc học xong còn bị đen màn hình. không muốn cho học tiếp hay sao? phải thoát ra xoá rồi mới học tiếp được đấy? không hiểu được tại sao lại càng ngày càng làm ăn chán không chịu nổi",2026-01-26 08:17:46,Negative,"One lesson is one advertisement, is duolingo that hungry?But when I finished studying, the screen was black.Don't want to continue studying?Do you have to log out and delete it before you can continue studying?I don't understand why business is becoming more and more unbearable"
68dddcdf-6e79-453d-91ee-9ddd4caff01b,001,1,nó để là miễn phí super duolingo 7 ngày nhưng lại đi tự động thanh toán trong khi chưa hề đồng ý thanh toán super miễn phí? để là cho miễn phí 7 ngày mà cứ bắt thanh toán? cứ khìu thanh toán miễn phí super đến khó chịu. quá hút máu! 1 sao là xứng đáng!,2026-01-26 07:03:46,Negative,It says it's super duolingo free for 7 days but it automatically pays without ever agreeing to pay super free?Let's say it's free for 7 days but keep asking for payment?It's annoying to keep paying for super for free.too blood-sucking!1 star is deserved!
c9eeaa6e-0ad3-4441-a162-cae88b1f257c,001,1,"lên đc trên 1000 elo thì nếu thắng 1 trận cộng dc có 5-10 elo, thua thì nó trừ sạch sành sanh, trừ 15-20 elo, ủa bộ kbt tính toán hả???",2026-01-25 15:42:56,Negative,"If you reach over 1,000 elo, if you win a match you will gain 5-10 elo, if you lose it will be deducted from your life, minus 15-20 elo, is that the calculation kbt???"
21c504d8-ffd9-41db-8a72-adec7be66d8b,001,1,tôi vào học nhưng nó ko tính ngọn lửa cho tôi làm ngọn lửa của tôi trở thành 0. lúc đó tôi đã khóc vì những ngày cố gắng của tôi chẳng còn,2026-01-25 15:04:10,Negative,I went to school but it didn't count my fire so my fire became 0. At that time I cried because my days of trying were gone.
2f402103-385e-4d48-876e-6c749d10265d,001,1,"bắt trừ kim cương, trừ đủ thứ để được học tiếp. tới phút cuối mình sắp được lên hạng rồi thì app lỗi bắt mk làm lại. không bực tẹo nào :))))))",2026-01-25 10:03:40,Negative,"subtract diamonds, subtract everything to continue studying.At the last minute, I was about to get promoted, but the app crashed and asked me to do it again.Not angry at all :))))))"
69fb72c7-efad-4165-9393-a3858eeeda02,001,2,"tui tải app duolingo về ko có thấy duolingo toán -âm nhạc đâu hơi lừa đảo nhà ,xong lúc nào nó cũng bắt mua khóa học để mua streak mua gói gia đình,gói cá nhân ,.... đấy là theo quan điểm của mình mong duolingo khắc phục!",2026-01-25 05:53:16,Negative,"I downloaded the duolingo app and didn't see that duolingo math - music is a bit of a scam, but it always asks to buy courses to buy streaks to buy family packages, individual packages, etc. That's in my opinion, I hope duolingo fixes it!"
6e907875-69cf-47b5-b182-647be03ee3fb,001,1,"thay thế hoàn toàn bằng a.i, bây giờ toàn a.i dạy. giọng đọc không cảm xúc, mấy câu chuyện, bài dạy vô cùng nhảm và xàm, không còn 1 chút ý nghĩa nào như xưa. spam quảng cáo liên tục (gấp 10 lần ngày trước), bây giờ học có 15ph thôi mà thêm quảng cáo nữa chắc là 45ph. rồi còn chèn thêm 1 đống cái lgbt vô nữa? ôi, không vì cái chuỗi thì chắc cũng phải gỡ mẹ cái app đi",2026-01-25 05:21:24,Negative,"Completely replaced by a.i, now only a.i teaches.The reading voice is emotionless, the stories and lessons are extremely nonsense and nonsense, no longer have any meaning like before.Continuously spamming ads (10 times more than before), now it only takes 15 minutes to study but adding ads would probably take 45 minutes.then add a bunch of lgbt things in too?Oh, if it weren't for the chain, I'd probably have to uninstall the app"
9ee70d65-17d7-424f-9077-e694dafdf006,001,2,"tôi ko thích duolingo bây giờ , phải mua quảng cáo , thay thanh tim bằng bin tôi thấy nó khó chịu khi học còn nhanh hết bin nx, nhiều lúc muốn gỡ cài đặt lắm đó giờ cảm thấy bị tức á học lâu rồi mà giờ phải mua này mua kia ,mong chỉnh sửa lại",2026-01-25 03:29:34,Negative,"I don't like duolingo now, I have to buy ads, replace the heart bar with bin. I find it annoying when I'm learning too fast to run out of bin nx, sometimes I want to uninstall it so much now I feel angry that I've been studying for a long time but now I have to buy this and that, I hope it will be fixed again"
74cb3660-dcc3-4529-b8a0-6c1e9bf5e8ac,001,1,"đang tranh hạng nhất thì hết năng lượng, làm tuột hạng, quảng cáo siu nhiều, học xong 1 bài là quảng cáo, bộ thiếu tiền lắm hay sao á",2026-01-24 06:46:27,Negative,"While competing for first place, I ran out of energy, lost my ranking, had too many ads, and after finishing a lesson, I had to advertise, am I really short of money or what?"
61a6c66c-3b5b-4f05-adbb-28a225c5d746,001,2,"ko bt cho tính năng năng lượng làm j,trc trái tim có phải đc hơn ko,năng lượng thì mỗi ngày vô học đc 1-2 lần là hết phải chờ,nó bắt buộc mình phải đăng kí super,app thật sự ép người dùng🥀🥀🥀💔",2026-01-24 03:21:22,Negative,"I don't care if the energy feature does anything, is it better to use the heart first, energy can only be accessed 1-2 times a day and then there's no need to wait, it requires you to register for super, the app really forces users🥀🥀🥀💔"
f69430ee-ef4d-49db-8d8c-0fe94a25af5d,001,1,ko cho tôi xem hồ sơ. thật kì cục. nhưng 1 phần hữu ích cho việc học tập các tiếng. nhưng tại sao không cho tôi xem hồ sơ? nếu vậy sao biết mình tiến bộ hoặc nhận phần thưởng?,2026-01-23 15:43:39,Negative,"Don't let me see your profile.so weird.but partly useful for learning languages.But why don't you show me the file?If so, how will you know if you are progressing or receiving rewards?"
60373d9a-7864-4f21-8290-891b9308d095,001,2,học đc nhưng hc đc 1 bài ra thì quảng cáo vs còn nhiều lối chính là khiến nhiều ng điền và chọn sai mong app sửa lỗi,2026-01-23 13:49:47,Negative,"You can learn, but after learning just one lesson, there are many other ways to advertise and make many people fill in and choose incorrectly, hoping the app will fix the error."
a6eb93b1-70a4-4e56-94d6-5d396c7ead40,001,2,"mình có đăng kí gói học, phí là 689.000 [vẫn còn hiện giá như vậy khi mình xem gói đăng kí] nhưng mail gửi về là 765.556. vậy giá hơn 765.556 mới đúng là phí mình cần trả hay sao, mình không hiểu lắm nên vẫn chưa đồng ý thanh toán. mong nhận được giải đáp ạ",2026-01-23 12:53:58,Negative,"I signed up for a course package, the fee is 689,000 [the price is still there when I look at the registration package] but the email I received was 765,556.So is the price of more than 765,556 the correct fee I need to pay? I don't really understand so I still haven't agreed to pay.I hope to receive an answer"
71cf2361-9b77-4369-8763-548499080964,001,1,"i found the other courses okay, but when playing chess, it freezes when i'm about to win. furthermore, while i was studying level 28 of part 3, it jumped back to level 26.",2026-01-23 12:24:26,Negative,"i found the other courses okay, but when playing chess, it freezes when i'm about to win.furthermore, while i was studying level 28 of part 3, it jumped back to level 26."
2bb79b8c-8ab4-4435-9d52-cd5f12d7767c,001,1,"lúc trước hay nhưng bây giờ tệ quá!!! quá nhiều quảng cáo, năng lượng không đủ, chơi cờ vua thì app lại có nhiều lời lẽ xúc phạm.",2026-01-23 10:15:53,Negative,"Used to be good but now it's terrible!!!too many ads, not enough energy, playing chess, the app has many offensive words."
e1c8b9da-44cb-46c4-b36a-6ac4b115b383,001,2,ủa ê trước t còn tận 1000 mấy kn top 1 bảng xếp hạng mà mấy ngày sau đã bị tụt xuống còn đúng 32 kn là sao nx v 💔,2026-01-23 06:16:39,Negative,"Wow, before I still had 1000 kn in the top 1 rankings, but a few days later it dropped to exactly 32 kn, what's wrong with that 💔"
a463d77c-fc8e-4ffe-8975-fa7b52253692,001,2,tôi chỉ mới 9 tuổi và tôi không biết email của mình là gì tôi không tạo hồ sơ được nên tôi đã xóa nó,2026-01-23 05:14:34,Negative,i was only 9 years old and i didn't know what my email was i couldn't create a profile so i deleted it
12a9108f-2be0-4d39-938d-36a823b8c241,001,1,tôi làm nhiệm vụ lấy rương vàng mà đợi 4 tiếng đồng hồ mà không thấy x3 kinh nghiệm đâu game làm vậy chán quá,2026-01-21 23:20:16,Negative,I did a quest to get a gold chest and waited 4 hours without seeing x3 experience. The game is so boring
08de42cc-7575-4239-b713-dffbc95d186f,001,1,"tôi đã đã nói đúng rồi mà cậu còn cố sửa đáp án đi (ví dụ: chữ ghi là : hãy đọc câu ""yes this is my jacket"" thì tôi đã nói đúng như thế rồi mà cậu còn cố sửa thành ""không chính xác, đáp án : wellcome to brazil",2026-01-21 16:03:20,Negative,"I said it correctly but you still tried to change the answer (for example: the text is: read the sentence ""yes this is my jacket"", I said it correctly but you still tried to change it to ""incorrect, answer: wellcome to brazil"""
592e0768-50eb-4aed-aa70-ce8dc2adebf9,001,1,dmm duo ạ dmm m đang làm cửa 30 được 1 nửa rồi thế đel nào tụt ngược con mẹ nó lại của 22 dmm mất cả tuần vl,2026-01-21 12:26:25,Negative,"dmm duo, dmm I'm halfway done at 30, so why the hell do I have to go back to 22 dmm, it took me a whole week"
0e5c17ae-0667-4be6-b392-7fba9305b7ce,001,1,từng là một ứng dụng học miễn phí mình rất thích cho đến khi nó thành một app spam quảng cáo và hạn chế năng lượng,2026-01-20 16:59:26,Negative,It used to be a free learning app that I really liked until it became an app that spams ads and limits energy
f27c5087-41f6-441f-a2ec-a9f60efb2442,001,1,"app tệ, quá nhiều quảng cáo, cứ xong 1 bài là 1 cái. 1 số cơ chế, bài học bị lỗi hoặc bài học quá sức làm người dùng sai, mất điểm oan. thậm chí còn có lỗi làm cho cả người dùng mất cả đá quý chẳng vì lý do gì cả",2026-01-20 16:33:47,Negative,"Bad app, too many ads, just 1 post every time.Some mechanisms and lessons are faulty or the lessons are too overwhelming, causing users to make mistakes and lose points unfairly.There's even a bug that causes users to lose gems for no reason at all"
4f3269ed-9e25-43c7-a5a4-469c234a2548,001,1,"tệ , tính ra ko cho sao nào nhưng thôi học hay quá nên cho 1 sao quảng cáo thì lắm mà còn dịch sai nữa bỏ có 1 ngày mà mất 100 ngày tạo cho người cảm giác khó chịu , mất mát , tiếc rồi còn chơi cờ vua nữa đang chơi thì dừng rồi xòn khịa người chơi !",2026-01-20 14:53:18,Negative,"It's bad, I don't think I should give any stars, but the lesson is so good that it's too much to give 1 star for advertising, but it's also a mistranslation that takes 100 days in just 1 day, giving people a feeling of discomfort, loss, regret, and even playing chess, then stopping and then insulting the players!"
883507a1-0dbd-4bc1-b2bd-43869b1d1860,001,2,phần cờ vua con duolingo đánh ko đủ hay để cho ng mới học tập và có quá nhiều phần ko cần thiết cho người mới học nên cho tiếp thu cơ bản và cho học khai cuộc hoặc các thế cờ thiên tài và con duo đánh cờ quá dở người mới ko nên học theo cách đánh đó nó thí 1 cách ko suy nghĩ,2026-01-20 14:06:03,Negative,"Duolingo's chess part is not good enough for beginners to learn and there are too many unnecessary parts for beginners so let him absorb the basics and let him learn openings or genius chess positions and Duo is too bad at chess. Beginners should not learn to play that way, it's just a thoughtless way."
a81363b0-ddc1-4ab9-abfe-d889ff0d3775,001,2,"app dùng cx đc đấy mà ko hiểu sao lâu lâu toàn quảng cáo mấy cái nhãm 18+ vl ,t vừa thấy là t tắt app xoá đi r vô lại>:(",2026-01-20 13:45:38,Negative,"The app is okay to use, but I don't know why it always advertises 18+ stuff. As soon as I saw it, I turned off the app and deleted it and then came back >:("
66fb1184-cdae-44e3-8e21-7291d3d79ba5,001,1,app ngày càng tệ hại hơn tôi đang có nhiều kim cương thì tự nhiên mất hết nhiều quảng cáo và tốn năng lượng với lại học xong nó có quảng cáo và màn hình đen xì rất bực🤬 mình càng ngày càng như thế học càng ngày càng chán chỉ muốn xoá đi thôi 💢😤😤😠😠🤬🤬😾😾😤😤👿👿👿🗯️🗯️😒😒🙎🙎 không hiểu kiểu j luôn á,2026-01-20 13:09:08,Negative,"The app is getting worse and worse. I have a lot of diamonds and suddenly I lose all the ads and waste energy. After learning it, it has ads and the screen goes black, which is very annoying🤬 I'm getting more and more like this. I'm getting more and more bored with studying and I just want to delete it.💢😤😤😠😠🤬🤬😾😾😤😤👿👿👿🗯️🗯️😒😒🙎🙎 I don't understand what's wrong"
5a248222-e817-4958-90ac-54c6c18af802,001,2,đổi thành năng lượng thành tim đi. tự nhiên đáng lẽ ra 2 năng lượng mà tự nhiên học xong lại tụt xuống 1 năng lượng. đổi lại đi. không đánh giá 1 sao đấy,2026-01-20 10:24:14,Negative,"Change it into energy into heart.Nature was supposed to have 2 energy but after learning it, nature dropped it to 1 energy.change it back.Do not rate 1 star"
750dde05-df5e-4ccb-a3f3-87323e43ca57,001,1,"phản ánh việc cho năng lượng vô là không phù hợp,tôi học đc có 2 bài là cùng còn lại phải học để kiếm,không chấp nhận đc việc này.mong nsx trả lại t học dễ dàng hơn😭",2026-01-19 22:22:47,Negative,"reflect that giving energy is not appropriate, I only learned 2 lessons and the rest have to learn to earn, this is not acceptable. I hope the publisher returns it to make learning easier😭"
09d89d35-cd3e-4f1e-a507-8b6f96dbbaf7,001,1,"horrible speaking experience. the app does not accept the answers even when its correct. it happened multiple times, not just once or twice. and it varies from devices to devices. my s25 ultra works best, the iphone 13 pro doesnt recognize subjects, and the vivo x300 pro sucks most of the time.",2026-01-19 16:26:02,Negative,"horrible speaking experience.the app does not accept the answers even when its correct.it happened multiple times, not just once or twice.and it varies from devices to devices.my s25 ultra works best, the iphone 13 pro doesnt recognize subjects, and the vivo x300 pro sucks most of the time."
eb4423e7-c296-4340-8716-a4aedccaf697,001,2,"mặc dù app hay nhưng lại rất tệ về cờ vua,thua trừ 27 elo,thắng cộng 6 elo.phải nói là rất tệ và siêu tệ.chơi cũng không công bằng,mình chơi cỡ mình,nó chơi hết cỡ của nó luôn. nó còn chơi rất bẩn giống thái nữa.nên cho 2sao",2026-01-19 15:50:01,Negative,"Even though the app is good, it's very bad at chess, losing minus 27 elo, winning plus 6 elo. I have to say it's very bad and super bad. Playing is not fair, I play at my level, it plays at its full capacity.It also plays very dirty like Thai. So I give it 2 stars"
fefb2498-22a4-49b1-a5c5-755a1a997045,001,1,"chơi chess có thằng oscar cứ khiêu khích sôi máu vl,xong còn cố tình khiến mình phải đi những nước đi thưa,xong gần thắng rồi thì đánh hoà luôn không cho đánh nữa.là app học mà cứ làm khiêu khích người học kiểu này thì chưa tày đâu😡😡😡😡",2026-01-19 15:19:32,Negative,"When I play chess, there's Oscar who keeps provoking me and makes my blood boil. Then he deliberately makes me have to make slow moves. After I almost win, I immediately play a draw and won't let me play anymore. It's a learning app that keeps provoking learners like this, it's not bad😡😡😡😡"
9b4c2c42-9a64-481a-9910-8a54a645dd98,001,2,chịu luôn học từ vựng mới mà học câu có từ vựng đó trước khi hiểu nghĩa của từ đó trl sai thì tốn năbg lượng chịu,2026-01-19 14:18:07,Negative,"If you are willing to learn new vocabulary, learning sentences containing that vocabulary before understanding the meaning of that word will waste your energy."
7c378ecd-c8fe-47cb-bba3-ccb7b4a44f7b,001,1,"đang yên đang lành trở thành nợ , tự động thanh toán mà không hỏi người dùng đồng ý chưa, thấy kêu giảm 60% trả theo tháng kết quả là phải trả 1 năm thiệt là bực mình, lí do này nên mình rất ghét duolingo đang rất thích nhưng mình giờ rất không có thiện cảm với duolingo nữa",2026-01-18 16:23:27,Negative,"If the situation is still in good health, it becomes debt, automatic payment without asking the user if they agree, seeing the request for a 60% reduction in monthly payments resulting in having to pay for 1 year is really annoying, this is the reason why I really hate Duolingo."
d0b6bde7-25b4-49ee-8eb3-9107a0e8c020,001,2,"ơi là trời, hồi đó có mấy trái tim học còn được, bây giờ cho cái cục năng lượng vô hút máu tao. mà tạo quảng cáo chi rồi kêu đóng tiền để gỡ, app càng ngày càng tệ, kêu miễn phí mà cứ tìm cách hút máu đến tận cốt lõi.",2026-01-18 12:42:40,Negative,"Oh my god, back then there were a few hearts that could still learn, but now you put that energy block in and suck my blood.Instead of creating ads and then asking to pay to remove them, the app gets worse and worse, claiming to be free but still trying to suck blood to the core."
c62ead0e-ce15-4c12-b3a3-30721cc0c2cf,001,1,"các bài học giờ trở nên lộn xộn họ thay thế các bài học thành gọi cho lily, tôi không nghĩ tính năng gọi cho lily phù hợp với trình độ a1 thay vào đó nên cho nhiều bài tập hơn.",2026-01-18 12:11:14,Negative,"The lessons are now becoming messy. They changed the lessons to call lily. I don't think the call lily feature is suitable for level A1. Instead, there should be more exercises."
11fb9b67-47bf-4a47-a88d-f1e9bf7f9900,001,1,"một ván thua=hai ván thắng, không cho theo dõi bạn bè, học xong nột bài=màn hình trắng, lên top kiểu gì đây? tôi xin xóa cái ứng dụng này",2026-01-18 11:02:20,Negative,"One lost game = two wins, not allowed to follow friends, finished one lesson = white screen, how to get to the top?I would like to delete this application"
0239807b-305b-4e95-ba93-1e2617324b7a,001,1,"đang từ quả tim chuyển qua cái vụ năng lượng này quá phiền luôn, ép người dùng coi quảng cáo vừa mất thời gian mà không học gì được nhiều, chất lượng bài học kém hơn hẳn so với ngày xưa. đang học mới đc 2 tới 3 bài lại hết năng lượng muốn học tiếp phải coi thêm cả đống quảng cáo nữa để nạp. thiết nghĩ dẹp phứt cái vụ xếp hạng chạy đua rank này đi cho khoẻ, học mà cứ như chơi game xếp hạng. nếu ko muốn nói càng ngày càng biến thành app phiền phức thì đúng hơn.",2026-01-18 10:15:59,Negative,"Moving from the heart to this energy thing is so annoying, forcing users to watch ads is a waste of time without learning much, the quality of the lessons is much worse than before.I've only studied 2 to 3 lessons but I'm out of energy and want to continue studying so I have to watch a bunch of more ads to recharge.I think we should get rid of this whole ranking thing and get better. Studying will be like playing a ranking game.If I don't want to say it's becoming more and more annoying, it's more accurate."
88ae81e1-7737-4c4d-a2d7-d74475d24f74,001,1,ứng dụng ko tốt 😡lúc chơi cờ thua thì bị trừ nhiều elo vãi còn thắng cộng ít vãi. hơn nữa vui lòng đổi lại năng lượng thành trái.t,2026-01-18 06:22:43,Negative,"The app is not good 😡when you lose, you lose a lot of elo and when you win, you gain a lot of elo.furthermore please change the energy back to fruit.t"
84ed4cac-bcdf-4b30-8438-2a15279297e1,001,1,chơi cờ vua elo đã 960 là giới hạn của tôi nhưng duolingo cứ đánh toàn nước của người có elo cao hơn tôi khó đánh lắm,2026-01-18 04:05:25,Negative,"Playing chess with an elo of 960 is my limit, but duolingo keeps playing all the moves of people with higher elo than me, making it very difficult to beat."
794f576c-f6e5-4fc8-9658-7f093580b81f,001,1,"app càng ngày càng tệ , từ khi sử dụng ai thay thế cho các dịch thuật viên việc học ngày càng cứng nhắc và thiếu tính sáng tạo",2026-01-17 17:19:55,Negative,"The app is getting worse and worse, since using AI to replace translators, the learning has become more and more rigid and uncreative."
4eaf8703-fb5d-4bfa-a12c-cd772fa817a0,001,1,"đặc biệt môn cờ vua khi đấu cờ vua thì nhân vật rất ngông tự cho mình giỏi nhất đã đánh giá khi app hỏi mà ko cải thiện còn có lời nhẽ hạ thấp người đấu như câu ""người lính mới""",2026-01-17 16:14:48,Negative,"Especially in chess, when playing chess, the character who is very arrogant and thinks he is the best evaluates when asked by the app but does not improve and even makes degrading words to the player like ""new soldier""."
b0aef53c-67f2-4bbf-9b8f-3c9c791bb09c,001,1,rất tệ luôn á cứ bắt nạt super rồi học cờ vua đã để là mới biết chơi thôi đi đấu thử thì con cú nói chơi pro ơi là pro không giải thích gì luôn mới biết chơi mà để máy chơi vậy thì chơi kiểu gì rồi học ngôn ngữ khác thì cứ câu đó lập lại hoài luôn không hiểu nổi rồi còn cho năng lượng lúc đầu thấy tim hay ơi là hay nên tải về học thì lúc đầu thấy cũng ok mà giờ bứt súc quá nên mới lên đây,2026-01-17 15:57:18,Negative,"It's really bad, I keep bullying Super and then learn chess so I don't know how to play, so I try to compete, but the owl says I'm pro, I'm pro. I don't explain anything, but I leave it on the computer, so how do I play? Then learn another language, I keep repeating the same sentence over and over again, I can't understand it, and it gives me energy. At first, it felt good, so I downloaded it and learned it. At first, it seemed ok, but now I'm so frustrated that I came here."
3de1a59c-ed1b-4fc9-ba14-efcc7482390f,001,2,"app cũng cũng được nhưng cái năng lượng nó tốn thật, học đc 2 bài xong phải đợi ngày mai mới học đc tiếp mà còn kiểu dạy sai kiến thức ý, ở bộ môn cờ vua ý, dạy cứ kiểu gì ý. khuyên cho các bn đừng tải app này về học mặc dù học ta cũng đc.",2026-01-17 15:30:02,Negative,"The app is okay, but it wastes a lot of energy. After learning 2 lessons, you have to wait until tomorrow to continue learning, and it also teaches the wrong knowledge. In chess, you can teach it any way you like.I advise you not to download this app to study even though you can learn it."
848ba46f-3306-41f2-b8a7-596f882f333a,001,1,kêu học 6 bài trên 90% mà sai 1 câu còn có 87% v sao k để hoàn thành 6 bài hoàn hảo luôn đi quá điên máu r,2026-01-17 14:32:13,Negative,It's crazy to study 6 lessons and get 90%+ but get 1 question wrong and still get 87%.
c5d63e0b-e899-4eff-8b3c-e21ca8ade8a6,001,1,"lợi dụng để moi tiền từ người dùng. quảng cáo về gói dịch vụ rất nhiều. mặt tốt thì cho nhân thêm kn, mặt kia lại chèn nhiều quảng cáo cho hết cả thời gian nhân. thấy người dùng không dùng gói mà kiếm được nhiều kn quá thì trừ nhiều năng lượng để bài học dở dang và không kiếm được điểm trọn vẹn. 0/10 điểm và không suy nghĩ lại",2026-01-17 13:49:14,Negative,"taking advantage to extort money from users.There are a lot of advertisements for service packages.On the good side, the multiplier adds more kn, on the other hand, it inserts a lot of ads to take up the entire multiplier time.If you see a user who doesn't use the package and earns too much kn, then they deduct a lot of energy so the lesson is unfinished and they don't earn full points.0/10 points and don't think twice"
dcf724c0-b4e0-4094-9f32-48828bdb7a9b,001,1,"chơi bảng xếp hạng tự nhiên bây giờ bắt dùng năng lượng nữa chứ,có thể xem quảng cáo sau mỗi bài học nhưng kiểu ép buộc xem thế này chán, càng ngày học càng chán",2026-01-17 13:37:36,Negative,"Playing the natural rankings now requires more energy. You can watch ads after each lesson, but forced viewing like this is boring. Studying becomes more and more boring as time goes on."
d6fe6d63-1d5f-4e2f-82bb-83d483953755,001,1,"một ứng dụng học tiếng anh nhật trung hàn rất ""đúng"" học và nạp tiền để học. nói chung rất hay và thú vị. đến mức tôi phải bỏ học. tôi đi ngủ mà toàn thông báo duolingo. tiếng trong phim thì rất đa dạng. tôi đã nghỉ 1 ngày và nó nhắc tôi học như cái chuông. nói chung là rất là hay nên tôi sẽ cho nó một cái giá to nhất 1 sao",2026-01-17 09:56:50,Negative,"A very ""correct"" application for learning English, Japanese, Chinese, and Korean. Learn and recharge to learn.Overall very good and interesting.to the point where I had to drop out of school.I went to bed and it was full of duolingo notifications.The sounds in movies are very diverse.I took a day off and it reminded me to study like a bell.Overall it's very good so I'll give it the biggest 1 star"
79b81824-3c69-42d4-9a4f-b050975908b4,001,1,ngữ pháp và câu từ còn yếu kiểu có nhiều cách diễn đạt nhưng app chỉ chấp nhận 1 cách duy nhất dạy ngữ pháp cũng dạy láo làm cho vui thôi chứ không giỏi khá lên được bao nhiêu,2026-01-17 06:23:34,Negative,"Grammar and sentences are still weak. There are many ways to express things, but the app only accepts one way to teach grammar. It's just for fun, but it doesn't help you get much better."
5b3fbb32-41a6-4a50-8d52-e5d5a767b93c,001,1,chơi cờ vua mình thắng thì bị giảm elo còn mình thua thì giảm gần hết elo. bị lỗi mong nhà phát hành sữa chữa. đây thắng thì là 1063 còn chơi thêm ván nữa thì mình vẫn thắng mà nó giảm còn 1058. rồi chơi thêm ván thì tăng 1 elo duy nhất là 1059. rất bực mình. với lại rõ ràng đã cập nhật phiên bản mới rồi mà mình không có chơi cờ vua cùng người khác còn người khác thì có. là sao vậy nhà phát hành??,2026-01-17 03:56:33,Negative,"If you play chess, if you win, your elo will be reduced, and if you lose, your elo will be reduced almost entirely.If there is an error, I hope the publisher will fix it.If I win, it's 1063, but if I play one more game, I still win, but it drops to 1058. Then, if I play another game, my elo increases by only 1, which is 1059. Very frustrating.Besides, it's obvious that the new version has been updated, but I don't play chess with others and others do.What's wrong, publisher??"
723827e5-0c84-4e73-90f2-30c16c8348c0,001,1,ê tại sao cứ phải bỏ quảng cáo vô mấy bài học làm cái j v cứ học xong là quảng cáo mà còn nữa nha nó tốn năng lượng vcl luôn học 1 bài là mất 1 năng lượng tốn thời gian á,2026-01-17 02:01:20,Negative,"Hey, why do we have to put ads in every lesson? Every time we finish studying, there's ads, but there's more. It wastes energy. Always studying one lesson is a waste of energy. It's a waste of time."
056ec9d4-9255-42bc-9339-d69e94724215,001,1,học cũng tạm nhưng tôi yêu cầu tôi đã xóa ứng dụng nhưng nó vẫn gửi email làm phiền xâm nhập quyền riêng tư của ngkh có tin tôi kiện ko hả mong mn đừng tải về,2026-01-16 14:27:36,Negative,"Learning is okay, but I requested that I delete the app, but it still sends annoying emails, invading people's privacy, do you believe I'll sue? Please don't download it."
b166a8b4-81d5-4d5b-b10e-71abf2097476,001,2,phần học tiếng nhật học vượt mình chọn đúng rồi nhưng nó không cho nên chỉ có thể bấm sai để qua tiếp mong sữa lại,2026-01-16 14:27:35,Negative,I selected the correct Japanese language section but it didn't work so I could only press the wrong button to continue and hope to fix it again
a7e098d3-5a91-4dd0-934c-e1df7ff40672,001,1,"ko đùa đâu duo giờ muốn hút máu người chơi đến mức nào vậy? học thì vẫn ổn đi, nhg quảng cáo thì chả bao h thiếu, đã thế còn đổi cơ chế tim làm mất cân bằng việc học cho người dùng. thu nhập thì vẫn ào ào nhưng vẫn cố ép người dùng phải bỏ tiền ra để được học, bộ giờ bộ phận bên duo toàn người vô gia cư hay gì?",2026-01-16 14:14:19,Negative,"No kidding, how much do you want to suck the player's blood now?Learning is still fine, but there is no shortage of ads. Moreover, changing the heart mechanism unbalances learning for users.The income is still huge but still trying to force users to spend money to study, is the duo's part full of homeless people or something?"
47569547-4a3b-45e7-b3d4-a3d009ed283d,001,1,mih mới học cờ vua thôi mà nó chơi như dân chuyên ấy chơi 10 trận nó thắng hết r là học dữ chưa duo ???,2026-01-16 13:05:04,Negative,I just learned chess but he plays like a pro. After 10 matches he won them all. Have you learned well yet duo???
15442106-e730-482f-ab36-56e445679538,001,2,học thì ít còn xem quảng cáo thì nhiều. phải nộp tiền vô mới kh có quảng cáo. học đc 2 bài là kh học đc nữa phải đợi tới ngày mai mới học được😡,2026-01-16 13:03:17,Negative,"Study less and watch more ads.You have to pay to get there without ads.If you learn 2 lessons, you won't be able to learn any more, you have to wait until tomorrow to learn them 😡"
339558e8-01a0-402c-b183-d5c16c4ef45e,001,1,"duolingo càng ngày càng tệ. cập nhật năng lượng thì hết nhanh còn suốt ngày quảng cáo bắt người học đang kí super. học cờ thì lag, hay văng. lúc sắp thắng hay thắng xong ván r còn làm đơ quân cờ với cả màn hình luôn. so với hồi ấy thì bản duolingo mới này làm mình thất vọng vô cùng.",2026-01-16 11:56:27,Negative,"duolingo is getting worse and worse.Energy updates run out quickly and all day long there are ads forcing people to sign super.Learning chess is slow and often crashes.When you're about to win or have won a game, it freezes the pieces and the whole screen.Compared to that time, this new duolingo version makes me extremely disappointed."
61289b91-d072-4df4-8937-485abd54a54d,001,1,"chán app này học rất chán nha h,dạy khác giáo viện tiếng anh cua tôi luôn mà cái này kiểu như là app học hay là buôn bán vậy ngày nào vô cxng là super duolingo hết trơi luôn á trời mà đóng tiền có phải ít đâu 1 tháng cũng mấy trăm ngàn ròi ,app học hay buôn bán",2026-01-16 05:37:40,Negative,"I'm bored with this app, it's very boring to study, it's different from my English school, but this is like a learning or trading app, so every day I go to cxng, Super Duolingo is gone, oh my god, but the payment is not small, it's a few hundred thousand a month, it's a good learning app, it's a trading app."
30da8af6-1aad-4a1f-83f6-0aa5d27d02e9,001,1,"chê tôi chê vì khóa học cờ vua nó tự đi trong khi đó tôi ko làm j cả!!!! tôi rất tức giận vì điều này. còn quá đáng hơn nữa khi tôi chơi thi đấu với oscar thì điều này đã sãy ra!!!, tôi định phong hậu thì oscar ko cho đi mà nói nước đi khác tốt hơn nhưng tôi thấy ko đọc tôn trọng nước đi của tôi!!! tôi ko nghe lời oscar thế là oscar cho tôi hòa!!!!!! rõ ràng là không tôn trọng người khác!!!! tôi rất tức giận vì điều này tôi quyết định bỏ 164 ngày streek.tôi nghĩ mọi người ko nên chơi nó. rất tệ",2026-01-16 03:59:36,Negative,"Criticize me because the chess course goes by itself while I don't do anything!!!!I am very angry about this.What's even more outrageous is that when I played against Oscar, this happened!!!, I was about to win the title, but Oscar didn't let me go, but told me another move was better, but I felt like he didn't respect my move!!!I didn't listen to oscar so oscar let me draw!!!!!!clearly no respect for others!!!!I'm so angry because of this I decided to quit 164 days stretch. I think people shouldn't play it.very bad"
586f3f88-1707-40c9-8e67-6b23bcffe088,001,1,tôi làm đúng mà ghi sai rất nhiều lần rồi tôi đã báo cáo nhưng áp ko áp dụng mà còn cho tôi sai nhiều hơn mặc dù tôi làm đúng,2026-01-15 15:28:42,Negative,I did it right but wrote it wrong many times. I reported it but it didn't apply and gave me more errors even though I did it right.
b422a6b1-4b95-44a9-b5f1-e57085dc2e89,001,1,app như 👖. đọc đúng nhưng app k nghe k nhận diện được nên đánh giá sai. mỗi lần học bài nào có kĩ năng nói là nó như 👖 vậy. abshckkfbduskwđhsikbl,2026-01-15 15:04:16,Negative,"apps like 👖.Read correctly but the app can't hear and recognize it so the assessment is wrong.Every time I study a lesson with speaking skills, it's like 👖.abshckkfbduskwdhsikbl"
45ef58b9-8bc3-4e31-be7f-a069ebbd1888,001,2,"tôi đã mua gói duolingo family plan cho 6 thành viên. tuy nhiên sau khi mời 3 người, hệ thống đã chặn không cho tôi mời thêm, dù ứng dụng vẫn hiển thị còn suất. tôi không được thông báo rằng lượt mời bị giới hạn hoặc lời mời lỗi sẽ mất suất. điều này gây hiểu nhầm và không minh bạch. tôi yêu cầu reset lại số suất hoặc hoàn tiền.",2026-01-15 14:54:16,Negative,"I bought the duolingo family plan for 6 members.However, after inviting 3 people, the system blocked me from inviting more people, even though the app still showed capacity.I was not informed that invitations were limited or that erroneous invitations would result in loss of participation.This is misleading and not transparent.I request a reset or a refund."
684b9297-ac24-4851-9647-8dde7ff67d26,001,2,"dou trả về cái trái tim đỏ đc ko duo?, dou đổi thành cục pin hồg chi v duo?, cục pin đó lm đúg hay sai j cũg bị tuột pin hết lượt để học v duo?!! trả về trái tim đỏ đi duo lm ơn đó!!",2026-01-15 14:41:44,Negative,"Can you give me back the red heart duo?, can I change it to a pink battery?, is that battery right or wrong?Please return the red heart, please!!"
9a1ef2d5-6664-4625-9b05-0b37b061ebeb,001,1,tôi đang học đến 88 chuỗi thì chỉ vì tôi học vào buổi tối nữa lúc đấy chưa qua một ngày mới thì nó đã cho 89 ngày và bắt đầu con duolingo nó lại cho tôi về không chuỗi vậy thì bao nhiêu ngày học thì tôi đổ sông đổ bể hết à bông duolingo sớm cho tôi quay lại chuỗi ban đầu,2026-01-15 11:52:10,Negative,"I'm studying up to 88 series, but it's only because I study in the evening that it's not even a new day before it gives me 89 days and when I start Duolingo, it gives me an empty streak, so how many days of studying will I have to go to waste? Duolingo will soon let me go back to the original series."
0851646c-e32f-44e4-96a2-091cfbcd352a,001,1,nhiều quảng cáo vô cùng lâu lắm mới tải lại vì không có thời gian rảnh nhưng tải lại rồi thì nhiều quảng cáo. thật sự rất ức chế,2026-01-15 11:21:25,Negative,"There are a lot of ads and it takes a long time to reload because I don't have free time, but after reloading, there are a lot of ads.really frustrating"
c3cd0f92-293f-4eb9-bfa1-5a7abb4fcc1b,001,2,tự nhiên đang chuỗi 43 xong mất khôi phục tận 500 kim cương app ko ra gì cho super thì đc có 3 ngày 2 sao là vừa,2026-01-15 11:12:34,Negative,"Naturally, the streak is 43 and then I lost 500 app diamonds, but nothing happened for super, so I only got 3 days and 2 stars, which is enough."
0abd181c-392f-4f73-81d0-85e88167f3b6,001,1,"djt me duo càng ngày càng nát. nsx nghèo đến thế cơ à? cái lon me nó chứ bài học nào cũng phải chèn quảng cáo vô để hút máu người ta bắt phải dùng super để gỡ quảng cáo. nói chung là rất chán, tao nhớ hồi đầu duo còn cho học ngoại tuyến nữa cơ",2026-01-14 17:25:59,Negative,"djt me duo is getting more and more broken.Is nsx that poor?Damn it, every lesson has to insert ads to attract blood, people have to use super to remove ads.Overall it's very boring, I remember in the beginning they even allowed offline learning"
a4bca9bf-6a3b-4225-95ad-bb9e330bdab5,001,1,nhiêm vụ yêu cầu học 10p. học chưa đầy 10p hết bà nó năng lượng. mỗi ngày học được 5p thì ngang không học. app chăm chăm làm tiền phá hỏng trải nghiệm người dùng,2026-01-14 16:40:38,Negative,"The task requires studying for 10 minutes.After studying for less than 10 minutes, she lost all her energy.If you study 5 minutes a day, you won't study at all.Apps that focus on making money ruin the user experience"
7cc72448-f2bf-471c-beee-8b95e0d2163b,001,1,"chỉ cần bt là nó ko có não, a i mà, cơ chế như cc elo mất lỗ vãi nói chung ko hiệu quả. vẫn hót phet là hiệu quả",2026-01-14 16:00:18,Negative,"Just know that it doesn't have a brain, it's just that, mechanisms like cc elo are losing money in general and are ineffective.It's still effective"
e1f1d0fb-e488-4d43-b69c-72f807b566bc,001,2,bh ngày càng hút máu ng dùng bắt mua super giá trên trời quảng cáo hoài nếu ai là ng học cũ thì biết trc dùng tim tiện ích bh làm câu -1 năng lượng ai ko có lửa thì né vội đi bh t phải giữ lửa nè khó chịu,2026-01-14 13:50:47,Negative,"bh is attracting more and more blood from users, forcing them to buy super at sky-high prices and advertising all the time. If anyone is old school, they know that using heart utility bh makes -1 energy sentences. If you don't have fire, then avoid it quickly. bh, you don't have to keep the fire, this is annoying."
016d2093-bc59-4e71-a669-391ab1950ab5,001,1,"đọc đúng luôn mà nó không nghe, mọi người đừng tải nhé! con game này bịp vãi cho 1 sao luôn, còn thêm nữa người ta học mỗi bài quảng cáo 1 lần làm tốn thời gian vãi.ước j có 0 sao tao chấm game này 0 sao",2026-01-14 13:31:53,Negative,"I read it correctly but it doesn't listen, everyone please don't download it!This game is such a scam to give 1 star, plus people learn each advertisement once which is a waste of time. I wish there were 0 stars and I would give this game 0 stars."
0528d043-2ca2-46a7-8def-7c2c8b9142a7,001,1,"i'm very unhappy with duolingo's energy system, because it runs out after only a short time of learning. using hearts was much better before, even though i know duolingo needs money :(",2026-01-14 12:23:06,Negative,"i'm very unhappy with duolingo's energy system, because it runs out after only a short time of learning.using hearts was much better before, even though i know duolingo needs money :("
a392b137-9dad-459c-9553-e3bf953d4e1f,001,1,làm ơn cho đánh cờ với ng chơi khác trên samsung đi chứ sao bn tôi iphone có r là sao?với cho nhiều bot hơn đi có mỗi oscar dễ quá,2026-01-14 12:08:01,Negative,"please let me play chess with other players on samsung, why does my friend have an iphone? please add more bots, it's just too easy for oscar"
5f2c054d-2dfc-4542-8cc0-bc25664a31bd,001,2,học thì vui nhưng mà cứ hết năng lượng là lại kêu nạp đâu phải ai cũng có thể nạp đc đâu tr đang học vui cái đó báo hết năng lượng r cũng hết vuii lun ý má lúc còn trái tim thấy cũng tệ mà mấy h có cái năng lượng j đây nx thì càng tệ hơn nx,2026-01-13 17:01:55,Negative,"Studying is fun but every time I run out of energy I have to recharge. Not everyone can recharge. I'm studying for fun. It says I'm running out of energy. I'm no longer happy. When I still had a heart, it was bad, but when I have this energy, nx, it's even worse."
442e5187-d4e4-4465-8d6f-754c4e8aefe1,001,1,"thề, lúc phát âm thì nó dell nhận, lúc hok bài nghe thì toàn cho từ mới, đã đc thấy đell đâu mà chọn đúng",2026-01-13 13:57:09,Negative,"I swear, when it comes to pronunciation, it's good, but when I study listening, it's always new words. I can't see how good it is so I can choose the right one."
f697338d-bde7-4eda-b65c-2d2556f604f2,001,1,"tệ cực kì, mỗi lần chs hay hc một bài thì quảng cáo doulingo lại xuất hiện một lần rất khó chịu, nói chung là tệ, k nên tải",2026-01-13 12:50:07,Negative,"Extremely bad, every time I play or learn a lesson, the doulingo ad appears once, very annoying, in general it's bad, don't download it."
3bea65e5-7c87-421c-97df-8404b9809679,001,1,tốn năng lượng vl càng ngày cờ vua càng khó thà tự học còn hơi học ở đây hoc ức chế ko nên tải về tải về ko học được thì tải về cho nặng máy :),2026-01-13 10:58:11,Negative,"It's wasting so much energy that chess is getting more and more difficult. It's better to self-study than to study here. It's frustrating. Don't download it. If you can't learn it, download it to make it harder :)"
40383507-214c-4f25-9552-494a1a18af3b,001,2,"đmm mình đã theo học đc gần 1 năm, trước đây là trái tim thì khi mình học sai nó mới nên tha hồ học bởi vì mình khá cẩn trọng và ít khi sai sót nhưng tự nhiên đổi sang thanh năng lượng đúng cũng mất mà sai cũng mất???? thật sự là khi dùng thanh năng lượng học đc tối đa 4 bài là cùng. muốn có năng lượng thì phải nạp hoặc xem quảng cáo dài như 🐶 . xem xong là đell còn hứng để học luôn ý. ngta cải thiện để tốt lên còn app này càng cải thiện càng tệ vậy???? cứ đà này sớm muộn gì cũng sập.",2026-01-12 15:00:40,Negative,"Damn, I've been studying for almost a year. Before, it was my heart, so when I learned wrong, it was the only thing I could learn because I was quite careful and rarely made mistakes, but suddenly I changed to the right energy bar and lost it, but also lost it when I got it wrong????Actually, when using the energy bar, you can learn a maximum of 4 lessons.If you want energy, you have to recharge or watch long ads like 🐶.After watching it, I'm still excited to learn.ngta improves to get better and this app gets worse the more it improves????At this rate, sooner or later it will collapse."
82aa10e9-c7c6-40d4-84e5-9bcf4526cbe6,001,1,"cờ vua đang đấu với nó, mình đi thế nào cũng là lựa chọn của mình, miễn sao thắng là được rồi, nó cứ bắt mình đi lại??? con ai có thái độ khiêu khích người dùng, liên tục bào kim cương người dùng",2026-01-12 13:08:39,Negative,"Chess is playing against it, it's my choice whichever way I go, as long as I win that's fine, it keeps forcing me to move???Who has a provocative attitude towards users, constantly teasing users"
c6cea663-fdf5-46c9-a70f-4b7c0829ab5f,001,1,bây giờ quá nhiều quảng cáo cứ học xong 1 bài là qc chán vch năng lượng thì nhanh hết khó chịu vô cùng ko được tốt như trước nữa goodbye,2026-01-12 12:05:41,Negative,"now there are too many ads, after just finishing a lesson, qc gets bored, vch's energy goes away quickly, it's extremely annoying, it's not as good as before, goodbye"
eccad686-6433-4ae9-a3b4-eaa84b7777a1,001,1,đang học cờ vua thì khịa tiếng anh thì từ đã học ko đúng với trình độ tôi đã chọn ko có cho chia thì,2026-01-12 11:33:12,Negative,"While studying chess, when I tried English, the words I learned were not at the level I had chosen and there were no tenses"
2ea2b3f2-0f83-44f8-ac2a-d46f3d38f6ab,001,2,"vui nhưng mà tự nhiên có cục pin chơi 2 màn hết sạch ko học được làm rớt hạng, bắt ngta nạp super nhưng đâu phải ai cũng có đủ điều kiện để mua",2026-01-12 10:11:46,Negative,"It's fun, but suddenly the battery runs out after playing 2 levels, so I can't learn, causing my rank to drop, forcing me to recharge super, but not everyone can afford to buy it."
5e59d75b-350f-4d3b-8209-d79744058427,001,1,"làm trắc nghiệm mà để thời gian quá ít không kịp điền đáp án đã hết thời gian, đọc thì như muốn hét vào đt mà đáp án vẫn sai, nhưng nhiều lúc đọc sai đọc thiếu hay còn chưa đọc hết câu thì lại thông báo đáp án đúng rồi. ảo thât sự, chỉ có quảng cáo mua gói học là nhiều cứ học đc hết 1 lesson lại quảng cáo bắt nâng cấp bắt đk gói học.",2026-01-12 04:16:22,Negative,"When you take a multiple choice test and leave too little time to fill in the answer, you run out of time. When you read it, it feels like you want to scream at your phone but the answer is still wrong. But many times you read it incorrectly, read it incorrectly, or haven't read the entire sentence yet and it says the answer is correct.It's really fake, there are only ads to buy the learning package, every time I finish learning one lesson, there are ads asking me to upgrade to get the learning package."
fda6cb22-0c03-416d-a0d1-de6f2f2323f2,001,1,"bản cập nhật mới tự nhiên thay trái tim thành năng lượng ??? bất tiện cực kỳ thêm một cái nữa là lâu lâu khi học lại bị rời khỏi bài học không lí do, trong khi số năng lực học đã mất vẫn mất",2026-01-11 16:52:00,Negative,"New update naturally changes hearts to energy???Another extremely inconvenient thing is that every now and then, when studying, you have to leave the lesson for no reason, while the lost learning ability is still lost."
b554d289-6337-42b1-8cd9-5d6fe905aa8a,001,1,"quá tệ, bot đánh cờ vua chơi thì im lặng đi, cứ ngồi sủa lắm, mất tập trung của người chơi cờ, elo thắng thì kiếm đc rõ ít mà thua thì mất rõ nhiều. app cùi bắp. không nên dùng app này.😡. cứ học xong là nó trắng , cứ phải thoát ra vào lại app miết. mình đang muốn ở section 2 mà thoát ra vào lại nó thành section 7. nói chung là quá tệ. app này đủ cho 1 sao.",2026-01-11 11:04:26,Negative,"Too bad, chess bots should be quiet when they play, they just sit there barking a lot, distracting the chess player. If Elo wins, he earns a little, but if he loses, he loses a lot.corny app.You should not use this app.😡.Every time I finish studying, it turns blank, I have to log out and re-enter the app all the time.I want to be in section 2 but exit and re-enter it to become section 7. Overall, it's too bad.This app is enough for 1 star."
40d5fcd0-e13d-45be-83cc-deb095ee0e42,001,2,thời gian học rất ít khi không đăng ký gói super và hay bị nhảy ra ngoài khi đang học. làm mất thời gian cho phép học và mất thành tích,2026-01-11 08:42:00,Negative,Study time is very limited when you don't subscribe to the super package and often jump out while studying.loss of study time and loss of achievement
ceb30a44-2aad-416e-aebd-c64562d86c5c,001,1,ứng dụng này ok nhưng hơi bất lịch sự mà còn nhiều quảng cáo nói mình đăng super duoling nữa.mà còn nói với cái giọng châm chọc nữa mà .tôi nghĩ ứng dụng này cần cải thiện cho mọi người ko thấy khó chiệu.,2026-01-11 08:09:14,Negative,This app is ok but it's a bit rude and there are many ads saying I'm posting super duoling. They also say it in a sarcastic tone. I think this app needs to be improved so people don't find it difficult to understand.
a1969227-4241-454a-8076-749d632ad178,001,1,ko có tác dụng với lại hay quảng cáo về năng lượng lợi dụng đề kiếm tiền với ko có tác dụng trong dao tiếp của học sinh chuỗi 15 ngày cứ bắt học trong khi hs rất bận học hành trong kì thi,2026-01-10 16:47:40,Negative,It's not useful for advertising or advertising about exploiting the ability to make money and it's not effective in students' communication for 15 days of having to study while students are very busy studying for exams.
7a3f03c2-e9d7-494a-971d-9761d7ea3a65,001,1,mình đang học thì cho mình thoát ra đến khi vô lại thì bắt mình học lại từ đầu lúc đó trong duolingo mình chỉ còn có 3 pin và không học được nữa mình thất vọng😔👎,2026-01-10 11:14:55,Negative,"I was studying and then let me log out until I got back in and then forced me to study again from the beginning. At that time, I only had 3 batteries left in Duolingo and I couldn't study anymore. I was disappointed😔👎"
d8be2052-9f89-4105-aa84-5e942eff7d5f,001,2,"yêu cầu cần đổi người chơi cờ vua vì người chơi cờ vua với tôi luôn chê tôi , cười các kiểu như "" haha"" dù ông ấy khen tôi nhưng tôi cảm thấy như mình liên tục bị hành hạ",2026-01-10 02:55:48,Negative,"I asked to change chess players because the person I play chess with always criticizes me, laughing like ""haha"" even though he compliments me, I feel like I'm constantly being tortured."
7bab4b93-3116-4975-b946-2548601b514b,001,1,"từ ngày đổi cơ chế 5 trái tim thành cục pin thì một ngày mình chỉ học có 2 bài là hết năng lượng. tệ và quá bất công, tạm biệt duolingo 😢",2026-01-10 02:14:10,Negative,"Since changing the 5-heart mechanism to a battery, I only study 2 lessons a day before I run out of energy.bad and so unfair, goodbye duolingo 😢"
f86581f5-fb37-4ea3-9055-8264430b4241,001,1,dạy ko đúng trọng tâm lúc tôi đang ngủ vì sáng tôi có việc thì nó thông báo làm tôi ko ngủ đc 0 điểm,2026-01-09 15:59:12,Negative,Teaching was not focused while I was sleeping because I had work in the morning and it informed me that I couldn't sleep. 0 points
630bf3bb-ef4d-4ff6-aa4a-f49d74830bbd,001,1,nó dạy cờ vua chẳng hiểu gì cả? có cả làm lại bài cũ mà chẳng khác gì bài học phần mình đang làm cùng hơi bị lỗi vì không ra điểm bị trừ và lúc bình thường thì nó ra điểm,2026-01-09 15:27:56,Negative,Does it teach chess without understanding anything?There was even redoing the old lesson which was no different from the lesson I was doing and it was a bit buggy because it didn't give points and was deducted and normally it gave points.
f5f0845a-f80f-4b82-9deb-b62ae781f8c1,001,1,"từ khi đổi từ trái tim sang pin năng lượng thì mọi thứ đều tệ hơn.hoàn thành liên tiếp 5 câu hỏi hoàn hảo toàn +1 năng lượng ,quá ít. cần cải thiện thêm ,hạn chế +1 và +2 năng lượng nên +3 năng lượng trở đi nhiều hơn",2026-01-09 15:06:26,Negative,"Since changing from hearts to energy batteries, everything has gotten worse. Complete 5 perfect questions in a row with +1 energy, too little.Need to improve further, limit +1 and +2 energy so +3 energy onwards is more"
77a583ad-90ea-475e-895d-90d483803ea5,001,1,"tôi thấy app cho thời gian hồi tim rất lâu, tận 5 tiếng còn qc thì thường xuyên ko tải lên được khi coi để hồi tim, vậy mà sau khi xong bài học thì lúc nào cx có 1 cái qc đính kèm. phần phát âm thì thi thoảng khi nói xong lại bị lag, lúc ấn vào nói lại thì bị giật xong hiện phát âm sai, ấn vào để nói lại thì cũng thế, lặp lại 3 lần rồi mất tim luôn. có 1 số câu nhập vào thì không sai ngữ pháp nhưng kiểm tra lại nói sai. app cx ko tệ lắm nhưng về những điểm này thì tôi thật sự thấy thất vọng.",2026-01-09 02:14:28,Negative,"I see that the app has a very long recovery time, up to 5 hours, and the qc often fails to upload when watching to recover hearts, but after finishing the lesson, there is always a qc attached.The pronunciation part sometimes lags when I finish speaking. When I press to speak again, it stutters and then the pronunciation is wrong. When I press to speak again, it's the same thing. Repeat 3 times and then lose my heart.There are some sentences entered that are not grammatically incorrect, but when checked, they say the wrong thing.cx app isn't that bad, but about these points, I'm really disappointed."
1390c4e4-e155-4403-97a7-6ee0cb5cc1b7,001,1,"từ ngày mà cập nhật cái năng lượng thì không học được nhiều, mà không học đc nhiều thì chán, không đủ kn rồi bị tuột bảng xếp hạng vì không đủ năng lượng để học đó, cập nhật về cái trái tim kia mới học được nhiều bài hơn chứ? muốn bào tiền ng dùng à?",2026-01-08 14:55:15,Negative,"From the day you update your energy, you won't learn much. If you don't learn much, you'll be bored. If you don't have enough skills, you'll lose the rankings because you don't have enough energy to learn. By updating your heart, you'll be able to learn more lessons, right?Do you want to save money?"
e02cbcbb-2379-4a40-bba0-8d582f5808c5,001,1,ko như lần trước có 5 tim chơi còn sướng hơn bây giờ nó cứ hết năng lượng song bắt mua giảm giá cay vãi,2026-01-08 12:39:12,Negative,"Unlike last time, when I had 5 hearts, playing was even more fun. Now it keeps running out of energy, but I have to buy it at a crazy discount"
132d55bb-e3de-4fe5-8890-8befdace93e0,001,1,"tạm biệt chuỗi 81 nhé, tôi cố gắng giữ chuỗi đến nay là quá đủ rồi. mục đích không xoá ứng dụng đến nay là vì chuỗi, chứ app nhiều thứ tệ lắm. muốn biết nó tệ cỡ nào thì lên youtube,... mà xem lí do. hiện tại có rất nhiều ứng dụng tốt hơn duolingo gấp nhiều lần.",2026-01-08 12:23:08,Negative,"goodbye streak 81, I've tried to keep the streak up for now and that's more than enough.The reason for not deleting the app until now is because of the chain, but the app has many bad things.If you want to know how bad it is, go to YouTube... and see why.Currently there are many applications that are many times better than Duolingo."
10e0898b-aeb7-4371-852a-b07418187684,001,2,"như card. tôi ko quá quan tâm đến vấn đề quảng cho cho lắm. nhưng please hãy hồi sinh lại tim cho tôi. thanh năng lượng tôi ms học có 3 bài mà thanh năng lượng đã cạn còn có 5 thì học kiểu dell j. còn còn cơg vua nữa, lời nói như xúc phạm người chs, nó còn 1 quân vẫn chs đc tôi còn 2 quân thì kêu ko đi đc nx. còn chuyện làm xong bài thì lại quảng cáo tôi ko có nhiều tiêu cực nhưng cx nên có giới hạn. như 5 bài quảng cáo 1 lâng là đủ, cứ quảng cáo mãi đâu phải ai cx có tiền mà đăng kí đâu.",2026-01-08 11:29:11,Negative,"like cards.I don't care too much about advertising.But please revive my heart.The energy bar I learned had 3 lessons but the energy bar was exhausted and there were 5 lessons so I learned it dell j style.There's also the king, his words are like insulting the king, he still has 1 piece and can still beat me, but with 2 pieces he says he can't move nx.As for finishing the assignment and then advertising, I don't have many negatives, but cx should have limits.Like 5 ads per hour is enough, just keep advertising, not everyone has the money to sign up."
49307309-b703-49b7-b88d-2d453f8ef00d,001,2,"ứng dụng bị lỗi hay gì mà sau khi học xong 1 bài thì bị đơ không ra lại trang chủ mà hiện cái màn hình trống ko, thế là thoát ra vô lại hoài phát bực😡😡",2026-01-08 11:00:43,Negative,"The app has an error or something, but after finishing a lesson, it freezes and doesn't return to the home page, but shows a blank screen, so it's frustrating to log out and come back again and again😡😡"
5ba3d988-9eba-49c0-923b-f00aa08b1cf8,001,1,"nó bắt mình đky super doulingo mn ạ. ko có pin thì ko hc đc,hc để kiếm thêm xog cx ko đủ,nó làm vậy là để ép mình mua cái gói đó để nó kiếm thêm tiền. hở cái quảng cáo,bố mày thà chơi play together còn hơn (mặc dù nó tốn năng lượng nhưng ko vừa ngu vừa mất dạy như cái app căk này )nói chung nó chỉ đang lợi dụng mình.",2026-01-08 10:56:26,Negative,"he forced me to sign up for super doulingo.If you don't have a battery, you can't study. Studying to earn more is not enough. It's doing this to force you to buy that package so it can make more money.No ads, you guys would rather play play together (even though it wastes energy, it's not as stupid or uneducated as this căk app) in general it's just taking advantage of you."
596cd336-a664-4ede-8d0c-23229188379b,001,2,"=)) miêu tả ngoại hình dùng have got kêu sai, chỉ dùng have là sao nữa😭 nhiều kiến thức dù chưa học ở app nma nó đúng thì tính đúng chứ, giữ nguyên 1 kqua cơ bản trong khi have got hoặc have đều đúng",2026-01-08 05:28:04,Negative,"=)) It's wrong to describe appearance using have got, what's the point of just using have😭 a lot of knowledge even if I haven't learned it in the nma app, if it's correct then the calculation is correct, keep the same basic kqua while have got or have are both correct"
acd6dbcf-254e-44cb-b756-79347dd21b13,001,1,"cái j mà năng lượng j mà tốn dữ v tr, là có thiệt là muốn đc nhiều đánh giá tốt ko v? mà mỗi lần học xong 1 bài học là nó trắng nhách trang chủ j mất tiêu hết trơn thoát ra vào lại mới có trang chủ lại, kiểu này hoài chắc xoá app quá dù cx hơi tiếc cái chuỗi cá nhân với chuỗi bn bè",2026-01-08 04:27:56,Negative,"What kind of energy is wasted? Do you really want to get a lot of good reviews?But every time I finish a lesson, the home page is completely blank. I just log out and log back in to get the home page again. I always delete the app like this, even though I'm a little sorry about the personal thread and the friends thread."
93aad50a-688a-4a72-98d5-73da5092d84c,001,1,"cơ chế dùng năng lượng thực sự rất khó chịu. thời gian hồi không chỉ lâu như tim ngày trước mà còn hạn chế làm bài tập rất nhiều, trong khi số lượng quảng cáo thì không đổi. đồng ý là nó có thể tính điểm thưởng để hồi phục năng lượng khi học, nhưng khi muốn học nhiều hoặc làm bài nâng cao thì chừng đó là còn quá ít.",2026-01-08 01:01:00,Negative,"The energy usage mechanism is really annoying.Not only is the cooldown time as long as before, but it also limits homework a lot, while the number of ads remains the same.I agree that it is possible to calculate bonus points to restore energy when studying, but when you want to study a lot or do advanced exercises, that is too little."
911fb652-84cd-4d83-9c56-4aa5c582eb13,001,1,"anh em tốt nhất không tải cái này,app này nó lừa tiền lắm.người ta cũng định bỏ tiền túi ra nạp thì đừng lừa tiền thế , lấy tiền đó có thể đi học trung tâm hoặc thầy cô còn hơn.có cái sự kiện giảm giá 60% thôi, mà thanh toán giá như cũ, giá bình thường cũng quá cao rồi.cái gì mà dùng thử thử miễn phí và hủy cũng dễ gì đó..., chắc chỉ lừa hủy trong app duolingo để che mắt khiến người ta nghĩ đã hủy nhưng gói gia hạn trong cửa hàng play vẫn được bật như bình thường.app sập đc rồi,đừng làm ngu chil",2026-01-07 16:45:21,Negative,"Guys, it's best not to download this, this app is a scam. People are going to spend their own money to top up, so don't cheat them like that, with that money you can go to a school or a teacher. There is only a 60% discount event, but you pay the same price, the normal price is too high. Anything with a free trial and canceling is also easy..., probably just cheating canceling in the Duolingo app to blind people to think it was canceled but the renewal package in the play store is still there.It's turned on as usual. The app has crashed, don't be stupid"
2a9082ba-5733-40ae-a281-42e2dee2a1d1,001,1,ép mua duolingo gia đình gì gì đó rất nhiều nhé. còn hay bị out để ko cho x3 năng lượng nữa. lúc trước ổn còn giờ như qq ấy,2026-01-07 16:37:29,Negative,Force me to buy a lot of family Duolingo or something.I often get outed to not give x3 energy anymore.Before it was fine but now it's like qq
806db085-0734-4192-a110-fcf62af2c6d8,001,2,"cập nhập s triệu luông,nạp năng lượng có xíu, học mới hai bt thì hết mẹ. đợi nguyên ngày ms hồi. điểm tích lòi trĩ xài mới 3,4 bài hết cả ngàn. mặc dù k sai lỗi j khi lm bt. hết nl đã đành,v mà còn một bt là một cái quảng cáo,ra vô quảng cáo,tối ngày đòi nạp cho lên super, r rù quyến lên max,k nạp thì nó dồn k có điểm,k nl,k học đc mẹ j hết. mang danh app miễn phí mà k khác mẹ j app có phí hết.ít nhất hồi trc sai ms hết cái tim, còn h sai cx trừ đúng cx trừ, lm một lần cái là nó trừ sạch,chịuu",2026-01-07 15:54:26,Negative,"Update s million dong, recharge a little, just learn 2 minutes then it's gone.Waited all day for response.The accumulated points for hemorrhoids are spent on 3 or 4 lessons, totaling thousands.Even though it's not a mistake when I do it.I can't help but run out of resources, but there's only one thing left, it's an advertisement, I go in and out of the advertisement, every night I want to top up to super, trying to lure me to max, if I don't recharge then it accumulates no points, I don't have enough energy, I can't learn anything.Even though it's called a free app, it's no different. It's a free app. At least the last time I was wrong, I got all my heart, but if I'm wrong, cx subtracted right, cx subtracted, just do it once and it'll be deducted, I'm sorry."
7e04e490-223c-4bce-a465-de781278163d,001,1,thật sự thanh năng lượng khiến tôi phát bực 1 bài tốn hết 10 năng lượng rồi cày quảng cáo mệt vãi.với lại quãng cái lắm thế 1 bài là 1 cái qc rồi phiền vl giảm bớt qc hoặc 1 qc thì thêm 1 năng lượng gì đó đi,2026-01-07 14:27:13,Negative,"Honestly, the energy bar makes me so angry that 1 post consumes 10 energy and then I'm tired of playing ads. Besides, there are so many intervals, 1 post is 1 QC, so why bother reducing the QC or 1 QC, add 1 more energy?"
7e62ff50-7057-452d-be81-7e262b4f5f4c,001,2,"tôi chơi cờ vua với osaca, tôi rất bực mình vì khi tôi ăn nhiều quân mạnh thì osaca ko đánh nữa , khi tôi thua thì osaca cà khịa tôi muốn thay đổi ngay lập tức, tôi cảm thấy rất nhiều quảng cáo , khi quảng cáo xong thì lại trắng bạch ko ra bài học cho tôi , tôi cho 1 sao 🤬🤬🤬🤬🤬🤬🤬😡😡😡😡😡😡😡😡😡😡😡😡😡🤬🤬🤬🤬🤬🤬🤬😡😡😡😡😡😡😡😡😡😡😡😡😡😡🤬",2026-01-07 14:18:15,Negative,"I play chess with osaca, I'm very frustrated because when I win a lot of strong pieces, osaca doesn't play anymore. When I lose, osaca complains. I want to change immediately. I feel there are a lot of ads. When the ads are over, they're blank and don't give me any lessons. I give 1 star.🤬🤬🤬🤬🤬🤬🤬😡😡😡😡😡😡😡😡😡😡😡😡😡🤬🤬🤬🤬🤬🤬🤬😡😡😡😡😡😡😡😡😡😡😡😡😡😡🤬"
d5086ae5-7c14-422b-bd2e-4312c6eabbde,001,2,"quảng cáo cho super duolingo quá nhiều, còn thay bằng thay pin sao ko để như trc đi lm cho 1 ngày chỉ học đc 1 chút ít kiến thức, học xong 1 bài lại phk coi quảng cáo cho super duolingo bt là lm ra cái app này giúp người khác học tập free nhưng mà sao lại cứ quảng cáo cho super duolingo vậy, bt lm ra cx dùng ko ít tiền nhưng nhiều quảng cáo như vậy nó phiền cực kì luôn",2026-01-07 14:06:28,Negative,"There are too many ads for super duolingo, why not just replace the battery and leave it as before, use it for a day and only learn a little bit of knowledge, after studying 1 lesson, you will see ads for super duolingo. bt you created this app to help others learn for free but why do you keep advertising for super duolingo?"
9d33ad78-0e95-44a0-ae2f-07a28c585f25,001,2,"quảng cáo nhiều, số kn cho ít có 25kn học đc tầm 2-3 bài là lại hết và với 1 học sinh như mình thì tất nhiên không có tiền để mua super rồi, có mấy câu câu tiếng anh dịch tiếng việt sai ( lỗi hệ thống ) đâm ra mình làm sai và mất kn haizzzzzz 2 sao là quá nhiều r",2026-01-07 13:26:48,Negative,"There are a lot of ads, the number of skills is only 25, but after 2-3 lessons it's gone and for a student like me, of course I don't have money to buy a super, there are a few English sentences that are translated wrongly into Vietnamese (system error) so I make mistakes and lose skills haizzzzzz 2 stars is too much."
abab5afc-5607-4550-8403-fcfe850e0f71,001,1,tui muốn quay lại streak vì cứ nghỉ 1 ngày sẽ mất streak chứ bây giờ mà cày lại là tốn 1 cuộc đời chỉ vì điện thoại hư mà tuột như 1 dòng sông xóa ngay ngay lập tức,2026-01-07 12:16:28,Negative,"I want to go back to streak because if I take a break for a day I will lose my streak, but now if I try again I will waste a lifetime just because my phone is broken and it slips like a river and I delete it immediately."
a56f406e-6977-4abb-aee4-89a77f843ff7,001,1,từ miễn phí đã chuyển thành tư bản. hết quảng cáo đến yêu cầu mua gói.đã mất đi ý nghĩa lúc mới tạo duolingo là giúp mọi người học ngôn ngữ. giờ chỉ còn danh tiếng cái tên lúc trước nhưng cái ruột đã khác . chỉ nghĩ làm sao kiếm tiền từ người dùng.vĩnh biệt không bao giờ dùng duolingo nữa,2026-01-07 08:05:31,Negative,"The word free has turned into capital.From ads to requests to buy packages, Duolingo has lost its original purpose of helping people learn languages.Now only the reputation of the previous name remains but the essence is different.just thinking about how to make money from users. never use duolingo again"
858f4eb3-0330-4488-b909-7a8e93ba368a,001,1,"dịch mà dịch cũng sai bánh mì kẹp mà ra tiếng anh lại là burger? làm hết tim muốn xóa ứng dụng rồi đấy, nếu không trả lời tôi tôi sẽ tố cáo nhiều cái như thế nữa.",2026-01-07 04:24:49,Negative,"The translation is wrong. Sandwich but in English it says burger?I'm trying so hard to delete the app. If you don't answer me, I will report many more things like that."
bd3fa377-3aa6-4352-8adc-97e4d38cf7df,001,1,"app dạo gần đây bị nhảy ra ngoài liên tục, có những câu dịch khá là thô, mình dịch nghĩa thậm chí có thể coi là ổn những vẫn bị kêu là sai?? chả hiểu nổi",2026-01-06 15:48:24,Negative,"The app has been crashing out lately, there are some sentences that are translated quite crudely, even if I translate the meaning it's considered okay but it's still called wrong??I don't understand"
fb4d1390-3882-441e-8a57-1f85946faa8f,001,1,"k còn như trc, bây giờ mỗi lần học 1 bài là chèn 1 quảng cáo và lêu nạp vip. làm 1 bài bằng tgian xem quảng cáo. hồi trc thì hết tim mới xem mà giờ là còn năng lượng hay k cũng phải xem",2026-01-06 13:03:50,Negative,"It's not like before, now every time I study a lesson, I insert an ad and invite vip.Make 1 lesson using the time it takes to watch an ad.Before, I had no energy to watch it, but now I have to see whether I still have energy or not"
d78ce792-3cd2-4540-ac40-23cb76811f1d,001,1,"đổi thành cái thanh năng lượng xong giờ chẳng học đc cl j, nhanh hết phải xem quảng cáo, đúng nghĩa bào tiền luôn, học chưa được 2 bài thì hết năng lượng thế là nghỉ học luôn, ngoài mặt để app miễn phí mà bên trong bào kinh vcl",2026-01-06 11:43:01,Negative,"After changing it to an energy bar, I can't study at all. I quickly have to watch ads, which literally wastes money. Before I study 2 lessons, I run out of energy, so I quit going to school. On the outside, it's a free app, but on the inside, it's a mess."
ce91372e-604a-4499-a619-3edd78eca8e4,001,1,i hate the way osar mocks and belittles me when we play chess. it really infuriates and annoys me. he could say something nicer instead of those rude remarks.,2026-01-06 10:52:57,Negative,i hate the way osar mocks and belittles me when we play chess.it really infuriates and annoys me.he could say something nicer instead of those rude remarks.
62b2d4f7-9f6a-44f1-91c3-75a38dc02815,001,1,ráng mà làm tốt rồi bán khóa học giá cạnh tranh vs các nền tảng khác thì sẽ có nhiều khách hàng tìm tới nhé .,2026-01-06 06:50:43,Negative,"Try to do well and sell the course at a competitive price compared to other platforms, then many customers will come."
df461cc3-241c-470c-b0f4-f3b46298a7ae,001,1,"cờ vua rất tệ. không nên học cờ vua bằng app này. quảng cáo siêu nhiều. sau mỗi bài học, ván cờ là quảng cáo chỉ có mua khoá học mới bớt quảng cáo. ngữ pháp rất rời rạc. từ vựng thì tạm. ưu điểm là hình ảnh trực quan sinh động. chỉ hợp cho trẻ em học.",2026-01-06 05:39:09,Negative,"Chess is very bad.You should not learn chess using this app.Super many ads.After each lesson, the chess game is an advertisement. Only by purchasing the course will there be less advertising.The grammar is very fragmentary.Vocabulary is temporary.The advantage is the vivid visual images.Only suitable for children to study."
9975613f-7603-4aba-8dbf-903da8dd9338,001,1,"app càng ngày càng dở, tôi giành được huy hiệu vua tốc độ rồi thì hôm sau vào lại mất bắt tôi làm lại bao nhiêu công sức của tôi mất hết",2026-01-06 02:58:04,Negative,"The app is getting worse and worse, I won the speed king badge, then the next day it was lost and forced me to do it again, all my efforts were lost."
c8fdbc5c-e924-4e4b-bdf0-1597d6d50561,001,1,lúc đầu học thì vui nhưng mà nó cứ phải bắt tạo lập hồ sơ và mất tiền thì mới học được không thì không học được và bị lặp...,2026-01-05 14:55:35,Negative,"It's fun to learn at first, but you have to create a profile and spend money to learn otherwise you won't be able to learn and it will be repetitive..."
e3aafc4a-7342-4f14-9ee5-408fd335246c,001,1,dùng năng lượng như 🆑 ý sai hay đúng vẫn bị trừ lúc hết thì kêu xem quảng cáo lúc ko xem đc quảng cáo kêu mua gói . lúc đang 21% coi quảng cáo xong cái còn 18% .,2026-01-05 12:16:03,Negative,"Using energy like 🆑 wrong or right ideas will still be deducted. When it runs out, ask to watch an ad. When you can't see an ad, ask to buy a package.When I was 21% after watching the ad, I was still 18%."
435f37ab-35b2-427d-9bfe-d51acb6d321b,001,1,app như lol còn phải đóng tiền với sử dụng được app tôi khuyên các bạn không nên tải làm gì tốn dung nượng lại còn chẳng làm được việc gì,2026-01-05 10:52:05,Negative,Apps like lol require payment to use the app. I advise you not to download it because it wastes space and doesn't do anything.
6e469905-df40-41a4-9822-c71162ae488c,001,1,"cái này nó hay nhưng mà mình xóa luôn rồi, tại mình mới làm đến ngày 97 rồi ,tự nhiên vài ngày mình ốm nên không học 5 ngày ai ngờ quay về ngày 0 luôn nên phải làm lại từ đầu 🤬🤬🤬🤬🤬🤬🤬🤬🤬🤬",2026-01-05 10:34:01,Negative,This was good but I deleted it because I just did it until day 97. Suddenly I got sick a few days so I didn't study for 5 days but unexpectedly I went back to day 0 so I had to start over from the beginning 🤬🤬🤬🤬🤬🤬🤬🤬🤬🤬
8d5ffd5a-71fd-4e97-9436-f4e348a1762b,001,2,duo ngày càng đi xuống năng lượng gì mà tốn quá tr rồi còn bị lỗi hoài kh thể tiếp tục bài học nhưng năng lượng vẫn tốn! thật sự rất thất vọng,2026-01-05 10:29:41,Negative,Duo is going down more and more energy but it's consuming too much and it still makes mistakes so I can't continue the lesson but it's still wasting energy!really disappointed
84fb7d04-55a7-4297-8aca-6e06d7fb0855,001,1,tôi nghĩ là lâu rồi tôi off cho nên là có lúc quay trở lại thì sẽ bị mất acc hi vọng là duolingo có thể thay đổi được cái lỗi này tại vì tôi đã bị rất nhiều lần rất bị mất acc luôn,2026-01-05 09:18:28,Negative,I think it's been a long time since I've been off so sometimes when I come back I lose my account. Hopefully duolingo can change this error because I've had it happen so many times I've lost my account.
3f838549-85bd-4366-8863-29038d2423ac,001,1,hôm t7 làm tuột hạng hồng ngọc thành xanh lam. hôm nay t2 thì làm tuột thành hạng hắc diệu thạch luôn là sao. 1 tuần mới set hạng 1 lần mà ủa??? từ khi đổi tim thành thanh năng lượng là hơi bị này kia rồi ấy 🙂,2026-01-05 08:27:06,Negative,"On Saturday, the ruby ​​grade dropped to blue.Today, on t2, I failed to become a black magic stone.I only set rank once a week, right???Since changing my heart to an energy bar, I've been having a bit of this and that 🙂"
052f67c3-f857-40e9-8486-505b8553eeea,001,1,"hôm nay cập nhật phiên bản mới, tôi cảm thấy không hài lòng khi những thành quả tôi đạt đượt khi trước nay đã không còn. nếu nhà làm ứng dụng có thêm bài học hoặc chặng, hãy thêm nó vào các chặng học, đừng tước đi những gì chúng tôi đã có. cái ứng dụng này ""woke"" vl, liệu nó có còn phù hợp cho trẻ em nữa ko đây.",2026-01-04 23:56:32,Negative,"Updated the new version today, I feel dissatisfied when the results I achieved before are no longer there.If the app maker has an extra lesson or course, add it to the courses, don't take away what we already have.This app is so ""woke"", is it still suitable for children?"
81e53f08-c7a1-49d2-978f-15579047189a,001,1,"năng lượng cút đi trời, trả lại 5 tim hộ cái, dùng muốn học lâu cũng chả được. mà vấn đề quảng cáo nữa, học xong là một quảng cáo, hối người dùng nạp bản super vừa tưởng đâu người ta nợ 😇.",2026-01-04 23:46:37,Negative,"Go to hell with your energy, give me back my 5 hearts, I won't be able to use it if I want to study for a long time.But there's also the advertising problem, after learning it, it's an advertisement, urging users to download the super version, thinking they owe it 😇."
e480de47-a177-4955-afd5-ec652a42c1dd,001,1,"học nửa bài hay gần tới cuối bị văng ra là sao shop ơi, xong bắt học lại từ đầu với số năng lượng còn dư hồi nãy, quá chời bà dỡn tui r",2026-01-04 15:30:50,Negative,"Why do I get thrown out half way through a lesson or near the end, shop? Then I have to start studying again from the beginning with the remaining energy from before, I'm so sorry, I'm sorry."
633d1ba2-5a02-4732-9737-26e7551d0d09,001,1,như cu't chị mik vào học mà bắt nạp tiền mà app bảo là học miễn phí thế thì đừng quảng cáo miễn phí nữa 🗣️,2026-01-04 15:14:51,Negative,"Like when my sister goes to school and asks me to deposit money but the app says it's free, then stop advertising for free 🗣️"
cadc8573-0ff0-4ba7-aa00-1e5cf85b34fc,001,2,tại sao khi tốn hết đá quý mua thêm năng lượng học r mà vừa khg đc thêm năng lượng còn mất đá quý là sao?,2026-01-04 14:03:42,Negative,"Why is it that when I spend all my gems to buy more energy, I don't get any more energy and lose gems?"
0cbcf2a7-a368-4ea7-b79c-cb261fc0b37a,001,1,app lag như j học xong 1 bài là màn hình đen thui ko hiện j phải thoát ra mới bthuong nói chung là rất tệ như l,2026-01-04 05:04:20,Negative,The app lags like after studying a lesson the screen goes black and doesn't show up. I have to log out but in general it's very bad like l
e94b38d4-5c7d-4c64-83f4-9c4d49e88d4e,001,2,ý là mơia học từ vựng thì cho qua loa vài từ kèm nghĩa r phải nhớ mặt chữ như học tiếng trung tiêmgs nhật mà chỉ có học từ vựng rồi vài câu chẳng giải thích ngữ pháp hay gì . học xong một bài rồi còn phải xem quảng cáo để kiếm thêm năng lượng mà mỗi lần như v tốn 30 giây lăys đc một ít nagw lượng có khi còn dịch nghĩa tiếng việt sai quảng cáo thì lắm vl,2026-01-04 02:46:41,Negative,"The idea is that when learning vocabulary, you just skip through a few words with meanings and have to remember the words, like learning Chinese and Japanese but only learning vocabulary and a few sentences without explaining grammar or anything.After finishing a lesson, I still have to watch ads to earn more energy, but each time I spend like 30 seconds trying to get a little amount of energy, sometimes I even get the wrong Vietnamese translation of the ads, which is very funny."
38e2d860-01f9-4b41-ae03-731ae4e370ca,001,1,"app ngày càng tệ, chỉ muốn kiếm tiền từ người dùng, học 1 bài học mãi mà k nhảy qua bài khác, lúc trước miễn phí thì chỉ cần siêng là học được nhiều, giờ chuyển sang sử dụng thanh năng lượng thì việc học 1 ngày chỉ được vài bài, quá tệ :((((",2026-01-03 23:46:03,Negative,"The app is getting worse and worse, it only wants to make money from users, learn one lesson over and over without jumping to another lesson, before it was free, you just had to be diligent to learn a lot, now when you switch to using the energy bar, you can only learn a few lessons a day, too bad :(((("
c7d372c3-1bd6-4d33-9c7e-a00989cc582b,005,2,"từ were trong câu ""mr and mrs hall were in the restaurant"" dịch là ""đã"" chứ không phải ""đang"". mong nhà phát hành dịch đúng vào ạ",2026-02-12 03:43:00,Negative,"The word were in the sentence ""mr and mrs hall were in the restaurant"" translates as ""was"" not ""are"".I hope the publisher translates it correctly"
a9763498-68df-4413-9fd4-6f1cb6e495d4,005,1,- để cả cửa sổ tra nhanh như xưa đi. - không lưu được từ vựng khi dịch màn hình. - dịch từ màn hình xong tìm lại từ vừa dịch không thấy đâu 🙈 cứ để đây đợi sửa xong rồi đánh giá lại sau. hic 😢,2025-12-30 01:51:47,Negative,"- leave the window looking as fast as before.- Vocabulary cannot be saved when translating on the screen.- after translating from the screen, I can't find the word I just translated 🙈 just leave it here and wait until it's finished editing, then review again later.hic 😢"
586caebb-1930-4ec1-8aaf-629a888f7918,005,1,mong lần cập nhật sau app sẽ để lại phần cửa sổ tra nhanh khi tra từ sẽ có phần loại từ như phiên bản cũ ạ,2025-12-29 03:11:04,Negative,Hopefully the next update of the app will leave the quick search window when looking up words and will have the word type section like the old version
52e7ea36-1090-430d-b40a-5df2764b18bc,005,1,"phiên bản mới này quá tệ, tôi đã mua gói vip cách đây 5 năm, vậy mà giờ dùng còn chán hơn bản cũ rất nhiều, bỏ hết cả chức năng tôi sử dụng trước đây, đòng thời xoá cả lịch sử tra cứu từ của tôi đi, quá thất vọng vì app việt nam",2025-12-23 04:12:17,Negative,"This new version is so bad, I bought the VIP package 5 years ago, but now it's much more boring than the old version, removing all the functions I used before, and also deleting my word lookup history, so disappointed with the Vietnamese app."
80440cd3-87ca-4f9b-ad96-f4ee3806bed7,005,1,trước khi cập nhật phiên bản mới này phiên bản cũ lúc dịch còn hiện từ loại đó là danh từ hay động từ..tiện cực kỳ luôn ạ còn có cả cách phát âm ngay khi bấm dịch trên màn hình bây giờ không còn nữa ạ phiên bản mới này không tốt hơn bản cũ.,2025-12-09 13:56:08,Negative,"Before updating this new version, the old version when translating still showed whether the word was a noun or a verb..it was extremely convenient. There was also a way to pronounce it right after pressing translate on the screen. Now it is no longer available. This new version is not better than the old version."
f0a0f626-e603-4567-a2bd-b71b9d5ac925,005,1,"từ lúc cập nhật phiên bản mới thì mất đi rất nhiều tính năng hữu ích, logo lại quá xấu...sao càng update càng thụt lùi vậy app????",2025-11-27 12:34:06,Negative,"Since updating to the new version, a lot of useful features have been lost, the logo is too ugly...why does the app go backwards every time it is updated????"
242385ca-62d0-4d1d-930a-5508c8274237,005,2,"dạo này app bị sao thế, mất dần các tính năng, dịch nhanh, dịch màn hình, dịch hình ảnh, chụp ảnh, mất các tính năng học bài ielts,... mất nhiều lắm, mà mình đã mua bản pro rồi, app đang dần xuống cấp sẽ có ngày bị trừ bỏ thôi, cho 2 sao, khi nào khôi phục như xưa thì cho lại",2025-11-17 03:40:45,Negative,"What's wrong with the app lately, gradually losing features, quick translation, screen translation, image translation, photo taking, loss of ielts study features,... a lot has been lost, but I bought the pro version, the app is gradually degrading and will be removed one day, give it 2 stars, when it restores to how it used to be, give it back"
f628b0f4-e403-4a7b-8bbe-dd97b1652fc4,005,2,nên để một ô search hình kính lúp ở phía dưới (gần vị trí ngón cái) như phiên bản trước. sử dụng sẽ thuận tiện hơn nhiều.,2025-11-10 02:50:31,Negative,There should be a magnifying glass search box at the bottom (near the thumb position) like the previous version.It will be much more convenient to use.
7ba71423-140b-4a0a-8b60-3bc8c8b9af59,005,2,từng đến với app vì tính năng cửa sổ tra nhanh mà giờ app mất tính năng này rồi nên say bye luôn. giờ chẳng khác gì mấy app dịch thông thường thà sử dụng gg dịch cho tiện.,2025-11-05 17:04:03,Negative,"I used to come to the app because of the quick search window feature, but now the app has lost this feature, so say goodbye.Now it's no different from regular translation apps. I'd rather use Google Translate for convenience."
834bb78d-f1d9-4440-a8d4-b10bbba430f1,005,1,"tại sao ko tra mà vẫn hiện 3 từ có sẵn là perfect, dictionary, quit. ông nào code ko chịu check ko chịu sửa vậy. mấy bản update mà 1 lỗi vẫn còn để im đó hay thật. ko có tester luôn à mà để vậy",2025-11-03 01:44:58,Negative,"Why don't you look up and still see 3 available words: perfect, dictionary, quit.Whoever has the code won't check or fix it?It's amazing how many updates still have an error.You don't have a tester so you leave it like that"
dad215bf-d049-4b49-b2a9-77513c0b2ab1,005,2,"dịch hình ảnh mất, còn dịch văn bản còn dịch chậm mình cần dịch hình ảnh để làm bài nhưng không được giờ chưa biết phải dịch ở đâu,ai biết app nào có dịch hình ảnh chỉ mình với",2025-10-27 13:30:06,Negative,"It's hard to translate images, but translating text is slow. I need to translate images for homework but I can't. I don't know where to translate. Does anyone know any app that can translate images?"
b5d6990d-b1d8-46a2-b082-062e7dc57363,005,1,"có làm đuoqcj không vậy? không được thì để t code 1 app tương tự cho? cái phần ôn luyện viết đâu mất rồi càng cập nhật càng ngu là sao vậy, đề nghị sa thải teamlead code và productowner đi, càng update càng ngu",2025-10-27 06:56:53,Negative,"Is this okay?If not, can I code a similar app?The review part was written somewhere and the more you update, the stupider it gets. I suggest you fire teamlead code and productowner. The more you update, the stupider it gets."
9756b0a2-3555-4c3e-a8dd-f0eb48b0e872,005,2,"i truly appreciate the usefulness of the tflat application in supporting english learning. nevertheless, i find the absence of the quick lookup window feature to be a significant inconvenience. this feature allowed me to look up words instantly while reading or studying without switching applications. i sincerely hope that this valuable feature will be restored in a future update đã tìm ra cách bật cửa sổ tra nhanh các bạn lên gg tìm 1 vb tiếng anh giữ chọn 1 từ sau đó lướt lên thấy mở tflat",2025-10-17 09:37:09,Negative,"i truly appreciate the usefulness of the tflat application in supporting english learning.However, I find the absence of the quick lookup window feature to be a significant inconvenience.This feature allows me to look up words instantly while reading or studying without switching applications.I sincerely hope that this valuable feature will be restored in a future update. I have found a way to turn on the quick lookup window. Go to gg and find an English vb. Hold, select a word, then scroll up and open tflat."
6d9d74fa-e260-4a0b-b63f-2df0ca49ee20,005,1,thắc mắc là điểm sáng của app là có gói từ điển free mà sao giờ hết free rồi ạ? có chút tiếc nên hỏi ạ.,2025-10-09 12:52:28,Negative,"The question is, the highlight of the app is the free dictionary package, why is it no longer free?I'm a little sorry to ask."
343fa8c4-a25e-4077-95c4-c3942e03499f,005,1,lâu không dùng nay mới vào xem app thì thấy mất tính năng cửa sổ tra nhanh rồi:)) ý là mình khôi phục tính năng đó được không ạ vì vừa dùng vừa tra nó rất tiện ấy:)) tạm xoá app bao giờ có lại thì vote lại nha 😀,2025-10-08 16:18:02,Negative,"I haven't used it for a long time and now I look at the app and see that the quick search window feature has been lost :)) I mean, can I restore that feature because it's very convenient to use and look up at the same time :)) Temporarily delete the app and vote again when it's available again 😀"
85caf89d-cd21-494c-8803-ca067efd908a,005,1,"không nên dùng . tôi mua gói 3 tháng, dùng 2 tháng là cắt, bắt gia hạn gói mới . xong mua gói năm, nhưng chã thấy gì . vẫn cứ là basic dù đã mua gói năm . mail yêu cầu hỗ trợ thì không thấy phản hồi",2025-10-08 01:09:29,Negative,"should not be used.I bought a 3 month package, used it for 2 months then cut it off and had to renew the new package.I bought the 5 pack, but didn't see anything.It's still basic even though I bought the year package.Email requesting support but no response"
882bcc19-8c67-4c9a-97b2-eadc29471167,005,2,"cập nhật xong mất phần luyện viết cái đó giúp bé nhà mình học từ rất nhanh, mong app đưa lại phần luyện viết, hix",2025-09-30 08:47:13,Negative,"After updating, the writing practice part was lost, which helped my child learn words very quickly. I hope the app will bring back the writing practice part, lol."
f8599dd4-a363-4820-92f9-b07ba338e448,005,1,mất phần phân loại gói từ vựng miễn phí từ app khi cài trên android. khi chuyển từ android sang ios bị mất vip. không hiểu kiểu gì. không có phần chính sách hỗ trợ người dùng,2025-09-27 01:38:21,Negative,"Lost the free vocabulary package classification from the app when installed on Android.When switching from Android to iOS, I lost VIP.I don't understand what kind.There is no user support policy section"
143c34d1-dd03-498f-a125-e9eae4c7e7ac,005,1,thật đáng tiếc! không còn cửa sổ tra từ nhanh khi đọc tài liệu và cách xem lại từ đã học như trước đây. chế độ dịch màn hình quá tệ! không hỗ trợ được gì cho người học! phần mềm này giờ chẳng còn giá trị gì!,2025-09-21 13:17:11,Negative,What a pity!There is no longer a quick word lookup window when reading documents and a way to review learned words like before.Screen translation mode is so bad!No support for learners!This software is no longer worth anything!
5727c8f8-3561-4789-a821-f5d217c5af72,005,1,"tôi đã cài version mới nhất và mua vip nhưng vẫn ko có phần game, tập viết khi vào mục từ của bạn (đã có từ mới), chỉ có mục luyện tập. máy android lenovo tab m11.",2025-09-21 04:24:09,Negative,"I have installed the latest version and bought VIP but there is still no game or writing practice section when entering your vocabulary section (new words are available), only the practice section.Android lenovo tab m11."
5978092d-b56f-48c9-a471-d3ddf94a2017,005,2,"cải thiện chức năng dịch màn hình nhưng làm ơn cho bong bóng tra nhanh trở lại đi ạ! bh có lại sẽ vào vote 5 sao! ( mn dùng chức năng dịch màn hình sẽ mở lại được bong bóng nha, nhma bị mất thêm 1 bước 🥲) update: nay mở dịch màn hình mà bong bóng tra nhanh cg ko hiện ra nữa lun 😭, vì sao z)",2025-09-21 02:53:19,Negative,"Improve the screen translation function but please make the quick lookup bubble back!bh will vote 5 stars again!(If you use the screen translation function, you will be able to open the bubble again, but it takes one more step 🥲) update: now when I open the screen translation, the quick search bubble doesn't appear anymore 😭, why z)"
ec79ef20-cfb6-4b5c-8b97-4912e4e86633,005,2,"app này rất hay,và app đã giúp tôi học tiếng anh tốt hơn,nhưng chỉ còn có điều dịch văn bản ko dữ được bài viết của tôi 🤐🤐🤐😑🤗",2025-09-19 12:46:45,Negative,"This app is very good, and it has helped me learn English better, but the only problem is that the text translation cannot translate my articles 🤐🤐🤐😑🤗"
a44a3101-a842-45d4-a6de-3c9c273604aa,005,1,"tôi đang sử dụng gói vip, đột nhiên app tự cập nhật mất gói 3000 từ tiếng anh thông dụng và không biết liên hệ như thế nào để giải quyết? nhờ app liên hệ để hỗ trợ giúp tôi",2025-09-15 01:20:15,Negative,"I'm using the VIP package, suddenly the app automatically updated and lost the package of 3000 common English words and I don't know how to contact to resolve it?Please contact app to support me"
ee69cfbb-2335-4359-99b0-233bc6fe0595,005,2,"chức năng dịch thuật ở phần dịch văn bản kém quá, với công nghệ ai hiện tại hoàn toàn có thể tích hợp vào app và cải thiện được chất lượng chức năng",2025-07-04 12:17:15,Negative,"The translation function in the text translation section is too poor. With current AI technology, it is possible to integrate into the app and improve the quality of the function."
e7b558e0-c33b-4654-8469-14447d3794c1,005,1,"thà tôi ra ngoài mua một quyển từ điển về tự tra còn tốt hơn, phần mềm này quá nhiều quảng cáo, dịch thuật không như mong đợi, giao diện phần mềm kém bắt mắt, lỗi thời, và điều nữa là tôi ghét tiếng anh, cho một sao!",2025-07-01 08:03:15,Negative,"I'd rather go out and buy a dictionary to look up myself, this software has too many ads, the translation is not as expected, the software interface is unattractive, outdated, and another thing is that I hate English, give it one star!"
59c71637-77ac-4546-913d-e25603b0981e,005,2,tôi thật sự k thích cái kiểu dịch ảnh vừa chụp phóng to kiểu j sao tôi k phóng đc đề nghị thay ngay chứ tôi cay lám rồi,2025-06-20 08:37:41,Negative,"I really don't like the way I zoom in on the photo I just took, why can't I just zoom in and ask to change it right away? I'm already angry."
a82c1ca0-6e92-4efd-b064-91d7cbdf469f,005,2,"gần đây từ điển tải về phần ôn tập từ đã tra ,giọng đọc rất khó nghe nó cứ ồm ồm ,buồn ghê mà ko biết làm thế nào",2025-04-19 08:52:31,Negative,"Recently I downloaded the dictionary to review the words I've looked up. My voice is very hard to hear. I keep mumbling, it's so sad, I don't know what to do."
75d33637-4ad8-4d50-9875-04f415d19f4c,005,2,"mình thấy có vài từ app dịch sai, và ko có vd để tự kiểm lại lun. vd như từ tantalizing. ad lên oxford dict để xem nghĩa là biết. mn dùng app nên tra nhìu nguồn cả oxford cho chắc, hoặc dùng ai hỗ trợ. mình nghĩ app nên có phần góp ý cho từ đó lun, nếu sai ng dùng còn báo cho ad đc, trc đánh 5 sao mà h còn 2.",2025-04-18 05:52:00,Negative,"I saw a few words that the app translated wrongly, and there was no example to check for myself.for example the word tantalizing.Admin to oxford dict to see what it means to know.If you use the app, you should look up multiple sources including Oxford to be sure, or use someone to help.I think the app should have a comment section for that word. If it's wrong, users can still let the admin know. Before I gave it 5 stars, I only had 2."
cde8953b-142d-4901-a7e4-6abdaa7fc59f,005,1,vào cài đặt bật chế độ tối nhưng giao diện vẫn sáng trưng. lũ dev hãy xem lại đã đưa class chuyển tối vào chưa :),2025-04-15 16:03:16,Negative,"Go to settings and turn on dark mode but the interface is still bright.Devs, please review whether you have included the dark transfer class yet :)"
9c9f3aef-0457-4005-b9cb-fb3406329ff2,005,1,"app hay nhưng quá nhiều quảng cáo, cứ 3p là qc 1 lần và mỗi lần là 30s. k hiểu sao mình sử dụng trên điện thoại thì k hề bị qc nhiều như vậy nhưng khi sử dụng trên ipad thì nó lại nhảy qc liên tục luôn á",2025-04-05 08:17:58,Negative,"Good app but too many ads, every 3 minutes there is an ad every 3 minutes and each time is 30 seconds.I don't understand why when I use it on my phone, it doesn't have that many qcs, but when I use it on my iPad, it keeps skipping qcs."
a0dce0f3-cc18-4b97-ad3e-bd4dfe8d91fc,005,1,mua bản vip mãi mãi rồi mà giờ khôi phục lại không đc là sao vậy? đã chọn đúng gmail và đăng nhập đúng trên chplay. đã tải bản ứng dụng mới nhất và lúc trc mua vip trên máy android chứ ko phải ios. cần lời giải thích và cách khắc phục hoặc hoàn tiền!,2025-04-05 05:41:10,Negative,"I bought the VIP version forever but now I can't restore it, why?chose the correct gmail and logged in correctly on chplay.Downloaded the latest version of the app and bought VIP on Android, not iOS.need explanation and fix or refund!"
63867b12-732c-4a13-8716-ef91e8d76549,005,1,lỗi mất vip vĩnh viễn không khôi phục được mặc dù đã đăng nhập đúng tài khoản. từ thì tải hoài không xuất hiện. cập nhật xong app như rác.,2025-03-11 12:19:04,Negative,"The error of permanently losing VIP cannot be restored even though the correct account is logged in.The word keeps downloading and doesn't appear.After updating the app, it's like garbage."
baa2b3a6-ab28-4625-a596-09644df16559,005,1,"tflat dịch đoạn văn tiếng anh sang tiếng việt không đúng nghĩa, thậm chí dịch sai đi nghĩa của câu, thua cả việc dịch trên gg translate",2025-02-28 22:41:44,Negative,"tflat translates an English paragraph into Vietnamese incorrectly, even mistranslating the meaning of the sentence, losing even the translation on Google Translate."
1da7bc86-ad46-42eb-80e2-c83ccc2a3b24,005,1,"ứng dụng tốt nhưng mình đã mua vip vĩnh viễn mà đăng nhập trên điện thoại khác thì tk báo ko có vip, ko biết liên hệ đâu để được hướng dẫn",2025-02-19 04:51:37,Negative,"Good app, but I bought permanent VIP but if I log in on another phone, it says no VIP, I don't know where to contact for instructions."
9da24950-b294-47c3-9c37-f87b362ed925,005,1,"về ứng dụng thì xứng đáng 5 sao nhưng có duy nhất 1 điểm phàn nàn là chạy quảng cáo. tuy k thường xuyên nhưng cũng gây khó chịu. mình đã mua vip vĩnh viễn mà tài khoản vip cũng được kích hoạt. nhưng không hiểu sao app trên đt luôn lỗi phần đăng nhập nên app k thể dùng được chức năng vip vì k đăng nhập được tài khoản. kết quả, tiền đã trả nhưng vẫn dùng app với quảng cáo 😅",2025-02-07 11:23:36,Negative,"As for the application, it deserves 5 stars, but the only complaint is that it runs ads.Although it's not frequent, it's still annoying.I bought permanent VIP and my VIP account was also activated.But I don't understand why the app on my phone always has an error when logging in, so the app can't use the VIP function because I can't log in to my account.As a result, the money was paid but still using the app with ads 😅"
1de591d2-647f-4184-acc7-62967673e92b,005,1,"tao mua vip mà như không mua luôn,mất gần 300k mà được thêm có mấy cái thư mục,dịch từ thì lâu lâu có mấy từ dịch nghĩa nó cứ sao ấy trời,trải nghiệm siêu kém nha",2024-12-15 09:02:18,Negative,"I bought VIP but I didn't buy it at all. It cost nearly 300k but I got a few extra folders. When translating words, sometimes the meaning of some words is the same. It's a very poor experience."
1f660f0b-e9f7-4dca-873b-815b88fbae72,005,1,app dịch văn bản có phần đọc mà tôi đọc tiếng việt app nghe kiểu gì toàn ra tiếng anh xong dịch sai tùm lum,2024-11-21 15:58:23,Negative,"The text translation app has a reading section, but when I read Vietnamese, the app sounds like it's all in English and then the translation is all wrong"
02f9bcfa-1720-46cb-bc7e-4d97498fad2e,005,2,"khá nhìu từ app k dịch dc, còn dịch máy ảnh như 💩 í, cứ để cái khung hình chữ nhật làm khó chịu cực kì nó k thể nào bao quát hết dc câu t cần. dịch cx tách ra từng chữ r ai hiểu? thứ cần là câu hoặc đoạn kìa! cái khúc chụp ảnh có khi app này còn thua gg😔",2024-08-18 13:05:20,Negative,"There are quite a few words that the app can't translate, and the camera translation like 💩 í, just let the rectangular frame make it extremely annoying because it can't cover all the sentences I need.Translate cx into words, who can understand?What needs to be a sentence or paragraph!The photography part is maybe even worse than gg😔"
a2b8df15-3272-447f-bfa2-faa13c50a436,005,1,"rất nhiều từ bị dịch sai nghĩa, ko đúng với từ điển cambridge hay oxford, dễ ảnh hưởng đến việc học của mọi người! khi mở cửa sổ tra nhanh thì lại ko tắt đc??? 😐😠",2024-04-30 16:40:43,Negative,"Many words are translated incorrectly, not according to the Cambridge or Oxford dictionary, easily affecting everyone's learning!When I open the quick search window, I can't turn it off???😐😠"
842a7b4c-0381-478f-bf81-30d214576f27,005,1,"tôi không hiểu sao mà bây giờ app dịch dở tệ như vậy, lần trước tôi dịch rất tốt, rất ít lỗi, mà bây giờ thì app dịch gặp rất nhiều lỗi khiến tôi rất khó chịu, mong app điều chỉnh lại 🙃",2024-03-30 15:18:34,Negative,"I don't understand why the translation app is so bad now. Last time I translated very well, with very few errors, but now the translation app has a lot of errors that make me very uncomfortable. I hope the app will correct it 🙃"
6d69a2e3-e9bd-44b0-888b-a93ccf94a12b,005,2,"app không vào được, bảo là chờ cập nhật nhưng vào appstore thì thấy không có gì để cập nhật, xóa đi tải lại mấy lần vẫn không được",2024-03-21 06:19:04,Negative,"I can't access the app. I say I'm waiting for an update, but when I go to the appstore, I see there's nothing to update. I delete it and redownload it several times, but it still doesn't work."
1b1c2b93-8700-48df-b21d-f5c72a90c36f,005,1,"nay ứng dụng bị gì ấy mình không vào được , thật sự khá bực bội ấy, mình đã thử xoá và tải lại nhưng vẫn hk vào được, mong add sửa chửa để mình có thể tiếp tục sử dụng ạ",2024-02-18 15:26:24,Negative,There's something wrong with the app and I can't access it. It's really frustrating. I've tried deleting and redownloading it but I still can't access it. I hope you can fix it so I can continue using it.
f7cc9c5d-6c46-4e8a-80b7-f9e337bb15af,005,2,"ê hôm nay app bị sao vậy trời mọi ngày dịch đọc cũng xuôi tai nay rất cấn luôn, bỏ chữ rồi viết loạn lên",2024-02-05 17:29:40,Negative,"Hey, what's wrong with the app today? Every day the translation goes well, but now it's very difficult. I leave out words and write haphazardly"
2457ed38-6c6e-415a-ad03-f81d0ec9c5a4,005,2,"tải nhanh quá thì thua , có nhiều từ điển thiệt nha , chơi geam thì bắt tải thêm 1 cái nữa , geam thì ko có nhiều thể loại geam tiếng anh , cố gắn lên nha , mốt tui cho 5 sao 🥰",2024-01-30 10:56:58,Negative,"If you download it too fast, you'll lose. There are a lot of dictionaries. If you play Geam, you'll have to download one more. Geam doesn't have many English genres. Try to add more, I'll give it 5 stars 🥰"
06652feb-fca0-4ba9-af26-ec66cd1eaefb,005,2,dịch màn hình được đúng 1 lần rồi lại không dịch được tiếp phải vào app để bật lại vẫn chỉ được 1 lần những lần sau cũng như vậy,2023-12-26 13:00:20,Negative,"I could translate the screen correctly once, then couldn't translate it, so I had to go into the app to turn it back on, but it still only worked once, and the next time it was the same."
f74b3833-1074-4872-8d30-aaa08f49263f,005,1,trải nghiệm quá tệ. tính năng dịch màn hình cực kì khó chịu khi liên tục hiển thị thông báo trên màn hình mà không tắt được. tôi chỉ cần tính năng này hiện thị bằng một icon gọn nhẹ như nút home của iphone chứ không cần hiện bảng thông báo tùm lum như vậy,2023-11-05 21:30:18,Negative,"very bad experience.The screen translation feature is extremely annoying when it continuously displays notifications on the screen and cannot be turned off.I just need this feature to be displayed with a compact icon like the iPhone's home button, without having to display such a cluttered notification panel."
a0d29e0e-fce8-43d4-b66a-fa4f1ffe028d,005,1,tôi không thể đăng nhập bằng tài khoản google hay facebook được. tôi đã cố gắng thử rất nhiều lần nhưng đều báo lỗi. tôi cần được hổ trợ để tôi có thể lưu trữ những từ vựng tôi học,2023-11-05 15:59:25,Negative,I can't log in with my google or facebook account.I have tried many times but all get errors.I need support so I can store the vocabulary I learn
4f3408e1-c58b-4efa-bddc-0e7f0cd622bd,005,1,"tôi đã mua bản quyền vip của phần mềm này nhưng khi đổi sang máy điện thoại khác thì bị mất tài khoản vip, được nhà cung cấp phần mềm báo là đợi bản cập nhật lần sau thì sẽ khôi phục được tài khoản vip của tôi. cho tôi hỏi phải đợi bao lâu thì mới có bản cập nhật ah?",2023-10-19 14:11:39,Negative,"I bought the VIP license of this software, but when I changed to another phone, I lost my VIP account. I was told by the software provider that I will be able to restore my VIP account when I wait for the next update.Can I ask how long do I have to wait for the update to come out?"
59fbd4d1-82ab-47c2-abef-be4f68c77834,005,1,"dịch chả ổn gì hết, chỉ có cụm danh từ dịch tốt hơn google dịch chút xíu. phần từ điển chả có ví dụ về chia thì của từ.",2023-08-09 12:50:41,Negative,"The translation is not good at all, only the noun phrase translates a little better than google translate.The dictionary does not have examples of word tenses."
2b4d09b5-df2b-4117-b7ad-a6da1bddaf5f,005,1,dịch màng hình đ được kéo tới chữ sờ ra đó mà cứ bảo không tìm thấy câu trl là sao?? lỏ nói mẹ đi mắc mệt,2023-07-16 09:19:24,Negative,What do you mean by the screen fluid being drawn to the text that you feel but it keeps saying you can't find the trl sentence??I told my mother that I was tired
d2b7095c-c76b-4794-a9d2-75b58f52085f,005,2,"trước dùng tốt nhưng càng ngày dịch càng tệ, bản mới thì chắc chắn là tệ nhất luôn :) nói chung là chịu, đi tìm app dịch khác chứ ai chịu nổi ông",2023-06-28 20:15:21,Negative,"Used to be good but the translation is getting worse and worse, the new version is definitely the worst :) in general, I can handle it, go find another translation app, who can stand it?"
323af503-4373-4a72-ad7e-84ff3d762f93,005,2,"ứng dụng khá tốt, tuy nhiên phần dịch màng hình quá tệ tôi thậm chí chả dịch được cái gì từ nó dù đã mua bản vip mong rằng chức năng này sớm hoàn thiện hơn trong tương lai",2023-06-09 14:46:30,Negative,"The application is quite good, but the screen translation is so bad that I can't even translate anything from it even though I bought the VIP version. I hope this function will be more complete in the future."
ab0739e3-3919-4c22-b00f-420f86793f8d,005,1,"đã đánh giá 5* nhưng giờ phải đánh giá 1* vì mua vĩnh viễn bằng tài khoản facebook, nhưng giờ thì không kích hoạt lại được vì lỡ đăng xuất ra.",2023-05-21 19:31:18,Negative,"Rated 5* but now have to rate 1* because I bought it permanently with a Facebook account, but now I can't reactivate it because I accidentally logged out."
2afd6413-a88f-4456-9ae8-60dad74a03c5,005,1,"cái âm thanh khi bật mic nói với cá nhân tôi cực kì thấy khó chịu ,nó còn kêu to hơn giọng của của tôi nữa",2023-05-08 10:53:59,Negative,"I personally find the sound when I turn on the mic extremely annoying, it's even louder than my voice."
6e638435-3548-4448-bdd7-2f6647ef6032,005,2,"quá nhiều quảng cáo cho 1 ứng dụng học tập làm việc, tra 2 từ ra 1 quảng cáo, hơn nữa còn là quảng cáo không tắt được phải đợi hết thời gian mới tắt được, quá ảnh hưởng đến việc sử dụng.",2023-05-03 18:12:36,Negative,"too many ads for a learning and working application, look up 2 words to get 1 ad, moreover, the ads cannot be turned off and have to wait for a while to turn off, too affecting the use."
00cc53b7-8912-4d64-82fb-1c81850bf727,005,2,"nên phát triển app có thể để nằm ngang, huhu thời đại nào rồi mà app update thường xuyên thế lại thiếu được tính năng này.",2023-04-26 13:55:16,Negative,We should develop an app that can be placed horizontally. What an era when apps that update so frequently lack this feature.
e14675f2-c471-4fb1-b26b-ab9d9a7ca4ae,005,1,ứng dụng như ship ấy tra từ thì tạm đc chứ còn những tính năng khác thì là bỏ đi hết nhất kà chụp màng hình,2023-04-13 13:13:50,Negative,"An app like ship is okay to look up words, but all other features are left out, especially taking screenshots."
8541f80d-2944-436f-9369-471657f1c947,005,1,"đã mua gói vip 1 lần nhưng không kích hoạt lại được, sau đó thử mua lại lần nữa, vẫn bị trừ tiền và thậm chí không hỗ trợ hoàn lại tiền.",2023-02-11 08:35:11,Negative,"Bought the vip package once but couldn't reactivate it, then tried to buy it again, money was still deducted and refunds weren't even supported."
948c6ef9-6062-4cd5-a2ab-141c731d131a,005,2,"ở chế độ thu nhỏ, ấn tra từ bằng micro, sau khi đọc từ thì vẫn cứ hiển thị list từ đã tra làm không thể xem đc nội dung dịch. rất khó chịu.",2023-01-27 15:16:33,Negative,"In minimized mode, press the word search with the microphone. After reading the word, the list of searched words will still be displayed, making it impossible to see the translation content.very annoying."
f665d5a6-ebe8-4ecb-bcc5-1784b0c9ff8d,005,1,"ko đồng bộ đc danh sách từ của tôi trên 2 thiết bị khác nhau, lâu lâu bắt đăng nhập lại tk gg là y như rằng mất sạch những từ đã lưu",2023-01-03 15:46:47,Negative,I can't synchronize my word list on 2 different devices. Every now and then I have to log back into Google account and it's like I've lost all the saved words.
3f9bf715-2bfe-4608-b823-ebeaac760380,005,1,"hiện tại không sao lưu được từ vựng, nên không thể đổi từ qua máy khác. dịch vụ chăm sóc khách hàng cực kỳ tệ.",2022-11-18 07:28:05,Negative,"Currently, words cannot be backed up, so words cannot be changed to another device.Extremely bad customer service."
7b3fa713-dd2d-4d93-8df1-adbaaf42ff64,005,1,tôi khá tin tưởng tflat nhưng khi tôi mua trên iso sang android tôi đã mua lần 2 bản vĩnh viễn vì nghĩ khi chuyển hđh thì ko hỗ trợ nên tôi mua 2 lần cùng một gmail này ! coi như ủng hộ vì app rất có ích và giúp tôi quá nhiều rồi! nhưng khi tôi tải lại trên android khi xoá đi thì vào phần khôi phục tài khoản thì ko được nữa và bắt tôi mua lần nữa tôi vẫn dùng gmail này và android này nhưng ko khổi phục được!! tôi rất thất vọng! mong phản hồi và code lại app,2022-11-18 03:22:56,Negative,"I quite trust tflat, but when I bought it from ISO to Android, I bought the permanent version a second time because I thought it wouldn't be supported when I changed the operating system, so I bought it twice with the same gmail!Consider supporting it because the app is very useful and has helped me so much!But when I redownload it on Android, after deleting it, I can't go to account recovery and force me to buy it again. I still use this gmail and this Android but I can't restore it!!I am very disappointed!Looking forward to your feedback and re-code the app"
745948d7-64f3-4063-b801-cd10623581c8,005,2,"trừ 3 sao bởi vì khi tra từ thì không có phiên âm theo giọng anh-mỹ , chỉ có phiên âm anh-anh . thật sự điểu này khá bực mình , và rất bất lợi cho những người học tiếng anh theo giọng anh-mỹ",2022-11-17 08:36:49,Negative,"Minus 3 stars because when looking up words, there is no English-American transcription, only English-English transcription.This is actually quite annoying, and very disadvantageous for those who learn English with an American accent"
c3b81546-00f2-4b27-aa5c-71bbff6d5b5d,005,1,ứng dụng như cc dịch màng hình làm như k lm cái kính lúp k di chuyển được dịch bằng niềm tin uổng công mua vip r lm ăn như thế này,2022-10-19 06:58:45,Negative,"Applications like cc screen translator do it like k lm a magnifying glass that doesn't move can be translated with faith, it's a waste of money to buy vip r lm like this"
e43325c3-ff29-4dda-aca7-3ba0b59c2724,005,2,app làm ăn dở tệ! tôi k backup từ lên được và đã gửi email cho app nhưng vẫn k thấy hồi âm! đề nghị trả tiền lại cho tôi,2022-09-18 10:00:12,Negative,The app's business is terrible!I can't back up words and have emailed the app but still haven't heard back!offered to give me my money back
710e0612-9c77-4a5c-876e-dd6f6f1b83c6,005,2,"tại sao đt của tôi ko có chỗ dịch bằng hình ảnh, chỉ có dịch khi gõ ra như vậy rất bất tiện vì có mấy đoạn văn k gõ đc",2022-07-21 03:25:20,Negative,Why doesn't my phone have a place to translate with images? It only translates when typing. This is very inconvenient because there are some paragraphs that cannot be typed.
44d467ce-7caa-490f-bbb5-c534e6875962,005,1,mình kích hoạt vip trên đt h ko kích hoạt lại đc trên mipad. đăng nhập lại thì thấy còn lưu phương thức thanh toán trước đó nhưng ko cho sync. khá thất vọng,2022-06-10 17:11:27,Negative,"I activated vip on my phone and can't reactivate it on mipad.When I log back in, I see that the previous payment method is still saved but it won't sync.quite disappointed"
96012138-8e13-4f15-8bf8-f53ef0dcd1b9,005,2,phần tra từ qua màn hình lỗi r ad ơi. dí nó kéo đi mà nó ko kéo còn có cả biểu tượng truyền màn hình là sao? trong khi máy này k truyền qua thiết bị khác. sửa đc lên 5 sao còn k thì giữ 2 sao nhà phát triển nhé,2022-03-16 16:15:08,Negative,"Looking up words through the screen is an error, admin.I tried to pull it but it didn't even show the screen transfer icon, what's wrong with it?while this device does not transmit to other devices.If you can fix it to 5 stars, if not, keep the developer's 2 stars"
7f4bae50-4b33-471e-9d9c-cd260522ed36,005,1,lúc đầu mình dùng được nhưng 2 ngày nay không biết mình bấm ở đâu hay do lỗi của ứng dụng mà ( dịch thì được nhưng ở tiếng anh không nghe đọc ),2022-03-01 05:52:16,Negative,"At first I was able to use it, but for the past 2 days I don't know where I clicked or is it because of an error in the application (the translation works but in English I can't read it)."
8dbab4d7-f27e-44bf-b228-015f324fe650,005,2,"chả giúp ích được gì mấy, nhiều loại từ tra thì bắt tra sang từ gốc. rồi chỉ hiện loại từ là danh từ chứ không dịch. nhiều từ chuyển sang danh từ nghĩa khác mà cũng không dịch, chả hiểu gì. đã thế phần công cụ dịch màn hình còn bị lỗi. nói chung là vô dụng, không bằng áp 3,6 sao!",2022-02-24 08:16:46,Negative,"It's not very helpful. For many types of words, you have to look up the original word.then only shows the type of word as noun, not translated.Many words are converted into nouns with different meanings but are not translated and are not understood at all.Replaced the broken screen translation tool.In general, it's useless, not as good as 3.6 stars!"
8f7b4c3b-c3a9-465e-9f90-00c0d8e8b123,005,1,app thì đc đó mà mấy đứa bn giới thiệu qué trời nên nhứt đầu :)))). từ ngày hc cái này thông minh ra nên đánh giá 1 sao :))))),2022-01-12 14:54:15,Negative,"The app is good, but my friends recommended it so much that I gave up :)))).Since learning this, this is so smart that I rate it 1 star :)))))"
ecb7ff4d-1807-49a5-9265-1a9906d37659,005,1,"app bị dị tật với âm g, đọc mà ko hiểu kiểu gì toàn nhảy sang âm v với l. trong khi thử app khác thì bình thường ????",2022-01-07 13:53:02,Negative,The app has a problem with the g sound. I don't understand how to read and always jump to the v and l sounds.while trying another app it's normal ????
eea7fc01-f232-41de-be0e-c02180b9198e,005,1,"trước đây các bản dịch của app đều rất hay và hợp lý, nhưng gần đây hình như app có thay đổi gì đó và dịch không khác gì dùng gg. bỏ tiền ra mua vip để rồi nhận lấy bản dịch miễn phí lấy từ gg, lừa đảo",2021-12-30 17:06:06,Negative,"Previously, the app's translations were very good and reasonable, but recently it seems like the app has changed something and the translation is no different from using Google.Spending money to buy VIP and then receiving free translations from Google is a scam"
a92e8a7c-7e74-49e7-bd1b-f17e0852c5df,005,1,"cập nhật phần dịch bằng hình ảnh như quần què. trông rất là khó chịu luôn. đang bản cũ, h/ảnh còn chỉnh được kích thước to ra, với lưu được vào phần những cụm đã dịch. bản mới nhìn xấu mù, mà còn khó sửa word nữa. nếu mà biết tflat cập nhập dịch bằng hình ảnh kiểu này, thì tôi còn lâu mới mua gói vip. trả bản cũ đây. bực cả mình",2021-12-29 14:59:42,Negative,"Update the translation with images like crazy.looks very uncomfortable.In the old version, images can still be resized and saved in the translated phrases section.The new version looks ugly, and it's also difficult to edit the word.If I had known that tflat would update translations with images like this, I would never have bought the VIP package.Return the old version here.annoyed with myself"
e31e641e-b73e-4c8d-b948-81a6b98020f6,005,1,t vừa xóa app và thề sẽ không bao giờ tải lại. lỗi đã tùm lum rồi giờ còn tra từ load mãi không ra trong khi nó là từ offline. chưa tra ra từ mà quảng cáo đã nhảy ra rồi. oke vĩnh biệt nhé,2021-12-29 14:22:35,Negative,"I just deleted the app and vowed never to download it again.The errors have been numerous and now I can't find the word load even though it's an offline word.Before I looked up the word, the ad already popped up.ok goodbye"
20da24b6-86fb-4fb1-a79f-fb721d19678f,005,2,má tao dịch câu ( đó là một lớp học khó ) vậy mà nó ra như thế này ( it was a difficult class ) bít nghĩa mà muốn tra thử đúng hong ra vậy tui xỉu ngang,2021-12-24 02:14:37,Negative,My mother translated the sentence (it was a difficult class) but it came out like this (it was a difficult class) but I really want to check the meaning and see if it's correct.
2147dc58-f35a-4d71-b62e-6d76748eba31,005,2,"dịch mà nó ra sai từ, đọc theo nó lại ko ra từ đó, ức chế với cái app này quá, nên coi lại chất lượng",2021-12-19 15:59:30,Negative,"When I translate it, it comes out with the wrong word. When I read it, it doesn't come out with that word. I'm so frustrated with this app. I should check the quality."
30489474-39ac-4ed5-a141-4e0ffc1d8f47,005,1,tôi không vui vì khi tôi chụp ảnh để dịch thì khi xong thì nó biến mất không thì ra toàn cái gì không thôi,2021-12-07 13:07:33,Negative,"I'm not happy because when I take a photo to translate, when it's done, it disappears or it turns out to be nothing"
9a2823f9-d400-44f9-ac91-5ee28ed45077,005,2,"vui lòng hỗ trợ tôi tôi đã thanh toán vip trên máy samsung liên kết với tài khoản google rồi khi tôi chuyển sang ipad liên kết với tài khoản google thì bị mất vip, buộc phải mua lại",2021-12-03 00:54:37,Negative,"Please support me. I paid for VIP on a Samsung device linked to my Google account, but when I switched to an iPad linked to my Google account, I lost VIP and had to buy it again."
ff2defe4-831a-4079-b011-9c6e6855c71a,005,1,"dịch như google câu dễ thì dịch được thôi 🤡💅. dịch từ thôi cũng sai kiến thức, cấu trúc câu đơn giản nhưng không hề làm được tải vể chỉ tốn dung lượng 😀. nói chung không nên tải, nghe tôi thì bỏ đi nhá nhà sản xuất 😀😀😀",2021-11-18 13:01:08,Negative,"Translate like google, easy sentences can be translated 🤡💅.Just translating words is wrong, the sentence structure is simple but it doesn't work because it just wastes space 😀.In general, you should not download it. If you listen to me, then leave it, producer 😀😀😀"
f46946bb-c8dd-44fc-8650-8e5cad1014a1,005,1,đm gõ 1 từ mà ra 1 đống chả có cái nào hợp cả tôi gõ là favorite là đẹp tôi muốn thử xem có tốt ko mà như cc,2021-10-27 11:36:06,Negative,"I typed one word but it came up with a bunch of nothing suitable. I typed favorite and it's beautiful. I wanted to try it to see if it was good, but it was like cc"
be774889-f6e4-4d38-939b-2fd2292ebbe7,005,1,"chỗ phần "" từ của bạn"" chỉ có 2 thư mục 📁 . muốn có thêm phải trả phí 1 tháng 8 mươi mấy nghìn. haizzzzzz đâu phải ai cũng có 💵 . mong cho 10 📁",2021-10-24 13:54:04,Negative,"In the ""your words"" section there are only 2 folders 📁 .If you want more, you have to pay a monthly fee of 80 thousand.haizzzzzz not everyone has 💵.hope for 10 📁"
954909ec-91bf-4a1b-be25-38e903469ae6,005,1,mua gói từ vựng vip theo sgk từ lớp 3 -12 mất 89k. rồi phát hiện ra nó ko hề soạn theo sgk hiện tại hs đang học mà soạn theo sgk cũ. tự dưng mất tiền mà bực mình,2021-10-11 08:18:46,Negative,Buying a VIP vocabulary package according to textbooks from grades 3 to 12 costs 89k.then discovered that it was not compiled according to the current textbook students are studying but was compiled according to the old textbook.Suddenly losing money makes me angry
99ae42ea-0486-492d-a292-c2eabc78f9f4,005,1,"chụp ảnh để dịch thì nó ko dịch còn sữa từ nó dịch trong dịch văn bản thì nó xóa luôn từ của mình ,làm vậy mà đòi ủng hộ cho nó 5 sao",2021-10-10 05:30:39,Negative,"When I take a photo to translate, it doesn't translate, but when I translate the text, it erases my own words. That's why I want to give it 5 stars."
5bc49a0a-919c-44aa-8452-1ba800c048bb,005,1,từ điển tra sai từ thêm /s/ và /es/ mong ad xem xét và sửa lại. tôi đã bị mấy lần như v khi viết essay rồi,2021-10-09 02:41:48,Negative,"The dictionary looks up the wrong words adding /s/ and /es/, please review and correct it.I've had this happen several times when writing an essay"
ca8d84fd-4a7d-4911-9fad-c4b4ab32cd46,005,1,"ổn nhưng đồng bộ từ đã lưu giữa các máy trên cùng 1 gmail là quá tệ, không thể đồng bộ từ lưu giữa hai máy dù cùng gmail.gửi mail xin sửa lỗi cũng không reply . app ổn nhưng cskh tệ vl",2021-10-03 20:23:28,Negative,"It's okay, but syncing saved words between devices on the same gmail is too bad. Can't synchronize saved words between two devices even if they're on the same gmail. Even if I send an email to ask for error correction, there's no reply.The app is ok but the customer service is so bad"
7940cdca-fb7f-4abc-be30-31549ed9d4dd,005,1,"xin hướng dẫn bật mic, không mở được mic vì app báo cập nhật (đã cập nhật) và máy không hỗ trợ trong khi bật google dịch vẫn có mic bình thường!?",2021-09-26 16:14:45,Negative,"Please guide me to turn on the mic. I can't turn on the mic because the app says it's updated (updated) and the device doesn't support it. While turning on Google Translate, I still have the mic normally!?"
95ee4ac8-2c83-447d-89ab-789ed3d1c7ad,005,2,"một danh từ dạng số nhiều, thêm ing, ed mà sao vẫn đọc y chang dạng số ít! khắc phục sớm không thì người học bị sai theo phần mềm! từ nào chưa có phát âm thì nên ẩn loa.",2021-08-25 05:55:07,Negative,"a plural noun, adding ing, ed but still reading the same as the singular form!Fix it soon or the learner will be wrong according to the software!For words that have not yet been pronounced, the speaker should be hidden."
0c832628-e189-410a-9eeb-afe3913cb624,005,2,cho mik hỏi tại sao ko phát âm ra ạ mik ko nghe tiếng j cả ko có biểu tượng loa phát âm lun mong app kiểm tra lại giùm mik nha có thêm loa để trả từ sẽ tiện hơn vừa bik từ tiếng anh vừa bik phát âm sẽ ok hơn nhìu mà app cũng rất hay app chỉ ra cho mik từ đó thuộc dạng tính hay danh từ được luôn nha cảm ơn nhìu ạ,2021-08-24 04:20:18,Negative,Can you tell me why I can't pronounce it? I can't hear the sound. There's no speaker icon. I hope the app can check again for me. Having a speaker to answer the word would be more convenient. Knowing the English word and pronouncing it would be much better. The app is also very good. It can show me whether the word is an adjective or a noun. Thank you very much.
bcf7c6e5-7571-42b1-b437-f26bd5914b69,005,2,"ứng dụng này giọng đọc ko truyền cảm, nghe rất chán, đọc chỉnh giọng chậm mãi mà đọc vẫn nhanh. mong nhà sản xuất khắc phục các sự cố em vừa đưa ra ạ",2021-08-19 04:36:14,Negative,"This application's voice is not inspiring, it sounds very boring, the voice adjustment is slow but the reading is still fast.I hope the manufacturer fixes the problems I just mentioned"
3e3cb475-249b-4ff3-8da6-05772f176d81,005,2,"ứng dụng có điểm hữu ích là dịch từ đúng và kiểm tra được tùa vựng của mình. nhưng có điểm tôi chưa hài lòngđos là: ứng dụng dịch ko đúng các câu văn , dịch ta sang tiếng việt cứ ""tả tơi"" sao ý. câu ko mạch lạc cứ như đứa trẻ con xếp bừa từ vào. vì thế nên mình cho 2 sao. mong ad chỉnh sửa. 🙁😔☹😤",2021-08-11 03:14:45,Negative,"The useful point of the application is to translate words correctly and check your vocabulary.But the one thing I'm not satisfied with is: the application doesn't translate sentences correctly, the translation into Vietnamese is always ""tattered"".Sentences are incoherent, like a child haphazardly putting words together.That's why I give 2 stars.I hope admin will edit.🙁😔☹😤"
583e1a65-fd83-4ddb-921b-cb275d360add,005,1,"ko hiểu sao dùng 1 thời gian thì nói tự thoát, bh và ko đc luôn . lúc học thì ko sao , tới lúc thi thì vậy đó.😤",2021-07-27 02:42:01,Negative,"I don't understand why after using it for a while, it says it will automatically quit, and it doesn't work.It's okay when I study, but when I take the exam it's like that.😤"
6f1f9793-9f7d-4377-9e46-459b77997f2d,005,1,"ứng dụng của tflat không có thể dịch được từ lá mắc mật tiếng anh là: clausena indica ấy biết chưa hả mi , gỡ bỏ ứng dụng thôi quá loại lá mắc mật dùng để ướp thịt vịt, heo rồi quay ấy",2021-05-11 09:29:34,Negative,"tflat's application cannot be translated from English mac mat leaves as: clausena indica, do you know? Just uninstall the application. Mac mat leaves are used to marinate duck and pork meat and then roast it."
4684d9dc-c345-40f3-9b52-f5fb4d321224,005,2,"ứng dụng hay nhưng mà hệ thống lại hay bị lỗi. tôi dịch một từ, xong qua từ tiếp theo nó lại ko dịch đc, phải tắt đi mở lại thì mới bth. r nhiều lúc từ offline dịch đc nhưng nó cứ chuyển qua phần dịch onl, cái vấn đề này phải tắt đi mở lại thì mới bth, mà như vậy thì vô cùng mất tg, nhiều lúc vội mà nó như thế thật sự rất bực mình.",2021-03-02 07:42:33,Negative,"Good application but the system often crashes.I translated one word, then the next word couldn't be translated, I had to turn it off and on again to fix it.There are times when I can translate from offline but it keeps switching to online translation. This problem has to be turned off and on again to fix it, which is extremely time consuming. Sometimes in a hurry it's really annoying like that."
493c3fcb-3f95-44e5-b7d2-20d3265bce40,005,2,"tại sao dịch tiếng anh thôi mà cũng trừ tiền vào tài khoản ạ ai trả lời cho em với , em dịch tiếng anh mà bị chừ hết vào tài khoản",2021-02-24 23:58:16,Negative,"Why is it that even when I translate into English, money is deducted from my account? Can someone please answer me? I translate into English but it's all deducted from my account."
09aae573-22cc-4520-bbed-50b853279c57,005,2,"đáng lẽ là đc 4 sao nhưng trong ứng dụng bắt nâng cấp vip quá nhiều, app nên nhớ đây là là ứng dụng học ko phải để moi tiền nếu khắc phục lỗi tôi sẽ cho app 4 sao hoặc 5 sao nếu bản cập nhật tiếp tốt hơn",2021-02-23 14:54:30,Negative,"It should be 4 stars but the app requires too many VIP upgrades, remember this is a learning app, not to make money. If you fix the error, I will give the app 4 stars or 5 stars if the next update is better."
1afcdde6-a69d-45c2-bb44-d347beb0ad60,005,1,"có một số nghĩa của từ ít hoặc không sd trong giao tiếp, vậy tôi bt chọn nghĩa nào cho phù hợp để học đây",2021-01-31 04:31:43,Negative,"There are some meanings of words that have little or no use in communication, so I wonder which meaning is appropriate to learn."
4215ee74-134f-43b3-941a-8e7fc20e29da,005,1,"mới tải tra từ rất ok, có cả các ví dụ dùng dần ko khác gì google dịch ko có ví dụ, ko có phần chỉ cách đọc bắt tải này nọ kia còn quảng cáo nữa",2021-01-21 17:30:55,Negative,"Just downloaded and looked up words very well, there are examples for use, no different from google translate, there are no examples, there are no instructions on how to read, download this and that, there are also ads."
19d95ded-2fb1-4871-8a96-df55dd53bec5,005,2,"bạn có thể tải trình duyệt opera và thiết lập như sau : bấm và giữ 2 giây chữ  "" chế độ ban đêm ""  sẽ hiện ra phần thiết lập tiếp theo,  phần :  "" nhiệt độ màu sắc ""  và  "" đang làm mờ "" bạn kéo kịch hết sang trái , ( "" sử dụng chủ đề tối ""  và "" các trang web tối ""  bạn bấm dấu tích để bật ""  )  đã xong bạn vào bất kỳ web nào nền cũng màu đen rất đẹp ,  nền đen này mà áp dụng vào app tflat thì tuyệt vời,  nền hiện tại của tflat xấu nên mình ít dùng. bạn sửa lại mình cho 5 sao. cảm ơn bạn.",2021-01-13 21:41:34,Negative,"You can download the opera browser and set it up as follows: press and hold for 2 seconds the word ""night mode"" will display the next setting, the part: ""color temperature"" and ""dimming"" you drag the screen all the way to the left, (""use dark theme"" and ""dark websites"" you press the check mark to turn it on"") done, you go to any website and the background is black, very beautiful, this black background when applied to the tflat app is great, the current background of tflat is uglyso I rarely use it, please correct me and give me 5 stars."
cf67e157-70eb-456a-9461-88aa93b88994,005,1,tại sao dịch những câu từ tiếng anh sang tiếng việt sao mà dở quá v ko thể tin đc là dịch rất hài hước tôi đang muốn dịch câu nào đó thì dịch xong như ko dịch v chả hiểu nói gì cả nên nâng cấp lại đi,2020-12-25 11:50:46,Negative,"Why is translating sentences from English to Vietnamese so bad? I can't believe it. It's so funny. I'm trying to translate a certain sentence, but after translating it, it's like I didn't translate it. I don't understand what's being said, so please upgrade again."
d866a427-ec12-408c-8b91-9639d571b2b0,005,1,độc thì nhang như cái gì ko ai nghe kịp độc bình thường không được sao mà cứ phải lẹo lữ vậy bởi vậy ko ai nghe được cũng đúng thôi 😡😡😡😡😡😡😡😡😡😡😡😡😡😡😡😡😡😡😡😡😡😡😡😡😡😡😡😡😡😡😡😡😡😡😡😡😡😡😡😡😡😡😡😡😡😡😡😡😡😡😡😡😡😡😡😡😡😡😡😡😡😡😡😡😡😡😡😡😡😡😡😡😡😡😡😡😡😡😡😡😡😡😡😡😡😡😡😡😡😡😡😡😡😡😡😡😡😡😡😡😡😡😡😡😡😡😡😡😡😡😡😡😡😡😡😡😡😡😡😡😡😡😡😡😡😡😡😡😡😡😡😡😡😡,2020-12-21 09:49:30,Negative,"Poison is like something that no one can hear, normal poison is not good, why do you have to keep lying around like that, that's why no one can hear it.😡😡😡😡😡😡😡😡😡😡😡😡😡😡😡😡😡😡😡😡😡😡😡😡😡😡😡😡😡😡😡😡😡😡😡😡😡😡😡😡😡😡😡😡😡😡😡😡😡😡😡😡😡😡😡😡😡😡😡😡😡😡😡😡😡😡😡😡😡😡😡😡😡😡😡😡😡😡😡😡😡😡😡😡😡😡😡😡😡😡😡😡😡😡😡😡😡😡😡😡😡😡😡😡😡😡😡😡😡😡😡😡😡😡😡😡😡😡😡😡😡😡😡😡😡😡😡😡😡😡😡😡😡😡"
8c7b4e31-1b22-4625-a3f7-d1d5d58ef52c,005,2,"phát hiện ra 1 số từ phiên âm 1 đường cách đọc 1 nẻo , nhìn vào phiên âm mà ko nghe cách đọc là sẽ phát âm sai",2020-12-18 15:37:04,Negative,Discovered that some words are transcribed one way and read another way. Looking at the transcription without hearing the pronunciation will result in mispronunciation.
779bdd47-0812-4b97-b349-e566949395f4,005,1,mình mất đth và chuyển đăng nhập thì kh đc mình là thành viên vip mua r và giờ kh đăng nhập đc thật thất vọng,2020-12-13 08:09:32,Negative,I lost my phone and can't log in. I'm a VIP member and now I can't log in. I'm so disappointed.
aeeb4365-8c4b-45ca-ba7d-a174168da6c0,005,1,"nickname tui là cow, nay tui tính học chửi thề bằng tiếng anh cho nó pr0, vậy mà tui lên dịch tflat c.ặc là gì, tflat lại hiện c.ặc bò😡😡 bộ chửi tui vì tui dịch tầm bậy hả😡 kì cục.",2020-12-07 15:45:38,Negative,"My nickname is cow, now I'm planning to learn to swear in English for him, but when I go to translate tflat what is c.c., tflat shows c.c.cw😡😡 Are you cursing me because I translated nonsense😡 weird."
117a0255-8965-4034-a485-f10d230a0d63,005,2,tính năng dịch văn bản hoạt động chậm! không hiệu quả. mặc dù tôi đã mua vip. thật khó chịu. cả về tốc độ phần cứng và tốc độ mang tôi đều có thể đảm bảo chúng hoạt động tốt. ứng dụng có vẻ gặp trục trặc về tối ưu!,2020-12-06 15:49:07,Negative,Text translation feature works slowly!inefficient.even though I bought vip.so annoying.Both in terms of hardware speed and bearing speed I can guarantee they work well.The application seems to have optimization problems!
7a72f5c3-6667-43d9-a351-39afd607874a,005,1,bấm vào nút dịch thì nó lại không chịu dịch nghĩ coi có tức không câu ngắn nó dịch mình viết dưới 500 từ thế mà nó vẫn không dịch tức 😡 thật,2020-11-17 12:57:25,Negative,"Click on the translate button and it won't translate. I wonder if it's funny. The short sentence it translated is less than 500 words, but it still won't translate 😡 really."
a00d5882-8719-436c-b7ce-afc2ab2083b7,005,2,hay bị lỗi dịch sai hoàn toàn từ ta. tôi đây ko có dốt anh đến mức ko biết điều đó. làm ơn giải quyết gấp,2020-11-09 15:03:49,Negative,Or there is a complete mistranslation from me.I'm not so ignorant that you don't know that.Please solve it urgently
fcc5313d-c704-4e6e-84cb-95e6401138c7,005,2,mới đầu thì ok sau này dù có mạng khỏe nhưg k tra đc câu mà cứ quay tròn suốt .bực cả mk .xóa đi tải lại vẫn vvaay,2020-11-09 13:03:04,Negative,"At first it was ok, then even though I had a good internet connection, I couldn't look up the question and it kept spinning in circles. It was so frustrating. I deleted it and redownloaded it, still the same thing."
e9b40742-d1ea-4057-8f83-357de8c874d7,005,1,trước kia tao á là xóa đi để tải lại nhờ nó xóa hết cả cái điện thoại luôn mà nó không ra đúng là cái cái ứng dụng cụ bắt ma quỷ không bênh gì cho nhẹ vào lưng giùm cái đi,2020-10-23 00:53:33,Negative,"Before, I deleted it and redownloaded it so I could delete my entire phone, but it didn't work. It's a ghost catcher app that doesn't protect me. Just give me a break."
8a6df92f-3aa7-4f9a-8f97-ac7fadc01958,005,1,"ứng dụng bỏ tiền mua bản nâng cấp mà dụng quá tệ, thua bản free. dịch văn bản chờ cả tiếng đồng hồ mà vẫn ko xử lý được, ứng dụng chạy ì ạch, người dùng mất nhiều thời gian chờ đợi khi sử dụng, tạo tâm lý ức chế. đề nghị tác giả xem xét lại, cảm thấy bỏ đồng tiền ra không xứng đáng!",2020-10-08 04:30:24,Negative,"The application costs money to buy an upgraded version but it is so bad that it loses to the free version.Translating text waits for an hour but still can't be processed, the application runs sluggishly, users spend a lot of time waiting to use it, creating psychological frustration.I ask the author to reconsider, I feel like the money spent is not worth it!"
e20017eb-b232-456c-a0a7-8fee49ba221b,005,1,tôi cảm thấy ứng dụg này quá yếu . tôi đằng nhập fb nhưng cứ bị báo lỗi nên không học đc . thế nên tôi cho 1 sao mog nhà thiết lập bảo trì ứng dụng.,2020-09-25 14:25:29,Negative,I feel this application is too weak.I logged in to Facebook but kept getting error messages so I couldn't study.That's why I give 1 star to the developer who maintains the application.
874046c3-b37c-4d28-aa2f-d69eef7e2896,005,1,"handy craft mà dịch thành (con tàu thuận tiên) thì biet , tao cũng lạy nó lây đâu ra cái nghĩa đó vậy, không xứng 1*",2020-09-20 19:09:33,Negative,"handy craft translates to (handy ship), I wonder where it got that meaning, it's not worth it 1*"
dcd502fd-426a-4672-a86d-3cb9696480fe,005,1,"trước kia thì được còn bây giờ quá lỗi thời và ít hữu dụng,so với google dịch thì các bạn chỉ là chú bé tí hon.",2020-09-14 08:26:54,Negative,"It used to be okay, but now it's so outdated and less useful. Compared to Google Translate, you're just a tiny baby."
f4443957-c7d5-4fff-bdab-07f9a18ac55d,005,1,"đc 1 thời gian th, s h nó bị j á, bị lỗi hay j,tg đt lag, mà đợi cả nửa tháng ko thấy hồi lại, xóa đi tải lại tới 3 lần mà cx ko đc, 🙅, ủa chơi j kì z, tải từ điển về mà ko xài đc, lại phải dg gg dịch là s🤒🤒",2020-09-11 12:50:51,Negative,"It's been a while, it's been broken, has an error or something, I've been waiting for half a month and haven't heard back, I've deleted and re-downloaded it 3 times but it still doesn't work, 🙅, I'm not sure what to do, I downloaded the dictionary but can't use it, I have to google it and translate it as s🤒🤒"
6bdac565-b176-4cfa-9054-ae1815bb755f,005,1,"phiên bản mới dịch câu lâu, thường hay gặp câu : xin lỗi !! chức năng dịch câu đang bị lỗi, bạn vui lòng thử lại sau. ""ví dụ câu : hello teacher"" "" các bạn nên cân nhắc kỹ trước khi tải về""",2020-09-08 09:03:18,Negative,"The new version translates long sentences, often encountering the sentence: sorry!!The sentence translation function is having an error. Please try again later.""example sentence: hello teacher"" ""you should consider carefully before downloading"""
f2fa23c9-4c42-446b-ad6e-3855dc90169a,005,2,"cho 4 sao vì lỡ bỏ 25000 vnđ mua gói sgk mà ko cách nào mở xài được. phần dịch văn bản y hệt google translate, chả có chút gì tốt hơn cả. phần dịch văn bản bị lỗi kiểu cái nào ko biết thì báo lỗi, khó hiểu vậy . chê thì chê chứ vẫn là 1 app tốt,tiện lợi,chất lượng và dung lượng ko quá lớn phù hợp mọi dòng smartphone, đặc biệt là offline.",2020-09-02 05:51:32,Negative,"Giving 4 stars because I accidentally spent 25,000 VND to buy a textbook package but couldn't open it and use it.The text translation is exactly the same as Google Translate, nothing is better.The text translation has an error like if you don't know something then report an error, it's hard to understand.Criticism is criticism, but it is still a good, convenient app, the quality and capacity are not too large, suitable for all smartphones, especially offline."
d0f39f62-b114-465c-a82b-13e5da42aeaf,005,2,"dạo này nó bị điên hay sao mà suốt ngày""xin lỗi. chức năng dịch câu đang bị lỗi"". suốt ngày bị lỗi thế ng ta dịch kiểu gì. có vẻ đáng tin cậy và dịch đúng nhưng về vấn đề này tôi nghĩ nên kiểm tra lại.",2020-08-28 03:54:21,Negative,"Is he crazy these days, always saying ""sorry. the sentence translation function is having an error"".I get errors all the time, so how do I translate it?seems reliable and translated correctly but on this issue I think I should check again."
76676c92-9607-4413-b321-68af8775a501,005,2,khi mik dùng mic để tra từ populous thì hoàn toàn 100% ra từ populist mặc dù mik đọc đúng fix lại hộ mik với nhé,2020-08-17 09:04:06,Negative,"When I use the mic to look up the word populous, it 100% comes out as populist even though I read it correctly, please fix it."
ac893737-c8a6-4e3e-b229-ae25ef8d7058,005,2,ứng dụng rất tốt nhưng quá phức tạp. ko đơn giản như những bản đầu. nếu ai sài bản đầu qua bản mới này phải mất khá nhiều thời gian để lm quen lại. mong nhà phát hành lm app dể sử dụng như xưa,2020-08-13 05:08:45,Negative,"Very good app but too complicated.Not as simple as the first versions.If anyone uses the first version and uses this new version, it will take a lot of time to get used to it again.I hope the publisher of the app is as easy to use as before"
73c13d13-f923-4724-9bae-a230f156c459,005,2,"mong thêm phần dịch ngoại tuyến bằng cách tải dữ liệu dịch về như google dịch, với lại thêm phần dịch đa ngôn ngữ nha, ngoài dịch anh, việt thì có phần dịch nhiều ngôn ngữ nữa để mọi người có thể dịch nhiều ngôn ngữ, như mình muốn tflat thêm nhiều ngôn ngữ trên thế giới lắm, cái nữa là lần cập nhật sau cập nhật thêm mấy công thức tiếng anh. dịch online thì không phát âm được từ nào, mỗi lần mở ứng dụng lên phải nén dữ liệu gì đó mới tra từ trong cửa sổ tra nhanh. mong thêm nhé, khắc phục cho 5*",2020-08-10 09:13:10,Negative,"I hope to add offline translation by downloading translation data like google translate, plus add multi-language translation, in addition to English and Vietnamese translation, there is also a multi-language translation section so people can translate in many languages, like I want to tflat more languages ​​in the world, next update will update a few more English formulas.When translating online, I can't pronounce any words. Every time I open the app, I have to compress some data to look up the word in the quick lookup window.Looking forward to more, please fix it 5*"
8c9588e4-5f8d-4a59-9674-7a00d5268296,006,1,"this app really over bad , i don't have do in bad things with someone in this ap at that time when i using hello talk app . but the manufacturer have blocked my account , because someone to report myself. but i actually don't do it anything wrong in this app😭",2026-02-24 16:10:41,Negative,"this app really over bad , i don't have to do in bad things with someone in this ap at that time when i using hello talk app .but the manufacturer has blocked my account, because someone to report myself.but i actually don't do it anything wrong in this app😭"
d36bb43a-a2c4-4743-bd4f-b84a0331e715,006,1,"cái app bị lỗi chả nghe được gì, trong khi nghe các app khác bình thường mà mở app này lên thì vô không nghe được",2025-12-11 14:44:27,Negative,"The app is faulty and can't hear anything. While listening to other apps is normal, when I open this app, I can't hear anything"
6e3d3163-a3e7-4ca2-a72e-b09e63887dfa,006,1,"app bị gì vậy, sao tự nhiên k đăng nhập được, cứ bảo k có kết nối trong khi wifi rất mạnh, cũng k tải tin nhắn mới được",2025-10-16 09:24:29,Negative,What's wrong with the app? Why can't I log in? It keeps saying there's no connection when the wifi is very strong. I can't even download new messages.
a7d15328-6aa0-484c-aa1b-fcf49067e777,006,1,"ê ai có khuôn mặt không ưa nhìn thì đừng tải nha :)))) toàn bọn háo sắc không à, nhiều khi nó match random mà thấy tài khoản nào onl là match ầ, mấy cô lên để học ngôn ngữ thì ờ ok ấy nhưng mà nhớ xem mấy tài khoản ở gần trên vị trí trong app nha :))))) xem xong mới thấy lắm đứa ở việt nam mà nó giả người china để ghẹo người ta lắm á",2025-09-28 17:44:24,Negative,"Hey, if you have an unattractive face, don't download :)))) they're all greedy people, aren't they? Sometimes they match randomly and see which account online is a match. If you come to learn the language, that's ok, but remember to look at the accounts near the position in the app :))))) After watching it, I see a lot of people in Vietnam and they pretend to be Chinese to tease people a lot."
a1b25a2b-5d97-469f-a255-ac22c198624a,006,1,tôi không thể tải app vì nó để là (thiết bị của bạn không tương thích với phiên bản này) làm ơn hãy khắc phục nó giúp nó dùm tôi nhé,2025-09-15 13:35:00,Negative,I can't download the app because it is (your device is not compatible with this version) please help me fix it.
fd8661ee-94fc-4378-88e7-521bcc5f8f73,006,2,"ủa ad ơi, tui có 1 người bạn bên trung quốc mà mãi không add friend được là sao z, quét qr vs nhập id đều ko đc lsao:'))",2025-09-11 22:41:14,Negative,"Admin, I have a friend in China but I can't add him as a friend, why can't I scan qr or enter ID? :'))"
19b30ba2-454a-4175-a0bf-b57c1428cb2e,006,2,thấy không được bảo mật cao lắm như một đoạn chat khổng lồ có thể rò rỉ bất cứ lúc nào thấy nó tệ nha,2025-08-08 01:52:35,Negative,Seems like it's not very secure as a huge chat can leak at any time. It's bad
e7c2589e-79e7-41fa-b47a-3cf290cfe4eb,006,1,nhắn tin với ng nc ngoài mà ko cho dịch miễn phí thì chẳng khác nào bắt ngta phải mua mới đc xài. v mà nói là app nói chuyện với ng nc ngoài mà trong khi phải mua. xàm,2025-07-05 02:15:27,Negative,"Texting with foreigners without free translation is like forcing people to buy it to use it.That said, the app talks to foreigners while having to buy it.Sam"
a935046e-ba2a-4fc1-933f-13927d661e01,006,1,"đăng nhập xong mới nhắn dc có xíu rồi nói tài khoản đăng nhập của t có vấn đề?? xàm vãi, xóa tải lại cũng vậy chán cho 1 sao, với lại tự nhiên kiu t nhập sđt làm dell j vậy?",2025-07-04 12:25:44,Negative,"After logging in, I only got a few messages and said there was a problem with my login account??It's so lame, deleting and redownloading is the same thing, giving me 1 star, and suddenly I have to enter my phone number to do a dell?"
f8f2d7a2-f9ff-4fd0-9d2b-bc27d0aeb1b7,006,2,"đang nhắn tin bình thường cái nó bảo bị báo cáo vì vi phạm quy định, ủa là sao!??? gỡ ra để t còn nói chuyện với anh trung quốc 😞💔💔",2025-06-29 04:14:15,Negative,"I was texting normally but it said I was reported for violating the rules, what does that mean!???Take it off so I can talk to the Chinese guy 😞💔💔"
59119ee1-255d-4cac-bbb0-b5dcfed9a2be,006,1,"""ghi âm tự động dừng do im lặng"" còn k cho nói đc 1s mà tự động dừng, muốn user nạp thì làm cái paywall ở đó, thoải mái, cần gì làm chiêu trò này",2025-06-02 16:40:46,Negative,"""recording automatically stops due to silence"" but it doesn't even let you talk for 1 second but it automatically stops. If you want the user to recharge, then make a paywall there, feel free, there's no need to do this trick."
f496ec20-81b4-43d2-bd0d-01b1b895c93d,006,1,"mấy má đừng tải mấy cái này, mấy thk ất ơ bên china nó đang dụ dỗ mik đấy ko dụ đc nó chặn ln, làm mồi cho nó chứ nó yêu thương j mik đâu",2025-05-31 02:27:36,Negative,"Don't look at this, those bastards in China are seducing you, you can't tempt them, stop them, use them as bait, they don't love you."
7f295f63-6c0d-4c77-af8e-e2aa482c56c6,006,1,tôi không muốn tham gia nói chuyện nhưng tôi chỉ muốn luyện kĩ năng nghe ngôn ngữ. nhưng đến cả tham gia voiceroom mà nhà phát hành cũng bắt nộp tiền.,2025-05-31 01:05:34,Negative,"I don't want to participate in the conversation but I just want to practice my language listening skills.But even to participate in voiceroom, the publisher still requires payment."
cc01c352-473a-4c14-9537-3bd1abe92039,006,1,"nên để bản cập nhật và chưa cập nhật, vì tôi không muốn dùng bản cập nhật. trông nó rất loạn, app chỉ cần dịch đúng còn về giao diện như lúc trước vẫn ok. tập trung vào chất lượng. đừng làm màu mè lên",2025-05-27 03:47:52,Negative,"Should leave the update and not update, because I don't want to use the update.It looks very chaotic, the app only needs to be translated correctly and the interface as before is still ok.Focus on quality.Don't make it fancy"
0c41b938-c4eb-48c8-a234-9dbe71790a06,006,1,hồi trước tui quen một người có tên tài khoản trên app này là @ weak fire nhưng sau đó tui xóa tài khoản thì khi đăng nhập lại thì không còn thấy người đó đâu nữa nên mong nhà phả hành sẽ cập nhật thêm tính năng xem lịch sử kết bạn dành cho những người từng bị xóa tài khoản tìm lại được những người bạn đã không tìm thấy sau khi bị xóa tài khoản,2025-05-26 14:11:01,Negative,"A while ago, I knew someone whose account name on this app was @weak fire, but then I deleted the account and when I logged back in, I couldn't see that person anymore, so I hope the publisher will update the friend history viewing feature for people who have had their accounts deleted to find friends who couldn't be found after their accounts were deleted."
d38c3fc6-0b47-4bf0-b3ea-389c2a5dc621,006,2,"nhiều tính năng vô bổ phiền phức, vd: mớm mớm và hiện thông báo về người xem profile của bạn => cái này cực kỳ vớ vẩn và vô bổ, cần dẹp, ai xem kệ người ta",2025-03-21 13:51:16,Negative,"Many useless and annoying features, for example: feeding and showing notifications about people viewing your profile => this is extremely nonsense and useless, needs to be removed, no matter who sees it"
d57bef4c-2274-47c2-ae86-703a7489ebec,006,2,"nên tìm hiểu kỹ trước khi đăng ký vip, vip k khác nào mở chức năng như date app, fee đăng ký vip để đăng ký học vs ai thì tốt hơn",2025-02-09 10:31:05,Negative,"You should research carefully before registering for vip, vip is no different from opening functions such as date app, vip registration fee to register to study with whom is better?"
df78159a-ef69-4182-b4e5-40c3d863df2d,006,1,"app như cc, bỏ tiền mua vip vĩnh viễn mà bị bọn nó tố cáo không hỗ trợ mở, gửi mail thì mãi không trả lời",2025-02-08 07:43:11,Negative,"app like cc, spent money to buy permanent vip but they accused me of not supporting opening, sent email but never responded."
ddc40f38-fae0-42cd-ab01-5ea0b038a406,006,1,tài khoản trong điện thoại còn 260k mà đăng kí gói 1 tháng có 235k lại k thực hiện dc do không đủ tiền ?.,2025-01-21 12:37:13,Negative,My phone account still has 260k but I signed up for a 1 month package for 235k but I can't do it because I don't have enough money?.
13b18871-10e3-4ebc-a8b0-2a31af813e42,006,1,"although that app was bringing for me some memorable experience, but overviews that app is bad. first, you must buy vip for that app. second, you can often meet some pervert or racists",2025-01-01 10:32:49,Negative,"Although that app was brought for me some memorable experience, but overviews that app is bad.first, you must buy vip for that app.second, you can often meet some pervert or racists"
fcb24c49-6e55-4481-bdf8-d759be12b5cb,006,2,"app rất hay cho mọi người muốn nâng cao kỹ năng phản xạ ngôn ngữ, nhưng app ơi e bị cấm tạo tài khoản ạ🤧",2024-11-20 05:07:10,Negative,"The app is very good for people who want to improve their language reflex skills, but I'm banned from creating an account🤧."
182600a7-a7ba-40be-8097-560edcb4b5be,006,1,"đa phần là mấy anh ấn độ vào nc chuyện, phát âm khó nghe, phần còn lại đều là hồi giáo ả rập. thi thoảng có vài ng châu á, phát âm chuẩn đc một chút. tây hiếm lắm, thi thoảng có us vs uk nhập khẩu, phát âm cũng đc. còn lại là tq. vào có nc đc cái j đâu. nghe podcats còn hơn.",2024-11-06 19:55:25,Negative,"Most of them are Indian guys who talk to each other with difficult pronunciation, the rest are Arabic Muslims.Occasionally there are some Asian people who can pronounce a little correctly.Western is very rare, sometimes there are US and UK imports, the pronunciation is okay.the rest is tq.What can I do if I come in?It's better to listen to podcasts."
55db841c-4faa-4044-990b-bc04a55696a6,006,1,"haizz, chán app , xoá app lâu r , h tải lại để học tiếng trung hiệu quả hơn lại k đăng nhập đc , mà muốn tạo acc mới thì lại bảo "" một thiết bị chỉ tạo đc một tài khoản"" ? thế h chs kiểu j, k đăng nhập vô acc đc cx k tạo đc s chs? , chán thật sự , mong app thay đổi điều này cho 1 thiết bị tạo tài khoản nhìu hơn 1 tài khoản đc ạ 🙂 , cảm ơn app ạ",2024-11-05 12:12:51,Negative,"Sigh, I'm bored with the app, I deleted the app for a long time, I downloaded it again to learn Chinese more effectively but I can't log in, but when I want to create a new account, it says ""one device can only create one account""?So what type of h chs is it? Can I log in to my account? Can I create a chs?, really boring, hope the app will change this so that one device can create more than 1 account 🙂 , thank you app"
ec16b7c2-acee-4d6a-99cc-4a3dad816dba,006,2,"sử dụng thì thấy ok đó, nhưng mà ví dụ người ta để avt bị nhạy cảm hay sexy quá thì có thể ko duyệt rồi cảnh cáo thôi, đằng này khóa tài khoản của người luôn, gửi email cho hellotalk nhưng vẫn ko phản hồi, tài khoản bị khóa nên tôi xóa tài khoản đó để tạo tài khoản khác chơi nhưng ai ngờ lại bảo ko thể tạo tài khoản trên thiết bị này nữa, là sao??? tài khoản đó xóa rồi thì liên quan gì đến tạo tài khoản khác mà phải làm vậy, làm vậy mất đi người dùng app. vốn dĩ thấy app cũng ổn mà giờ hết thích",2024-10-31 04:53:05,Negative,"It's ok to use, but for example, if someone makes their avatar too sensitive or too sexy, they might not approve it and then give a warning. Over here they lock their account, send an email to hellotalk but still no response, the account is locked so I delete that account to create another account to play with but unexpectedly it says I can't create an account on this device anymore, what is that???If that account is deleted, what does it have to do with creating another account? Doing so will lose app users.I originally thought the app was okay, but now I no longer like it"
27acfdf9-e4ca-42b4-8ec7-d2655786d56b,006,1,"quá lag, lại còn hay bị lỗi dù đã đủ kim cương nhưng lại không thể đổi được vip trong khi lần trước đó vẫn đổi bình thường",2024-09-27 13:54:46,Negative,"too laggy, and there are often errors even though I have enough diamonds but can't redeem vip while the previous time it was still normal"
e8188d42-1979-42d2-bedb-13f343304225,006,2,"sao app càng ngày càng xuống cấp vậy, không có thông báo bạn bè mở phòng, phòng đóng cũng không báo giờ, tắt mic rồi những vẫn nghe được tiếng,....",2024-04-09 00:40:55,Negative,"Why is the app getting more and more degraded? There's no notification of friends opening rooms, when rooms are closed, there's no alarm, the mic is turned off but you can still hear the sound..."
6c919056-5571-4de1-8b17-ae8f3252ffe6,006,1,mình cũng xóa tài khoản và bây giờ mình không thể đăng nhập lại để gia hạn tài khoản. mình có liên lạc với support nhưng không thấy phản hồi.,2023-12-17 05:53:19,Negative,I also deleted my account and now I can't log back in to renew my account.I contacted support but got no response.
bce0becd-1ee0-4724-8eec-275e36ce20c5,006,1,app lỗi luôn luôn cập nhật phiên bản mới sau đó nói rằng app của tôi k phải tải từ cửa hàng ch play và khóa tài khoản của người ta,2023-11-30 08:47:23,Negative,error app always updates new version then says my app doesn't have to be downloaded from play store and locks the person's account
8a3036de-451d-4f51-8b7d-330b347cf954,006,1,i sent many emails to ask for a refund. because google support group couldn't support it. they asked me to contact the support team of hello talk. why don't you take the responsibility to support me?,2023-10-23 04:45:35,Negative,i sent many emails to ask for a refund.because google support group couldn't support it.they asked me to contact the support team of hello talk.why don't you take the responsibility to support me?
b4d612c5-5b04-46bb-a624-49499039401b,006,1,học tiếng trung mà toàn tiếng anh app khó dùng nhìn mà tức cái lồng ngực 🥲🥲🥲 tiền tiền tiền hở tí là nhảy ra bắt nạp tiền 🤬🤬🤬,2023-10-12 11:51:10,Negative,"learning Chinese but it's all in English. The app is hard to use. It makes my chest look tight. 🥲🥲🥲 money, money, money, money, money, money, money, money, money, money, money, money, money, money, money, money, money, money, money, money, money popping out and asking for money 🤬🤬🤬"
6e282220-a3cf-4d12-b5fb-90cf842ea000,006,1,"trước đó tài khoản có vi phạm nhưng đã bị cảnh cáo nhẹ 3 ngày, sau đó tài khoản tôi không vi phạm nữa nhưng vẫn tiếp tục cấm tài khoản khi không có lý do chính đáng, liên hệ thì không giải quyết👎",2023-10-01 13:34:47,Negative,"Before that, my account was in violation but was given a light warning for 3 days. After that, my account was no longer in violation but my account continued to be banned without a legitimate reason. When I contacted them, it was not resolved👎"
ec95a6e2-6fa9-41b1-8135-b91322c76701,006,1,"app rất tư bản họ bắt phải nạp rất nhiều và mn còn bị giới hạn thời gian khi vào các live nói chuyện, thêm vào đó là chỉ sử dụng đươc 5 lần dịch free",2023-08-13 13:57:20,Negative,"The app is very capitalist, they force you to recharge a lot and you are also limited in time when participating in live chats, in addition to only being able to use 5 free translations."
1e6c299b-9b6f-4723-92f1-2c47b9a5f7f6,006,1,"wanting to create a new account without re-login to the new account is getting worse and worse. i only have 1 device, why can't i have 2-3 devices to download hellotalk and log in lost faith",2023-08-12 10:44:49,Negative,"wanting to create a new account without re-login to the new account is getting worse and worse.i only have 1 device, why can't i have 2-3 devices to download hellotalk and log in lost faith"
299bc0ff-2b58-4a49-9eb7-e6530c571761,006,1,"app như cái quần đùi, đã liên hệ qua mail bảo tài khoản xoá rồi muốn tạo tài khoản mới nhưng giới hạn 1 thiết bị không thể tạo được. nhờ hỗ trợ tạo tài khoản mới mà cứ bắt tạo tài khoản mới đi. không tạo được mới nhờ mà cứ bắt tạo mới. nguvcl",2023-07-30 12:49:17,Negative,"app is like shorts, contacted via email and told them to delete the account and wanted to create a new account but the limit is 1 device and cannot be created.Please help me create a new account, just start creating a new account.Can't create a new one, just have to create a new one.ngvcl"
527c4aee-0022-47c9-bc9e-4e678e33578c,006,1,"you guys are so greedy, like why even limiting the time for room joiners??? are you insane? it's okay for hosts but why now joiners be charged too??",2022-10-02 14:21:46,Negative,"you guys are so greedy, like why even limiting the time for room joiners???are you insane?it's okay for hosts but why now joiners be charged too??"
15b72ee3-d12d-4ce0-a6c5-a89dae6948f4,006,1,app khá tệ không nạp vip là không mở được room hay vào room người khác. xoá đi tải lại là mất hết tin nhắn luôn.,2022-10-01 19:20:35,Negative,"The app is quite bad. If you don't top up with VIP, you won't be able to open rooms or enter other people's rooms.Deleting and redownloading will cause all messages to be lost."
90622ba6-3e8c-4052-b799-0970959e7ae1,006,2,"app này có nhiều bạn tốt lắm. nhưng mình thắc mắc là tại sao lại giới hạn vòng tìm kiếm bạn bè thế ? tài khoản của mình mới có 5,6 bạn . cảm giác khá tệ",2022-08-25 00:33:17,Negative,This app has many good friends.But I wonder why the friend search circle is so limited?My account only has 5 or 6 friends.feeling pretty bad
212c1048-d5f2-4f1d-ada2-b1e443f43f82,006,2,huhu không biết làm sao để tìm lại bạn bè bằng tên nữa app chỉ cho tìm bằng id (app nên cho tìm kiếm bạn bè bằng tên),2022-06-14 05:11:09,Negative,huhu I don't know how to find friends by name anymore. The app only allows searching by id (the app should let you search for friends by name)
f352df4c-1580-4b2c-a563-9ed30ac1c29c,006,1,mình có xoá app đi 1 lần và tải lại thì không đăng nhập được và mình đã tạo rất nhiều tài khoản mới rồi nhưng vẫn không thể đăng nhập lại nick cũ được có ai biết không giúp mình với !,2022-06-08 07:14:26,Negative,I deleted the app once and re-downloaded it but I can't log in. I've created many new accounts but I still can't log in with my old account. Can anyone help me?
b17d85f1-82d5-4851-9bd9-d6dcada70258,006,2,thư điện tử là gì vậy tôi k đăng ký dc. đầu năm 2021 đến tháng 7 mình đã đăng ký được tài khoản và bây giờ bị bay màu sau một 🌃 . mình không thể đăng ký hay tạo tài khoản mới . >> rất là lag,2022-05-07 04:24:08,Negative,"What is email? I can't register.At the beginning of 2021, in July, I registered an account and now it's gone after 1 🌃.I cannot register or create a new account.>> very laggy"
e85f6e4a-9ecb-48d4-89dd-4d53d4cbff7f,006,2,"tôi nghĩ app nên cải tiếng một chút , đừng nên bắt nạp tiền vì có thể những người khác muốn tải cái này nhưng không có tiền sao nạp đây.",2022-01-18 14:58:26,Negative,"I think the app should improve a bit, don't ask for money because maybe other people want to download this but don't have money so how can they top up?"
bc4d5da2-804c-4b34-809f-289c6c464d15,006,1,"thật điên rồ, tài khoản đang dùng của tôi bị lỗi hệ thống, tôi đã xóa đi và tôi làm mất mật khẩu, tôi không thể đăng nhập lại, tôi muốn tạo một tài khoản khác nhưng hello talk không đồng ý trong khi tôi không thể lấy lại mật khẩu cũ của tôi (tôi cũng quên luôn mật khẩu mail). thật điên rồ",2022-01-16 11:06:01,Negative,"It's crazy, my current account had a system error, I deleted it and lost my password, I can't log in again, I want to create another account but hello talk doesn't agree while I can't retrieve my old password (I also forgot my email password).it's crazy"
a63f666d-90fc-4457-b7d2-1a92a0f83a7e,006,1,app do vô có đuoc nhan đau app dom thôi đi dep cái app này luon đi 😡😡😡😡😡😡😡😡 app con chó tai lâu roi mà con khùng chu😡😡😡😡😡😡,2022-01-16 06:05:11,Negative,"The app is so bad that it's a pain in the ass app, stop making this app beautiful"
4d702cb0-6dc9-438e-ad28-7e5f80e67133,006,2,"sao người ta nt cho mình mà mk k xem đc, bảo phải mua, v là k bỏ tiền là k nt đc ạ!? ai bị v k ạ",2021-11-06 03:48:46,Negative,"Why do people give me messages but I can't see them? They say I have to buy them, and I don't think I can't pay them!?Does anyone have it?"
05f34c67-efdd-4a63-ba96-3721800da00f,006,2,app rất kì mình đăng nhập facebook mà mình tạo acc hello talk . bây giờ đăng nhập vô thì không được . hơi bực á,2021-09-24 13:45:28,Negative,The app is very strange. I logged in to Facebook and created a hello talk account.Now I can't log in.a bit annoyed
9d2d9a71-8dd3-4729-889d-05fa4dcb926d,006,2,app này mới vô dịch được 5 chữ thì bắt đóng tiền !!! thế thì hơi vô ích rồi .là học sinh thì tiền đâu mà đóng cơ phải free cũng đỡ .free thì giúp ít cho việc học rất nhiều mong hệ thống xem xét lại,2021-09-16 16:08:24,Negative,"This app only translates 5 words before you have to pay money!!!That's a bit useless. As a student, there's no money to pay. It's better if it's free. Free doesn't help much with studying. I hope the system will reconsider."
e2f93ac6-6a78-4f5f-975b-ca3753d7b754,006,1,"tôi chỉ đăng ký gói 1 tháng nhưng sang các tháng sau lại tự động trừ phí trong thẻ của tôi. rõ ràng lúc đầu nói có thể hủy nhưng khi đăng ký trả phí xong muốn hủy cũng không có nút ""hủy đăng ký gói vip"". lừa đảo",2021-09-02 21:27:20,Negative,"I only signed up for a 1-month package, but the following months will automatically have fees deducted from my card.It's clear that at first it said you could cancel, but after registering for a fee, you want to cancel and there's no ""cancel VIP subscription"" button.Cheat"
ae844be4-9eba-46a0-8608-5f38841e91f5,006,1,"cái app chán kinh mỗi ngày cho học 3 phút miễn phí mà có đúng 1 từ trong 1 chủ đề ko có chỗ lướt sang các từ khác. các tính năng thông thường cũng bị gia hạn😌😌😌😌 nói tóm lại là chả đáng để bỏ tiền mua bài học, mọi người cẩn thận",2021-08-10 02:37:14,Negative,"This app is so boring that it lets you study for 3 minutes for free every day but has exactly 1 word in 1 topic with no room to scroll to other words.Regular features have also been extended😌😌😌😌 In short, it's not worth spending money to buy lessons, everyone be careful"
87fd4979-1d43-43f2-a453-8800fc585664,006,1,"đăng ký một lần vào được, sau vào lại thì bắt chọn lại ngôn ngữ mẹ đẻ các thứ, chọn lại start learning thì báo tài khoản không được đăng ký nhiều, trong khi đang đăng nhập lại thôi, cứ báo riết, phát bực.",2021-07-26 02:30:03,Negative,"I registered once and was able to log in, but then I was forced to re-select my native language and everything. When I re-selected start learning, it said my account was not registered. While I was logging in again, it kept saying it was annoying."
53dc2f8f-c842-4164-8628-f28a1536f00b,006,1,"từ free trở thành mỗi một thao tác ấn cũng phải tính phí, đã làm mờ thì thôi, cũng không cho xem các nội dung khác hay người dùng khác. đến chịu.",2021-07-13 07:52:49,Negative,"From free to every click you have to pay, it's blurred, it doesn't allow you to view other content or other users.come bear."
45f9e9b6-99b2-4caf-abb9-b7d62a81ef4b,006,1,why i can't change my filter???? i tried to change my first language and the language i wanna learn. but when i pressed it didn't work??? why???,2021-06-07 14:09:36,Negative,why i can't change my filter????i tried to change my first language and the language i want to learn.but when i pressed it didn't work???why???
7261a164-d9ea-459f-8c27-c7b036dd4b23,006,1,i changed to a new phone and all the old messages were lost. how do i recover it now? tôi đã đổi sang một chiếc điện thoại mới và tất cả các tin nhắn cũ đã bị mất. làm cách nào để khôi phục nó bây giờ?,2021-04-21 16:07:07,Negative,i changed to a new phone and all the old messages were lost.how do i recover it now?i changed to a new phone and all the old messages were lost.How to restore it now?
54995a46-0709-47c5-a6e4-9be0eb5b3e58,006,1,"app này mình đã cài đặt, nhưng lỡ đăng ký gói 1 năm liên kết momo, app cứ tự động quét trừ trừ tiền trong tài khoản momo mình, nhưng không đủ tiền gia hạn nên mình không chú ý nữa, cho đến 1 ngày bạn mình chuyển tiền qua momo mình, đã bị trừ khoản 2 triệu mấy cho gói 1 năm. thật sự mình rất tiếc và sơ ý, nhưng vẫn an ủi thôi kệ và sử dụng app này xem sao. nhưng mình mua gói 1 năm rồi, thì mình có những tính năng gì, mình vào app giống kiểu chưa mua vậy? làm sao phân biệt đã mua hay chưa mua",2020-12-26 16:07:28,Negative,"I installed this app, but I accidentally signed up for a 1-year package linked to momo. The app kept automatically scanning and deducting money from my momo account, but I didn't have enough money to renew, so I didn't pay attention anymore. Until one day my friend transferred money to my momo. Some 2 million was deducted for the 1-year package.I'm really sorry and careless, but I'm still encouraged to ignore it and use this app to see if it works.But I bought the 1 year package, what features do I have? I go into the app like I haven't bought it yet?How to distinguish between buying and not buying?"
d8c7a1fa-1b46-4c53-a79c-c329495972cd,006,1,why i already pay count for 12 month. but after that the system is loading low.and request me try use 7 days again? please slove this for me.,2020-12-25 14:26:12,Negative,why i already pay count for 12 months.but after that the system is loading low.and ask me to try using 7 days again?please slove this for me.
3985a343-7537-4ad5-bc6c-a26a20eb8810,006,1,e đã lỡ xoá mất tài khoản này rồi đến khi em tải lại và đăng ký làm đủ mọi cách rồi nó vẫn hiện chữ không thể sử dụng công cụ này là sao ạ huhi,2020-12-02 06:49:36,Negative,"I accidentally deleted this account and when I re-downloaded it and registered, it still said I can't use this tool, why?"
c78c4c4d-b0bb-4906-b1c5-34ee580bb7c1,006,1,"hellotalk's team handled the problem too slowly!i do not understand why i can not send messages to my friends, now they are very worried about me and there is no other method to contact me. i followed hellotalk's request, but my account has not yet been processed. i want to ask what happened and what should i do now!please handle this issue quickly. cordially hellotalk.",2020-07-25 06:27:06,Negative,"hellotalk's team handled the problem too slowly!i do not understand why i can not send messages to my friends, now they are very worried about me and there is no other method to contact me.i followed hellotalk's request, but my account has not been processed yet.i want to ask what happened and what should i do now!please handle this issue quickly.cordially hellotalk."
dbccd1ce-8f33-48da-aa22-a97cfa103a70,006,1,tại sao update mới của úng dụng lại cho người dùng đăng nhập trực tiếp vào tài khoản mặc dù tôi đã thoát khỏi app. vậy cần gì phải cài đặt mật khẩu ? app như cục sịt,2020-07-18 17:13:42,Negative,Why does the new update of the application allow users to log in directly to their account even though I have exited the app?So why need to set a password?The app is like crap
3cdb10f9-0d63-4a12-bf06-f2ac0b2884c0,006,1,rất bậy bạ muốn xoá tài khoản vĩnh viễn không xoá được vẫn để hình và tin nhắn là sao 1 sao cũng 0 đáng,2020-06-29 10:59:14,Negative,"Very rude, I want to delete my account forever, but I can't delete it, but I still have pictures and messages, 1 star is not worth it."
d2b5ef7f-42bf-478b-b01d-ac8650b9d509,006,1,tại sao cứ nhấn vào phần dịch hay chuyển ngữ là phải mất tiền đóng phí trong khi mình đi hỏi mấy bạn khác họ chẳng mất đồng nào 😣😣,2020-05-04 00:58:28,Negative,Why do I have to pay a fee every time I click on the translation or translation section while I go ask other people and they don't lose any money 😣😣
0924eb36-7577-4584-bd31-713c72981786,006,1,"rõ ràng líc trước mình mua vip bảo thanh toán không thành công, mình không mua nữa. và xóa ứng dụng cũng gần nữa tháng bây giòa trừ tiền mình bảo thanh toán thành công là sao",2020-03-27 11:06:34,Negative,"Obviously, the previous time I bought VIP, the payment was not successful, so I won't buy anymore.And I deleted the app almost half a month ago, now the money is deducted and I said the payment was successful"
e326690c-05ea-425b-a5b8-61dd883d1cd4,006,2,sao tôi vẫn không thể gửi tin nhắn cho bạn bè và cũng không thể xem được tin nhắn từ phía họ là sao vậy,2020-03-25 09:08:14,Negative,Why can't I send messages to my friends or see messages from them?
825cfc22-2a26-476b-85b4-1c2a771d867a,006,2,"hmm, it's weird for me not be able to add languages that i am currently learning. this app is okay for billinguals, but isn't helpful to the quadrilinguals :(",2020-03-20 10:03:41,Negative,"hmm, it's weird for me not be able to add languages ​​that i am currently learning.this app is okay for billinguals, but isn't helpful to the quadrilinguals :("
167dd9d8-ef89-459c-b2ec-6d9821871ddb,006,1,"mọi người oie, có thể chỉ e tạo tài khoản được hong ạ . thư điện tử là sao mà e tạo gmail r nhập vô hong đk ạ . giúp e vs ạ",2019-12-07 23:18:38,Negative,"Hey everyone, can you please help me create an account?What is an email? I create a gmail and enter it in Hong Kong.Please help me"
9ce205f5-04eb-416b-9060-312251d40f84,006,1,tôi không thể đăng nhập. các người bắt tôi nhớ tôi đã quên. tôi muốn đăng ký lại thì không được.... hủy diêt khavs hàng,2019-11-12 10:30:51,Negative,I can't log in.you forced me to remember I forgot.I want to re-register but I can't.... cancel the order
f0bdc361-3f1c-441a-899d-de6b7ca9ba45,006,1,ứng dụng tải lâu trong khi mạng rất tốt cứ bảo đang cài đặt những cài đặt hơn tiếng đồng hồ. mong ad giúp....thất vọng,2019-07-29 04:30:15,Negative,The app takes a long time to load while the network is very good and keeps saying it's taking more than an hour to install the settings.hope admin can help....disappointed
d168ac55-8792-4a7a-91d0-7acdaaa5bb79,006,1,"ứng dụng tốt lắm. nhưng có lẽ do mình học tiếng trung, nên lên đó toàn gặp bọn thanh niên tq ngáo đá, chửi bới om xòm, mất dạy, thô thiển đủ kiểu ! lại thêm mấy đứa nông thôn ế vợ lên tìm vợ việt nam, tán tỉnh đủ kiểu nên hủy tk với ứng dụng lun ... nản với bọn tàu khựa ...",2019-07-27 07:00:59,Negative,"Very good application.But maybe it's because I'm learning Chinese, so when I go there, I always meet angry Chinese youths, cursing loudly, being uneducated, and being rude in all kinds of ways!And some unmarried rural kids came looking for Vietnamese wives, flirted in all kinds of ways, so they canceled their accounts with the lun app... frustrated with the Chinese..."
8327112b-82ea-437f-b043-d1f6b81c8027,006,1,"thủ tục để lấy lại mật khẩu phức tạp, nhận đc email, truy cập hết các linh có trong tin nhắn nhưng lại chỉ vào đc ứng dụng thông qua google còn khi vào ứng dụng vẫn k đc, nhập mật khẩu vừa lưu cũng k đc",2019-07-19 04:39:28,Negative,"Procedures to retrieve complex passwords, receive emails, access all the information in messages but can only access the application through Google but when entering the application still cannot, enter the password just saved"
1f4589c6-33f1-4baa-9e2d-6c62fb030c70,006,1,ko thể đăng kí được . đăg kí bằg gmail thì bảo ko đc . đăng kí email thì làm xog đồg yd cái hiện ra lại chỗ điền thôg tin đăg kí . nhờ ad giúp,2019-07-05 00:43:48,Negative,"Can't register.I can't sign up with gmail.When you sign up for email, you're done, but a place to fill in your registration information appears.Admin please help"
1ee0b861-29ef-4cab-bbfc-22880f5ee92a,006,1,ứng dụng đã rất tốt mà. nhưng dạo này tôi không thể sử dụng hellotalk. nó không thể chạy. tôi không thể xem bài đăng của tôi và người khác. vì sao vậy? tôi đang suy nghĩ xem có nên gỡ cài đặt không. thất vọng quá,2019-06-22 12:53:58,Negative,The application was very good.but lately I can't use hellotalk.it cannot run.I can't see my and other people's posts.Why is that?I'm thinking whether to uninstall it or not.so disappointed
df908926-217b-47c4-ac63-7ad370b28ebe,006,1,"tài khoản của mình tự dưng không thể kết nối,không thể xem moments cũng như đăng bài. trong khi đó mình dùng wifi và 4g. những ứng dụng khác vẫn hoạt động bình thường trừ app này.",2019-06-21 15:45:28,Negative,"My account suddenly can't connect, can't view moments or post.Meanwhile, I use wifi and 4g.Other applications still work normally except this app."
726c4ac0-932d-4a4b-aaae-7f1a4235dbe7,006,1,mình mua vip qua tin nhắn của vinaphone. nhưng trừ tiền rồi mà vip vẫn chưa được là sao? bạn nào biết mình với nhé. cảm ơn.,2019-05-08 14:34:44,Negative,"I bought VIP via Vinaphone's message.But after deducting the money, why can't I get VIP?Anyone who knows me please let me know.Thanks."
0a7de5b6-0ffc-4f5a-91fc-a4d3a519827e,006,1,tôi mới dùng ứng dụng. có chát học tiếng anh với 1 vài người k hiẻu sao chưa ai phản hồi lại. k biết sai ở đoạn nào k?,2019-04-19 14:15:02,Negative,I'm new to the app.I had an English class chat with a few people and I wonder why no one has responded yet.Do you know which part is wrong?
43abbd69-3bd3-41fc-9174-fa1bb3e0199c,006,1,tại sao sau khi tôi gỡ cài đặt và cài lại nhưng  tôi vẫn đăng nhập tài khoản ấy và rồi tôi đã thấy tin nhắn của mình mất hết tôi thật sự rất buồn hãy giải thích cho tôi tại sao và tại sao lại có tình trạng này trong khi tôi không muốn xóa các tin nhắn đó,2018-01-25 14:48:54,Negative,Why after I uninstalled and reinstalled but I still logged in to that account and then I saw that all my messages were gone. I'm really sad. Please explain to me why and why is this situation happening when I don't want to delete those messages?
7f3593cd-3fe8-4998-8e94-6a61f792393a,006,1,"well, is this actually a dating app? pardon me if i'm so blunt. i sent messages to plus or minus 20 people and only got replied back by 3 after 10 days. my niece uses it too and she gets full responses in no time. how do i know? we messaged one person simultaneously! may be the reason is because i'm a guy, not a girl. your company might not pay attention to this comment but users will.",2017-02-03 01:51:10,Negative,"well, is this actually a dating app?pardon me if i'm so blunt.i sent messages to plus or minus 20 people and only got replied back by 3 after 10 days.my niece uses it too and she gets full responses in no time.how do i know?we messaged one person simultaneously!maybe the reason is because i'm a guy, not a girl.your company might not pay attention to this comment but users will."
d06923c2-9193-433b-894d-7be8b9d6544a,006,2,ad ơi s mới vào em đăng ký bằng facebook xong cứ hiện nhập hộp thư điện tử là j mak s e vào k dk,2016-11-19 14:49:47,Negative,"Admin, I'm new here. I signed up with Facebook and just entered my email address."
9000cc6e-f11d-4127-95a1-b03e6fe96d18,006,2,"quá nhiều luật lệ , tham gia quá sâu vào post cá nhân của người sử dụng , tự ý xóa bài của người dùng , trong khi vẫn quảng cáo bán hàng , chắc mấy nhãn hàng đóng tiền thuê các admin nên quảng cáo cho còn đâu cấm không cho người khác kinh doanh ? ?:)))",2016-10-20 20:29:58,Negative,"too many rules, participating too deeply in users' personal posts, arbitrarily deleting users' posts, while still advertising and selling products, surely brands pay money to hire admins so why not advertise for them and not allow others to do business??:)))"
75a89505-56ef-417e-9d2a-77fb46f988b9,006,2,"in first sign, i saw ""dăng nhập"" instead ""đăng nhập"". plz fix it. i'm not use yet, but with this error i think it beseem 2 stars. but thks for your app.",2016-05-31 07:50:07,Negative,"in first sign, i saw ""login"" instead of ""login"".plz fix it.i'm not using yet, but with this error i think it beseem 2 stars.but thanks for your app."
bddec909-344c-49f9-8429-dc856601ea63,002,1,"bắt cập nhật ứng dụng, 3 goi ielts 6,7,9 lúc mua thì nói rằng được trọn gói. nhưng đến lúc cập nhật, giờ vào học, không hiện giao dịch như cũ, không có chỗ dịch, không hiện chấm ở advanced, mỗi lần cứ hỏi lại. như vậy là treo đầu dê bán thịt chó, ép người ta phải cập nhật premium. trong khi đã mua khoá học riêng.",2026-03-06 07:42:08,Negative,"Forced to update the application, 3 packages of Ielts 6,7,9 were said to be all-inclusive when purchased.But when it's time to update, it's time to start school, the transaction doesn't show up like before, there's no translation, there's no mark in advanced, I keep asking again each time.That's like hanging a goat's head to sell dog meat, forcing people to update premium.while purchasing a separate course."
342af67f-64eb-4f29-9ef8-dfc3072efea5,002,2,"dù dùng được, nhưng tôi đăng kí gói elsa pro trọn đời mà vẫn đòi đăng kí elsa pro để dùng tính năng trò chuyện với ai",2026-02-25 04:20:53,Negative,"Even though it works, I signed up for a lifetime Elsa Pro package but still want to sign up for Elsa Pro to use the chat feature with anyone."
407863eb-0519-4878-8928-c96dee552bb0,002,1,app sau khi nâng cấp phiên bản mới rất nhiều điểm kém hơn bản cũ. lỗi ghi nhận day streak ngày nào cũng báo mà vẫn chưa sửa được. phí tiền.,2026-02-05 23:24:54,Negative,"After upgrading the app, the new version has many points that are worse than the old version.The day streak recording error is reported every day but it still hasn't been fixed.waste of money."
4a419dac-19a3-4df2-84d6-6488b321b621,002,2,"học ổn nma sau khi cập nhật dùng khó chịu quá, load lâu, nhiều lúc còn ko vào đc :'))) bản cập nhật mới dùng tệ ạ ,:)))) aaaaaaaaaa",2026-02-03 05:33:53,Negative,"Studying fine nma after the update, it's so annoying to use, it takes a long time to load, sometimes I can't log in :'))) the new update is terrible, :)))) aaaaaaaaaa"
6125a0b4-9fd9-4ff6-b5ef-1ea77577e23c,002,2,"sau khi app đổi giao diện, nâng cấp mình thấy trải nghiệm thực sự tệ hơn rất nhiều. mình đã mua nhiều tài khoản hộ cho hs và sau phần update này thấy thực sự mong nhà phát triển hoàn lại số tiền (tgian mà hs mình chưa sử dụng). mình đã dùng thử mấy ngày bản nâng cấp rồi mới đánh giá. thật sự đây là bước lùi chứ không phải tiến. từ giao diện khó dùng, khó sử dụng hơn tới việc liên tục báo lỗi kết nối máy chủ. mình chưa thấy sự phát triển vượt trội hơn mà lại mang cảm giác khó chịu cho ng dùng",2026-01-29 14:24:39,Negative,"After the app changed its interface and upgraded, I found the experience to be much worse.I bought many accounts for my students and after this update, I really hope the developer will refund the money (for the time my students haven't used it yet).I tried the upgraded version for a few days before evaluating it.Actually, this is a step backward, not forward.from the confusing and more difficult to use interface to constantly reporting server connection errors.I haven't seen any more outstanding development yet, but it brings an uncomfortable feeling to the user"
bc14ebdc-cf56-45ba-8604-12b6e638e4a6,002,2,"phần từ điển khi nhập từ nếu ấn trượt nút kiểm tra, phần từ vừa nhập sẽ bị xoá, cái này gây khó chịu kinh khủng, cái này trải nghiệm người dùng cực kỳ tệ luôn á",2026-01-28 05:16:00,Negative,"When entering a word in the dictionary, if you miss the check button, the word you just entered will be deleted. This is extremely annoying. This is an extremely bad user experience."
bbe55d65-35b8-479b-be0d-0d5cf01ea658,002,1,"đóng tiền 1 năm, sau khi cập nhật ứng dụng bắt đóng tiền tiếp. gọi đến số điện thoại trên website không ai bắt máy. thế là sao elsa ?",2026-01-25 10:33:44,Negative,"Pay for 1 year, after updating the application, you will have to pay again.Called the phone number on the website but no one picked up.So what's wrong Elsa?"
f176b67c-6d8a-4f8a-8a95-b277e19351be,002,1,"ép người quá đáng mới chỉ vào đăng nhập xong học thì học đúng 1 bài là nó không cho học nữa,app này dành cho những người có tiền để học còn không thì không học được đâu:))",2026-01-03 08:09:02,Negative,"If you force people too much, just log in and study, then they won't let you study after just one lesson. This app is for those who have money to study, otherwise you won't be able to study :))"
cb42c24c-c2f9-49c3-866c-5c7b4d92a142,002,1,"làm ăn chộp giật, manh mún, lừa đảo. trước đã bỏ tiền mua premium rồi. giờ giới hạn tính năng rồi bắt mua tiếp premium, pro.",2025-12-31 05:53:18,Negative,"predatory, fragmented, fraudulent business.I already spent money to buy premium.now limited features then forced to buy premium, pro."
11ede298-2ecb-4e6b-8150-b3f79b550df5,002,1,mình tải về app báo có thể hủy sau trải nghiệm nên mới thử. sau thử ko thấy phù hợp mà ko thấy chỗ nào để hủy thành vien. nên sau khi 7 ngày miễn phí thì bị trừ tiền 1 tr 9 oan uổng. tức mà ko làm gì được. các bạn sau suy nghĩ kĩ trước dk nha.. chứ ko là mất tiền nhảm đó,2025-12-16 05:42:48,Negative,"I downloaded the app and said I could cancel it after the experience, so I tried it.After trying, it didn't seem right, but I couldn't find any place to cancel my membership.So after 7 free days, 1 million 9 million was unfairly deducted.That means I can't do anything.Please think carefully before you do it.. otherwise you will waste money on nonsense"
da8ac7ec-90ef-4ddc-8a3d-f35de1e011ad,002,1,tui mua gói pro hôm qua nhưng đến giờ đăng nhập vào vẫn là gói free và tiền thì đã bị trừ. ứng dụng này thật sự lag,2025-12-11 05:59:19,Negative,I bought the pro package yesterday but by the time I logged in it was still a free package and the money had been deducted.This app is really laggy
aa49c487-d418-4dd8-aa98-ce9e2a8a4d5c,002,1,ứng dụng nhận diện giọng nói kém quá tôi nói đầy đủ to rõ mà ứng dụng cứ k nghe rõ kiểu như lúc nghe lại ghi âm thì ok nhưng lúc nghe lại ghi âm của từng từ ấy ứng dụng k nhận diện được,2025-12-04 13:13:57,Negative,"The voice recognition application is very poor. I speak loudly and clearly but the application cannot hear clearly. For example, when I listen to the recording, it's ok, but when I listen to the recording of each word, the application cannot recognize it."
d033747a-df51-4927-a4f0-0686e0252708,002,1,"gói pro thì quá rập khuôn, con a.i. chỉ hỏi theo lập trình, không đặt câu hỏi mở giúp người dùng dễ trả lời , gói premium thì quá đắt",2025-11-28 01:36:39,Negative,"The pro package is too stereotypical, the a.i.Just ask programmatically, don't ask open-ended questions that make it easy for users to answer, the premium package is too expensive"
48a808b4-fab4-46bf-a75b-6515fc6eabd1,002,1,"cực kỳ thất vọng với app elsa, lag liên tục không sao học được mặc dù bỏ ra gần 2tr để mua gói premium 1 năm. mong app có sự cải tiến nhanh chóng. phản hồi mãi nhân viên chỉ tiếp thu để đấy.",2025-11-27 15:59:37,Negative,"Extremely disappointed with the Elsa app, constantly lagging, unable to learn even though I spent nearly 2 million to buy a 1-year premium package.Hope the app will improve quickly.Continuously responding, staff just accept it and leave it at that."
53f3af32-b5c7-4143-8c1a-b3a4c0c7c48d,002,1,elsa phát âm mà nó ko nhận. ko nghe được toàn bộ câu mà phần cuối cứ bị mất. với lại sao tôi ko có bản nâng cấp mà phải dùng elsa phiên bản cũ,2025-11-25 04:41:21,Negative,"Elsa pronounces it but it doesn't recognize it.I can't hear the whole sentence but the last part keeps getting lost.Besides, why don't I have the upgraded version and have to use the old version of Elsa?"
d0d087e2-909e-414f-9018-01dac1331d5d,002,2,dùng rất hay bị lag. đọc phải chậm thì ai mới nhận diện đc. cập nhật phần mềm hay xoá đi cài lại không ăn thua. thực sự thấy nản khi mỗi lần mở lên học phần mềm cứ quay liên tục. elsa sẽ mất khách hàng nếu không cản thiện server.,2025-11-24 14:35:25,Negative,"It lags very often when used.You have to read slowly so that no one can recognize it.Updating the software or deleting and reinstalling doesn't help.I really feel frustrated when every time I open the software to learn, it keeps spinning.Elsa will lose customers if it doesn't improve the server."
80497955-3f19-4850-9a62-c82a587d4303,002,1,"mình không biết tại sao nhưng càng làm điểm của mình càng giảm, trong khi các bài nói mình làm đúng nó hiện xanh, mình có làm lại để sửa lỗi nhưng điểm lại giảm chứ không tăng.",2025-11-22 00:32:17,Negative,"I don't know why, but the more I do it, the more my score decreases. While the answers I do correctly appear green, I try to retake them to correct mistakes, but my score decreases, not increases."
df888c5e-e20c-4fc6-a3b8-b9429b8bc703,002,1,"ứng dụng yêu cầu học thử phải khai thông tin credit card. hết thời gian học thử ứng dụng không hề thông báo cho khách hàng mà tự động gia hạn, tự động trừ tiền từ credit card của khách hoặc có bước xác nhận gia hạn. lừa đảo, bố láo bố toét.",2025-11-13 10:41:42,Negative,"Applications that require trial lessons must provide credit card information.At the end of the trial period, the application does not notify the customer but automatically renews, automatically deducts money from the customer's credit card or has a renewal confirmation step.Fraud, lies, lies."
26e316f8-ee16-4ae5-9da2-de0515275ceb,002,1,"speaking quá tệ, không thể phát âm chuẩn như giọng của app. đặc biệt do lưỡi hoặc các cơ quan về miệng không thể phát âm chuẩn càng đau đớn",2025-11-13 09:42:55,Negative,"speaking is so bad, can't pronounce properly like the app's voice.Especially if the tongue or oral organs cannot pronounce properly, it is even more painful"
f252d427-2b5e-4626-af2f-ff6d186ae7e2,002,1,nhờ hỗ trợ vì đã mất tiền gần 2 triệu đồng/năm vì elsa này. nhưng cuối cùng chẳng hỗ trợ cho tôi account học hay hoàn tiền.,2025-11-07 15:21:43,Negative,Please help me because I have lost nearly 2 million VND/year because of this Elsa.but in the end they did not support me with a study account or a refund.
2b3d6071-1733-408f-b3bc-f3810560caf7,002,1,"vào năm 2024, tôi có đăng ký gói học 1 năm của ứng dụng elsa speak trên google play và tôi đã sử dụng ví momo liên kết với tài khoản ngân hàng của tôi để thanh toán. sau một thời gian học tôi thấy không hợp nên đã không sử dụng hơn 1 năm nay nhưng sau khi gói đăng ký của tôi hết hạn, hệ thống đã tự động gia hạn gói học và trừ tiền của tôi mà không hề có thông báo hay yêu cầu xác nhận nào. tôi yêu cầu hoàn tiền!!!",2025-10-30 12:59:30,Negative,"In 2024, I signed up for a 1-year learning package of the Elsa Speak app on Google Play and I used the momo wallet linked to my bank account to pay.After a period of studying, I found it unsuitable so I haven't used it for more than a year, but after my registration expired, the system automatically renewed the package and deducted my money without any notification or confirmation request.I request a refund!!!"
13ac1d15-2aa6-4188-a97f-e5fd015eed8e,002,1,"thật sự app được seeding rất là nhiều ,học không ra gì hết rất là lan mang cho những người muốn học từ vựng và phát âm . mất tiền một cách oan uổng nhưng chính sách khách hàng thì cực kỳ tệ chỉ muốn bán được app thôi . hi vọng là những người sau sẽ tìm hiểu kỹ ap trước khi mua để không phải bị như mình . không đề cập đến việc chính sách cho khách hàng như thế nào thì giống như một trò lừa đảo rồi , một app xuất hiện từ nhiều năm như vậy mà làm việc kém chất lượng thì không xứng đáng để chọn học",2025-10-28 10:27:00,Negative,"In fact, the app is seeded a lot, it's useless to learn anything, it's very popular for those who want to learn vocabulary and pronunciation.Losing money unjustly but the customer policy is extremely bad, they just want to sell the app.Hopefully the following people will research the app carefully before buying so they don't end up like me.Not mentioning the policies for customers is like a scam, an app that has been around for so many years and does poor quality work is not worthy of choosing to learn."
3c95e2df-61e6-44d7-a6d8-4d22ce2be5aa,002,2,"unrealistic. you know, when communicating with foreigners with these pronounciations would make you look like you are constipated. who really willing to pronounce every word correctly? we are humans and not robots practicing to become humans.",2025-10-26 08:27:21,Negative,"unrealistic.you know, when communicating with foreigners with these pronounciations will make you look like you are constipated.who really willing to pronounce every word correctly?we are humans and not robots practicing to become humans."
2b829edf-6eed-454b-90b8-2d886118c686,002,1,"tôi đã mua gói để upgrade tài khoản của mình với giá 68,40 euro vào ngày 30.11.2024 nhưng cho đến nay hoàn toàn không sử dụng được. tôi mong muốn app kiểm tra lại và hoàn lại tiền cho tôi. cảm ơn",2025-10-24 18:55:39,Negative,I bought a package to upgrade my account for 68.40 euros on 11.30.2024 but so far it is completely unusable.I hope the app will check again and refund me.Thanks
43d443d1-8bf4-4034-809d-f25ca3720eda,002,1,đề nghị app hoàn tiền cho tôi. app tự ý trừ tiền tài khoản tôi mặc dù tôi không đăng kí. gọi tới tổng đài hot line không bao giờ bốc máy???,2025-10-24 03:19:14,Negative,I request the app to refund my money.The app arbitrarily deducted money from my account even though I did not register.Calling the hotline switchboard never picks up???
a6e1e208-5a0a-427f-b3ad-47cc3d833677,002,1,"app càng ngày càng tệ, k biết đội ngũ phát triển kiểu gì mà h sử dụng thua phiên bản cũ trước đây rất nhiều, bài học thì lag lên lag xuống, các bài khoá phát âm thì k còn chất lượng nữa, dô app mà cứ đơ thì sao học đây,",2025-10-14 01:48:44,Negative,"The app is getting worse and worse, I don't know what kind of development team it is, but what I use is much worse than the old version, the lessons lag up and down, the pronunciation lessons are no longer of good quality, if the app keeps freezing, how can I learn?"
3068889e-f51e-4821-a709-9d84b8c975d9,002,2,"mình mới từ pro lên premium và thực sự là trải nghiệm rất khó chịu, không như mong đợi. pro dùng nút back trên android thoải mái, nhưng premium thì phải bấm nút x ở góc phải màn hình để quay về; mình hay dùng font chữ cỡ lớn và phóng to màn hình, ở pro vẫn sẽ có vài chỗ hơi khó nhìn nhưng nó ở trong màn hình tài khoản, màn hình học vẫn bình thường, khi qua premium thì ôi thôi, ko thấy gì luôn, nếu muốn chọn nút tiếp theo nằm cuối mh phải vào setting android; còn nữa nhưng hết chỗ nhận xét rồi,",2025-10-10 16:31:54,Negative,"I just went from pro to premium and it was a really unpleasant experience, not what I expected.Pro uses the back button on Android comfortably, but premium requires pressing the x button in the right corner of the screen to return;I often use large fonts and enlarge the screen. In pro there will still be some places that are a bit hard to see, but it's in the account screen, the learning screen is still normal, when I go to premium, oh well, I can't see anything. If I want to select the next button at the bottom of the screen, I have to go to android settings;There's more but I've run out of space to comment."
bea5dbf7-c225-4616-b96c-b7cc4b0dc76f,002,2,"không thể học xong một bài nào hết vì bị lỗi ""máy chủ mất quá nhiều thời gian để phản hồi"". performance cực kỳ tệ luôn.",2025-10-09 15:55:57,Negative,"Couldn't finish a lesson because I got the error ""the server took too long to respond"".performance is extremely bad."
068db83d-2031-4529-bb02-1077381bc913,002,1,"bỏ tiền mua elsa pro trọn đời thì lỗi lên lỗi xuống, suốt ngày mất kết nối máy chủ, app ngày càng tệ vậy mà cứ như quảng cáo tràn lan, quá thất vọng",2025-10-09 15:50:16,Negative,"Spending money to buy Elsa Pro for life, the error goes up and down, the server connection is lost all the time, the app gets worse and worse but it seems like there are so many ads, so disappointing."
d504a07d-c4cf-4c0a-8d77-db7a56375773,002,1,"hối hận vì mua gói premium (4tr) trọn đời. lỗi liên tục, vừa không đọc lẫn không thu tiếng được, lần nào cũng lỗi. dùng app máy nhanh nóng. giờ đọc bình luận đánh giá mới thấy app bị tình trạng này lâu rồi, nhiều người dùng phản ánh mà ko khắc phục đc. đúng là chỉ mạnh quảng cáo thôi mn ạ. ko nên mua.",2025-10-09 09:28:41,Negative,"I regret buying the premium package (4 million) for life.Constant errors, both unable to read and unable to record audio, errors every time.Use the phone app to quickly heat up.Now reading the comments and reviews, I see that the app has had this problem for a long time. Many users reported it but couldn't fix it.It's true that it's just a lot of advertising.should not buy."
f6814d0a-3a9e-4cec-9cbd-da9bb1a46873,002,2,"học online kiểu gì đuợc vài câu lại bị làg, load bài chậm, nhạn giọng nói chậm, rồi quay vòng vòng. khóa học thì tốn tiền mà thêm cái bực bội, ức chế",2025-10-08 05:34:20,Negative,"How can you study online if you have a few sentences but stutter, load slowly, have a slow voice, and then go around in circles?The course costs money and adds frustration and frustration"
6681a971-64f5-47fa-9be3-e6c460dfcf81,002,1,"app sau khi chỉnh sửa thì trải nghiệm cực kì tệ - các bài học phát âm bị thay thành các chủ đề role play, làm khó khăn cho người chỉ muốn luyện phát âm - ui khó sử dụng - hiệu năng kém, thường xuyên gặp lỗi crash app, app không phản hồi, lag,... có lẽ mình sẽ tìm 1 app tốt về trải nghiệm hơn để sử dụng, thật sự thất vọng",2025-10-06 13:00:23,Negative,"After editing the app, the experience is extremely bad - pronunciation lessons are changed to role play topics, making it difficult for people who just want to practice pronunciation - UI is difficult to use - poor performance, frequent app crashes, unresponsive app, lag,... maybe I will find an app with a better experience to use, really disappointed"
4910335f-1a09-4846-8e85-4a27912109c4,002,1,"có vẻ tình hình chung mọi người đều bị lag nhỉ :)! nói được vài câu thì bị ""server took too long to response"" liền, học oải quóa :). tôi bị khi cập nhật bản mới nhất, đổi qua chục cái wifi, đổi qua mạng 5g, xóa tải lại vẫn bị nha! [thiết bị: s23fe]",2025-10-06 08:33:06,Negative,"It seems like everyone's general situation is laggy :)!After saying a few sentences, I was immediately told ""server took too long to respond"", making studying so tiring :).I got the problem when I updated to the latest version, changed to dozens of wifi devices, changed to 5g network, deleted and re-downloaded it, still the same problem![device: s23fe]"
08aa4548-be26-4a94-9a4e-f343e90b25c0,002,1,"tôi đã mua gói pro vĩnh viễn nhưng dạo này app quá chán, lag k thể lmj đc trong khi mạng của t vẫn bthg, vẫn lướt mạng chơi game đc nhưng k học được",2025-10-05 15:06:50,Negative,"I bought the permanent pro package, but lately the app is so boring, it's so laggy that I can't use it while my network is still fine, I can still surf the internet and play games but I can't study."
c0a6b3f6-17ae-439f-9885-a1748a007072,002,1,"thật sự luôn là dùng ức chế vô cùng, cách đây một năm đã dùng và không lỗi như bây giờ, phần nghe rồi phát âm lại đc 1 tẹo lại không có phản hồi, lại phải thoát app xong vào lại và đợi chờ vận may để học qua được phần này. cũng là trả phí chứ có phải free đâu",2025-10-04 04:55:17,Negative,"Actually, it's always been extremely frustrating to use. I used it a year ago and had no errors like now. The listening part and then pronouncing it a bit have no response. I have to exit the app and then re-enter it and wait for luck to learn through this part.It's also paid, not free"
12ebe15e-90d5-480c-907f-5fcd49183a16,002,1,"app ngu, chi cho login toi da 3 thiet bi, nhung tao da dang xuat nick ra khoi thiet bi roi ma van khong cho login",2025-10-01 15:29:59,Negative,"Stupid app, just to log in I have 3 devices, but I'm still trying to get my account out and the device still won't let me log in"
caa16ae5-185d-4d63-83b9-a1656058ec07,002,1,"khó chịu vô cùng, đơ lag, khó dùng. ghét thực sự mà lỡ mua vĩnh viễn. khuyên chân thành các bạn nên dùng thử hết trial thấy hợp hãy mua. đừng tin quảng cáo. hoc chưa thấy lên trình mà muốn tăng xông máu não",2025-09-25 10:33:06,Negative,"Extremely uncomfortable, laggy, difficult to use.I really hate it but accidentally bought it forever.I sincerely advise you to try it out and buy it if it suits you.Don't believe advertising.I haven't seen the program yet but want to increase cerebral blood flow"
8daa049a-8532-4461-8339-912395cda155,002,1,"mong app hãy quay về phiên bản cũ. ví dụ phần role play xin hãy để sẵn nút bóng đèn gợi ý, khi nào cần gợi ý thì mình bấm vào và tập nói theo, chứ không phải đợi một hồi mới hiện ra gợi ý như hiện tại.",2025-09-18 14:10:38,Negative,"I hope the app will return to the old version.For example, in the role play section, please have the hint light button ready. When you need a hint, you can click it and practice saying it, instead of waiting for a while for the hint to appear like now."
42adec2b-4588-4c0a-a49a-abb902ca48a2,002,1,"ko tốt, k hề đc như quảng cáo luôn, nhiều khi mạng nhà mk căng đét mà trog app vẫn lỗi tùm lum à, mk học ielts thì thấy cái app này k oke kể cả học phát âm cx k oke lắm, mic nhận diện giọng kém vô cùng nói chung chán vcl phí cả tiền có âm sao thì t cx đánh giá đc",2025-09-16 13:06:04,Negative,"It's not good, it's not as good as advertised, sometimes my home network is tight but the app still has a lot of errors. I'm not studying Ielts but this app is not good, even learning pronunciation is not very good, the voice recognition mic is extremely poor in general, it's boring and it's a waste of money. How can I rate the sound?"
dd9922a9-e139-4c42-88b1-6c5e9d2df9c6,002,1,"trải nghiệm tệ. đang học có cuộc gọi thoát ra 1 lúc vào lại thì bị reset mất hết thông tin bài đang học, cũng không ghi nhận thời gian đã học trước đó",2025-09-16 13:02:39,Negative,"bad experience.When I'm studying, I get a call and log out, but when I come back in, it resets and I lose all information about the lesson I'm studying. It also doesn't record the time I've studied before."
6624f959-2d9c-4580-abc7-9b2e33bd80be,002,1,"rất thất vọng! ứng dụng chỉ cho đăng nhập tối đa 3 thiết bị. tôi đã đăng xuất hoàn toàn khỏi các thiết bị cũ nhưng khi đăng nhập vào thiết bị mới vẫn báo lỗi “đã vượt quá số lượng thiết bị cho phép”. điều này gây bất tiện cực kỳ lớn, đặc biệt với người dùng hay thay đổi điện thoại hoặc máy tính. tôi đã trả phí gói premium nhưng lại bị giới hạn vô lý như vậy. mong elsa xem lại chính sách này, nếu không sẽ khiến khách hàng cảm thấy bị lừa dối.",2025-09-15 14:35:12,Negative,"very disappointed!The application only allows login to a maximum of 3 devices.I completely logged out of the old devices, but when I logged in to the new device, I still got the error ""the allowed number of devices has been exceeded"".This causes extreme inconvenience, especially for users who often change phones or computers.I paid for the premium package but got such an unreasonable limit.I hope Elsa will review this policy, otherwise it will make customers feel deceived."
909c5caa-cf98-45aa-ad42-4782951e7fa1,002,2,"bữa vote 5 sao rồi giờ vote lại 2 sao cho fair nha muscle - ở bài mixed skill , phiên âm 2 đáp án y chang nhau :)) đọc y chang nhau, r cái nào đúng mà chọn. trước đó có sự cố, ib ig rồi ,lên check thấy ""đã xem"" , nên nay khỏi ib nữa, vote cho nó pop up founder xem cho dễ. giờ bắt đầu có nhiều app tương tự rồi nên cạnh tranh cũng cao hơn. mình đã định mua gói trọn đời và cũng là ng mong đợi gói này rất lâu :)))nma sau trải nghiệm này mình sẽ dành thgian tham khảo thêm các app khác.",2025-09-11 11:03:46,Negative,"I voted 5 stars then now vote 2 stars again to be fair, muscle - in the mixed skill article, the 2 answers are transcribed exactly the same :)) read exactly the same, choose which one is correct.There was a problem before, I inboxed ig, went to check and saw ""viewed"", so now I don't inbox anymore, vote for it to pop up founder to see easily.Now there are many similar apps, so competition is higher.I have planned to buy a lifetime package and have also been waiting for this package for a long time :))) After this experience, I will spend time looking at other apps."
f1456a83-f3c5-414c-8de0-e41d2a0ec578,002,1,"1. mic ghi âm rất là khó chịu, mình chưa nói xong đoạn tiếng anh thì nó tự stop. 2. phiên bản mới này nhận diện giọng khá kém, ứng dụng lại khá giật và có khi đơ luôn, 3. đọc rát cổ họng nó vẫn báo là nói quá nhỏ. lỗi quá nhiều. 4. phiên bản cũ có dịch nghĩa tiếng ah, phiên bản nâng cấp này rất hạn chế dịch. bỏ tiền ra mua gói vip thấy rất lãng phí. biết phát âm từ tiếng anh và câu tiếng đó rồi cuối cùng học chán ko biết nghĩa. 5 . phiên bản cũ trc thấy đánh giá 4.8sao nâng cấp xong còn 4.5sao.",2025-09-02 03:34:14,Negative,"1. The recording mic is very annoying. Before I finished speaking in English, it stopped by itself.2. This new version's voice recognition is quite poor, the application is quite jerky and sometimes freezes, 3. it still says that speaking is too soft.too many errors.4. The old version had English translation, this upgraded version has very limited translation.Spending money to buy VIP packages feels like a waste.know how to pronounce English words and sentences, then eventually get bored and don't know the meaning.5 .The old version had a rating of 4.8 stars, but was upgraded to 4.5 stars."
a93490b9-b264-48e7-9687-d82f26a5daca,002,2,tôi đã đăng nhập bằng facebook nhưng tại sao app vẫn liên tục kêu tôi phải đăng nhập và khi nhấn vào thì bị lỗi ?,2025-08-30 18:41:36,Negative,I have logged in with Facebook but why does the app keep asking me to log in and when I click on it I get an error?
cd2195cf-0f00-4dcb-90dc-0e2ae46ca38d,002,2,"tôi ko có từ nào để khen ứng dụng này,vào thì lag, mới vào thì cho đăng nhập đi nhập lại, nói chung là rất tệ",2025-08-29 14:07:24,Negative,"I don't have any words to praise this app, it's laggy when I log in, I have to log in over and over again, in general it's very bad."
b882e60e-d930-4acb-9cd1-3c84810771dd,002,2,"dạo gần đây app liên tục reconnecting trong lúc đang học, nhiều lúc phải tắt app vào lại mới được mặc dù mạng của tôi khá mạnh.",2025-08-26 12:00:39,Negative,"Recently the app keeps reconnecting while studying, sometimes I have to turn the app off and back in again even though my network is quite strong."
eb68daf4-6c28-4991-9c10-e029f006ce26,002,1,"mình thật sự rất thất vọng, app chậm, phần bài học khi nói chuyện với ai cũng không có gợi ý để luyện nói, trong các bài học cũng ko có dịch ra tiếng việt giống như phiên bản trước, cảm thấy app này không dành cho người dở tiếng anh như mình huhu",2025-08-25 13:48:04,Negative,"I'm really disappointed, the app is slow, in the lessons when talking to anyone there are no suggestions to practice speaking, in the lessons there is no translation into Vietnamese like the previous version, I feel this app is not for people who are bad at English like me huhu"
47ecbe7c-3534-4fbf-9de8-a441d88bec18,002,1,hc dc đúng 1 bài xg bắt đăng ký qua gg hoặc fb xg chọn phương thức liên kết thì dm nó đòi t đky gói premium ms cho hc bài thứ 2 chịu app,2025-08-16 10:42:18,Negative,Learn exactly 1 lesson xg requires you to register via gg or fb
c435098e-70e4-4008-b364-af1c6a656025,002,1,"tại sao tôi bị trừ mất 1tr9.the scam app took my money. i lost 1,900,000 vnd. is there any way to contact the app’s support team?",2025-08-13 12:48:35,Negative,"Why was I deducted 1 million.the scam app took my money.i lost 1,900,000 vnd.is there any way to contact the app's support team?"
9d1a73dc-ae44-4119-bbc9-0e351f7a3835,002,1,"app tự liên kết đăng kí trừ tiền trong khi khách hàng không bấm đăng kí. nghĩ sao vậy, khách hàng người ta cũng đói khổ mà tại sao làm như thế? hoàn tiền cho tôi, tôi nghèo khổ",2025-08-08 16:01:27,Negative,"The app links itself to register and deduct money while the customer does not click to register.What do you think? Customers are also hungry and miserable, so why do they do that?Refund me, I'm poor"
9e1e7fcc-2784-4e36-b677-0121a0335ed3,002,2,có cái dùng thử cũng không mở full cho người dùng. làm sao để biết app như nào để mua chứ. dùng thử lần đầu đã thấy khó chịu rồi.,2025-08-04 14:42:04,Negative,"Even if there is a trial version, it is not fully open to users.How do I know which app to buy?The first time I tried it, I felt uncomfortable."
37a27073-761b-45db-a004-0df7966941a0,002,1,hay bị thoát ra và đơ ứng dụng. bỏ tiền mua bản premium thật sự là phí tiền khi học được một tí lại bị out ra.,2025-07-27 14:08:57,Negative,often exits and the application freezes.Spending money to buy the premium version is really a waste of money because after learning a little bit you will be thrown out.
2fc45276-32d1-4b8b-9326-e77d3680cb4a,002,1,"ứng dụng yc nhập thông tin ví để sử dụng trial 7 ngày, sau 7 ngày, user không xác nhận sử dụng dịch vụ vẫn bị charge phí dịch vụ 1y dù không chọn dịch vụ, không xác nhận mua hàng. đến user đăng nhập gói này elsa cũng không thông tin. liên hệ msg thì chỉ gặp ai, không có thông tin liên hệ. yêu cầu refund google play bị từ chối. cảnh giác app này nha mọi người",2025-07-21 14:16:21,Negative,"The yc application enters wallet information to use the 7-day trial. After 7 days, users who do not confirm using the service will still be charged a 1y service fee even if they do not choose the service or confirm the purchase.Even if the user logs into this package, Elsa does not provide any information.When I contact msg, I only meet someone, no contact information.Google Play refund request was denied.Be careful with this app, everyone"
efcbd122-1492-4b79-96f0-b64e92129f4f,002,1,"ứng dụng quá tệ,các bài đã học thường xuyên lặp lại gây nhàm chán, vì cần kiến thức mới chứ không giậm chân tại chỗ,nếu ai hỏi có nên mua không, câu trả lời là không nên mua, vì tk pro mà như dùng thử",2025-07-21 13:55:47,Negative,"The application is too bad, the lessons learned are often repeated and boring, because you need new knowledge, not standing still, if someone asks if you should buy it, the answer is you shouldn't buy it, because it's pro, it's like trying it out."
29aa49fe-88c6-4f16-888e-de7cfee7c9f8,002,1,"đọc đúng rồi vẫn sai, màn hình thì khó hiểu, nhớ vào thế nào mà ko nhớ vì quá lộn xộn 1 sao là tốt nhất cấm elsa cãi",2025-07-19 10:44:08,Negative,"I read it right but it's still wrong, the screen is hard to understand, I remember how to enter it but I can't remember because it's too messy 1 star is best ban Elsa from arguing"
fa96e2ad-acf0-4451-bdaa-8e7bc09213ea,002,1,đọc đúng lấy bản ghi âm cho nghe lại vẫn không nổi 30 điểm xứng đáng 0 sao nhưng mà không có nút 0 sao,2025-07-14 14:31:05,Negative,"Read correctly, listen to the recording again, still can't get 30 points, worthy of 0 stars, but there's no 0 star button"
409c33f8-a664-423f-ab5a-77334234e2cd,002,2,"vợ mình dùng premium bản cũ thấy đánh giá tốt. đến lượt mình mua gói premium trọn đời trên bản mới thấy lỗi quá trời. thứ 1: phần mềm tự ghi âm khi bắt đầu bài học mặt dù mình chưa kích vào micro. thứ 2: phần phân tích lỗi phát âm thấy nó cùi cùi thế nào ấy. ko biết ai đã chuẩn chưa. thứ 3: ai tự tạo lộ trình học tập có vẻ không chuẩn lắm, học rất ức chế, có lúc bài học rất khó, đọc rất nhanh, nhiều từ không nghe được. mình học song song với duolingo thì thấy duolingo có vẻ vui hơn. elsa chán.",2025-07-13 16:15:27,Negative,"My wife uses the old premium version and has good reviews.When it was my turn to buy the lifetime premium package on the new version, I found it so buggy.1: the software automatically records when starting a lesson even though you haven't clicked on the microphone yet.Second: the analysis of pronunciation errors looks like it's so lame.I don't know if anyone has prepared it yet.Third: anyone who creates their own learning path seems not very standard, learning is very frustrating, sometimes the lessons are very difficult, reading is very fast, many words cannot be heard.I study in parallel with duolingo and find that duolingo seems more fun.Elsa is bored."
492af7c8-d23d-4348-b6d6-8aa3bcd144c8,002,2,nó ko cho mình 1 việc học tốt đẹp mình muốn có 1 trải nghiệm tốt hơn ko có nâng cấp để học nhiều mong add hiểu😢😢😢😢😢😢😢😢😢😢😢😢😰😭😱😨😱😖😧🥱😨💌,2025-07-11 16:41:20,Negative,It doesn't give me a good learning experience. I want a better experience without upgrading to learn more. I hope you understand.
538f4cfe-c1e7-4d5d-a0ad-149f1fa48375,002,1,"càng ngày càng đểu. không có kiểm tra trình độ trước khi bắt đầu học, chẳng có khóa luyện phát âm ipa hay gì mà toàn toiec, ielts,...mấy khóa đó thì chỉ đăng ký premium mới không giới hạn, giá thì như lên trời. không có sửa lỗi phát âm luôn.",2025-07-04 00:33:53,Negative,"increasingly rude.There is no level test before starting to study, there are no IPA pronunciation courses or anything, it's all TOIEC, IELTS,... those courses only require unlimited premium subscriptions, the price is sky high.There is no pronunciation correction."
98fd1b6c-f656-47d1-aa86-47e17844c0e3,002,2,"xưa mua account không giới hạn, giờ thêm cái phát triển thêm ai tự nhiên đi giới hạn lại số bài học là sao ạ. nếu giới hạn cùng lắm là phần học với ai thôi chứ ạ. bài off thì phải để người dùng được thoải mái sử dụng theo quyền lợi ban đầu chứ ạ",2025-06-25 15:38:03,Negative,"In the past, I bought an unlimited account, but now I've added the development feature so why naturally limit the number of lessons?If the limit is at most, it's just who to study with.If the post is turned off, it should be allowed for users to freely use it according to their original rights"
e848bc85-d426-4e79-a224-b575c1aed3cd,002,1,app ko hẳn free đã vậy bài tập luyện nghe bật max volume mà vẫn ko có âm thanh r s làm cái thoát ra là mất 1 lần học free,2025-06-25 11:53:34,Negative,"The app is not necessarily free, so the listening exercise is turned on to max volume but there is still no sound. If you get out, it will take 1 free lesson."
dc2c8305-7096-486d-93ff-1d5334199e2a,002,1,"thất vọng nhỉ, xưa có mua học thử rồi thấy app ok...mà tui nhớ hồi xưa ko đóng tiền vẫn xài free vài chức năng đc, giờ thì app lạ vãi, kiểu cx chả xài free đc..xoá app ạ.. nhưng thật sự bản cũ trước đây xài rất tốt..hơi tiếc, vĩnh biệt app.",2025-06-24 03:03:09,Negative,"I'm disappointed. I bought it to try it out and found the app to be ok... but I remember when I didn't pay, I could still use some functions for free. Now the app is so strange, it's like you can't use it for free.. delete the app.. but the old version actually worked very well before.. I'm a bit sad, goodbye app."
77f516fd-4d1a-4c15-bb50-24d67e9710a1,002,1,"khuyến mãi 7 ngày cài app, sử dụng 2 ngày rồi bận việc không học tiếp. app tự động tính tiền dù có báo không sử dụng xin hủy thanh toán. khoá luôn tài khoản.",2025-06-21 20:44:24,Negative,"7-day promotion to install the app, use it for 2 days, then get busy with work and don't continue studying.The app automatically charges money even if it says not to use, please cancel payment.Lock your account forever."
be232479-5637-4718-ad08-20255aa382cb,002,2,"học đc 1 lúc thì bắt đầu đơ, app ko nghe đc mình nói gì, cũng ko ấn bàn phím đc, trong khi sắp xong bài lại phải thoát ra làm lại rất mất thời gian",2025-06-19 14:31:11,Negative,"After studying for a while, it started to freeze. The app couldn't hear what I said, couldn't press the keyboard, and when I was about to finish the lesson, I had to log out and do it again, which was very time consuming."
e40050b9-ad7f-4a65-8778-a0ff3b033d51,002,1,"thấy ai cũng khen nên mới tải về học thử,mới học chưa được ba bài học đã bắt đầu đòi tiền,xoá app và không dám sử dụng lần thứ hai🙏🏻🙏🏻",2025-06-16 12:25:38,Negative,"I saw everyone praising me so I downloaded it and tried it. After only three lessons, I started asking for money, deleted the app and didn't dare use it a second time🙏🏻🙏🏻"
fdda9da9-56ec-4321-9923-9d38d85bd1f4,002,1,"tôi từng dùng bản free của app này năm ngoái và cái version cũ tốt hơn rất nhiều so với version mới bây giờ. cái version cũ dù là free nhưng vẫn có tính năng mock test ielts speaking. nó phân tích pronunciation, intonation, fluency rất tốt và còn đưa feedback cụ thể từng chi tiết. năm nay tôi dùng lại app, tôi đã vội vàng đăng kí premium vì tưởng nó vẫn có tính năng mock test như trước. nhưng nó không có, nó chỉ đọc được transcript lời tôi nói, chứ không nghe được voice của tôi!😡",2025-06-16 12:05:24,Negative,"I used the free version of this app last year and the old version is much better than the new version now.The old version, although free, still has the mock test ielts speaking feature.It analyzes pronunciation, intonation, fluency very well and also gives specific feedback on every detail.This year I used the app again. I hastily signed up for premium because I thought it still had the same mock test feature as before.but it doesn't, it can only read the transcript of what I said, but can't hear my voice!😡"
736d3481-7c05-4763-891a-22936813b14b,002,1,"bản củ đang học ngon lành có dịch nghĩa tiếng việt. cập nhật bản mới quá tệ, giao diện khó sài. al thì lag còn ko có nghĩa tiếng việt cho từ tiếng anh, mỗi lần tra nghĩa giờ phải dùng thêm app thứ 3 đúng là chán không có gì để nói. sai lầm khi đăng kí mua gói năm. mình khuyên mn nên học app khác.",2025-06-14 14:58:42,Negative,"The original version is delicious and has Vietnamese translation.The new update is so bad, the interface is difficult to use.al is laggy and there is no Vietnamese meaning for the English word. Every time I look up the meaning, I now have to use a 3rd app, which is really boring and has nothing to say.Mistake when registering for a yearly package.I advise you to learn another app."
91f5bedf-3154-4507-a66b-883ef18ec941,002,1,"năm 2022(3*), phiên bản cũ:luyện nói tốt. phần từ vựng thì thì không có bài ôn tập nên không nhớ được từ. năm 2025(1* )bản mới thật sự mang lại trải nghiệm tệ, khó chịu không thể luyện tập nhiều nữa, nhay quảng cáo liên tục, rất giới hạn bài học, bắt mua khóa liên tục",2025-06-12 08:38:15,Negative,"year 2022(3*), old version: practice speaking well.In the vocabulary section, there are no review exercises so I can't remember the words.2025 (1*) The new version really brings a bad experience, annoying, can't practice much anymore, constantly seeing ads, very limited lessons, constantly having to buy courses"
4c69dac9-c89a-4916-bd85-e2a62a99cadc,002,1,"giao diện mới cực tệ, lộ trình đang học bị xoá hết , đang học cách phát âm giờ lại đổi lộ trình học theo chủ đề, đang học ngon ơ xoá mẹ lộ trình cũ của ngta",2025-06-11 16:16:31,Negative,"The new interface is very bad, the route I was learning was erased, I was learning how to pronounce and now I change the learning route according to the topic. I'm learning well and delete my old route."
4285eeea-407e-4d30-b1a6-b96bc8dcccbc,002,1,"mình đã dùng elsa bản cũ và mua hẳn gói premium 1 năm, sau đó gia hạn thêm 1 năm thì phát hiện elsa updated bản mới. mọi chuyện sẽ không vấn đề tới khi mình trải nghiệm và có thể nói là bản mới này quá tệ. nói thật là giờ mình cảm giác phí tiền khi gia hạn premium ấy :) mong nsx khắc phục bản này hoặc là sẽ mất rất nhiều khách hàng cũ (chứ hiện tại nếu ai đó hỏi mình nên dùng elsa k thì câu trả lời của mình là không). trí thông minh ai trong các cuộc trò chuyện thua cả mấy con ai free trên mạng.",2025-06-08 19:11:46,Negative,"I used the old version of Elsa and bought the premium package for 1 year, then renewed it for another year and discovered that Elsa updated the new version.Everything won't be a problem until I experience it and I can say that this new version is too bad.To be honest, now I feel like I wasted my money renewing the premium :) I hope NSX fixes this version or I will lose a lot of old customers (but currently if someone asks me if I should use Elsa k, my answer is no).Who's intelligence in conversations is inferior to those who are free online."
c62167b6-b4e1-4b94-919e-8307a4b2e323,002,1,"cập nhật mới này khó sài, giao diện không thân thiện như phiên bản củ. lần cập nhật này chê nha !!! nhìn thì sang hơn nhưng khó sài, học không quen. phần học không có dịch sang tiếng việt luôn.",2025-06-05 17:00:37,Negative,"This new update is difficult to use, the interface is not as friendly as the old version.This update sucks!!!It looks more luxurious, but it's difficult to use and you're not used to it.The lesson is not translated into Vietnamese."
6e8e3f34-dff2-44b3-87d9-cb4c0b9b6ad0,002,1,"it used to be am outstanding app but now it's merely the shadow of its former self. hideous interface, super laggy and the most concerning is the microphone can somehow record the sound before i even press the microphone button to record. there were more than one time i could hear the sound of what had happened before i pressed the record button.",2025-06-01 13:38:28,Negative,"it used to be am outstanding app but now it's merely the shadow of its former self.hideous interface, super laggy and the most concerning is the microphone can somehow record the sound before i even press the microphone button to record.there were more than one time i could hear the sound of what had happened before i pressed the record button."
ab48b5ee-edcf-44dd-bf3b-1defffb6e82d,002,2,"cập nhật xong chán lắm á. trải nghiệm ít, mà app còn giảm tương tác với người dùng như số ngày streak này kia nó không hiện lên thúc tinh thần :')) app siêu lặng lẽ luôn. premium bài học thì cũng chỉ nhiêu đó, cấu trúc không có gì thay đổi. có phần talk to ai tưởng là sẽ được nói đủ thứ, ai dè chỉ để dẫn ra role play hoặc learn new lesson thì rất là chán luôn",2025-05-24 05:00:49,Negative,"It's so boring after updating.The experience is little, but the app also reduces interaction with users like the number of days when this streak doesn't show up, motivating me :')) The app is super quiet.Premium lessons are just that much, the structure has not changed.There's a talk part where you think you'll be able to talk about everything, but if you think it's just to introduce role play or learn new lessons, it's very boring."
c61f148f-b9e6-4f33-8ebd-09aeeebd6813,002,1,"ux rất tệ sau khi nâng cấp thường xuyên đứng máy, phản hồi chậm mình cần sự mượt mà. chứ không cần các animation vô nghĩa. cần thêm translate",2025-05-23 02:36:16,Negative,"ux is very bad after upgrading, often freezes and responds slowly, I need smoothness.No need for meaningless animations.need more translation"
1a7603f4-dd72-4504-849d-e44598c8bfef,002,1,"bad app 1 star first time i use this app was very okay, but now it's need to upgrade, i just a student, i can't study many lesson. when i clicked on the lesson, it said that i need to upgrade to premium.",2025-05-13 13:32:00,Negative,"bad app 1 star first time i used this app was very okay, but now it's need to upgrade, i just a student, i can't study many lessons.when i clicked on the lesson, it said that i need to upgrade to premium."
08d1263c-ebdd-4e26-82f2-e69422de2230,002,1,elsa chủ yếu luyện phát âm thôi mọi người mình thấy mọi người tự học từ 44 ipa được... chứ kiểu này mất thời gian và lâu lên lắm ai muốn giao tiếp có thể tham khảo the coach hoặc cake xem sao... ai lỗi tùm lum mà quảng cáo thì hay lắm - trải nghiệm vô cùng tệ... đã liên hệ và khắc phục nhiều - rất thủ tục và mất thời gian mà vẫn không đâu vào đâu... ai tạo tình huống thực tế bạn nào đã có căn nói rồi luyện thì hãy mua bản premium chứ không phù hợp cho bạn mới bắt đầu đâu...,2025-05-13 01:43:50,Negative,"Elsa mainly practices pronunciation, everyone. I think you can self-study from 44 ipa... but this kind of thing takes time and takes a long time. Anyone who wants to communicate can refer to the coach or cake... everyone makes a lot of mistakes but the ads are very good - extremely bad experience... contacted and fixed a lot - very procedural and time-consuming but still getting nowhere... if you create real situations, if you already have the ability to speak and practice, then buy the premium version, it's not suitable for beginners.where's the head..."
99970226-6ad0-4a37-908c-45dd8d812761,002,1,"sau khi trải nghiệm được 2 tháng thì điều mà tôi thấy khó chịu nhất đó là ai của app này nó lag kinh khủng kiếp, làm cho trải nghiệm của tôi không được tốt lắm.",2025-05-13 00:39:30,Negative,"After 2 months of experience, the thing I find most annoying is that this app's app is horribly laggy, making my experience not very good."
5e430f26-726a-4c53-a95c-e4f65414625e,002,1,"app không tốt như mong đợi sau khi 3 tuần xài app này mình thấy áp thường ghi âm sai, đồng thời chức năng đọc từ có lúc bị lỗi. và đôi khi load khá lâu khi chọn bải học dù wifi bình thường",2025-05-09 14:05:42,Negative,"The app is not as good as expected. After 3 weeks of using this app, I find that the application often records incorrectly, and the word reading function sometimes fails.and sometimes it takes a long time to load when choosing a lesson even though the wifi is normal"
f6213b23-0565-4d5a-b8f8-ec1c731ba3ec,002,2,"bài học thì cho 2 bài miễn phí mỗi ngày , app thì lag kinh ko thể học đc luôn , đang học đọc câi chữ đầu tiên cái bị đứng văng ra ngoài rồi vào lại , 2 lần như thế cái thế là hết 2 bài học miễn phí , đáng sợ cái app",2025-05-08 16:10:56,Negative,"The lesson gives 2 free lessons a day, the app is so laggy that I can't learn at all, I was learning to read the first word and then I fell out and then came back in again, twice like that and that was the end of the 2 free lessons, the app is scary."
d271ed67-dbda-4438-86d3-742687c8b6d5,002,1,"nội dung học đơn điệu, ko có phần review ôn tập để củng cố kiến thức hay từ vựng chính trong mỗi unit . server hay báo lỗi kết nối gây gián đoạn việc học, rất khó chịu. ai gọi là cho có, không hiệu quả. app không xứng với chi phí bỏ ra.",2025-05-08 00:11:15,Negative,"The learning content is monotonous, there is no review section to reinforce key knowledge or vocabulary in each unit.The server often reports connection errors, causing interruptions in learning, which is very annoying.Whoever calls is just giving it away, it's ineffective.The app is not worth the cost."
20d085be-d910-4350-afde-0ce5e008c64b,002,1,"dở, ai lỗi tùm lum, lúc xài thử thì oke tới khi mua thì rất dở, đội ngũ thì toàn kiu chờ sửa, 3 4 lần cả tháng trời lỗi vẫn y cũ có sửa gì đâu. không recommend lắm, phải chi cho hồi lại đăng ký khóa 1 năm :v",2025-05-07 16:03:39,Negative,"It's bad, everyone has a lot of errors, when I try it it's ok until I buy it, it's very bad, the team is all waiting to fix it, 3 or 4 times in a month it's still the same error and nothing is fixed.I don't recommend it very much, I just wish I could sign up for the 1 year course again :v"
ac153a7a-7b58-4ef7-850f-16761a5163aa,002,2,"mình xài elsa lâu lắm rồi. hồi xưa mua gói nhỏ xài lai rai, tới 2023 thì mua trọn đời luôn. độ 1 năm nay thì app lag điên, trải nghiệm rất tệ và mình thấy chấm điểm phát âm vừa chậm rì vừa không chuẩn như hồi trước. mình phát âm 90% cũng ổn chứ mà lâu lâu cứ kêu đọc sai. mà đọc lại xong rồi chấm điểm cà rề cà rề, lâu lâu báo không nghe được các kiểu cái mình mợt mình kệ luôn, nghỉ phẻ. mình chỉ định duy trì thói quen học tập để không cứng miệng thôi mà học một hồi là phát rồ luôn á 😂",2025-05-01 11:38:56,Negative,"I have been using Elsa for a long time.In the past, I bought a small package and used it for a long time. By 2023, I would buy it for life.For about a year now, the app has been laggy like crazy, the experience is very bad and I find the pronunciation scoring is both slow and not as accurate as before.My pronunciation is 90% fine, but every now and then I keep saying I read it wrong.But after reading it again and grading it slowly, sometimes when I hear I can't hear it, I just ignore it and give up.I'm just planning to maintain my study habits so I don't have a stubborn mouth, but studying for a while makes me go crazy 😂"
e5bc5cee-09c7-4052-aa71-37466210d63c,002,1,role play lặp lại câu liên tục 1 tiếng k xong k kết thục được back ra thì vẫn tính chưa học. phần này rất bực,2025-04-30 18:00:55,Negative,"Role play repeats the sentence continuously for 1 hour until you finish it and return it, then you still haven't learned it.This part is very frustrating"
ed622eae-2ada-438a-9a94-ccba78f7ead8,002,1,đăng ký gói sử dụng 1 năm mà mới 2 tháng app cập nhật lại thì vào phần mềm lại bắt đăng ký mới được học nữa. chán. nạp tiền vào mà chẳng được học.,2025-04-27 14:25:29,Negative,"I signed up for a 1-year package but it only took 2 months for the app to update, then the software required me to register again to learn again.bored.Deposit money but don't learn."
ea2ecc92-7f27-4aa8-b63a-65ee67c7d0eb,002,1,"app dở tệ, đọc thì k nghe,đọc lần 1 điểm k cao đọc lại lần 2 càng thấp hơn,càng đọc càng thấp trong khi so giọng mình đọc với giọng app thì y chang,rất ức chế, dẹp app luôn đi",2025-04-27 04:57:57,Negative,"The app is terrible, I can't listen to it when I read it, the first time I read it, the score is not high, the second time I read it even lower, the more I read, the lower it gets while comparing my voice to the app's voice it's exactly the same, very frustrating, please quit the app."
7d04d685-2b58-41ef-973f-2db77220200c,002,1,"chán, mấy bài học conversation đã xong 3 taks tick hết rồi mà con ai cứ nói miết cả tiếng đồng hồ không cho finish mà bấm ra thì không ghi nhận là đã học phải học lại 😡",2025-04-26 15:10:58,Negative,"Bored, the conversation lessons have already been completed, 3 taks have been ticked, but someone keeps talking for an hour without letting them finish but clicking away doesn't register as having learned and has to re-study 😡"
4ce73d34-18f2-4b42-90ad-bdb4e9a614cd,002,1,"chọn ai không chọn chọn đúng con 4` hủ tái giựt bồ người khác làm đại diện, rate 1 sao nào ngưng hợp đồng thì bỏ =)))",2025-04-26 03:30:21,Negative,"If you choose someone, don't choose and choose the right one. 4' is a jerk and then grabs someone else to be your representative. If you rate 1 star, you will quit the contract =)))"
0db132ce-9f05-41b5-971b-5a7a36dcbcfc,002,1,"update: 1* cho phần ngữ điệu. phần ngữ điệu vẫn rất tệ, khi khiến người học hầu như không thể trả lời đúng trong toàn bộ 5 câu của nhóm bài ngữ điệu đó. nên thiết kế thêm nút báo cáo cho cả nguyên một bộ câu hỏi luôn chứ báo cáo từng câu mệt lắm. nói chung là phần ngữ điệu là cái tệ nhất của app này.",2025-04-25 16:06:11,Negative,"update: 1* for intonation.The intonation part is still very bad, making it almost impossible for learners to answer correctly in all 5 sentences of that intonation group.You should design a report button for the whole set of questions instead of reporting each question is too tiring.In general, the intonation part is the worst thing about this app."
3c26b893-3498-4696-9df0-f84272056054,002,1,"âm thanh ting ting khi phát âm đúng hoặc sai quá to, át hết tất cả các tiếng gây cực kỳ khó chịu. app không nhận giọng nói, đọc chục lần không nhận, xong mình thử mơt từ điển ra rồi mở cho elsa thu âm thì đúng 38% :))) có âm sao là cho -999*",2025-04-23 14:52:59,Negative,"The ting-ting sound when pronouncing correctly or incorrectly is too loud, drowning out all other sounds, causing extreme discomfort.The app doesn't recognize the voice, I read it ten times but doesn't recognize it, then I try to take out the dictionary and open it for Elsa to record, it's 38% correct :))) If there is a negative sound, it gives -999*"
fe8b4e19-8b3b-4dad-b5f0-8d8301519f96,002,1,"tôi ko thể bắt đầu sử dụng app, khi mở app, trợ lý ảo ai yêu cầu t nhâp tên và sau khi tôi nhập, popup báo lỗi hiện lên và tôi không thể tiếp tục sử dụng app",2025-04-15 17:48:59,Negative,"I can't start using the app, when I open the app, the virtual assistant asks me to enter my name and after I enter, an error popup appears and I can't continue using the app."
ff18079f-a0e0-403a-a8be-a5cac645d7db,002,2,ê sao bắt ngta đóng pro hoài v phải cho học free trc xong ms có hứng thú r đóng chứ chx học đc j đã bắt đóng mẹ học ko hay xong m có trả lại t tiền ko the coach mãi đỉnh ạ,2025-04-15 13:25:11,Negative,"Hey, why are you forcing me to play pro all the time and you have to let me learn for free first? Are you interested in joining? I can't learn. If you force me to study, I won't do it. Will I return all my money? Can I coach forever?"
6312922c-f8cd-4415-bc37-df247dc242cd,002,1,“tôi thật sự thất vọng khi một nền tảng học tiếng anh lại lựa chọn người từng có hành động dùng sách để che vùng nhạy cảm làm đại diện thương hiệu. điều này không chỉ phản cảm mà còn đi ngược với giá trị giáo dục mà nền tảng ấy nên truyền tải. chúng ta cần những hình mẫu xứng đáng cả về tri thức lẫn đạo đức để thế hệ trẻ noi theo. #taychayht #taychayelsa”,2025-04-10 11:49:05,Negative,"""I'm really disappointed that an English learning platform chose someone who used books to cover sensitive areas as a brand representative. This is not only offensive but also goes against the educational values ​​that the platform should convey. We need worthy role models in both knowledge and morality for the younger generation to follow. #taychayht #taychayelsa"""
6df22139-bd47-4d77-a73f-b0778e828eb3,002,1,"app giành cho giáo dục mà lại chọn người quảng cáo bôi nhọ quyển sách, lấy sách che vùng kín thế thì còn ai dám tin tưởng app này nữa? quá tệ, uổng công tải app & sử dụng",2025-04-10 11:36:02,Negative,"If an app for education chooses an advertiser to defame the book and use the book to cover private areas, who would dare to trust this app?Too bad, it's a waste of time to download the app and use it"
74f17688-53f9-4b27-8100-cdba472a0fdf,002,1,chê vì người quảng cáo nha. ai lại để người không tôn trọng giáo dục ( lấy sách che xxx) quảng cáo app giáo dục bao giờ.,2025-04-10 09:40:42,Negative,Blame the advertiser.Who would ever let someone who doesn't respect education (cover books xxx) advertise an educational app?
d805c43e-ef07-4f57-a58b-01e1d0f94a11,002,1,"đã tải app cbi học thì thấy book hải tú quảng cáo. ht có rất nhiều ảnh phản cảm, lõa lồ khoe thân, ảnh se.xx.... là sự thật. không thể để 1 người có mindset như vậy quảng bá về giáo dục được. quá thất vọng, thiếu người để book hay sao?",2025-04-10 09:33:47,Negative,"I downloaded the cbi study app and saw an advertisement for hai tu books.ht has a lot of offensive photos, naked ones showing off their bodies, sex.xx photos.... which is true.We cannot let a person with such a mindset promote education.So disappointed, lack of people to book or what?"
f2083b29-3dce-4697-a449-f30ce9c8d1f5,002,2,"app mua gói học thì mắc. mà đang học hở tí là lỗi. tạo bộ học từ, thêm 4 5 từ mới là app xoay vòng vòng như chóng chóng, toàn phải tắt app mở lại, gây tụt mood khi học quá. mong đội ngũ phát triển sản phẩm kiểm tra và sửa sớm giúp ạ. cảm ơn.",2025-04-07 03:20:40,Negative,"The app is expensive to buy a learning package.It's a mistake if you're studying a little bit.Create a word learning set, add 4 or 5 new words and the app rotates like crazy, you always have to close the app and reopen it, causing your mood to drop when studying too much.I hope the product development team will check and fix it soon.Thanks."
f49a8a28-9855-475a-a196-658ca1495f00,002,1,"app đứng liên tục, học t.a mà ko dịch ra tiếng việt, hoặc giải thích cũng rất sơ xài nhưng cũng bằng t.a, 1 người mới học t.a hoặc trình độ trung bình ko nên mua, phí tiền. tôi xài rất nhiều app, nhưng đây là app tệ nhất tôi từng mua, xài app the coach còn tốt hơn rất nhiều so với app này. bỏ tiền mua nhưng đành xóa vì chẳng học đc j",2025-04-01 13:59:22,Negative,"The app keeps standing, learning ta.a but not translated into Vietnamese, or the explanation is very sketchy but still the same as ta. A person new to ta.a or at an average level should not buy it, it's a waste of money.I use a lot of apps, but this is the worst app I've ever bought, using the coach app is much better than this app.I spent money to buy it but had to delete it because I couldn't learn it"
b9f9db8d-68b6-4ae7-8349-99e90b973cc4,002,1,phiên bản mới rất tệ ko còn tính năng hữu ích như phiên bản cũ. app quá ham đi vào việc theo trend ai nhưng nó rất tệ. nên giữ các tính năng như cũ,2025-03-30 07:41:51,Negative,The new version is very bad and no longer has useful features like the old version.The app is too eager to follow trends but it's very bad.Should keep the same features
db006f7d-ee60-44c2-a0df-861aa7553c5f,002,1,"- giật lag - không còn bộ đếm phút - không còn dịch tiếng việt nữa, - học xong bài này thì lại quay về trang chủ, phải bấm vào lại rất bất tiện - sai ngữ pháp. ""i"" nhưng lại đi với ""is""??? xong lại dịch thành cô ấy??? - trong câu ""she needs to avoid seafood ..... she is allergic to shrimp"". câu trả lời: but, or, and??? chọn bằng niềm tin à thiết nghĩ elsa nên hoàn thiện app trước khi để khách hàng sử dụng, bản premium mà trải nghiệm quá tệ",2025-03-27 03:57:22,Negative,"- lag - no more minute counter - no more Vietnamese translation, - after studying this lesson, I return to the home page, having to click again is very inconvenient - grammatical errors.""i"" but goes with ""is""???Then translate it to she???- in the sentence ""she needs to avoid seafood ..... she is allergic to shrimp"".answer: but, or, and???Choose by faith. I think Elsa should perfect the app before letting customers use it. The experience of the premium version is too bad."
f13ade03-b900-443c-bdc4-523f2d8f1784,002,1,"elsa phiên bản mới 2025 đã trở nên rất tệ. gặp các từ mới khi vào detail để xem nghĩa thì cũng không hiện gì. trong 1 câu có nhiều từ, có những từ phát âm sai, ấn vào để phát âm lại từ đó thì cũng không còn chức năng này nữa. ai thì không linh hoạt, hỏi vấn đề thì không trả lời. bài học chọn từ đúng thì hướng dẫn là chọn xong rồi phát âm lại nhưng thực chất chỉ cho chọn từ, và từ cũng không có nghĩa, không giải thích tại sao chọn. elsa ở thời điểm hiện tại không đáng dùng. ai mua thì cân nhắc.",2025-03-24 02:14:41,Negative,"Elsa new version 2025 has become very bad.When I encounter new words, when I go to detail to see the meaning, nothing appears.There are many words in a sentence, some are mispronounced, if you click to pronounce the word again, this function will no longer be available.Anyone is not flexible, asks questions and doesn't answer.In the lesson of choosing the right word, the instructions are to choose it and then pronounce it again, but in fact it only allows you to choose the word, and the word has no meaning or explanation of why you chose it.Elsa is not worth using at the moment.Whoever buys, please consider."
f761285a-3a9b-4123-acd0-435d46981a28,002,1,"- người mới vào học toàn đặt câu hỏi phỏng vấn tiếng anh? - chưa kịp trải nghiệm, chưa thấy gì hay ho là đã bắt trả tiền. - mình ko biết mua gói pro có hay không. nhưng với trải nghiệm như trên thì mình chỉ muốn gỡ app.",2025-03-16 22:11:48,Negative,"- New students always ask interview questions in English?- Before I could experience it, I didn't see anything interesting so I asked to pay.- I don't know if I can buy the pro package or not.But with the above experience, I just want to uninstall the app."
e2f71169-5378-469f-bd8e-86d693d6dd66,002,1,"app bị gì hổm giờ mà từ lúc mình nâng lên premium, các bài học trong topic thì mất, trải nghiệm thì bị lag, văng liên tục. tốn 1 mớ tiền. mình dùng android nhé!",2025-03-11 06:00:51,Negative,"What's wrong with the app? Since I upgraded to premium, the lessons in the topic are gone, the experience is lagging and crashing continuously.costs a bunch of money.I use android!"
c69a0609-23ca-4e92-a6ab-eda2b8115309,002,1,"thiếu tiền thì đừng có làm app dùm đi!? sao cứ mỗi lần vô là cứ bắt xài gói premium hoài thế!? gói student cũng 1,2 tr rồi! 1 sao!",2025-03-09 03:03:45,Negative,"If you don't have money, don't make an app!?Why do you keep asking me to use the premium package every time I come in!?The student package is also 1.2 million!1 star!"
ce4c9a1c-3c97-4ea3-8727-e36735804c3a,002,1,"mới tải về chưa học gì hết, bầm vào bài đầu tiên thì thông báo ''bạn đã hết lượt học miễn phí"", ủa ủa đã học đâu mà hết, app rác, mất công tải, mất công xoá, ráccc",2025-03-06 08:51:35,Negative,"I just downloaded it and haven't learned anything yet. When I enter the first lesson, it says ""you've run out of free lessons"". Oh, I haven't learned anything yet. It's a junk app. It's a waste of time to download, a waste of time to delete. It's garbage."
a88c3f1e-d1b9-4b6c-9f52-f02508a9d468,002,1,"great -> edited: app has been too slow since a year. every thing is slow: first load, calculating score, load lessons, load profile, load leaderboard. it can not even hear in ""finding missing words"". i can not stand it anymore",2025-03-02 15:56:31,Negative,"great -> edited: app has been too slow since a year.every thing is slow: first load, calculating score, load lessons, load profile, load leaderboard.it can not even hear in ""finding missing words"".i can't stand it anymore"
c82c8334-d1e1-4d66-bef7-bb82dfc25bd7,002,1,"phiên bảng premium đã mất đi dịch sang tiếng việt, người muốn học thêm từ vựng ko nên đăng ký, tôi đang cảm thấy cực kì thất vọng",2025-02-26 15:36:12,Negative,The premium version has lost its translation into Vietnamese. People who want to learn more vocabulary should not register. I'm feeling extremely disappointed.
2fcb0f7b-921a-4cae-859b-97ebe9dfab31,002,1,"version mới thực sự rất tệ về mặt ux. nói phải đúng trên 80% trong khi k xem được các thông tin về ngữ điệu, phát âm, trôi chảy. tính năng xem chi tiết phát âm sai cũng bị loại bỏ. bài học thì đưa từ mà còn k chỉ cách đọc. ncl đưa lại tính năng cũ lên đi chứ học kiểu này bực lắm",2025-02-23 01:19:52,Negative,"The new version is really bad in terms of ux.Must be over 80% correct while not being able to see information about intonation, pronunciation, and fluency.The feature to view details of mispronunciations has also been removed.The lesson gives words but also not only how to read.ncl please bring back the old features, learning this way is very frustrating"
47acb3ac-bd39-4973-af88-424e8c3a843b,002,1,ứng dụng ăn cướp à. mình không sử dụng dịch vụ mà mình phải trả tiền là sao 2156000 không phải là ít. nếu mình dùng mình chấp nhận bỏ tiền để mua. còn mình không có nhu cầu thì sao tự thanh toán chẳng khác gì ăn cướp nhé,2025-02-12 03:16:33,Negative,"Thieving app?I don't use the service but I have to pay, so why is 2156,000 not a small amount?If I use it, I accept spending money to buy it.If you don't need it, why pay for it yourself? It's no different than robbery"
985cd12a-d0d5-42a5-b3b9-75ed9d422e5f,002,1,"dù bạn có bỏ 5-7tr mua pro+conversation bundle lifetime + full khóa học từ đầu, cũng ko bằng người bỏ 3tr5 mua premium lifetime thời điểm hiện tại. cũng ko có cơ chế nào để bạn up gói lên được quyền lợi như người mua mới cả nói chung elsa giờ chỉ lo upsale kiếm khách hàng mới thôi. đối xử quá tệ với khách cũ. những người đã đồng hành với elsa từ thời kỳ đầu đã liên hệ với cskh elsa và nhận được câu trả lời như thế đấy. mọi người có nhu cầu sử dụng elsa thì nên cân nhắc tới bình luận của mình",2025-02-06 18:37:47,Negative,"Even if you spend 5-7 million to buy pro+conversation bundle lifetime + full course from the beginning, it's still not as good as someone who spends 3 million to buy premium lifetime at the present time.There is also no mechanism for you to upgrade the package to get the same benefits as new buyers. In general, Elsa is only concerned with upselling and finding new customers.Treat old customers very badly.Those who have accompanied Elsa from the beginning contacted cskh Elsa and received such an answer.Everyone who wants to use Elsa should consider my comment"
0135c737-b66c-4c7a-ae43-bc021edcb94b,002,1,nói không nhận dạng được chữ đã thế đọc hết bài xong lúc tính điểm không tính xong tự out bắt mình đọc lại app quá tệ nếu không bị trừ điểm thì cho tiền tao cũng không sài app này,2025-01-22 03:47:46,Negative,"He said he couldn't recognize the words, then he finished reading the whole lesson and when he calculated the score, it didn't count. Then he quit and forced himself to read the app again. It's so bad. If I didn't get points deducted, I wouldn't use this app if I didn't get points deducted."
fc3fa57f-4707-4fff-87a4-8d94fbfd7566,002,1,"mình đăng kí app premium cũng 1 năm rồi á, sau học thấy không oke lắm nên mình hủy gia hạn, sau khi hủy xong thì vào app cứ bắt mình đăng nhập lại, do account mình liên kết fb mà bấm vào để đăng nhập thì mãi không vào được, hỏng lẽ giờ gói đăng kí của mình còn mà mình phải học guest hay đăng nhập bằng account khác hong có mua gói???",2025-01-19 17:27:04,Negative,"I signed up for the premium app for 1 year, but after learning it, it wasn't very good so I canceled the renewal. After canceling, the app kept asking me to log in again. Because my account was linked to fb, I couldn't log in when I clicked to log in. Is it because my subscription is still available and I have to sign in as a guest or log in with another account? Didn't I buy the package???"
bc502464-0563-4735-920e-2505865fb060,002,1,mua gói trọn đời hồi đó đăng ký bằng google ko có liên kết fb gì hết trơn á mà giờ nó kêu associated với fb rồi ko cho vô lun. kì cục phí tiền của người ta,2025-01-15 16:10:21,Negative,"When I bought the lifetime package, I signed up with Google and there was no FB link at all, but now it says associated with FB and won't let me in.What a waste of people's money"
35ec3d1a-1bef-41d9-89c8-76647ea204d8,002,1,"app tệ hại, đọc khan cả tiếng mà app không chịu nhận diện giọng nói, kéo cả tông ti dòng họ vô đánh giá 1*",2025-01-14 15:18:27,Negative,"The app is terrible, it reads for hours but the app does not recognize the voice, dragging the whole family into the review 1*"
62b24f80-a8c5-454b-b335-2979bdc07261,002,1,"tôi thề luôn ứng dụng kiểu j ấy tôi dùng cả máy thứ hai để đọc mẫu r cái máy thứ hai cx là ứng dụng đó con máy nó đọc lên con máy còn lại kêu sai ( chính nó độc mà nó còn kêu sai ) chịu ứng dụng , ứng dụng lỗi vc chẳng thấy học đc cái j mà toàn tgaays ức chế cay vcclll",2025-01-06 13:58:36,Negative,"I swear by that type of application I use a second device to read the sample. The second device is the same application. The other device reads it and the other device says it's wrong (it's unique but it says it's wrong). I'm fine with the application, the application has errors. I can't find anything to learn, but it's all so frustrating."
39f90f1d-5fd9-4b0a-9ac8-8c631c3b3ce7,002,1,"xài elsa 3 năm rồi, mới mua bản trọn đời nhưng app chỉ toàn gợi ý bài học cũ đã học năm trước dù đã refresh bài học. hối hận vì đã mua",2024-12-31 03:07:14,Negative,"I've been using Elsa for 3 years, just bought the lifetime version but the app only suggests old lessons learned last year even though the lessons have been updated.regret buying"
068672f3-bc0a-43b9-a47d-5fbff8cdb3d4,002,1,"nhận diện phát âm như hạch. các app khác nhận diện được, còn mỗi app này không được. cứ nhận diện không ra được là hiện um. lộ trình học thì không rõ ràng, lộn xì ngầu. cách nhấn nhá, luyến láy thì không dạy. app rác, mua phí tiền",2024-12-08 16:16:00,Negative,"recognize pronunciation as lymph nodes.Other apps can recognize it, but this app cannot.If you can't identify it, it will appear um.The learning path is unclear and confusing.Emphasis and repetition are not taught.Garbage app, waste of money"
4e1d20dc-a51d-4022-bfda-c842a882fc8c,002,1,"đã mua gói premium 1 năm. mỗi lần vào app là app giật lag điên đảo, thời gian load rất lâu. đặc biệt thời gian load để thêm 1 từ vựng vào bộ bài học rất rất lâu, mất thời gian dữ và tạo cảm giác rất ức chế.",2024-12-07 03:59:01,Negative,"purchased the 1 year premium package.Every time I enter the app, the app lags like crazy and takes a long time to load.In particular, the loading time to add a vocabulary word to the lesson set is very long, takes a lot of time and creates a very frustrating feeling."
89f0f837-da52-4f0b-9daa-6cd5c2107c48,002,2,đúng tư bản bỏ tiền ra mua gói pro xong nhưng lại có gói cao cấp mới truy cập được một số tính năng khác :v,2024-11-24 04:20:48,Negative,It's true that capitalists spend money to buy the pro package but only have the premium package to access some other features :v
716c0310-628e-487c-92e1-8be542ea4246,002,1,"lỡ để lại sđt với email cho chị elsa thôi mà spam gọi + gửi mail về làm phiền mấy tháng nay, tưởng đâu dân đòi nợ không đấy.",2024-11-16 12:47:16,Negative,"I accidentally left my phone number and email for Elsa but she's been spam calling + sending emails to bother me for the past few months, I thought it was a debt collector."
9331510f-7c4e-406d-abb0-e4d9490fa8f8,002,2,"ui trời, xưa dùng elsa thấy ok lắm, mà sau mấy năm ko dùng, nay quay lại thấy app tệ vô cùng, lag giật dã man. mỗi lần mở app sử dụng nó quay lâu ơi là lâu mới vào đc.",2024-11-06 18:02:00,Negative,"Wow, I used to use Elsa and it worked fine, but after a few years of not using it, now I'm back and see that the app is extremely bad, laggy.Every time I open the app to use it, it takes a long time to log in."
7400795f-3581-454b-84d5-27eb7dc98b2a,002,1,"phần "" ngữ điệu "" của elsa tệ thật sự tôi phát âm chưa ai chê bao giờ mà phần mềm nghe mãi k ra.",2024-10-07 09:59:45,Negative,"Elsa's ""intonation"" part is really bad. No one has ever criticized my pronunciation, but the software never listens."
4496b09e-4981-4724-8569-00636b7e99b9,002,2,"i rarely use this app, because it is too slow even from very first step, login. after logining step, i have to wait for it ""loading"" lesson, each lesson. the mood of learning fade away while waiting.",2024-10-07 00:12:58,Negative,"i rarely use this app, because it is too slow even from very first step, login.after logining step, i have to wait for it ""loading"" lesson, each lesson.the mood of learning fade away while waiting."
03d20de6-0b6f-4dff-bc94-eb6e693a84e9,002,1,lừa đảo nhé mn nó gia hạn mà ko báo mình r nó tự rút tiền từ ngân hàng của mình rồi gủi sang ví momo xong gửi vào web. và giờ mình mắt tiền oan...(gỡ cài đặt đi),2024-10-05 15:28:32,Negative,"It's a scam. It renewed without informing me. It withdrew money from my bank, sent it to momo wallet, and then sent it to the website.and now I'm facing injustice...(uninstall it)"
41c2afc1-156e-4ca1-89b2-3855c816998a,002,2,ae nào ko có tiền thì học chút xíu đc à (học đc khoảng 1 đến 2 tháng là hết). nạp tiền thì học 5 năm chắc còn chưa hết (giá 2 000 000₫) cho ae suy nghĩ kĩ trước khi tải,2024-09-26 10:00:26,Negative,"If you don't have money, you can learn a little bit (it takes about 1 to 2 months to finish).If you deposit money, you won't be able to finish studying for 5 years (price 2,000,000 VND). Please think carefully before downloading."
21c74815-9aee-4a0b-a328-9e0d52e388a7,002,1,mình bị mất tài khoản pro trọn đời dù mới mua 2 năm trước nhắn hỗ trợ thì rep rất lâu gần 4 tháng rồi vẫn chưa giải quyết xong cho mình????,2024-09-19 16:27:33,Negative,"I lost my pro account for life even though I just bought it 2 years ago. When I texted support, it took a long time to reply, almost 4 months, and I still haven't been able to resolve it????"
6439d068-aa39-4dc5-8570-35ae7946d693,002,1,"cái app có bị vấn đề về nghe không sao đọc rồi mà cứ báo không nghe, rồi sao cái bài đàm thoại nó cho nhiều câu vậy đọc khộ cả cổ họng, nhiều lúc đọc mà app không nghe bảo là ""hãy di chuyển đến nơi yên tỉnh hơn"", nhiều lúc đã đọc vào loa mà cứ bảo vấn đề app có cần hiến tai ko?, à rồi còn âm cuối tao đã đọc ""t"" rồi mà cứ bảo đừng quên âm cuối!",2024-09-18 13:32:16,Negative,"Does the app have a hearing problem? I read it but keep saying I can't listen. Then why does the conversation have so many sentences that it hurts my throat to read? Many times I read but the app doesn't hear me saying ""move to a quieter place"", many times I read into the speaker but keep asking if the app needs to donate my ears?, and then there's the last sound, I've already said ""t"" but keep telling me not to forget the last sound!"
caa88214-2967-491c-a6b8-9cc84974eb91,002,1,dùng elsa speak đọc câu cho elsa speak máy khác thì bị đánh giá phát âm không đạt do nhấn mạnh từ không cần nhấn mạnh. mọi người không nêm mua app này tốn mất 2tr200 mà không ra gì,2024-09-17 16:46:49,Negative,"Using Elsa Speak to read a sentence to Elsa Speak on another device, the pronunciation will be rated as unsatisfactory due to emphasizing words that do not need to be emphasized.People don't want to buy this app, it costs 2,200 for nothing"
b42099c8-40d6-41de-b158-bd60ba9d4ac9,002,1,"tuyệt vời,hết hạn dùng thử thì khoá hết các bài học.sau 20' mới mở,nói chung là app dành cho rick kid.mong app cho dân nghèo dùng với",2024-09-17 14:10:17,Negative,"great, after the trial expires all the lessons will be locked. after 20 minutes it will open, in general it is an app for rick kids. hope the app is for poor people to use"
bfc78aa4-000f-49da-b028-b1c261976070,002,1,"lần đầu tiên đánh giá 1 sao tôi không nói về chuyên môn vì tôi kém ngoại ngữ. tôi chỉ nói đến trãi nghiệm khi dùng ứng dụng 1. load chậm 2. đọc muốn đứt hơi mà nó cứ báo k nhận dạng được ngôn ngữ hoặc xoay vòng vòng đến bực 3. đọc mẫu thì đọc nối từ mà tôi đọc theo thì toàn lỗi phải tách riêng từng từ 4. 1 từ mà đọc 2 cách vẫn đúng ví dụ: pool - đọc: ""phu ô"" hay ""phu lờ"" vẫn đúng ......",2024-09-12 15:10:41,Negative,"The first time I rate 1 star, I don't talk about expertise because I'm poor at foreign languages.I'm just talking about my experience when using the app: 1. Slow loading 2. Reading makes me feel breathless but it keeps telling me it can't recognize the language or going around in circles to the point of frustration 3. When I read the sample, I read the words together but I read them with errors and have to separate each word 4. 1 word can be read in 2 ways but it's still correct, for example: pool - reading: ""phu o"" or ""phuo"" is still correct......"
13ed7c0d-0eae-4273-8c8a-d1f038c96818,002,2,"mình tin tưởng elsa đã lâu nên đã quyết định mua elsa pro nhưng đội ngũ hỗ trợ quá chậm quá kém, thua the coach. mình dùng elsa từ hồi 3 năm trước, giờ lúc bỏ tiền ra rồi thì kêu gọi fanpage các kiểu không được hỗ trợ. cho hỏi đội ngũ chăm sóc khách hàng chăm sóc qua đâu ạ?",2024-09-08 07:08:30,Negative,"I trusted Elsa for a long time so I decided to buy Elsa pro but the support team is too slow and poor, losing to the coach.I've been using Elsa since 3 years ago. Now that I've spent money, I'm still complaining about all kinds of fanpages that aren't supported.Can I ask where the customer service team takes care of?"
1563ae43-3ec8-4f35-9241-9b68c711cfaa,002,1,hỗ trợ ko kịp thời . hic . app lag mà web k hỗ trợ mình kịp. làm mất chuỗi ngày ôn tập của mình,2024-09-04 04:52:50,Negative,Not timely support.hic .The app is laggy but the website doesn't support me in time.I lost my days of studying
c6654b4c-9081-4a60-a818-32fc9cb14192,002,1,lần đầu tiên đánh giá 1 sao cho 1 cái app. vừa đăng kí pro xong thì app không hoạt động nữa. gỡ cài đặt thì sẽ mất gói đã đăng kí. tệ!!,2024-08-31 03:31:20,Negative,"First time rating 1 star for an app.As soon as I signed up for pro, the app stopped working.If you uninstall it, you will lose the registered package.bad!!"
e8efa0fb-6769-43a5-9fa4-35a5f9f74bec,002,2,oi tuyệt voi đây đánh giá của mình vào năm 2016. update 2024 tải cho e mình dùng thì tệ hơn rất nhiều so với lúc đầu. quay quay hết giờ khiến user bực quá out ra . elsa đang ổn không ? !,2024-08-30 12:19:05,Negative,"Oh great, here's my review in 2016. Update 2024, download it for me, it's much worse than when I first used it.When the time runs out, the user is so angry that they go out.Is Elsa okay?!"
0fedf516-4610-44a3-b6b2-73940273da14,002,1,"mua gói premium rồi suốt ngày quay lòng vòng, chậm rì, hay lỗi, thất vọng thật sự. gói premium mấy triệu chứ có rẻ đâu.",2024-08-23 12:43:52,Negative,"I bought the premium package and then it spins around all day, it's slow, it's error prone, I'm really disappointed.The premium package costs several million but it's not cheap."
f0b207eb-3bd5-40cd-bf2d-0ffec3f62ed8,002,1,"mua premium 2tr mà dùng chán. mạng bình thường mà cứ quay đơ suốt. các chức năng trình bày đơn sơ, bất tiện khi dùng. nhất là giao diện bộ bài học, không cho sửa, phần bài học mình tạo thì giấu kĩ trong khi hiển thị rất nhiều bộ bài rác của các user khác. khuyên ai có í định mua thì nên mua 1 tháng dùng thử trước kẻo hối hận như mình, rất thất vọng",2024-08-22 02:39:28,Negative,"Bought premium for 2 million but got bored using it.Network is normal but keeps spinning all the time.The presentation functions are simple and inconvenient to use.Especially the lesson deck interface, it's not allowed to be edited, the lesson I created is carefully hidden while displaying a lot of other users' junk decks.I advise anyone who is thinking of buying to buy one month to try it out first, otherwise you will regret it like me, very disappointed"
487a995b-7104-4983-94a3-563a5fb7d9de,002,1,app như cut vậy exhausted đọc mãi ko đc nhờ cả giáo viên nước ngoài giáo viên ta còn đọc ko đc đúng là app lỗi như lon,2024-08-19 14:08:16,Negative,"The app is like cut so exhausted I can't read it for a long time thanks to foreign teachers, my teacher can't even read it, it's such a buggy app"
89e6deda-b044-4ae2-a701-ddd4e63ff956,002,1,"tôi không thể cập nhật esla pro mới nhất. tài khoản của tôi là tài khoản elsa pro trên android trọn đời, sau khi không thể cập nhật, tôi đã xoá app và tải lại, và sau đó tài khoản của tôi thành tài khoản free",2024-08-18 03:32:38,Negative,"I can't update the latest esla pro.my account is an elsa pro account on android for life, after not being able to update, I deleted the app and redownloaded it, and then my account became a free account"
f24ea9db-07d2-4b72-a1da-301a478c6daa,002,1,phần tra từ điển và đánh giá phát âm bị lỗi. gỡ cài lại vẫn vậy. còn load kinh. cập nhật qq gì không biết.,2024-08-14 17:40:24,Negative,"The dictionary lookup and pronunciation assessment are faulty.uninstalled again, still the same.still loading business.I don't know what qq update."
ebc098ef-06f8-48c7-bcde-ad79e50dc296,002,1,"mình mua tài khoản trọn đời nhưng mà mấy tháng gần đây lâu không đăng nhập đăng nhập lại bị mất tài khoản, trước đó mình có chụp lại email lúc đăng nhập lần cuối khoảng 6 tháng trước( vẫn còn xài bth) và gửi mail hỏi thì bên elsa bảo email này chưa mua gói pro bao giờ🤓mình mua gói cũng 2 năm trước rồi nên không còn giữ lại thông tin gì thế là chịu mất toi 2 triệu.",2024-08-12 15:06:51,Negative,"I bought a lifetime account but in recent months I haven't logged in for a long time and lost my account. Before that, I took a photo of the email when I last logged in about 6 months ago (still using bth) and sent an email to ask, but Elsa said I never bought the pro package with this email🤓I bought the package 2 years ago so I no longer kept any information so I lost 2 million."
2a7c337d-71eb-4be4-ba2f-f4510e80144a,002,1,"quá tệ, tôi đã mua gói elsa speak pro trọn đời, nhưng sau 1 khoảng thời gian ko đăng nhập thì nay đăng nhập lại, nó đã ko còn gói đó trên tài khoản của tôi nữa",2024-08-05 14:46:52,Negative,"Too bad, I bought the lifetime elsa speak pro package, but after a period of not logging in, when I logged in again, it no longer had that package on my account."
955db27d-18e4-4b82-a7a2-100b6f2328f9,002,2,"app tốt nhưng cần bổ sung thêm phần tìm kiếm bài học hoặc cải thiện ở phần link, mấy lần mình vào link làm bài tập đọc thì phải gỡ cài đặt tải lại mới bấm vào link được, rất khó chịu",2024-08-02 13:32:28,Negative,"The app is good but needs to add a lesson search section or improve the link section. Every time I go to the link to do reading exercises, I have to uninstall and download it again to click on the link, very annoying."
1cec8372-7499-4546-b3ef-c2d0f4f79e28,002,2,không có tính năng reset lại tiến trình học dù bạn có mua bản pro trọn đời. nên nếu muốn học lại các chủ đề thì sẽ không biết mình đang học dở ở đoạn nào. bất tiện cho người dùng.,2024-07-28 01:03:32,Negative,"There is no feature to reset the learning process even if you buy the pro version for life.So if you want to re-study topics, you won't know where you're at.inconvenient for users."
d6c879fa-a5ad-4dcc-8370-5ceea2dd71d4,002,1,"t khá là bực bội ở bước đăng nhập t không hiểu thế nào mà t kh đăng nhập dc bằng bất kì cách nào bên gmail t bấm quên mật khẩu app bảo đưa mail nó chuyển liên kết qua đó kết quả nó đưa cái liên kết kiểu gì mà mall mở không được không mấy cho t cái hotline đi chứ liên kết đổi mật khẩu gì mà gmail còn bảo ""không thể hiểu liên kết"" :)))) app gì mà kh chỉnh chu từ bước đăng nhập vậy hả",2024-07-25 07:42:40,Negative,"I'm quite frustrated at the login step, I don't understand why I can't log in any way from Gmail, I click on the forgot password and the app tells me to send the email and it sends the link. As a result, it gives me some kind of link but the mall can't open it. Not much, please give me the hotline, what's the link to change the password, but gmail still says ""can't understand the link"" :)))) What kind of app doesn't adjust properly from the login step?"
92a8b436-42d6-40e9-80f9-755fe8c46b63,002,1,muốn xoá tài khoản nhưng k đc rồi không biết có trừ tiền gì k nữa điều khoản khi xoá tài khoản cũng hơi 😥😥😥 xoá tài khoản thôi mà cứ loài loading hoài rồi giờ sao app,2024-07-24 05:10:19,Negative,"I want to delete my account but I can't. I don't know if I can deduct any money. The terms of deleting my account are a bit 😥😥😥 I just deleted my account but it keeps loading, now why app?"
8c92dd5b-1b35-4922-9554-41edc233a3d0,002,1,"vô cùng thất vọng. cả tuần nay lag ko thể vào nổi, ko thể nhận diện âm thanh. đã yêu cầu hỗ trợ nhưng chưa đưa ra giải pháp, bảo do mạng kém (quay video minh chứng,đã đổi mạng, đổi sang 4g) vẫn vậy. thậm chí xoá app đi tải lại, tắt nguồn, khởi động điện thoại... làm đủ mọi trò như yêu cầu mà app vẫn lag điên. phí thời gian và tiền bạc",2024-07-21 09:18:41,Negative,"extremely disappointed.I've been lagging all week, can't log in, can't recognize sounds.I asked for support but haven't given a solution, saying it's due to poor network (recorded video to demonstrate, changed network, changed to 4g) still the same.Even deleting the app, redownloading it, turning it off, restarting the phone... doing everything as requested but the app still lags like crazy.waste of time and money"
99b8ce0f-1e7a-4bb5-9ae8-f2fb83f71bfb,002,1,"học mấy tháng rồi, trước đó trải nghiệm rất ổn nhưng mà gần đây app load rất chậm. bài học có khi load gần 10p không xong. ngay cả lúc nói, dù đã kết thúc 3, 4p rồi mà vẫn chưa tính điểm được.",2024-06-27 12:55:38,Negative,"I've been studying for a few months now. Before, the experience was very good, but recently the app loads very slowly.Lessons sometimes don't load for nearly 10 minutes.Even when speaking, even though it's been 3 or 4 minutes, the score still hasn't been calculated."
ceece7da-9e21-4622-bc58-c9b0f7c53075,002,1,"app chán, mỗi vấn đề đăng nhập cũng phiền phức, hay bị out tài khoản, lâu lâu bắt đăng nhập lại cực kì phiền. vote 1 sao!!!",2024-06-14 11:03:25,Negative,"The app is boring, every login problem is annoying, I often get logged out of my account, and having to log in again every now and then is extremely annoying.vote 1 star!!!"
baf94625-c59c-4d4b-96da-5203a2e0615c,002,1,nhu cut dat tien lai con khong thu dc am rhanh tot noi ching ncc nha phat hanh bi can huyet tao dit me cua thang nph,2024-06-14 09:18:19,Negative,"If you want to cut down on the future investment, you can't get a good rhanh place to build a house, because the blood can create the mother's blood."
f7ad11f7-fc47-47ee-b8b4-0ffec7f5be25,002,1,"rất cáu khi làm cái mục xác thực mua tài khoản, phải xem video youtube và điều đó khiến mình phát cáu. không thể gửi nhau một bản pdf hay đại loại thế để tự đọc à? điều chỉnh phiền cực kì ! tuy app ổn nhưng quá cáu r nên ko thể cho cao đc, cọc",2024-06-05 07:17:07,Negative,"I was very angry when I did the account purchase authentication section, I had to watch YouTube videos and that made me angry.Can't we just send each other a pdf or something to read for ourselves?Extremely troublesome adjustment!Even though the app is good, it's too irritating so I can't give it high ratings"
8d3fa461-9973-4072-8bed-f5c5b0a6263b,002,2,app cho dùng thử . sau 7 ngày tự động đăng kí trừ tiền thẻ tín dụng. ko hỏi lại hay xác nhận . yêu cầu hoàn tiền không hỗ trợ !! .,2024-06-02 06:39:29,Negative,"app for trial.After 7 days, credit card payment will automatically be deducted.Didn't ask again or confirm.Refund requests are not supported!!."
53e9977a-91f9-4b22-ac54-9955709058fa,002,1,"sử dụng lag cực, load mãi không vô đổi điện thoại sử dụng cũng vậy không biết lý do là gì, nhắn tin với bên esla xử lí cũng vậy chắc do điện thoại mình không tương thích:)) chán dễ sợ tốn tiền 🥹🥹🥹",2024-05-23 15:36:59,Negative,"Using it is extremely laggy, it won't load forever, I don't know the reason for using it, texting with Esla is the same, probably because my phone is not compatible :)) I'm bored and afraid of wasting money 🥹🥹🥹"
c7946369-c66e-4f15-83fd-5a0ceb64bf11,002,1,"elsa quá khó nói, pizza mà đọc trăm lần ko xong, rồi mấy từ khác như kiểu phải nhấn mạnh từng từ mới đúng đc.",2024-05-23 15:30:14,Negative,"elsa is too difficult to say, pizza can't be read a hundred times, and other words seem like you have to emphasize each word to get it right."
fde0c84a-a849-4e02-bb82-fc4ed2850cee,002,1,"đã đặt hạn mức 100k nhưng vẫn trừ quá số tiền cho phép, không có cần xác nhận lại. chỉ gửi đúng 1 thông báo cho khách hàng. tự hỏi này khác gì đi ăn cướp công khai không. yêu cầu hoàn tiền trên google play thì bị từ chối. cần nhà phát triển áp hoàn tiền lại cho người dùng.",2024-05-22 02:27:55,Negative,"I have set a limit of 100k but still deducted more than the allowed amount, no need to confirm again.Only send exactly 1 notification to the customer.I wonder if this is different from public robbery.Refund request on Google Play was denied.Need the developer to issue a refund to the user."
39c3c95c-9825-4caa-8ba4-6c84ba256b75,002,1,mẹ mày tao ko nhịn nữa tao đọc birthday có x nó vẫn ko đúng nó cứ sai bừa tau ko nhịn đc là giỏ rồi,2024-05-05 06:36:55,Negative,"Mom, I can't help it anymore. I read birthday with x, it's still not right, it keeps getting wrong, I can't help it, it's gone."
18f8ac12-e123-466d-ac67-663fbc8dd3c7,002,1,"tôi có mỗi yêu cầu để đăng nhập vào máy khác cho con học mà cũng quá rắc rối,mãi không có giải pháp nào.tệ quá làm sao dám mua thêm gói khác.",2024-05-04 12:28:51,Negative,"I have a request to log in to another computer for my child to study but it's too complicated, there's no solution. It's so bad that I dare to buy another package."
5decd6d0-5ab0-44ad-8dff-55e872f039bd,002,1,"ai cần được nâng cấp chuyên nghe nhầm đọc 2 lần 1 từ như nhau mà chấm lần sai lần đúng. bài hội thoại dài ai nghe âm sai rất nhiều, ví dụ nó ghi âm được nhưng âm ""ai"" toàn nghe thành ""ei"" rất bực mình. cùng 1 âm đọc từ khác thì đúng từ này lại sai, nói chung ai nhiều lúc kém vãi ra",2024-04-26 03:10:49,Negative,"Who needs to be upgraded? They specialize in mishearing and reading the same word twice but getting it wrong and right.In long conversations, I hear a lot of wrong sounds. For example, I can record but the ""ai"" sound always sounds like ""ei"", which is very frustrating.If you read the same sound in another word, this word is correct but this word is wrong. In general, everyone is terrible at times"
67d7d973-5cdd-4c66-88a1-c373053606ad,002,1,"app lỗi suốt ngày, bộ bài học tạo xong không thấy đâu, ấn vô link chia sẻ bộ bài học thì ra trang chủ ??? app quá tệ",2024-03-24 16:31:03,Negative,"The app crashes all day long, the created lesson set is nowhere to be found, when I click on the link to share the lesson set it shows the home page???the app is so bad"
0e137358-7b3a-4c39-9147-0b64cf8f840c,002,1,"why i registered a premium and i pay with google play,but now i can use google account to log in? you force me to use facebook but can't use fb to log in either.",2024-03-15 13:27:45,Negative,"why i registered a premium and i pay with google play,but now i can use google account to log in?you force me to use facebook but can't use fb to log in either."
813c86f4-221b-4681-a8b3-ba5b52dedecf,002,1,"tôi muốn báo cáo ứng dụng này, tại sao lại trừ tiền trong tk hàng tháng của tôi mà không có sự cho phép hay thông báo hết hạn nào để số đt của tôi. tôi cần nhà sản xuất ứng dụng trả lời",2024-02-26 15:12:43,Negative,"I want to report this application, why is it deducting money from my monthly account without any permission or expiration notice to my phone number?I need the app maker to respond"
14092651-36a3-4694-a00d-ef0584a1facf,002,1,lỗi báo cáo hoài không sửa. ghi âm thì thiếu âm. còn lỗi về phần đọc toàn lỗi. lag chỉ có cái thu tiền là nhanh. app cho người khác trải nghiệm khó chịu thật sự,2024-02-25 04:01:39,Negative,Reported errors are never fixed.Recording lacks sound.There is also an error in the reading part.Lag is the only thing that collects money quickly.app gives others a truly unpleasant experience
f99ec9cc-7596-47c8-96a6-821444083389,002,1,"tổng đài làm việc rất chậm chạp, liên hệ tổng đài để đc hỗ trợ vấn đề hoàn tiền, mình hỏi bao lâu thì tổng đài viên kêu sẽ xử lý trong ngày nhưng mà hết ngày ko thấy mail hay gọi điện j hết. hôm sau mình gọi lại lần nữa mới gửi nma muộn mất thời gian mà chính sách google hỗ trợ hoàn tiền r, mình hỏi tại sao chưa xử lý cho thì nói do hôm 30 ngày sale nên ko gửi kịp, ủa lo sale ko à cái quên khách hàng là sao??? vì bên tổng đài, kỹ thuật, trậm trễ 1 ngày mà mình mất oan cả triệu ko hoàn lại được.",2024-02-01 04:39:55,Negative,"The switchboard works very slowly. I contacted the switchboard for support with the refund issue. I asked how long it would take before the switchboard operator said it would be processed within the day, but by the end of the day, I hadn't received any emails or calls.The next day, I called again and sent it late, it took time, but Google's policy supports refunds. I asked why it hadn't been processed yet and they said it was because the 30th day of sale was so it couldn't be sent in time. Oh, I'm worried about sales, what do you mean by forgetting customers???Because of the switchboard and technical side's delay of one day, I unfairly lost millions and couldn't get it back."
ad700ef0-e8b7-4ad0-9588-75cc7814f0d1,002,1,"không đăng nhập được xác thực bằng google thì báo phải đăng nhập bằng facebook, đăng nhập facebook thì báo là phải nhập mật khẩu facebook? đang có ý chiếm đoạt tài khoản người khác? đăng nhập bình thường thì báo email không tồn tại?",2024-01-28 14:31:59,Negative,"If you can't log in and authenticate with Google, it says you have to log in with Facebook. To log in with Facebook, it says you have to enter your Facebook password?Are you planning to take over someone else's account?When I log in normally, it says the email doesn't exist?"
3e9c0c76-1300-4777-a7ea-d5d13762967e,002,1,"app chậm, tốc độ load chậm, bỏ cái tiếng chuẩn bị bắt đầu đi, mất thời gian, chọn âm nghe giữa 2 từ cũng chậm. qua mà học hỏi duo đi. rồi nữa, thu âm thanh nhiều khi bị điếc, đọc muốn lòi bản họng, đọc đúng luôn mà không nghe ra, điếc đến mệt mỏi. với bài học không có cập nhật, cứ nhiêu đó bắt đọc đi đọc lại hoài, bài hằng ngày á, phải cho người ta thấy sự tiến bộ của người ta chứ, học 60 ngày cứ vậy hoài là sao???",2024-01-02 03:48:37,Negative,"The app is slow, the loading speed is slow, remove the sound of preparing to start, it takes time, choosing the sound to listen between two words is also slow.Go over and learn duo.Then again, recording audio often makes me deaf, I want my throat to show when I read, I always read correctly but I can't hear it, I'm deaf and tired.There are no updates to the lessons, you just have to read them over and over again, daily lessons, you have to show people your progress, what's the point of studying for 60 days like that???"
4be88d9e-04b7-4e7b-a47c-d21c2a111514,002,1,"app quá lag, load cái gì cũng chậm, nói mà 1 câu mà đợi quá lâu, đang hứng học mà mở app lên nhìn loading miết thấy nản. đội dev hay ai đó thấy làm ơn cải thiện hiệu năng lại đi ạ",2023-12-12 01:14:16,Negative,"The app is too laggy, everything loads slowly, I wait too long to say one sentence, I'm excited to study but I open the app and see it loading all the time and feel frustrated.Dev team or someone else, please improve the performance"
26309a11-45fc-4b45-870d-4479f756e037,002,1,"tôi rất xin lỗi bạn vì đã xoá app,vì tôi đang tiết kiệm tiền cho bố mẹ nên ko thể tiếp tục học được nữa,xin lỗi nhé huhu",2023-12-09 07:13:20,Negative,"I'm very sorry for deleting the app, because I'm saving money for my parents so I can't continue studying anymore, sorry huhu"
0af75e00-d2ae-49fa-bbc3-c78779eaa926,002,1,"hiện tại app không còn như trước nữa. các bài học không được cập nhật: mình mở app để luyện nói thường xuyên và chỉ nhận được những bài học cũ (những bài học đã luyện rồi). do đó, mình cảm nhận dù phát âm đã được cải thiện rất nhiều nhưng các ý tưởng khi nói, cấu trúc câu diễn đạt bị giới hạn. và một khi đã không có nhiều ý tưởng thì làm sao có thể giao tiếp thực tế? elsa chỉ tập trung bán các khoá học, ko cập nhật nội dung mới nữa! còn vòi tiền với elsa premium (phiên bản tốn kém hơn elsa pro)",2023-12-04 15:13:39,Negative,"Currently the app is no longer the same as before.The lessons are not updated: I open the app to practice speaking regularly and only receive old lessons (lessons that have already been practiced).Therefore, I feel that even though my pronunciation has improved a lot, my ideas when speaking and the structure of my sentences are limited.And once you don't have many ideas, how can you actually communicate?Elsa only focuses on selling courses, not updating new content anymore!also ask for money with elsa premium (more expensive version than elsa pro)"
1a029e4a-1293-4c67-86d9-bff697732008,002,2,app này kì quá trời thiệt là nhịn mấy tháng r ko nói nhma h tức quá đi tr ơi s mà cứ sai hoài trog khi ngta ns đún từ đó mà nó nghe ko kịp hay j đó cái app nó kêu sai? cay cực nha tốn tiền quá à này có khi tự học = gg dịch còn ổn hơn,2023-11-21 08:05:29,Negative,"This app is so weird, it's been so many months that I haven't said anything. It's so frustrating, but it keeps saying the wrong thing when the user says the right word, but he can't hear it right away, or is it that the app says it's wrong?It's so spicy, it costs so much money, maybe you can learn it yourself = gg translation is even better"
1e20bf11-95c8-4315-a550-eeb6650356c7,002,1,"mình đã mua premium rất lâu rồi! tuy nhiên, trải nghiệm ngày càng tệ: 1. kết nối wifi vào được tất cả app trừ elsa. phải mua 4g mới load được. thậm chí, có hôm cũng k load được (lưu ý mình mua gói cước 4gb/ ngày) 2. chỉ cần 1 ngày miss là bắt học lại toàn bộ, dẫn đến rất nhàm chán. đôi khi bận nên qua 12h đêm mới nhớ, thì đã bị học lại rồi :))) thành ra có những bài học vài lần :)) 3. cá nhân mình đánh giá, trước đây elsa không bị nhiều vấn đề như vậy, nhưng giờ rất kém lun :)",2023-11-20 17:04:03,Negative,"I bought premium a long time ago!However, the experience is getting worse and worse: 1. wifi connection can access all apps except elsa.Must buy 4g to download.Even, some days I can't download it (note that I bought the 4gb/day package). 2. If I miss just 1 day, I have to study the whole thing again, which makes it very boring.Sometimes I'm busy so I don't remember until after 12 o'clock at night, but I've already re-learned it :))) so there are lessons several times :)) 3. Personally, in my opinion, Elsa didn't have that many problems before, but now she's very bad :)"
a09cfd0c-ebc4-475d-9445-dd94a933145d,002,1,tui nói giống mà nó cho tui 60% là sao app bị gì à còn nữa giọng tui đọc đúng mà app cho sai là sao 1 sao,2023-11-20 08:56:33,Negative,"I said the same thing but it gave me 60%, what's wrong with the app? What's more, my voice read correctly but the app gave me the wrong answer, so why 1 star?"
4c4c012e-d0ac-4f50-9956-2c0e4520a6fa,002,1,"app rất chậm và lag, dù cập nhật pro vẫn rất nhiều chức năng bị khóa, kể cả chức năng của pro. rất là ức chế. 1 tiếng nói được 10 câu còn lại là đơi app lag. không đáng 0 sao nữa, càng ngày càng tệ.",2023-11-19 14:27:37,Negative,"The app is very slow and laggy, even though the pro update still has a lot of functions locked, including pro functions.very frustrating.1 voice can say 10 sentences, the rest is sometimes app lag.Not worth 0 stars anymore, it's getting worse and worse."
a16dc3ce-0483-479d-82c9-4207079c4aea,002,1,gói elsa pro quá đắt học thì ko đ nên cho 1 sao là còn nhiều đó tải về chỉ có nặng máy mà ko học đ cái gì đúng là buồn cười mà vô tích sự,2023-11-19 13:40:28,Negative,"The elsa pro package is too expensive to learn, so I can't give it 1 star because there's still a lot to download. It's only a heavy machine but doesn't learn anything. It's really funny and useless."
00cb56a9-1ce8-4789-80af-17df1eb8a61b,002,1,"rất tệ, rất mất tiền, tôi rất rất rất không hài lòng kêu dùng thử, xong tự động gia hạn để trừ tiền người dùng mà không thông báo. mọi người cẩn thận",2023-11-14 10:45:35,Negative,"very bad, very waste of money, I was very very dissatisfied, asked to try it, then automatically renewed to deduct user money without notice.everyone be careful"
7c6c9117-f231-4d41-8585-094a25971571,002,1,chất lượng app quá tệ. quảng cáo rầm rộ với chương trình km 84% - 85%. đăng ký mua gói trọn đời cách đây một tuần mà không sử dụng được do cứ mở ra là app load không nổi. liên hệ hỗ trợ được hướng dẫn khắc phục nhưng thử cách nào app cũng download miết. một trải nghiệm quá thất vọng.,2023-11-06 00:52:21,Negative,"The quality of the app is too bad.Massive advertising with 84% - 85% km program.Signed up for a lifetime package a week ago but can't use it because every time I open it, the app won't load.Contact support for instructions on how to fix it, but no matter what you try, the app won't download.A very disappointing experience."
e47e3992-417d-4a21-b87f-351db1350de8,002,2,tôi muốn đăng kí dùng thử 7 ngày gói premium mà không biết là khi bấm đăng kí app có trừ tiền luôn hay sau 7 ngày mới trừ tiền vậy nhỉ? ( thấy cứ bắt tk phải đủ tiền mới cho đăng kí dùng thử?),2023-11-05 00:53:24,Negative,I want to sign up for a 7-day trial of the premium package but I don't know if the app will deduct money when I click to register or will it be deducted after 7 days?(Seems like you keep asking your account to have enough money to sign up for a trial?)
f98d1546-8ddf-4682-b3f7-50ac128362b4,002,1,"đọc xanh hết câu mà có 79% không chấp nhận được hay soi mới đọc bắn tung vào cả màn hình mà không nhận diện, quá vô tâm. quá mỏi miệng",2023-11-04 08:26:16,Negative,"If you read the entire sentence in blue, 79% of it is unacceptable, or when you just read it, it splashes all over the screen without being recognized, it's too heartless.too tired mouth"
c906915f-09e2-46db-a7e1-f0f56ff3b5f5,002,1,"một trải nghiệm vô cùng tệ với hệ thống chăm sóc khách hàng cùa elsa việt nam. app bị lỗi ko thay đổi trạng thái sau khi thanh toán với tài khoản guest, dẫn đến người dùng ko nắm được thông tin để hủy gói cước. nội dung học nhàm chán.",2023-10-25 04:20:59,Negative,"An extremely bad experience with Elsa Vietnam's customer care system.The app has an error that does not change the status after paying with a guest account, leading to users not having the information to cancel the package.Learning content is boring."
774bd414-e049-4d81-9022-fd3ea970eaf6,002,1,"app đọc một đằng rồi chỉ người khác đọc một nẻo, đọc theo app thì kêu sai, đọc khùng điên thì nói đúng. cho từ điển cambridge với oxford đọc thì kêu 50 60% giống người bản xứ, hai từ điển kia chưa đủ trình hay gì?",2023-10-22 15:19:04,Negative,"The app reads one way and then tells the other person to read it another way. If you read according to the app, it says it's wrong, if you read it crazy, it says it's right.When reading the Cambridge and Oxford dictionaries, they read 50 60% like native speakers, are the other two dictionaries not good enough or what?"
08990bea-0523-4a82-ae3c-db3828844fee,002,1,app như đầu tomi xiaomi app chx chắc đã đúng đâu tôi cho gg dịch nó đọc á được có 55% cơ tôi khuyên tốt nhất mn nên tải monkey journey nhé,2023-10-15 05:20:22,Negative,"the app is like the first tomi xiaomi app chx is probably right I'll let you translate it, it's 55% readable but my best advice is to download monkey journey"
81cb5702-26c4-4db7-ae11-06c2f28f9524,002,1,"mặc dù đã mua tài khoản elsa pro tuy nhiên các bài học không được cập nhật thường xuyên, hầu hết là những bài học cũ. nhất là tính năng coaching cá nhân hoá, hôm nào học cũng thấy hiện y đúc bài đã học, rất là chán. elsa còn tắt tính năng reset lại tiến độ học tập với lý do để hoàn thiện tính năng (tắt cũng đã lâu nhưng bây giờ tính năng đó vẫn chưa được bật lại) nên mình không reset lại từ đầu được, tiến thoái lưỡng nan. elsa bây giờ chỉ tập trung bán khóa học kèm theo, rất mất uy tín.",2023-10-13 16:44:21,Negative,"Even though I bought an Elsa pro account, the lessons are not updated regularly, most of them are old lessons.Especially the personalized coaching feature, every day I study I see the same lesson I learned, which is very boring.Elsa also turned off the reset learning progress feature for the reason of perfecting the feature (it was turned off a long time ago but the feature has not been turned back on yet), so I can't reset it from the beginning, which is a dilemma.Elsa now only focuses on selling accompanying courses, which is very discredited."
2e4d9046-4f6b-4446-a72e-a0bafcf3da49,002,1,"mh mua gói pro 365k/quý, đã bị trừ tiền và đc thông báo mua thành công nhưng trên tài khoản elsa speak vẫn là tài khoản free, không update lên tk pro.mong nhận được hỗ trợ từ app",2023-10-08 12:51:36,Negative,"I bought the pro package 365k/quarter, the money was deducted and was informed that the purchase was successful, but my Elsa Speak account is still a free account, not updated to pro account. Looking forward to receiving support from the app."
919b3171-6eef-425a-a477-af46a3cdc417,002,1,app có cải thiện học tiếng anh nhưng thế nào mà mình đã bỏ tiền mua app rồi mà hở tí là quảng cáo là sao. đang học mà cuối mỗi bài lại 1 cái quảng cáo. một ngày học 10 bài là 10 cái quảng cáo. đã vậy thì đừng có thu phí.,2023-10-07 13:33:05,Negative,"The app does improve English learning, but why did I already spend money to buy the app and there are ads?While studying, there is an advertisement at the end of each lesson.Studying 10 lessons a day means 10 ads.If that's the case then don't charge a fee."
1311723d-b4b5-4683-b1f1-71ed4e01e6a3,002,1,"app cùi, ux kém. thu âm giọng nói kém. quảng cáo ai nhưng thực ra không phải, phương pháp chả có gì ngoài đọc đi đọc lại.",2023-09-12 17:19:33,Negative,"Dirty app, poor ux.poor voice recording.advertising someone but actually it's not, the method is nothing but reading and re-reading."
1cd11fc4-4f22-424a-99ba-d733ba5a1712,002,1,"mình muốn chửi thề với app này quá mình mua gói 1 năm, tính đến tháng 2/2024 mới hết hạn dùng. bình thường mình truy cập vào mục ""nhận chứng chỉ"" để ôn ielts band 6-9 là hông có thu phí nữa. bây giờ vừa cập nhật lại app thì ở mục này lại bị khóa, bắt buộc mình mua thêm khóa học mới được mở cho học. sao làm ăn kì cục dị",2023-08-23 05:20:07,Negative,"I want to swear at this app so much. I bought a 1-year package, which expires in February 2024.Normally, when I access the ""get certificate"" section to review ielts band 6-9, there is no charge anymore.Now, as soon as I update the app, this section is locked again, forcing me to buy another course to open it for learning.why do business so strangely?"
185a492d-9a5c-42f4-8b6c-8afe8b9c246c,002,2,mình đã mua nhưng ứng dụng load rất lâu mình rất khó chịu. mong nhà sản xuất cải thiện lại chứ mỗi lần muốn vào là đang tải và phải đợi mới học được,2023-08-19 08:47:00,Negative,"I bought it but the app takes a long time to load, which is very annoying.I hope the manufacturer improves it, but every time I want to log in, it's loading and I have to wait to learn"
90712eea-72b1-4f2f-86fe-770faf0e9a55,002,1,"tự động trừ tiền của khách, trong khi không hề đồng ý mua gói. mất 1.2tr vô duyên, nghĩ mà tức do liên kết momo đó mọi người. cẩn thận với app này",2023-08-15 16:26:39,Negative,"Automatically deduct money from customers, without even agreeing to buy the package.Lost 1.2 million for nothing, thinking about it is because of the momo link, everyone.Be careful with this app"
756500e4-8109-4066-8bb1-12e2102262b9,002,1,"t học nhiều chữ xanh câu đúng thì cộng đc tí % , mà t sai một âm tiết trừ hết % luôn ?? sao mà hãm quá bậy elsa??",2023-08-12 14:39:28,Negative,"If I learn a lot of blue letters, if I get it right, I will add a little %, but if I get one syllable wrong, all % will be subtracted??Why are you so rude Elsa??"
9d52d2ed-805e-467b-b155-f13b74773f7f,002,1,"app tệ quá đáng lẽ để người thật nhận giọng còn được hơn, giọng đọc ko rõ từ như người thật. nhất cái phần thu âm giọng đọc rõ lớn tiếng mà báo không nghe hoài (phải la làng sao?), có cảm giác như đọc đúng mà cứ báo sai hoài, nghe cho rõ vào chứ trời ,nạp tiền kiểu này phí mất",2023-07-18 00:52:08,Negative,"The app is so bad, it would be better to let a real person recognize the voice, the voice doesn't read words clearly like a real person.especially the recording of the voice reading clearly and loudly but the newspaper never listens (do I have to yell at the village?), it feels like the reading is correct but the alarm keeps getting wrong, please listen clearly, it's a waste of money to top up like this"
3af800f5-88ed-4184-a947-d33e8e2dc093,002,1,"phiên bản lỗi quá, mục ""cải thiện phát âm"" không lưu được dữ liệu đã học cho tài khoản pro của tôi, khi tôi học vượt nhiều days trong 1 lần học thì ngày hôm sau quay lại mất hết ko được lưu, quá thất vọng vì toàn phải học lại để mở lại days đó nữa. 1*",2023-07-12 11:17:38,Negative,"The version is so buggy, the ""improve pronunciation"" section doesn't save the learned data to my pro account. When I study more than a few days in one session, the next day it all comes back and it's all gone, it's not saved, I'm so disappointed because I have to re-study to open that day again.1*"
01d43a18-b235-448c-ae80-18ae9df2953e,002,1,s dô phần cụm từ vựng của tôi nó cứ báo lỗi mạng trong khi đó vào các phần khác đều oke và mạng chạy rất bình thường trên các ứng dụng khác. mong được khắc phục lỗi này.,2023-07-05 15:13:18,Negative,In my vocabulary section it keeps reporting a network error while other sections are ok and the network runs normally on other applications.Hope this error is fixed.
3e44f347-21cb-4978-b593-1e2dcc18e08d,002,1,"after using only 1 day amongs 7 days free trial, i had uninstalled this app, but i don't know why it still take my money for using 1 year. i had contacted google play for refund, but they say that this purchase (without my knowledge) don't meet with their policy. i need you to know that i didn't purchase this app and i want to be refund. my sincerely,",2023-07-02 08:55:49,Negative,"after using only 1 day amongs 7 days free trial, i had uninstalled this app, but i don't know why it still takes my money for using 1 year.i had contacted google play for refund, but they said that this purchase (without my knowledge) don't meet with their policy.i need you to know that i didn't purchase this app and i want to be refunded.my sincere,"
10c969a3-be21-445e-ba39-02a52e29346c,002,2,"thứ nhất, app cứ loading "" kiểm tra cập nhật"" liên tục, trong khi không có bất cứ bản cập nhật nào trên store?? đã vậy cứ loading mãi, không dừng lại? nếu mà đổ thừa do kết nối mạng thì mình vẫn chạy các app khác ầm ầm nhé nên đừng đổ lỗi :) cái thứ 2 là nghe người bên elsa giới thiệu là app theo ngữ điệu anh - mỹ, nên những bạn đã quen theo ngữ điệu anh - anh sẽ khó lòng theo được app này. hi vọng nhà phát triển sẽ có thêm lựa chọn cho những loại ngữ điệu khác, không chỉ ở mức là anh - mỹ",2023-06-25 14:55:15,Negative,"First, the app keeps loading ""checking for updates"" continuously, while there are no updates on the store??So it just keeps loading, doesn't stop?If I blame it on the network connection, I'm still running other apps loudly, so don't blame me :) The second thing is that I heard someone from Elsa introduce that the app is in English - American language, so those of you who are used to English - English language will have a hard time following this app.Hopefully the developer will have more options for other types of accents, not just English - American"
e294dfb7-85f4-48fb-a8a4-98a9ecb8886e,002,1,lỗi ghê thật. load 1 phát âm thôi mà lâu khủng khiếp. nhận diện từng âm do người nói thì bị lẫn âm này âm nọ sai hết trơn,2023-06-24 12:02:57,Negative,What a mistake.Just load 1 pronunciation but it takes so long.Identifying each sound made by the speaker is completely mixed up with this sound and that sound
c80bf7e0-b29d-426a-9d8b-1d88e6f10f97,002,1,tôi đã thanh toán 1 năm học . tuy nhiên khi đăng nhập vào tài khoản của tôi lại là tài khoản miễn phí và các quyền truy cập trong ứng dụng của tôi bị giới hạn !,2023-06-19 08:10:14,Negative,"I have paid for 1 school year.However, when I log in, my account is a free account and my app access rights are limited!"
1391316d-cbc5-44b3-8a9b-96c0b6be9c50,002,1,"i highly do not recommend this app, the evaluation mechanism is very stupid, bad ui/ux make me frustrated a lot. if you want to improve your english, go out and talk with people out there, not with the app.",2023-06-10 16:35:02,Negative,"i highly do not recommend this app, the evaluation mechanism is very stupid, bad ui/ux makes me frustrated a lot.if you want to improve your English, go out and talk to people out there, not with the app."
daf37556-9d2f-4e3b-8fde-bf542d234702,002,2,"mình hơi thất vọng khi mới xài thử app. app dạy mình nói như một con bot. mặc dù có làm bài test rồi nhưng app generate lesson cơ bản quá, làm từ đầu thấy hơi sốt ruột. trải nghiệm app rườm rà.",2023-06-02 15:47:36,Negative,"I was a bit disappointed when I first tried the app.The app teaches me to speak like a bot.Even though I've done the test, the generate lesson app is too basic, making it a bit impatient to start from scratch.cumbersome app experience."
5d2a4f31-5f8e-4cdb-86c0-711d040426ea,002,1,"nói thật không xứng đáng được 01 sao nào luôn, lừa ng ta nạp tiền rồi vào thì đơ với lag, ko thể nào dùng được luôn",2023-05-23 14:43:13,Negative,"Honestly, I don't deserve 1 star. I tricked people into depositing money and then logging in, it was freezing and lagging, I couldn't use it at all."
d072117d-78c1-42f9-aae0-6e38ef9924f7,002,1,"gặp vấn đề lúc đăng nhập, lúc nhập mật khẩu xong thì có nick nhưng không xác nhận mật khẩu, khi bấm quên thì lại nói là nick không tồn tại. liên kết facebook từ năm ngoái đến bây giờ vẫn chưa sửa",2023-05-23 14:42:17,Negative,"Having trouble logging in, when entering the password, the nick is there but the password is not confirmed. When I press forget, it says the nick doesn't exist.Facebook link from last year until now has not been fixed"
742d84c7-0670-4cdd-8c0e-93445bff1914,002,1,"rất là lag, mất thời gian thực sự ấy :)))) tồi thực sự luôn ấy, thay vì dành ra 30' có thể học xong thì giờ mất x3 thời gian vì load quá lâu. ai rảnh ngồi chờ hả? đã phát hành thu tiền của người dùng thì làm ăn cho hẳn hoi chứ ? âm điểm, mua 1 năm thôi cũng thấy quá phí tiền :)))",2023-05-17 11:10:10,Negative,"It's very laggy, it really takes time :)))) It's really bad, instead of spending 30 minutes to finish learning, it now takes x3 time because the load takes too long.Who has time to sit and wait?If it's released and collects money from users, is it doing well?Negative points, just buying for 1 year feels like a waste of money :)))"
4d63c375-f9ec-4eef-bdec-d67172fcdc73,002,2,khá tệ thì đồng bộ giữa 2 thiết bị. mình học hết 1 bài bên iphone mấy tiếng sau mở bên android thấy vẫn chưa học bài đó,2023-05-07 10:06:19,Negative,"Pretty bad sync between two devices.I finished a lesson on my iPhone and a few hours later when I opened it on my Android, I still hadn't learned that lesson"
7e926829-bd95-4b52-a2a5-dada1091d016,002,2,app càng ngày càng nặng. lần nào mở lên cũng hiển thị tải cập nhật rất lâu mặc dù mở 2 lần liên tiếp cách nhau vài phút. cảm giác như nhồi nhét quá nhiều function vào app làm performance của app càng ngày càng kém.,2023-04-28 08:44:04,Negative,"The app is getting heavier and heavier.Every time I open it, it shows the update download taking a long time even though I opened it twice in a row a few minutes apart.It feels like cramming too many functions into the app, making the app's performance worse and worse."
0c26f9f3-3908-4847-871e-249f13988c0a,002,1,"lộ trình recommended có thời lượng không ổn định, hôm quá lâu hôm lại rất ngắn. phần intonation trong recommended chỉ có vài bài lập lại, trong khi trong master intonation có rất nhều bài tập.",2023-04-26 17:02:38,Negative,"The recommended route has an unstable duration, some days are too long and some days are very short.The intonation section in recommended only has a few repetitions, while in master intonation there are many exercises."
29bd10ae-44c4-4786-8ead-3048de7b9265,002,1,"elsa issues some promoution for unlimited account in january. i paid for getting upgrade to unlimited account. after a several of months (the begining of march), elsa eliminated my best favorite course: beat the ielts course (it was free and that is my reason i upgrade). and i got the answer for my feedback was that i need to pay for it more to get that feature. like a trap.",2023-03-16 15:56:37,Negative,"elsa issues some promotion for unlimited account in january.i paid for getting upgrade to unlimited account.after a few of months (the beginning of march), elsa eliminated my best favorite course: beat the ielts course (it was free and that is my reason i upgraded).and i got the answer for my feedback was that i need to pay for it more to get that feature.like a trap."
2263721a-a4e6-4f85-a199-4b70fbad0276,002,1,mua tài khoản mà bị lỗi tùm lum.mua đc 3 hôm rồi vẫn không giải quyết được và giải quyết quá chậm. vô học thì không đc.quá thất vọng,2023-03-16 13:39:31,Negative,"I bought an account but it's full of errors. I bought it 3 days ago and still can't solve it and it's too slow.If you're uneducated, you can't be too disappointed"
7700f84f-558d-40e8-ba70-256f76bb7ec0,002,1,"rất ít khi đánh giá nhưng thực sự ức chế nên mới phải đánh giá thế này. ban đầu ứng dụng có sẵn bộ lộ trình học ielts với 3 phần, mình thấy ổn áp nên mới mua. mà giờ cập nhật xong rồi thêm mấy cái khoá mới ít bài hơn, mà mất thêm tiền mua xong xoá luôn cái khoá cũ. thực sự hối hận vì đã bỏ tiền ra mua. không có tâm, hút máu là giỏi. chưa kể đến việc các hướng dẫn không có phụ đề tiếng việt, mình là học được nên hiểu chứ mấy bạn mà mất gốc muốn học trên ứng dụng này chắc phí tiền!",2023-03-08 21:34:37,Negative,"I rarely rate but I'm really frustrated so I have to rate like this.Initially, the application had a set of ielts learning roadmaps with 3 parts, I found it stable so I bought it.But now that I've updated it, I've added a few new keys with fewer posts, but it cost me more money to buy and delete the old key.Really regret spending money to buy it.If you don't have a heart, you'll be good at sucking blood.Not to mention that the instructions don't have Vietnamese subtitles, I can learn it so I understand, but those who have lost their roots and want to learn on this app will probably be wasting their money!"
c22ca7dc-0c6c-49f7-82d2-6c49b5bad142,002,1,"app quá chậm, cứ hiện kiểm tra cập nhật, app nghe nhầm khi không đúng, đọc y ran mấy lần mà lần kia đúng lần này sai.",2023-02-07 13:08:02,Negative,"The app is too slow, it keeps checking for updates, the app mishears things when it's not right, reads the same thing several times but one time it's right and the other time it's wrong."
b9a4b0d0-8965-4c8e-8504-603e3e635029,002,1,elsa đang bị lỗi hiện thị bộ bài học. vì bộ bài học mình có từ vựng mà mở lên thì trống trơn. xóa app tải lại vẫn bị,2023-02-02 12:49:30,Negative,"Elsa is having trouble displaying lesson sets.Because when I open the lesson set with vocabulary, it's empty.Deleting the app and redownloading it still happens"
ce1674e3-c1d4-47ea-989b-71052733a72d,002,1,"i stress the word ""position"" and then it didn't recognize my voice and it is impossible to get the score.i am do not sacfires the app.i am very sad.",2023-01-28 13:21:16,Negative,"i stressed the word ""position"" and then it didn't recognize my voice and it is impossible to get the score.i am do not sacfires the app.i am very sad."
98003513-11ba-48be-843e-16c1003e111c,002,1,"ứng dụng vớ vẩn nhất, thủ tục thanh toán như kiểu ăn cướp ( không rõ ràng, vô tình chạm vào mục tính phí là mấy hôm sau thẻ visa đi ngay hơn triệu). mà nội dung bài học thì không ra cái gì, khó sử dụng.",2023-01-28 04:08:59,Negative,"The most ridiculous application, the payment procedure is like robbery (not clear, accidentally touching the payment section and a few days later the visa card will be gone for more than a million).but the lesson content is useless and difficult to use."
2b9115e3-d0aa-4df0-871f-f5609747c161,002,1,hạn chế nhiều thứ quá. nói chung là bắt đóng tiền đi rồi cho dô ứng dụng chặn vậy làm gì. giờ đầy ứng dụng free kìa,2023-01-08 14:25:53,Negative,"Limit too many things.In general, you have to pay money and then let the app block it, so what's the point?It's full of free apps now"
d2abba1f-b0d3-4a05-885d-d054e9a68dd3,002,1,"thái độ của nhân viên tư vấn cực kỳ tồi tệ, chưa từng gặp ai như vậy, hỏi vặn lại người khác. mình có voucher khuyến mãi của tài khoản vip của elsa trên momo sắp hết hạn, ấn vào sử dụng thì nó tự động đăng ký khoá học. nhân viên tư vấn sáng nay hỏi mình em chưa có nhu cầu thì đăng ký làm gì, khi nào có nhu cầu hả đăng ký ha.",2022-12-31 07:16:14,Negative,"The counselor's attitude was extremely bad, I had never met anyone like that, asking questions to others.I have a promotional voucher for Elsa's vip account on momo that is about to expire. When I click to use it, it will automatically register for the course.This morning the consultant asked me, if I don't have a need yet, why should I register? When do I need to register?"
61ea24d6-5ead-4277-9c12-50d6a856b5a8,002,1,bên support bên elsa sẽ off vào ngày 31/1 đến ngày 3/1 nên các bạn bị lỗi bất cứ điều gì cũng khó hỗ trợ được. mình bị lỗi thanh toán cứ phải chở. tưởng lễ rảnh học một xíu nhưng bị lỗi cứ phải chờ.,2022-12-30 20:10:24,Negative,"Elsa's support side will be closed from January 31 to January 3, so if you have any errors, it will be difficult to support.I had a payment error so I had to ship it.I thought the holiday would be free to study for a bit, but I got an error and had to wait."
eb9e8516-af70-4091-ae6d-e85583b3aecc,002,1,"ghét nhất là hay bị out nhá:))),mỗi là dùng là out cả chục lần,điên hết cả người, chừng nào khắc phục đc thì quay lại đânh gia 5sao",2022-12-26 14:35:04,Negative,"The thing I hate the most is that it often gets logged out :))), every time I use it, it gets logged out dozens of times, it's crazy, when I can fix it, I'll come back and rate it 5 stars."
525fd2d1-35b0-4966-8bea-923adac11612,002,2,"hỗ trợ người dùng mới chậm chạp. mình mới đăng ký dùng thử 7 ngày qua thẻ visa, nhưng mò mãi không ra cách xóa chức năng tự động thanh toán khi hết hạn 7 ngày. mình gửi email rồi mà chưa nhận được phản hồi. chat với nhân viên elsa việt nam thì hỏi 1 câu, chờ 20-30ph không thấy trả lời tiếp nữa.",2022-12-05 05:53:57,Negative,"New user support is slow.I just signed up for a 7-day trial via visa card, but I can't figure out how to remove the automatic payment function when the 7 days expire.I sent an email but haven't received a response yet.Chat with Elsa Vietnam staff and ask a question, wait 20-30 minutes and no more reply."
8abe3801-a4d4-44f7-976e-40e8ee7789e9,002,1,app không hỏi người lại người dùng về vấn đề gia hạn . mình vừa bị app trừ tiên xong hủy gói đồng nghĩa với việc vừa mất tiền rồi app khoá luôn toàn bộ chủ đề ?,2022-12-04 13:37:38,Negative,"The app does not ask users about renewal issues.I just had my money deducted from the app and canceled the package, which means I just lost money and the app locked the entire topic?"
0b43ed3d-7a45-4d78-a567-f28a0949a0f6,002,2,có thể tạo mã code để trả tiền mua tài khoản ko như z sẽ làm đơn giản hơn mua như hiện tại rất khó,2022-12-01 17:44:23,Negative,Can you create a code to pay for an account like z? It will make it simpler to buy like it is currently very difficult
4c49294c-f8ac-4605-9f8f-9dfd2e36ec61,002,1,không hài lòng chính sách auto gia hạn gói cước 1 năm trong khi khách đã thanh toán gói 3 tháng. kh làm tra soát ngân hàng dẫn đến tài khoản google app bị đóng băng. thật phiền toái,2022-11-23 14:03:04,Negative,"Unsatisfied with the policy of automatically renewing the 1-year package while the customer has already paid for the 3-month package.When doing a bank check, your Google app account is frozen.what a nuisance"
bea4210a-8fab-4252-867f-10e18d9ecd52,002,1,"mình thanh toán bằng thẻ visa qua app bằng đúng email đăng ký. chỉ là khi đó chưa đăng nhập trên app. nhưng mãi ko kích hoạt được tài khoản pro. liên hệ qua fanpage thì hỗ trợ ko đến nơi. cảm thấy cực kỳ thất vọng. số tiền hơn 300k ko lớn nhưng cảm thấy rất bực mình. review 1 sao, xoá app",2022-11-23 02:52:14,Negative,"I pay by visa card through the app using the correct registered email.It's just that I wasn't logged in on the app at that time.But I still can't activate my pro account.When contacting via fanpage, support does not arrive.feel extremely disappointed.The amount of more than 300k is not large but I feel very annoyed.1 star review, delete app"
09299649-b8bc-4279-8b79-709e1b4633fa,002,1,"tệ, ứng dụng tự động gia hạn gói khi không có sự đồng ý. mặc dù tôi đã hủy gói nhưng vẫn không nhận được tiền hoàn, mất oan 1 triệu đồng. quá tệ",2022-11-22 12:45:01,Negative,"Unfortunately, the application automatically renews the package without consent.Even though I canceled the package, I still did not receive a refund, unfairly losing 1 million VND.too bad"
bded1248-bc84-423b-b39c-053a006d3ef6,002,1,trải nghiệm học từ vựng quá tệ! nghĩa k sát. mặc dù đã đăng ký pro nhưng vào trong lại phải trả phí cho bài học nâng cao,2022-11-21 14:29:59,Negative,"Vocabulary learning experience is so bad!close meaning.Even though I signed up for pro, I had to pay for advanced lessons"
c0490e06-bd7f-41dc-b2c4-896a507ca73c,002,2,"k hiểu s áp tải rất lâu có những lúc mở app k được luôn, cứ đang cập nhật r loading ""kiểm tra cập nhật"" quoài luôn, sau đó là ""tải chi tiết thất bại, xin thử lại"". bỏ tiền ra đk gói năm r, nhưng k mở nổi app để học. mong nhà sx coi lại performent của app.",2022-11-06 08:43:12,Negative,"I don't understand, it takes a long time to download, there are times when I can't even open the app, it keeps updating and loading ""checking for updates"" all the time, then ""loading details failed, please try again"".I spent money to sign up for the yearly package, but I couldn't open the app to learn.I hope the manufacturer will review the performance of the app."
e3f36498-915f-4930-a544-8c43124efe87,002,1,lag vcl rõ ràng mua bản prenium mà đọc muốn lòi bản họng mất 1 tiếng xong nó cho mình mấy chục phút cay vcl,2022-10-23 14:23:08,Negative,lag vcl obviously bought the prenium version but reading it took me an hour to read and then it gave me dozens of minutes of spicy vcl
d913a240-2a24-41f9-b4ea-39520df8eb8b,002,1,đcm t đọc muốn lòi bản họng gần 1 tiếng mấy chục bài của t mà sao trong kia chỉ có mười mấy phút luyện tập🙃,2022-10-23 14:08:49,Negative,"Damn, I've been reading for almost an hour, dozens of my songs, but how come there's only a dozen minutes of practice in there🙃"
6f3363a1-b739-4955-96ec-932ecb870302,002,1,không nên dùng app này nếu bạn chưa thật sự cứng. cách chấm điểm của app sẽ gây ức chế cho bạn và khiến bạn đọc lố hơn bình thường để đạt yêu cầu của app. học trong này xong ra ngoài nói xàm hơn trước khi học.,2022-10-01 12:34:52,Negative,"You should not use this app if you are not really strong.The app's scoring method will frustrate you and cause you to read more than usual to meet the app's requirements.After studying here, I go out and talk more nonsense than before studying."
53034a7d-d2fe-433f-aa79-50fe42161e17,002,1,"vừa vừa phải phải thôi chứ. muốn chửi thề luôn, ngày cả chục cái thông báo nhắc thanh toán, trong khi đây ko có nợ nần gì ai. có họ đã lấy tài khoản khác để đang kí học rồi. ăn ngày 3 bữa thanh toán, thanh toán. khùng hay gì. t chưa mua khóa học, t nghỉ mua - gỡ ứng dụng luôn chứ ở đó thông báo thanh toán 🤬🤬🤬🤬 xóa tài khoản thì ko cho, bộ người khác nợ mấy người à 🤬🤬🤬🤬",2022-09-19 11:57:02,Negative,"Just right, just right.I want to swear, there are dozens of payment reminders every day, while I don't owe anyone anything.Some people have already used another account to register for classes.Eat 3 meals a day, pay.crazy or something.I haven't bought the course yet, I stopped buying it - uninstalled the app, but there is a payment notification 🤬🤬🤬🤬 I won't let you delete my account, do other people owe you money 🤬🤬🤬🤬"
2efc29e4-3f28-44ec-a891-a9ad03f4c3e4,002,1,"trước từng tải nhưng ko biết lí do vì sao lại xóa. giờ tải lại thì hiểu, load lâu kinh khủng luôn. để tính được điểm 1 bài mà phải load tận 3 phút. tải file nghe thì cũng lâu chỉ hơn không kém.",2022-09-12 07:11:23,Negative,"I downloaded it before but don't know why I deleted it.Now I understand when I reload, it takes so long to load.To calculate the score of an article, it takes 3 minutes to load.Downloading the audio file takes longer, no less."
ca7d4564-d951-4f37-b108-81e244e26a61,002,1,"dù app hay nhưng phát âm đúng cg ko nhận diện, bực mình cái này dùng phát âm từng từ thì đc chứ cả câu ko tốt cho giao tiếp",2022-08-21 23:57:48,Negative,"Even though the app is good, it doesn't recognize the correct pronunciation. It's frustrating that this app can only be used to pronounce each word, but the whole sentence is not good for communication."
823f5f30-4873-4b32-be87-0b973a02225c,002,1,"nói nhiều lần và nói lớn nhưng vẫn không nghe được. đã vậy bỏ cái âm thanh lúc kết thúc bài đi, nghe bực mình. ai thiết kế cái app kém quá trời",2022-08-20 15:45:31,Negative,"said many times and loudly but still could not hear.Also, remove the sound at the end of the song, it sounds annoying.Whoever designed the app is so poor"
b101af2a-1b99-40cb-ac53-ca15a771d506,002,1,"app ngu si, vào học phát âm đã chữa biết phát âm thì nó đã bắt đocn bao nhiêu câu dài loằng ngoằng chả. chả hiểu cách dayn như nào. học mà như đánh đố. bực cả mình",2022-08-12 16:21:19,Negative,"Stupid app, if you learn how to pronounce and learn how to pronounce, it will have to read a lot of long sentences.I don't understand how to do it.Learning is like a puzzle.annoyed with myself"
fbdeff3b-d33d-44f4-a567-90ffd46d4a7a,002,1,"tuy nó rất hay nhưng mà nó tính phí mất quá,ko phải mình ko có tiền nhưng mình đề nghị nhà sản xuất nên giảm giá học phí lại để những người n3ghèo cũng học.vừa học phí trường học ,đủ thứ tiền nữa cộng thêm kinh tế đang khó khăn nữa vậy là đang làm khó quý phụ huynh rồi.tui thấy tui cho một sao là đúng🤬👎👎👎👎👎👎👎👎👎👎👎👎👎👎👎👎👎👎👎👎👎👎👎",2022-08-10 13:12:11,Negative,"Although it's very good, it costs too much. It's not that I don't have money, but I suggest that the manufacturer reduce the tuition price so that poor people can learn. With school tuition, all kinds of money, plus a difficult economic situation, it's making it difficult for parents. I think I gave it one star.right🤬👎👎👎👎👎👎👎👎👎👎👎👎👎👎👎👎👎👎👎👎👎👎👎"
6b429133-5ec5-4c3f-b18e-df80451fdf73,002,1,mình dính trường hợp đọc khô cả họng mà vẫn 1 sao không những thế app thường xuyên báo không nhận giạng được giọng nói mong ad mau fix lỗi này,2022-08-06 05:11:08,Negative,"I had a case where my throat was dry while reading but I still got 1 star. Not only that, the app often said it couldn't recognize the voice. I hope admin will fix this error quickly."
001f40f2-6170-434f-b00e-d71e4d13466b,002,2,"app không thu âm được, học cũng như không, kiểm tra kết nối, điện thoại không vấn đề gì mà mỗi lần lên app này bị lỗi load chậm, không nhận dạng âm",2022-08-06 04:44:46,Negative,"The app can't record audio, it doesn't work either, check the connection, there's no problem with the phone, but every time I go to the app, it loads slowly and doesn't recognize sounds."
9d2a7987-3982-40fe-981d-df371707bf1c,002,1,"app mới tải về lag vô cùng, mỗi bước và thao tác app load hơn 1 phút mất thời gian và khó chịu thật sự",2022-08-04 17:47:52,Negative,"The newly downloaded app is extremely laggy, each step and operation of the app loading takes more than 1 minute, taking time and is really annoying"
bc1a4a87-a9d1-4547-a012-a5d76f3005dd,002,1,"app rất lag, tải bài rất lâu, ko nhận diện đc giọng, đọc cả chục lần mới đc một lần. xong mỗi bài học bấm sang bàu tiếp thì tải lâu thôi rồi, mấy phút liền. xong học lại ko nhận giọng, cứ yêu cầu nói lại. cứ như vậy lặp lại, rất khó chịu. phí tiền",2022-07-27 13:51:54,Negative,"The app is very laggy, the article takes a long time to load, the voice cannot be recognized, I read it dozens of times before reading it once.After each lesson, when I click on the next lesson, it takes a long time to load, several minutes straight.After studying again, I couldn't recognize my voice, so I kept asking to say it again.It's so annoying over and over again.waste of money"
ee011185-9bbf-4e25-99f8-7fc0e40edfe8,002,1,không nhận được giọng nói khi đọc từ cookbooks. tính năng phản hồi khi click vào không thông báo hay gì lỗi từ thì phải có nút bỏ qua cho học tiếp chứ. lỗi xong không làm gì được luôn.,2022-07-05 16:47:13,Negative,"Can't hear voice when reading from cookbooks.The feedback feature when clicked on doesn't give any notification or word errors, there should be a skip button to continue learning.After the error, I can't do anything."
cd73f1ad-e539-4996-91e5-2054430633b3,002,1,tôi đã được hạng nhất mà nó cho tôi quay lại bài cũ của tôi và bắt học lại từ đầu nó tốt nhưng lại bắt học lại từ đầu thì ko tốt chút nào cả,2022-06-30 12:26:01,Negative,"I got first place and it let me go back to my old lesson and start studying it again from the beginning. It was good, but having to study it again from the beginning is not good at all."
6d6cc4a5-8542-4979-961a-943f64d4f7af,002,2,thật chán nản cái lúc mà tôi đọc thì nhấn đủ âm đàng hoàng nhưng nó nói tôi lại thiếu âm còn tôi đọc đúng hết thì nó nói tôi ko được nên tôi cho 2 sao thôi,2022-06-07 10:33:06,Negative,"It's so frustrating when I read and stress all the sounds properly but they say I lack the sounds and when I read everything correctly they say I can't, so I only give 2 stars."
7f423265-6156-4973-a49f-390eb333afa9,002,2,ứng dụng bị giới hạn bài học tất cả mỗi ngày học đc 5 bài k thể tiếp thu nhiều trong các phần bị giới hạn rất khó chịu mong có thể cho 1 ngày học đc nhiều hơn ạ,2022-06-05 04:11:57,Negative,The app is limited to 5 lessons per day. I can't absorb much in the limited sections. It's very annoying. I hope I can learn more in one day.
9a14b445-ea69-4a6c-8b79-02780d40ac13,002,2,tự dưng mình là người việt mà nó bắt mình nói như người bản xứ.đọc sai thì nó chỉ gì khó hiểu lắm. cho 2 sao thì hợp lý hơn.,2022-06-01 12:11:18,Negative,"Suddenly I'm Vietnamese and they ask me to speak like a native. If I misread it, it's very difficult to understand.Giving 2 stars is more reasonable."
103900e2-2715-487d-a674-0aa75af599cb,002,2,lúc đầu tưởng hay ho thế nào cơ đọc thì đúng kêu sai tui còn ghi âm rồi cho đọc phát lại còn kêu giống 35% bịp,2022-06-01 02:56:45,Negative,"At first I thought it would be interesting, but when I read it, it sounded like it was wrong. I recorded it and played it back, but it sounded like a 35% hoax."
73dd3b5d-bcc8-41a5-9e70-45186f1bc1b6,002,1,số bài học miễn phí quá ít cần có nhiệm vụ cho những người khó khăn siêng học để có thể tiếp cận hơn với nhiều bài học.,2022-05-14 10:53:42,Negative,"The number of free lessons is too small, so there is a need for difficult people to study diligently to be able to access more lessons."
f548c217-3ac3-479e-a4f6-7ec09f955c94,002,2,"app càng ngày càng lag. lúc trước khi cập nhật mấy cái animation, dùng nó còn đỡ, sau update thêm 1 mớ gì đó làm cái app lag lòi ra. lỡ học rồi nên mới tiếp cho xong cái dự định, chứ không thì cũng dừng.",2022-05-05 01:47:50,Negative,"The app is getting more and more laggy.Before updating the animations, using it helped, but after updating a bunch of things, the app became laggy.I missed my studies so I continued with my plan, otherwise I stopped."
8882afc9-ffbe-4c3c-9f12-9f7666f7e4b4,002,2,mình từng rất thích sửa dụng elsa nhưng 3-4 ngày gần đây tải phát âm và phản hồi kết quả của app rất tệ dù trước đó mọi thứ vẫn oke. mình có gửi mail thông báo về khó chịu mình gặp thì nhận phản hồi là do nhà mạng và nên đổi nhà mạng đi. ủa alo? mình đổi app nhé ạ. thân.,2022-04-27 12:21:07,Negative,"I used to really like using Elsa, but in the last 3-4 days, the app's pronunciation and feedback have been very bad even though everything was fine before.I sent an email informing me about the discomfort I was experiencing and received a response that it was due to the network operator and that I should change the network provider.Hello?Let's change the app.close."
97e16503-9a11-47dc-aa7e-e58511bc14e3,002,2,"tại sao không có mục tìm kiếm nhỉ? chả lẽ bổ sung chức năng tìm kiếm vào khó vậy sao, hay mình tìm không ra??? 26/4/2022 , trải qua bao lần update vẫn không bổ sung nổi chức năng search trong app ;)) hài",2022-04-25 22:40:21,Negative,"Why isn't there a search section?Is it that difficult to add a search function, or can't I find it???April 26, 2022, after many updates, I still can't add the search function in the app ;)) funny"
c7810291-6730-4116-ae32-040f747601cf,002,1,"cứ bận không vào một thời gian là tự đăng xuất. đăng nhập vào thì toàn mất hết lộ trình, kĩ năng đều trở về n/a. nói chung là cực kì khó chịu",2022-04-23 11:17:04,Negative,"If you're busy and don't log in for a while, you'll log out.When I log in, all my routes are lost and my skills return n/a.Overall, extremely annoying"
5c72c318-973a-4dda-bd29-b1b04eaea6aa,002,1,ủa app bị hack hay gì mà chỉ có mình tôi trong bảng xếp hạng được hạng1 rồi 2 tiếng sau tôi bị tuột xuống 1 lever mong app chỉnh lại,2022-04-11 07:52:11,Negative,"Is the app hacked or something? I'm the only one in the rankings and ranked 1st, then 2 hours later I dropped down 1 lever. I hope the app will fix it."
592e8c25-3718-43e5-a96b-d2ea34fee68d,002,1,tôi đã từng rất ưng. nhưng nay chả hiểu sao chậm và ko nhân giọng đọc của tôi dù tôi đã mua bản full từ lúc mới ra app. mọi ng nên cân nhắc trước khi mua. cảm giác bây giờ như bị úp sọt,2022-04-09 06:21:33,Negative,I used to like it very much.But now I don't understand why it's slow and doesn't recognize my voice even though I bought the full version when the app first came out.Everyone should consider before buying.Feeling like I'm stuck right now
c14c2e4d-701b-4625-9b0e-61148dcfbc19,002,1,"đã từng rất thích ứng dụng này và mua trọn gói nhưng gần đây đăng nhập vào rất lâu, thời gian chờ đợi tải nội dung học và kết quả thì rất ...rất... lâu. đợi nản không muốn học, mỗi ngày học 15 phút mà đợi hết 10 phút rồi. yêu cầu coi lại!",2022-04-01 09:55:57,Negative,"I used to really like this app and bought the full package, but recently it takes a long time to log in, and the waiting time to download learning content and results is very... very... long.I'm tired of waiting and don't want to study. I study for 15 minutes every day but wait 10 minutes.Request a review!"
f3f37ba2-d8fa-4349-af38-13f25797a5a9,002,2,"app bổ ích, e đăng ký gói pro 1 năm nhưng mỗi khi tra từ riêng lẻ bị lag quá ạ, em học phần ielts lesson 4 app không nhận giọng được, rất khó chịu, trong khi lesson đều nhận giọng được",2022-03-21 15:30:45,Negative,"Useful app, I subscribed to the pro package for 1 year but every time I look up individual words it lags too much. I'm learning Ielts lesson 4 and the app can't recognize the voice, it's very annoying, while the lesson can recognize the voice."
0ff637e7-32e6-42d0-b5b8-b1e100bdbe6e,002,1,"tôi cảm thấy ghét ứng dụng vì bắt người học đóng tiền, làm vậy không phải là giúp họ học giỏi tiếng anh mà làm họ thấy chán app này hơn. mong nhà sản xuất nghĩ lại đi.",2022-03-16 14:40:26,Negative,"I hate the app because it forces learners to pay. That doesn't help them learn English well, but makes them feel more bored with this app.I hope the manufacturer thinks again."
46c04938-8c0a-4f3a-9feb-83402d726241,002,1,"ứng dụng dog ghẻ, đang ru con ngủ quảng cáo trên youtube hú hét lên một cái làm con tôi giật mình khóc. lũ rẻ rách súc zật",2022-03-12 01:39:23,Negative,"scabies dog app, while lulling my baby to sleep, an advertisement on YouTube howled loudly, startling my baby and crying.cheap and ragged people"
4fa40101-a036-4da5-9efa-38738da3f244,002,1,"phần mềm không nhận được giọng nói, mình đã cấp quyền microphone, thử cài lại, test microphone ở các app khác đểu ok, chỉ riêng elsa là không nhận. mình dùng samsung 20 ultra lite",2022-02-27 11:30:40,Negative,"The software does not recognize the voice, I have granted microphone permission, tried reinstalling, tested the microphone in other apps and all are ok, only Elsa does not recognize it.I use samsung 20 ultra lite"
68f07da0-1996-43dc-b504-490d95e0447a,002,1,"ủa đăng nhập thì kêu tài khoản và mật khẩu ko hợp lệ, ấn quên mk r nhập email để xác nhận thì kêu ko tồn tại ấn đki thì kêu tkhoan đã tồn tại vui lòng đăng nhập, đăng nhập thì lại bị như trên tức ói máu",2022-02-07 13:36:32,Negative,"When I try to log in, it says the account and password are invalid, when I press forget password and then enter my email to confirm, it says it doesn't exist. When I press OK, it says tkhoan already exists, please log in. When I try to log in, I get the same error as above, vomiting blood."
af9a3295-60a5-46ba-9cd7-7f7640bf61f0,002,1,"trải nghiệm khá tệ vì bạn cho tôi học ở một cấp độ không phù hợp, nó quá khó để một người mới có thể học được",2022-02-03 15:13:49,Negative,"The experience was quite bad because you taught me at an inappropriate level, it was too difficult for a newbie to learn."
f08d6bbe-e66b-4abb-b60d-35c3ca351194,002,1,"thiếu lý thuyết về các âm ipa tuy có nhưng chưa đủ nhiều có nhiều người muốn học bảnh ipa trước rời mới học phát âm từ vựng nhưng elsa chưa có, thiếu video trực quang cho từ phát âm đó",2022-01-31 06:32:43,Negative,"There is a lack of theory about the ipa sounds, but not enough. Many people want to learn the ipa sounds first before learning to pronounce vocabulary, but Elsa doesn't have it yet. There is a lack of visual videos for those pronunciations."
268b515c-a0c6-4fe1-9b95-25544a74cfb7,002,1,"chương trình quá nhiều lỗi vớ vẫn, tạo bộ bài học thì lúc bị mất chữ, lúc mất luôn bộ bài học rồi sau đó có lại. giờ bị cái lỗi tạo bài học mới không có phiên âm, báo hơn 3 tháng không sửa. cứ bảo sẽ chủ động liên hệ, mà thấy im luôn. đấy là mình đăng ký mua trả phí 1 năm rồi đấy. mua xong giờ ngẫm lại thấy phí tiền dễ sợ. khuyên chân thành bà con sài tính năng miễn phí thì sài, đừng mua. (i edit this review to say that i have contacted, sent the screenshot and videos, but nothing but waiting)",2022-01-27 16:57:54,Negative,"The program has too many stupid errors. When creating a lesson set, words are lost, sometimes the lesson set is lost, and then it gets back.Now I have the error of creating a new lesson without transcription, saying it hasn't been fixed for over 3 months.I keep saying I will proactively contact you, but I keep getting quiet.That's what I signed up to pay for 1 year.After buying it, looking back now, I feel like it was a terrible waste of money.Sincere advice to those who use free features, do not buy.(i edited this review to say that i have contacted, sent the screenshot and videos, but nothing but waiting)"
6bc5c2a7-f5c3-4c65-93aa-586e1aeadbcb,002,1,ap lỗi quá nhiều lúc thì không nhận dạng được từ ngữ lúc thì đứng máy lúc thì người bản xứ đọc cũng sai . mình không hài lòng về ap . không xứng đáng với giá tiền đã bỏ ra,2022-01-22 13:24:03,Negative,"The app has too many errors, sometimes it can't recognize words, sometimes it freezes, sometimes the native speaker reads it wrong.I'm not satisfied with the app.Not worth the price spent"
ab8247da-548f-4ec3-9478-e9c90b64f3fe,002,1,"mong rằng nhà sản xuất sẽ chỉnh lại thời gian lên cho mỗi lần tôi bấm vào 1 nội dung nào đó. bởi vì nó lên lâu cực kì, phải chờ 5 phút 1 lần. khắc phục lại đi tôi sẽ cho 5s",2022-01-15 09:05:09,Negative,"I hope the manufacturer will adjust the time every time I click on a certain content.Because it takes so long to upload, you have to wait every 5 minutes.Please fix it again and I'll give you 5 seconds"
d3a0ce12-bdb6-464b-88d7-4abb9e9aa4c1,002,1,nói 1 từ good morning thôi mà load mãi . lúc nói vớ vẩn lại chấm điểm 90%. nói đúng thì lại 30%. load thì chậm. tốn thời gian,2022-01-14 01:50:19,Negative,"Just say one word good morning and it takes forever to load.When talking nonsense, I scored 90%.To be exact, it's 30%.loading is slow.time consuming"
6b254266-ad56-4b8b-96f1-08b9eb2f78e2,002,2,app quảng cáo thì mạnh nhưng it thì dạo này yếu quá :'( app lỗi liên tục. thiết nghĩ dành tiền chi mạnh cho quảng cáo thì để tiền đó đầu tư vào cần câu của mình thì tốt hơn app's advertisement is extremely strong but in recent it is so bad.,2022-01-11 15:02:43,Negative,The advertising app is strong but lately it's too weak :'( the app crashes constantly. I think it's better to spend money on advertising so that money can be invested in your fishing rod. app's advertisement is extremely strong but in recent times it is so bad.
485940f4-fe05-4c3a-825d-99052b26799c,002,1,rất tệ tại sao tôi đang sài mạng wifi mạng mạnh lắm mà tại sao nó cứ ghi là vui lòng kiểm tra lại mạng 3g mong nhà sản xuất kiểm tra lại,2022-01-08 13:33:48,Negative,"Very bad, why am I using a strong wifi network but why does it keep saying please check the 3g network, I hope the manufacturer can check again"
c26a78c0-b9a9-4943-a1ce-8f28b56bf891,002,1,"ứng dụng tệ hại,luôn luôn gặp lỗi.đặc biệt khi đã nói to hết mức thì cứ báo là không nghe rõ,vui lòng thử lại ?",2022-01-03 09:11:10,Negative,"The app is terrible, always having errors. Especially when I speak as loud as possible, it keeps saying I can't hear clearly, please try again?"
5c23d99e-b5af-4dca-a204-3b06f88cbdf6,002,1,"tôi đã mua bản pro của elsa sử dụng được hơn 4 tháng, bây giờ tài khoản của tôi tự động thoát ra và ko đăng nhập lại được, chọn quên mật khẩu và viết đúng email thì được thông báo là ko tìm thấy tài khoản.",2021-12-25 10:33:02,Negative,"I bought the pro version of Elsa and have been using it for more than 4 months. Now my account automatically logs out and I can't log back in. If I choose forgot password and wrote the correct email, I get a notification that my account is not found."
c103d214-dccd-4ef8-a530-b741af8a4c5c,002,2,ứng dụng rất tệ mọi người xin hãy nói thật đi vì ứng dụng chỉ trả tiền để cho 5 sao . còn về mặt dùng thì ko thể nghe dc giọng đọc cập nhập mất 10 tiếng quá tệ nhưng tôi sẽ đánh 2 sao,2021-11-05 13:52:52,Negative,"The app is very bad, please tell the truth because the app only pays to give 5 stars.As for usage, I can't hear the updated voice, it takes 10 hours, that's too bad, but I'll give it 2 stars."
bc4b91d4-450f-45ae-afd2-a7f34c16478d,002,2,"ứng dụng nên cải thiện phần thu âm, nói cả một câu thường bị thu ngắt đoạn đứt đoạn thậm chí không thu âm đc từ trong câu, nên khi đánh giá phát âm thường không chính xác, làm người luyện cảm thấy cực kỳ ức chế. ví dụ câu i'm pretty sure we'd like to there on thursday, the third. mình đọc rất rõ ràng nhưng khi nghe lại thì là i'm pretty sure we'd li** to ***e on ****day, *** third. mất hẳn mấy từ như thế bảo làm sao mà phát âm đạt có 30-40%???",2021-10-29 16:40:24,Negative,"The application should improve the recording. When speaking an entire sentence, the recording is often interrupted and even the words in the sentence cannot be recorded, so when evaluating the pronunciation, it is often inaccurate, making the practitioner feel extremely inhibited.Example sentence i'm pretty sure we'd like to there on thursday, the third.I read it very clearly but when I heard it again, it was i'm pretty sure we'd li** to ***e on ****day, *** third.Losing a few words like that, how can the pronunciation reach 30-40%???"
f9384030-90cb-46d2-972b-0b59ab534892,002,1,"đang học mà cứ tự động out ra làm mình rất khó chịu, xóa app cài lại thì k vô app được luôn, mong elsa khắc phục.",2021-10-19 12:26:03,Negative,"While I'm studying but it keeps logging out, it makes me very uncomfortable. If I delete the app and reinstall it, I can't access the app. I hope Elsa will fix it."
31c91bc6-7039-4b73-81fd-df5205f777d8,002,1,"muốn đăng ký phiên bản pro hàng tháng nhưng không tài nào thanh toán được. dùng thẻ lẫn momo đều không hỗ trợ, thế thì chịu",2021-10-14 10:25:40,Negative,"I want to subscribe to the pro version every month but can't pay.Neither card nor momo is supported, so I'll give up"
8dfffaa6-49f7-46c7-950c-944f1d2be8b8,002,1,"trải nghiệm làm mình rất thất vọng. nhiều chỗ phát âm chưa được sát sao. ứng dụng đơ load nhiều, rất bất tiện. chưa thực sự làm nổi bật được các kĩ năng",2021-10-13 12:27:35,Negative,"The experience left me very disappointed.Many pronunciations are not accurate.Applications stop loading a lot, very inconvenient.Haven't really highlighted the skills yet"
899baefc-ca0b-413d-a0ec-c5e0b1ac1d05,002,2,"cứ tưởng 1 mình mình gặp lỗi ko nhận diện được phát âm và chờ kết quả lâu do mạng nhưng hoá ra là do app ạ :(( ngồi chờ kết quả mà quay sang ứng dụng khác chơi 1 hồi về vẫn thấy load khiến việc học mất tập trung và dễ sao nhãng. định mua gói 1 năm nhưng thôi, may mà free 7 ngày để thử :(( bye app, bh khắc phục được lỗi thì mình lại gặp nhau sau",2021-09-27 15:17:09,Negative,"I thought I was the only one having the problem of not being able to recognize the pronunciation and waiting for results for a long time due to the network, but it turns out it's due to the app :(( I sat waiting for the results but turned to another app to play for a while and still found it loading, making studying distracting and easy to distract. I was planning on buying a 1 year package but that's it, luckily it's free for 7 days to try :(( bye app, if you fix the error then we'll meet again later"
77d7ed34-4d55-49d9-8da5-9f1d9163ec17,002,1,"tôi thấy quá thất vọng vì điều này elsa ko phải là môn tiếng anh mà chỉ là nói đơn giản mà thôi. còn thiếu rất nhiều thứ trong đó vừa mới tải về đã phải đi tham quan tí đến thế nào nào ngờ đóng phí mới là vip được cơ, mà tôi ghét nhất là đóng phí cơ.",2021-09-21 13:58:31,Negative,I feel so disappointed because this Elsa is not an English subject but just simple speaking.There are still a lot of things missing. I just downloaded it and had to go sightseeing for a while. I didn't expect to pay a fee to get VIP status. The thing I hate the most is paying the fee.
a5c991d5-5b21-4091-85c2-3664c1fb7617,002,1,mình đã mua ứng dụng này trong 1 năm và thấy quá tệ. hệ thống thường xuyên bị treo và chờ phản hồi kết nối 1 quá lâu. thực sự quá thất vọng,2021-09-21 06:08:16,Negative,I bought this app for 1 year and found it terrible.The system often crashes and waits for connection 1 response for too long.really so disappointed
7de813fc-dd62-4285-98cf-bf191754f362,002,1,"giao diện không thân thiện và khó sử dụng. chưa đáp ứng thực tế trong giao tiếp rất ít ai nói chuẩn như 1 cái máy thế này được, và còn tùy tốc độ nghe, tốc độ nói.. bên cạnh đó là else is not free.",2021-09-15 14:19:41,Negative,"The interface is unfriendly and difficult to use.Not meeting the reality of communication, very few people can speak correctly like a machine like this, and it depends on listening speed, speaking speed... besides, else is not free."
7ebc85fc-1159-441d-8c9c-cf855de8d8b9,002,1,"ứng dụng k chỉnh sửa hết các lỗi của bạn , nó chỉ chỉnh cái âm mà nó muốn chỉnh , cái âm mà gạch chân , còn các từ còn lại, bạn muốn ns sao thì ns 🤣 ví dụ : ice c(o)ffee , bạn đọc hot coffee cũng đc miễn là đúng chữ ""c""",2021-09-11 09:26:53,Negative,"The application does not correct all your errors, it only corrects the sound it wants to correct, the underlined sound, and the remaining words, you can edit them however you want 🤣 for example: ice c(o)ffee, you can read hot coffee as long as the letter ""c"" is correct."
874fe00a-fad4-4226-969d-984dda08e786,002,1,"bán gói tài khoản thì 24/24, tổng đài thì làm việc giờ hành chính. tới lúc kua xong ko kích hoạt đc không gọi đc cho ai. làm ăn chán",2021-09-11 02:16:53,Negative,"Selling account packages is available 24/7, the switchboard is open during office hours.By the time it's done, I can't activate it and can't call anyone.business is boring"
a925cbb8-ad6c-4d38-8415-e1f46ca4db26,002,2,tôi chưa muốn mua ưng dụng .. sao ứng dụng tự động gia hạn .. ứng dụng tự động gia hạn 3 tháng hk tốt,2021-09-09 15:58:50,Negative,"I don't want to buy the app yet.. why does the app automatically renew?. the app automatically renews for 3 months, good"
9c242c8c-a031-44c1-9804-9bc66028e763,002,1,"lúc trước mình học ổn lắm, dạo gần đây mắc lỗi, mình đọc xong không nhận dang được , mất rất nhiều thời gian đợi chờ , đọc đi đọc lại",2021-09-03 20:58:34,Negative,"I used to study very well, but recently I made a mistake. After reading it, I couldn't recognize it. I spent a lot of time waiting, reading it over and over again."
3b3a550a-95ed-42d3-997a-17fd7f7ebbd1,002,1,"ko thấy chỗ hủy đăng ký, vào google store click quản lý đăng kí thì ra đăng kí của 1 app khác ko phải elsa, ủa là sao?",2021-09-03 16:35:54,Negative,"I don't see a place to cancel my subscription. When I go to google store and click on manage subscriptions, it turns out the registration is for another app, not Elsa, what's wrong?"
753e6a2b-72d7-4747-9d6a-3cb61a4811a6,002,1,ứng dụng này bắt người dùng phải đọc theo câu có sẵn mà không cho người tự đặt ra câu trả lời và không nhận ra giọng nói của tôi,2021-08-29 15:00:03,Negative,This application forces users to read existing sentences without allowing them to come up with their own answers and does not recognize my voice.
7556ed22-0038-463c-bd47-95a335096e4d,002,1,trước đây elsa không thu phí mà giờ muốn học tiếp lại muốn thu phí học của mình. mình không thích điều này cho lắm 😌,2021-08-23 13:57:34,Negative,"Elsa didn't charge a fee before, but now she wants to continue studying and wants to charge her own tuition.I don't like this very much 😌"
b76647f0-8b2b-4713-b6fa-5d4edf60e209,002,1,có rất nhiều lỗi nên tôi không chắc bạn có thể học dễ dàng với nói có vài lỗi rất kì lạ mà chưa từng app nào có hết,2021-08-21 11:50:03,Negative,There are a lot of errors so I'm not sure you can learn it easily. There are some very strange errors that no other app has ever had.
4c3584c0-0d68-4f45-b0a7-173e40d2a89c,002,1,"app nên cải thiện tốc độ sync up data. lúc mở app mình thường phải đợi 5 phút. lúc ấn vào biểu tượng cái loa để nghe âm chuẩn cũng mất 5 phút. bỏ 1.5tr ra mình không mong có trải nghiệm mất thời gian như vậy, mình còn nhiều việc phải làm. nếu app cải thiện được điểm này mình sẽ xóa bình luận và tặng app hẳn 10 sao, vì phần chỉnh phát âm thì quá ưng.",2021-08-17 17:09:45,Negative,"app should improve data sync up speed.When I open the app, I usually have to wait 5 minutes.Clicking on the speaker icon to hear the correct sound takes 5 minutes.Spending 1.5 million, I don't expect to have such a time-consuming experience, I still have a lot of work to do.If the app can improve this point, I will delete the comment and give the app 10 stars, because the pronunciation correction is so satisfactory."
334446f8-e6ee-4ea9-b8c7-47c38d1183a1,002,1,"mua tkhoan pro xong khóa nick ko dùng đc, liên hệ qua gmail thì giải quyết không thỏa đáng, èo giờ thì vừa mất tiền mất sức mà không học được",2021-08-16 05:47:43,Negative,"After buying a pro account, I locked my account and couldn't use it. When I contacted them via gmail, the solution wasn't satisfactory. Now I've just lost money, lost my energy, and can't learn."
3a9dbb2b-6383-4bd0-95d8-36e829c86057,002,1,tôi muốn app có chức năng phản ứng nhanh và gạt bỏ những khoảng chờ. để thay vì 1 bài học 5 phút thì mất 3 phút thôi.,2021-08-15 13:52:02,Negative,"I want the app to have a quick response function and eliminate waiting periods.So instead of a 5 minute lesson, it only takes 3 minutes."
da23265f-9e3b-4740-b6fd-47f1de5f7cbc,002,1,"xài miễn phí chứ đừng mua phí tiền lắm. app cũng hay, nhưng cách tính điểm loạn xạ, đoạn văn cho từ nhiều từ như ""yeah"", ""yup"", ""huh"" hoàn toàn vô nghĩa nhưng điểm tính khá gắt gây ức chế lúc học. không nên mua gói pro.",2021-08-14 18:19:02,Negative,"Use it for free, don't buy it and it's a waste of money.The app is also good, but the scoring method is chaotic, the passage has many words like ""yeah"", ""yup"", ""huh"" which are completely meaningless but the scoring is quite harsh which causes frustration while studying.You should not buy the pro package."
94a203be-4cd5-4867-94ae-c08991f92d28,002,1,"tệ, học rồi mà bảo chưa học, hôm nay học bài đó rồi nhưng hôm sau lại phải học lại, không phải lần đầu mà là ngày nào cũng thế,cứ có cái nút báo cáo sai phạm để làm gì không biết tôi nói có lỗi có chịu sửa đâu mà bày đặt, vào app chậm như sên, thấy tốn tiền kinh khủng",2021-08-11 13:50:29,Negative,"It's bad, I've learned it but say I haven't learned it, today I've learned the lesson but the next day I have to learn it again, not the first time but every day, there's a button to report mistakes, what's the point? I don't know if I said I made a mistake and I won't fix it, but the app is slow as a snail, I feel like it's a terrible waste of money."
c706e8bf-0809-4ca9-ad61-70776caded08,002,1,"tôi gặp sự cố liên tục ! không nhận ra giọng, load chậm, phản hồi trên 3 lần vẫn không khắc phục được, gỡ đi cài lại vẫn vậy ! phần mềm có nút phản hồi kg nhận dc giọng ! mình cũng phản hồi liên tục ! sdzai... bán sản phẩm mà dịch vụ vầy thì thua thua thua !",2021-08-10 03:31:26,Negative,"I keep having problems!Can't recognize voice, slow loading, responded more than 3 times but still can't fix it, uninstalled and reinstalled, still the same!The software has a response button that cannot recognize voice!I also respond continuously!sdzai... selling products and services like this is a loss, a loss!"
ccd47c46-e888-4caa-a0dc-802d55133bbe,002,1,"app quá chán, mua phí tiền vl, đọc mỏi mồm chấm điểm không qua 80, trong khi ghi âm giọng mẫu trong app rồi phát lại, điểm còn ko đc 60, quá dở tệ",2021-08-09 08:30:29,Negative,"The app is so boring, it's a waste of money to buy, it's tiring to read and the score doesn't go over 80. While recording a sample voice in the app and then playing it back, the score doesn't even get 60, it's so bad."
4f249f33-4d31-4b5e-973b-0830dbd1f437,002,1,tôi đề nghị elsa liên hệ để xử lý . 1. hoàn tiền lại 2. phải kích hoạt tài khoản cho tôi. tôi đã mua và thanh toán nhưng tài khoản tại sao không được kích hoạt.,2021-08-07 07:22:46,Negative,I suggest Elsa contact me to handle it.1. refund 2. must activate my account.I bought and paid but my account is not activated.
ca09251d-d26e-46f7-b05f-35a896cf1f7d,002,1,"nói hoài nói mãi vẫn ko thư được giọng, ngày đầu tải còn khá ok mà qua ngày thứ 2 trở đi là dở chứng, ko nhận diện được giọng nói nữa, load quá lâu",2021-08-07 02:36:14,Negative,"I keep talking and talking but I still can't get the voice to work. The first day of downloading was quite ok, but from the second day onwards it was bad, I couldn't recognize the voice anymore, loading took too long."
212445a3-ac99-49d6-8e0a-faa2ec53ef1c,002,1,"đọc to và đọc nhiều lần nhưng vẫn không nhận dạng được, rồi load cái gì cũng lâu, lag cực kì, quảng cáo hay lắm nhưng dùng thì dở cực luôn ấy. bực mình ghê.",2021-08-01 16:21:24,Negative,"Read it out loud and many times but still can't recognize it, then everything takes a long time to load, it's extremely laggy, the ads are great but it's terrible to use.so annoyed."
bd4024a4-2237-4607-a3c4-86d070c09a1c,002,1,ứng dụng gì mà đọc mãi vẫn báo là ko nghe rõ nói như hét cũng bảo không nghe rõ.cho một sao vì trải nghiệm quá kém.,2021-07-26 06:51:17,Negative,"No matter what app I read, I still say I can't hear clearly and say I can't hear him clearly. I give it one star because the experience is so poor."
11a9b9d5-4aa3-4a94-a7b5-d4493414bcc7,002,2,"sau khi mua xong thì elsa không còn ghi âm và nghe ra được gì nữa cả, vừa nói xong nghe lại thì chẳng nghe ra cái gì, ứng dụng hàng đầu gì mà kì vậy",2021-07-17 02:13:43,Negative,"After buying it, Elsa can no longer record or hear anything. When I listen to it again, I can't hear anything. What's so strange about the top app?"
8237f8e4-684a-4aba-8241-073b15ae1cdf,002,1,"dùng tài khoản pro 1 năm nhiều lỗi khi sử dụng như, lỗi ngày học liên tục 90 ngày là hết không đếm được qua ngày 91, đôi khi bị khóa tài khoản vô cớ, phản hồi chăm sóc khách hàng thì trả lời chung chung không giải quyết triệt để yêu cầu, thiếu chuyên nghiệp, gọi thì tổng đài luôn bận và cho chờ rất lâu vẫn không liên lạc được",2021-07-16 06:25:34,Negative,"Using a pro account for 1 year has many errors when using it such as, 90 consecutive days of studying without counting past day 91, sometimes the account is locked for no reason, the customer care response is general and does not fully resolve the request, unprofessional, calling the switchboard is always busy and waiting for a long time still cannot be contacted."
8af470ff-cd65-4123-92d1-eb8ce66883b2,002,1,"mn ơi, cho em hỏi có ai bị như em không, mới đki gói pro, xài đc hai hôm thì nó bị ""đang cập nhật ứng dụng với dữ liệu mới nhất"". không học thêm bài tiếp theo được, tất cả các phần học đều dừng lại ở level 3. không biết lỗi đó có khắc phục đc kh nữa",2021-07-16 03:01:52,Negative,"Hello, can I ask if anyone has the same problem as me? I just signed up for the pro package, after using it for two days it says ""updating the app with the latest data"".I can't study the next lesson, all lessons stop at level 3. I don't know if that error can be fixed."
651dd232-9018-4b6d-86d9-49836cbb859f,002,2,"nhiều lúc load bài quá chậm mặc dù wifi vẫn chạy phà phà, đang định đăng kính gói pro trọn đời mà vẫn phải suy nghĩ lại do app đôi khi load bài quá chậm",2021-07-14 07:36:15,Negative,Sometimes loading articles is too slow even though the wifi is still running. I was planning to sign up for a lifetime pro package but still had to rethink because the app sometimes loads articles too slowly.
397bf246-e4da-4da7-aa48-e41f3deb5932,002,1,"mình có tải thử app học trong 7 ngày, và k kích vào mua gói dùng 1 năm nhưng bị trừ 989.000 vnd vào ngày 27/6/2021. mình cũng k kích vào link mua bằng thẻ visa nhưng bị trừ tiền. add liên hệ lại và xem lại giúp mình. thanks",2021-07-14 04:06:32,Negative,"I tried downloading the learning app for 7 days, and clicked to buy the 1-year package, but 989,000 VND was deducted on June 27, 2021.I also didn't click on the link to buy with a visa card but money was deducted.Please contact me again and review for me.thanks"
0bfe7cf7-d02a-4546-afec-231591b7ff36,002,1,mất tiền mua gói pro nhưng đơ đến mức không thể học được. nhắn tin cho fanpage kêu hỗ trợ thì cũng không được giải quyết.,2021-07-13 01:07:25,Negative,I spent money to buy the pro package but it's so dumb that I can't learn.Message the fanpage asking for support but it still doesn't get resolved.
20737060-2382-4009-bb24-59fa48d478aa,002,1,mong mọi người dừng ngay ý định dùng ứng dụng vô cùng kém chất lượng mình đã dùng thử gói 1 năm nhưng mới ngày thứ 3 đã chập rồi và hiện giờ mình đã xóa elsa speak thật sự rất tệ đợi mãi không chạy để học giết thời gian ngồi chờ mấy thứ vô nghĩa ứng dụng quá rách rưới không còn gì có thể tả được 1 ứng dụng cặn bã nhất mình từng dùng lừa đảo!,2021-07-10 11:45:56,Negative,"I hope everyone will immediately stop trying to use this extremely poor quality app. I tried the 1 year package but on the 3rd day it crashed and now I've deleted Elsa Speak. It's really bad. Waiting forever to learn to kill time waiting for meaningless things. The app is so ragged, there's nothing else that can describe it. It's the most trashy app I've ever used. It's a scam!"
fb6484bc-5005-4ee2-8148-ed19b38dee5c,002,1,"rất tiếc là hk có zero chứ không là cho điểm không rồi. một sự dối trá, cho xài free 7 ngày rồi tự động đăng ký trừ tiền 9 trăm mấy chục nghìn. mọi người cẩn thận khi sử dụng app này nha. không có hoàn tiền lại đâu 1 lần nhấn vào là hàng năm nó auto trừ tiền. tiếng tây tiến u thì chưa học được bao nhiêu chứ chiêu trò lừa gạt thì học được một lần. lừa gạt!!!",2021-07-10 07:41:55,Negative,"It's a pity that HK has a zero instead of giving it a zero score.It's a lie, let you use it for free for 7 days and then automatically register to deduct 900,000.Everyone, please be careful when using this app.There are no refunds. Once you click on it, it will automatically deduct money every year.Western English can't be learned much, but tricks can be learned once.fool!!!"
aa8b3a1b-c6de-4868-b385-15c8b335cd5c,002,1,lúc trước không có thanh toán miễn phí tự nhiên bây giờ bắt chúng ta phải thanh toán mong app có thể khắc phục điều này,2021-07-10 06:51:29,Negative,"Before, there was no free payment, but now we have to pay. We hope the app can fix this"
9b3a994d-686d-4c74-9fa7-d82160ab9c10,002,1,"hồi trước học rất ổn nhưng bây giờ cứ học 1 2 bài là thoát ra, ghi là ""tải chi tiết thất bại"" làm cho người học cảm thấy rất ức chế, không muốn học nữa. gỡ rồi cài lại vẫn vậy. thấy tiếc cho một ứng dụng hay nhưng tôi phải gỡ thôi vì không chịu được nữa rồi.",2021-07-05 23:59:56,Negative,"I used to study very well, but now I just log out after 1 or 2 lessons, saying ""download details failed"", making the learner feel very frustrated and not want to study anymore.Uninstalled and reinstalled, still the same.I feel sorry for such a good app but I have to uninstall it because I can't stand it anymore."
e05aa96c-a037-41c7-ad3a-567dd1eae8b3,002,1,tự động trừ tiền tài khoản thẻ tín dụng. khuyến cáo ko nên cài xài thử. app sẽ tự đồng trừ tiền sau 7 ngày dùm thử mà ko báo trước.,2021-07-04 13:37:14,Negative,Automatically deduct money from credit card account.It is recommended that you do not try to install it.The app will automatically deduct money after 7 days of trial without prior notice.
c25f1614-0ff6-4f3a-ba97-0237d09a8953,002,1,"ứng dụng lỗi k tải dc bài học liên tiếp nên k học dc. xóa app đi cài lại, lúc đăng nhập lại bị khóa tài khoản.",2021-07-03 09:22:12,Negative,"The app has an error that prevents me from downloading lessons consecutively, so I can't study.Deleted the app and reinstalled it, but when I logged in, my account was locked."
34a94e77-c893-4d2e-b0f7-1c4ffc0c0236,002,1,"chạy chậm như rùa. chấm điểm không chính xác. nói sai cũng cho điểm cao, nói đúng cũng không chấm điểm. học với máy ức chế hơn với người thật vì nói tương đối chính xác là người nghe hiểu được còn máy thì bắt đúng 100% mới hiểu mà bắt phát âm chuẩn là điều không thể do ngữ điệu vùng miền.😔😔😔😔😔",2021-07-01 15:32:41,Negative,"run slowly like a turtle.Inaccurate scoring.If you say something wrong, you will get high marks; if you say it correctly, you will not get any marks.Learning with a machine is more frustrating than with a real person because if you speak relatively accurately, the listener can understand, but the machine only needs to be 100% correct to understand, but correct pronunciation is impossible due to regional intonation.😔😔😔😔😔"
ba68e116-b859-45e9-9309-3729d057421b,002,1,elsa học rất tốt nhưng elsa làm khó tôi đưa ra những câu để tôi khó đọc ra nghĩa của chữ đó cũng sai mọi người k nên thử ứng dụng này đồ lừa đảo,2021-06-26 06:11:08,Negative,"Elsa studies very well but Elsa makes it difficult for me to give sentences so that it is difficult for me to read the meaning of the words, which is also wrong. Everyone should not try this application, you scammer."
62575ffd-23df-4fa2-ade9-2ffee157791f,002,1,"mình mới học bài đầu tiên , thấy elsa phiên âm và đọc sai từ 'office'. mình đã tra từ điển oxford và cambridge. mình cũng đã chụp hình lại, nhưng ko biết cách gửi lên đây .",2021-06-25 02:48:12,Negative,"I just studied the first lesson and saw that Elsa transcribed and misread the word 'office'.I looked up Oxford and Cambridge dictionaries.I also took a photo, but don't know how to post it here."
12a54631-bdf5-4182-b790-7e5fd5055990,002,1,"rất nhiều lần app báo là không nhận dạng ngôn ngữ của người nói. hơn nữa, việc tra từ điển thông qua elsa phần ipa khác so với oald, không kèm theo loại từ và không hiện ra tất cả những nghĩa của từ (hầu như nghĩa của từ chỉ mang tính đại diện chứ khá mơ hồ)",2021-06-23 08:12:22,Negative,"Many times the app reports that it does not recognize the speaker's language.Furthermore, looking up the ipa part in the dictionary through elsa is different from oald, it does not include the type of word and does not display all the meanings of the word (most of the meanings of the words are only representative and quite vague)."
d3f5f546-1359-45de-b463-1f4e1e8af400,002,1,"app thì rất hay, nhưng ngày thứ 2 vào app thì có dòng chữ kiểm tra cập nhật hiện lên và phải đợi rất lâu, sau khoảng 1 tiếng thì vẫn không thay đổi",2021-06-19 14:11:26,Negative,"The app is very good, but the second day when I go into the app, the text checking for updates appears and I have to wait a long time. After about an hour, it still hasn't changed."
af4f8e45-2cd3-4aaf-bec1-f644f184d4e1,002,1,"hồi năm 2020 mình tải app về và mình thấy app rất hay, giúp mình cải thiện được cách phát âm. nhưng vì đt hết dung lượng nên mình phải xóa đi cho đỡ nặng máy. đến bâyh là năm 2021 mình tải lại về thì elsa speak đã thay đổi rất nhiều. có nhiều tính năng mới giúp người dùng có trải nghiệm tốt hơn. nhưng khi mình vào đọc mình đã cố gắng đọc rất to đến nỗi nhà hàng xóm còn sang phản ánh:)) mà elsa vẫn ko nghe thấy. mình ko bt phk lm tnào nên quyết định là xóa app đi. ko bt là do đt mk hay app nữa :(",2021-06-19 14:04:16,Negative,"In 2020, I downloaded the app and I found it very good, helping me improve my pronunciation.But because my phone ran out of space, I had to delete it to save weight on my phone.Now that it's 2021, when I re-download it, Elsa Speak has changed a lot.There are many new features to help users have a better experience.But when I went in to read, I tried to read so loud that the neighbors even came over to complain :)) but Elsa still couldn't hear.I don't know what to do so I decided to delete the app.Not sure if it's the phone or the app :("
58cded7f-2497-4798-8636-40a8ac38905d,002,1,"ứng dụng hay nhưng là load quá chậm đăng nhập thôi cũng quay vòng vòng hết hơn 15', các thao tác khác cũng đều chậm chạp. mất thời gian rất nhiều, đợi xong không còn hưng thú học",2021-06-16 04:48:55,Negative,"Good app but loading is too slow, logging in takes more than 15 minutes, other operations are also slow.It takes a lot of time, and after waiting, I'm no longer interested in studying"
62fbaece-e8dd-4f5f-affb-7fb562425cab,002,1,đến cái học nhanh á nó thu được có hai cái à còn cái thứ ba tui đọc tắc thở nó cũng chịu thu giọng tôi.,2021-06-13 15:59:27,Negative,"As for the fast learner, he only got two, and the third one I read breathlessly, but he also accepted my voice."
63400832-8448-44d1-a7ca-bdddda8b9693,002,1,"mình mua gói không giới hạn, nhưng không kích hoạt được vì trên màn hình không có dòng ""có mã kích hoạt"" như hướng dẫn.",2021-06-12 11:03:56,Negative,"I bought an unlimited package, but I can't activate it because there's no line ""with activation code"" on the screen as instructed."
1a5daa90-bfe7-4714-99ff-16c4e27a6a37,002,2,chưa nói về nội dung. mất cả thanh xuân để đăng nhập. công ty mua cho nhân viên dùng. lỗi đã report. fix xong dc 1 vài hôm lại phát sinh hiện tượng y chang. nản.,2021-06-06 07:37:12,Negative,"Not talking about content yet.It took forever to log in.The company buys it for employees to use.reported error.After fixing it, a few days later the same phenomenon arose again.discouraged."
9ea9300e-262f-4b73-b1c9-6cdf17d19918,002,1,bấm vô hành tinh sao cứ bắt coi video vậy nhỉ. đề nghị để màn hình danh sách bài tập cho người học dễ học với,2021-06-03 10:19:26,Negative,"Click on the planet, why do you keep watching the video?It is recommended to display the list of exercises for learners to easily learn"
1ce1d183-cc3d-40c0-b328-e5536258926b,002,1,"nhờ nhà phát hành kiểm tra lại giùm, tại sao cho dùng thử miễn phí 7 ngày, ngày thứ 6 mình đã hủy đăng ký, gỡ ứng dụng nhưng sao vẫn trừ 989k trong tài khoản của mình là sao? cho mình câu trả lời với!",2021-06-01 15:01:18,Negative,"Please ask the publisher to check again, why did they offer a 7-day free trial, on the 6th day I canceled the registration, uninstalled the application but 989k is still deducted from my account?give me the answer!"
7d643171-7f91-4729-a35d-4f28a3c84bd7,002,1,"mọi người cho mình hỏi ! là mình có tải app về mình mới dùng vài phút trước thôi, mình thấy nó có cái gì mà gói học một năm, nhưng mình không mua hay là dùng thử miễn phí 7 ngày gì cả ạ, mình truy cập cái hạn chế gì đó ở dưới . thế thì nó có trừ tiền mình không ạ, mình đọc thấy mọi người đánh giá mà hoang mang quá ạ",2021-05-31 11:25:55,Negative,"Everyone, let me ask!I downloaded the app and just used it a few minutes ago. I saw that it had something like a one-year study package, but I didn't buy it or try it for a 7-day free trial. I accessed something with restrictions below.So will it deduct my money? I read people's reviews and I'm so confused"
4d975e22-c8e3-4616-89a0-be5cc5047a1d,002,1,chưa gì đã đề cập thanh toán. không biết không dùng thử sau 7 ngày có sao không? không biết có bị bắt thanh toán không nữa.,2021-05-26 04:02:29,Negative,There is no mention of payment yet.I don't know if it's okay if I don't try it after 7 days?I don't know if I will be forced to pay.
6663124b-a57b-4a30-b241-4f6aa6d33185,002,1,má ơi.. t thấy bà kia review hay nên tải về dùng thử. ai dè lên đây đọc kĩ thì nó tự thanh toán tiền. làm ăn gì như ăn cướp vậy? rồi t hong biết là đã gia hạn chưa nữa nè trời! ai đó chỉ t với,2021-04-22 07:18:38,Negative,Mom.. I saw that the other woman had a good review so I downloaded it and tried it.Anyone who comes here and reads carefully will pay for it themselves.What kind of business is that like robbery?Then I don't know if it has been extended yet!someone just t with
e7a689c5-b916-466d-8abe-c5d9eb927a8c,002,1,cần cải thiện thêm tính năng user tự học thay vì ai random offer bài hoc. tôi hơn 3 năm phần mềm nhưng không học hết được và dậm chân tại chổ. phát triển để có 5 stars.,2021-04-15 22:21:39,Negative,Need to improve the feature of users self-studying instead of someone randomly offering lessons.I have more than 3 years of software experience but I can't learn it all and am stuck in the same place.Grow to have 5 stars.
523df850-3b21-4ef1-a597-94192120dba2,002,1,"tôi không thích app này, tôi đã gỡ app trước khi gói đăng ký học 3 tháng được tự động đăng ký :) tôi không biết mình có đăng ký gói đó và tôi đã hủy đăng ký và mong muốn được hoàn tiền cách đó vài phút nhưng không có khoản tiền nào được hoàn lại...tôi thật sự rất bực bội!! dù tôi đã gỡ app nhưng gói học vẫn được tự động đăng ký và trừ tiền của tôi",2021-03-19 02:23:23,Negative,"i don't like this app, i uninstalled the app before the 3 month subscription was automatically subscribed :) i didn't know i subscribed to that package and i canceled my subscription and wanted a refund a few minutes ago but no money was refunded...i'm really frustrated!!Even though I uninstalled the app, the lesson package was still automatically registered and my money was deducted"
05277306-65a5-4563-b5af-caa879d75a8d,002,1,"mình khá hài lòng. tuy nhiên trong phần hồ sơ và ở mục ngũ giác, mình đã mời bạn bè tham gia và đăng kí tài khoản để có thể xem khả năng của mình. bạn mình đã làm đúng đủ bước nhưng mình vẫn ko đc mở khoá. mình mong có thể nhận được hỗ trợ",2021-03-18 15:58:56,Negative,"I'm quite satisfied.However, in the profile section and in the pentagon section, I invited friends to join and register for an account so I can see my abilities.My friend followed all the correct steps but I still can't unlock it.I hope I can receive support"
22c7d547-775a-42e0-9efc-52f4bfc71c72,002,1,"app chỉ tốt vào ngày đầu còn những ngày sau app không nhận dc giọng nói của mình và mở app rất chậm , không tốt và hữu dụng nữa",2021-02-18 01:56:37,Negative,"The app is only good on the first day, but in the following days the app cannot recognize my voice and opens the app very slowly, not good or useful anymore."
541e955e-b255-45a7-8583-d065b6635b93,002,1,stupid app i have ever had (by some stupid reasons also i had it). you have to speak literally single by single word to get >80% while its like 10 words/s in real life conversation. when will you improve to that level with this app?,2021-01-31 14:06:44,Negative,stupid app i have ever had (by some stupid reasons also i had it).you have to speak literally single by single word to get >80% while its like 10 words/s in real life conversation.when will you improve to that level with this app?
e99949f8-7918-4d86-aa2f-b696a6cdcdec,002,2,không biết sao mình đọc đúng y như giáo viên đọc trong phần từ điển nhưng lại sai được tầm 30% như người bản xứ lúc sau đọc y thế lại k hiểu sao lại đúng luôn á,2021-01-17 14:08:44,Negative,I don't know why I read it exactly like the teacher read in the dictionary but got about 30% wrong like a native speaker. Then I read it the same way but I don't understand why it's correct.
00af8527-0d5e-4a19-a849-8431238b7b8f,002,1,dù bật 4g nhưng app không phân tích đúng chất lượng câu nói. mất thời gian nói lại nhiều lần nhưng app lại đánh giá sai. mong bên cung cấp xem xét lại chất lượng và cách đánh giá phần nói của app,2021-01-09 13:47:50,Negative,"Even though 4G is turned on, the app does not analyze the quality of the sentence correctly.It took time to say it again and again but the app gave the wrong assessment.I hope the supplier will reconsider the quality and evaluation of the speaking part of the app"
5f1ad2dd-5d8a-4fa9-93a4-6f3516c836aa,002,2,"mình cảm thấy khó chịu. rõ ràng đang ký tài khoản elsa học 3 tháng để thử, ban đầu chạy rất mượt, nhưng sau đó hễ 1 ngày mình ko vào học là hôm sau ứng dụng toàn loading rất chậm, khộng nhận dạng ngôn ngữ, không cho học .... elsa nên khắc phục lỗi này.",2021-01-07 15:24:05,Negative,"I feel uncomfortable.Apparently I signed up for an Elsa account to study for 3 months to try it out. At first it ran very smoothly, but then every day I didn't go to class, the next day the app loaded very slowly, didn't recognize the language, wouldn't let me study.... Elsa should fix this error."
00ad918d-cd39-4f52-9ef0-d6d6ab3bf3a9,002,1,lý do tại sao elsa lại xóa mất kho từ vựng đã lưu trên app dẫn đến việc mất tất các vocab cần cho tôi???,2020-12-28 05:13:54,Negative,"Why did Elsa delete the vocabulary stored on the app, resulting in the loss of all the vocabs I needed???"
c704b7a3-cabb-485b-ac5d-af47009c8a4a,002,1,hãy tự mình phát âm thanh của elsa và cho ứng dụng elsa tự ghi âm lại rồi kiểm tra xem được nhiêu phần trăm. nản,2020-12-15 07:43:32,Negative,Play Elsa's sound yourself and let the Elsa app record it yourself and check what percentage you get.discouraged
33a156c0-4f10-4dbd-a2f5-6c28c51e9ff1,002,1,"thường xuyên xuất hiện dòng ""tôi không nghe rõ bạn nói. vui lòng thử lại"" mặc cho nói to và để áp sát, hơn 20' vẫn bị.",2020-12-13 14:47:35,Negative,"The line ""I can't hear you clearly. Please try again"" often appears even though I speak loudly and get very close, it still happens after more than 20 minutes."
0c21ad1a-8cc2-424c-9a54-f1f730b334df,002,1,tôi vừa tải xong cung cấp email xong thấy có thu phí nên gỡ ud vậy có gọi là đăng kí thành công và mất phí gì ko ad,2020-12-13 06:33:30,Negative,I just finished downloading and provided my email and saw that there was a fee so I removed the ud. Is this considered a successful registration and will there be any fees?
312fb214-36ce-4003-83e7-0eb42c5479fc,002,1,"đọc kiểu j nó cg ko đc, mình rất tức, mình từng thử copi cho từ điển đọc lên nhưng nó cg ko thể cho hơn nổi 70%. mong nhà sản xuất fix lại",2020-12-06 12:17:54,Negative,"It can't read type J, I'm so angry, I tried copying it to the dictionary but it can't read more than 70%.Hope the manufacturer fixes it"
9111e91c-3816-4cdd-88ff-7d5a6405c380,002,1,tôi đang ở chế độ dùng thử 3 ngày. và có cài đặt :hỏi ý kiến mua sau 3 ngày. thế mà ứng dụng tự mua luôn mà không có thông báo. tôi yêu cầu hoàn lại tiền và sẽ xoá ứng dụng.,2020-11-30 16:43:20,Negative,I'm in 3 day trial mode.and has installation: ask for advice after 3 days.Yet the app purchased itself without notification.I request a refund and will delete the app.
3edb479a-9f24-407d-9a05-b95e8d0b6b98,002,2,"tôi biết đến app này vì trường tôi có giới thiệu, nhưng có một vấn đề làm tôi rất bực bội đó là phần ghi âm của nó, bị lỗi mãi làm tôi không thể nào sử dụng được, xin hãy khắc phục lỗi này ạ",2020-11-30 01:03:59,Negative,"I know about this app because my school introduced it to me, but there is one problem that makes me very frustrated: its recording part keeps crashing so I can't use it. Please fix this error."
6fd3bef5-8872-4cb2-a17d-1888ef05f98e,002,2,máy nghe thì dù gì cũng là máy. cá nhân mh thấy rất mất tgian khi học app này. dù mh dùng chỉ học phát âm. có khi nói đúng y như vậy nhưng vẫn chấm sai. máy thì k nghe ra đc. nói lướt như ng bản xứ máy càng nghe k ra đc.,2020-11-25 01:19:59,Negative,"A listening device is still a device after all.Personally, I find it very time consuming to learn this app.Even though I only use it to learn pronunciation.Sometimes you say the exact same thing but still get it wrong.The machine can't hear it.Speak like a native speaker and the computer can't understand you."
61a6a48b-0453-4f9a-a07e-3334d5adf9c7,002,1,thử nghiệm xong muốn hủy thanh toán cho quý tiếp theo mà không có cách hủy luôn. người dùng phải thử đi thử lại nhiều lần để hủy sau đó hủy k được và quên đi thế là các quý tiếp theo cứ trừ tiếp. hút máu à elsa,2020-11-19 10:44:59,Negative,"After testing, I want to cancel payment for the next quarter but there is no way to cancel.The user has to try over and over again to cancel, then can't cancel and forget, so the next quarter continues to be deducted.Bloodsucking, Elsa"
3549d1dc-25ad-4e21-9754-ff5501048a24,002,1,tôi tôi thấy cáo nàu có thể đọc tiếng anh đúng các đúng âm và phân biệt các từ nữa. với lại nó còn có thể cho tôi giao tiếp tiếng anh tôi thấy thật tuyệt vời và tôi luôn sẽ học thường xuyên trên elsa speak,2020-11-16 12:38:48,Negative,"I see that this fox can read English with the correct sounds and distinguish between words.Besides, it can also help me communicate in English. I find it amazing and I will always study regularly on Elsa Speak."
87a89f66-cd27-4ff9-bb4f-e59194e8bda7,002,1,"phần mic điện thoại không hề có vấn đề, thu vào phát lại vẫn rất ok kể cả đưa cho giáo viên bản sứ nghe vẫn đánh giá là phát âm chuẩn nhưng cái ứng dụng hãm *** này lại chỉ đánh giá chưa tới 50%, chỉ đến khi tôi đánh vần từng âm một đến nỗi sai gần hết pronunciation thì nó lại cho tăng lên 80%, vâng, ứng dụng rất rát cho một ngày mới tồi tệ!",2020-11-16 01:25:19,Negative,"There's no problem with the phone mic, the recording and playback are still very good, even when I gave it to a native teacher, the pronunciation was still rated as correct, but this crazy app only rated it at less than 50%, only when I spelled each sound one by one to the point of getting almost all the pronunciation wrong, it increased it to 80%, yes, a very bad app for a bad day!"
976ae834-9697-4adc-be97-33d6c72cc121,002,1,làm sao để hủy được sau khi đã thử 7 ngày và cảm thấy không ưng ý. tôi lục tìm mọi chỗ mà không hề thấy được nơi để hủy đăng kí😔😔😔,2020-11-10 09:46:26,Negative,How can I cancel after trying for 7 days and not feeling satisfied?I searched everywhere but couldn't find a place to unsubscribe
1dd2f145-163f-4151-b005-171bf8a37281,002,1,ứng dụng này học rất khó các bạn nên học trên duolingo sẽ ổn hơn và dễ hiểu hơn nhé cho dù các bạn mất góc nhưng học trên elsa speak này rất khó,2020-11-04 17:55:29,Negative,"This application is very difficult to learn, so you should learn it on duolingo, it will be better and easier to understand. Even if you lose perspective, it is very difficult to learn on elsa speak."
ffd4097f-3a12-4c6c-af45-1eb3b422753c,002,1,elsa sai ghi nhận diện phát âm vd từ tap/taep/ mình đọc đúng lại sai còn khi mình đọc chệp( ch phát âm ra gió) lại đúng 99%.what cái gì đây? chắc ko sd cho ăn tiền nên vậy đây..😃,2020-10-25 08:14:49,Negative,"Elsa is wrong in recording pronunciation, for example, when I read the word tap/taep/ correctly, it's wrong, but when I read it incorrectly (ch is pronounced wind), it's 99% correct.What is this?I'm sure I don't have a phone number to pay so here it is..😃"
ab51ae74-cf83-4608-a090-58c60759c4c8,002,1,"app lỗi, lỗi liên tục. cả tháng giờ rồi elsa vẫn chưa chịu fix lỗi. học đc 2, 3 bài là bị đơ app, bị đẩy ra lại màn hình đt. tải bài học thì báo lỗi ko tải đc, cứ gặp lỗi tải này hoài, làm phải xóa app tải lại elsa, mệt mỏi vô cùng. chấm điểm bài trọng âm app chấm tô màu nhấn đúng cả rồi nhưng vẫn báo là sai, chấm âm tiết, câu thì đôi khi đọc mấy từ dễ, đọc rõ ràng đúng app vẫn nhận diện thành âm khác rồi chấm sai. càng ngày càng điên tiết vs elsa. ai rảnh mà gửi mail phản hồi hoài.làm ăn kì cục",2020-10-14 03:43:01,Negative,"app crashes, crashes continuously.It's been a month since Elsa still hasn't fixed the error.After 2 or 3 lessons, the app freezes and is pushed back to the phone screen.When downloading the lesson, it says I can't download it. I keep getting this download error. I have to delete the app and redownload Elsa. It's extremely tiring.Grading the stress test with the app, highlighting and highlighting, but it still says it's wrong. Grading syllables and sentences, sometimes reading easy words, reading them clearly and correctly, the app still recognizes other sounds and then marks them incorrectly.More and more angry with Elsa.Anyone who has free time sends email feedback all the time. It's a weird business"
660822fb-a767-448d-beaa-0c809461a0fc,003,2,"sao lúc trước app vẫn dùng bình thường mà bây giờ cứ mỗi lúc học xong nó lại không tính điểm, làm tôi cứ kẹt mãi trong 1 bài. đã thế lúc vào phần trang chủ lại hay bị lỗi gì ấy mà tải lại nhiều lần không được gì.",2026-03-05 16:27:32,Negative,"Why did the app work normally before but now every time I finish studying it doesn't calculate the score, making me stuck in the same lesson?Also, when I go to the home page, I get an error and reload it many times to no avail."
81acb682-129e-4c28-884b-1be89a677642,003,2,"fix nhiều lỗi là cho 5 sao nhé ( lỗi 1: ấn vào học hiện *ái chả , có lỗi xảy ra* thế là nguyên ngày chả học được , mất chuỗi 67, ... còn nhiều lỗi )",2025-12-12 14:08:24,Negative,"Fix many errors so I give 5 stars (error 1: click on study now *oops, something went wrong* so I can't study all day, lost the 67th series,... there are many errors)"
bba63368-41e7-436f-9d2b-4e48217a43cb,003,1,"nó bị lỗi trời ơi,cái phần nghe cứ hiện lên ""có gì đó không ổn,xin thử lại"" vãi!! sửa dùm đi trời,vãi rồi thêm lúc chat ai thì đang chat tự nhiên hiện lên dòng quay lại trang chủ, phiền thiệt sự!!!!!",2025-07-21 14:19:00,Negative,"It's got an error, oh my god, the audio keeps saying ""Something's wrong, please try again""!!Please fix it, it's so bad, and when I chat with someone, the chat line suddenly pops up to return to the home page, it's really annoying!!!!!"
2944bbea-e91f-43f7-875d-0df56cf197c8,003,1,"mình dùng memrise từ 2013, và vì tin tưởng các nhà sáng lập nên sau khi app đổi sang phiên bản mới, mình đã không ít lần thử tải về để trải nghiệm. nhưng càng thử càng thấy thất vọng vì các nội dung quá sơ sài so với phiên bản trước, so với các app học ngoại ngữ khác, trong khi phí quá cao. buồn thật sự. 2025.07.03",2025-07-02 18:26:26,Negative,"I have been using memrise since 2013, and because I trusted the founders, after the app changed to a new version, I tried downloading it many times to experience it.But the more I try, the more disappointed I become because the content is too sketchy compared to the previous version, compared to other foreign language learning apps, and the fee is too high.really sad.2025.07.03"
c84e010f-3c64-46a5-a4f1-b1dab9df2167,003,2,"thấy đánh giá ok đó nhưng mà. người việt thì ko học được tiếng nga chỉ nó đưa ra ba lựa chọn học :anh, hàn, trung là sao? chủ yếu tải về muốn học tiếng nha thôi mà!!!",2025-02-19 13:12:48,Negative,"I see the reviews are ok but still.Vietnamese people can't learn Russian, only they give three learning options: English, Korean, Chinese?I mainly downloaded it to learn the language!!!"
55365ff7-93b6-4361-8b81-edc85c8c7ef6,003,1,không có wi-fi không học được học tiếng anh thì nó có bản dịch tiếng đức học tiếng đức thì nó có bản dịch tiếng anh 🤬🤬🤬,2024-06-26 09:30:55,Negative,"If you don't have wi-fi, you can't learn to learn English, it has a German translation. To learn German, it has an English translation 🤬🤬🤬"
5e432d62-94ca-4c0d-80c3-885c84c3201f,003,2,"các bài học rất hay, phân loại từng mục rất rõ ràng, nhưng app rất hay bị lỗi mặc dù mình đã mua khoá học 1 năm nhưng cứ 1,2 ngày là bị lỗi ko vào học đc",2024-05-22 14:41:10,Negative,"The lessons are very good, the classification of each item is very clear, but the app often crashes even though I bought the 1 year course but every 1 or 2 days it crashes and I can't access the class."
a096ae56-4c31-4161-a927-6175c08223d2,003,1,rất khó sử dụng. mới đăng nhập vào thì báo khoá học đã chuyển nhà. xong ko biết ấn vào đâu để đăng xuất hay thực hiện hành động tiếp. chỉ có nút ấn trỏ về website :))),2024-05-15 05:23:33,Negative,"very difficult to use.Just logged in and it said the course had moved.After that, I don't know where to click to log out or take further action.There is only a button pointing to the website :)))"
81d34e26-fb80-4ae7-8501-3ba4ff99c166,003,1,cập nhật phiên bản mới trên web và app thì không . giờ tải app không còn tác dụng gì nữa . dùng điện thoại mà học qua web thật sự rất tù túng . thất vọng,2024-05-10 06:14:37,Negative,Updating new versions on the website and app is not possible.Downloading the app now has no effect anymore.Using a phone to study via the web is really cramped.disappointed
b9ffa645-7105-4438-a37f-9d77883f517e,003,1,"mình mua pro trọn đời, bây giờ nâng cấp xong tự động báo gói pro của mình bị hủy, chỉ sử dụng được trong các khoá học cộng đồng trong 1 năm nữa, mà không có một mail hay thông báo gì trước.",2024-04-09 21:22:59,Negative,"I bought pro for life, and now after upgrading, it automatically tells me that my pro package has been canceled and can only be used in community courses for another year, without any email or prior notice."
e9120b20-b912-49ae-9c5f-d48be20290d6,003,1,"mình mua gói trọn đời, bây giờ thì lại xóa hết gói cộng đồng. trong khi những khóa học cộng đồng mới chính là nguồn tài nguyên đáng để mua và sử dụng ứng dụng. cảm giác như bị lừa. hãy tôn trọng khách hàng.",2024-04-08 07:40:49,Negative,"I bought the lifetime package, but now I've deleted the community package.while the new community courses are a valuable resource to buy and use the application.feels like being cheated.Please respect customers."
0ff1946d-cb50-4fe3-a153-94dc1bb2aae0,003,1,"cảm giác như bị lừa vậy. mình mua app trọn đời để dùng tính năng đầy đủ nhất. bây giờ app bỏ khóa học cộng đồng và thay thế bằng mấy khóa học cấp thấp. lại còn tùy chọn mua full khóa học. đòi tiền thêm một lần nữa. rồi nếu mua phải mấy khóa học cũng rác rưởi như mớ hiện tại thì sao. giờ thì đến vào app cũng không được, kẹt ở thông báo thay đổi. ức chế không chịu được",2024-04-03 14:35:09,Negative,"feels like being cheated.I bought the app for life to use the most complete features.Now the app removes the community courses and replaces them with low-level courses.There is also the option to purchase the full course.Ask for money again.Then what if I buy some courses that are just as trash as the current ones?Now I can't even access the app, I'm stuck at the change notification.Unbearable inhibition"
47823fda-7c65-45cc-a587-6a020dfed3d1,003,1,"đã từng rất tốt, cho đến khi app ngừng khóa học của cộng đồng. khóa học mặc định thì nội dung nghèo nàn. đã dùng nhiều năm và giới thiệu nhiều người khác dùng nhưng bây giờ cảm thấy rất thất vọng.",2024-03-23 18:18:27,Negative,"used to be very good, until the app stopped the community course.The default course has poor content.Have used it for many years and recommended it to many others but now feel very disappointed."
01d52fba-0075-4770-8aef-96972b54c8f4,003,1,khi nâng cấp sao phải bắt ng dùng chuyển sang trang khác. học ứng dụng trước cũng tốt tôi thấy k vấn đề gì và tôi k thích phiên bản mới khi cứ bắt người dùng chuyển hoàn toàn sang mới.,2024-03-15 04:57:01,Negative,"When upgrading, why do users have to switch to another site?Learning the application first is also good. I don't see any problem and I don't like the new version when it keeps forcing users to completely switch to the new one."
632906df-ddbd-470b-beea-2eb11204858b,003,1,"sau khi update quá tệ, tôi đã chuyển qua dùng quizlet, tháng 2 các bạn thay đổi, bị nhiều phản đối, các bạn quay lại phiên bản cũ, giờ các bạn lại đòi cuối tháng 3 thay đổi, các bạn hình như không biết tôn trọng khách hàng, chính thức xóa ứng dụng",2024-03-06 23:38:46,Negative,"After the update was so bad, I switched to using Quizlet. In February, you guys changed it and got a lot of opposition. You went back to the old version. Now you're asking for a change at the end of March. You guys don't seem to know how to respect customers. Officially delete the app."
dad1cf09-9139-4d32-9fa8-74f6bfe05b17,003,1,"chia sẻ mong ad bỏ qua, là cần ứng dụng cho cài đặt hoán đổi vị trí tựa đề đáp án từ vừng học thành tiếng anh, rồi chọn đáp án thành tiếng việt sau thì tuyệt, vì trong cuộc sống hay giao tiếp hay có từ tiếng a mình hay nhìn và nói, như thế khi đọc từ tiếng anh giúp phản xạ nhanh trong đầu nhớ đc nghĩa tiếng việt luôn sẽ ok hơn, app làm như cũ cũng ok chỉ là học hơi chậm xíu, mặc dù học cũng nhớ nhưng dễ quên. chút chia sẻ mong m.n qua cho mình",2024-02-27 20:28:12,Negative,"Sharing, I hope admin will ignore it. I need an app to install and change the position of the title of the answer from sesame to English, then choose the answer to Vietnamese later, which would be great, because in life or communication, there are often English words that I often see and say. That way, when reading English words, it helps to quickly reflect in my head and remember the Vietnamese meaning, which will always be better. The app does the same thing as before, but it's just a bit slow to learn, even though I remember it, it's easy to forget.Please share a little bit for me"
0da54bc9-4e66-44e5-b251-6bb0aa7a7507,003,1,"tôi đã mua bản quyền phần mềm này, nhưng việc update gần đây đã khiến phần mềm trở nên tệ hại, thật hối hận khi đã bỏ ra số tiền để mua phần mềm này.",2024-02-05 13:11:43,Negative,"I bought the license for this software, but the recent update has made the software worse, I regret spending the money to buy this software."
31a08c37-4fad-4fae-be7e-f615fe593910,003,1,"cập nhật phiên bản mới trên app điện thoại bị lỗi không tìm được bài đã lưu. đăng ký gói vip rồi giờ không học được, làm sao để quay lại phiên bản cũ đây?",2023-12-10 10:08:50,Negative,"Updating the new version on the phone app has an error and cannot find saved articles.I signed up for the VIP package and now I can't study, how can I go back to the old version?"
27ae1c7e-bb66-49e8-9d2b-9df8388762df,003,1,"cần xem lại các bài học tiếng trung nhé, dịch sang tiếng việt bị lỗi. cụ thể là bài: hỏi ai đó đã ăn cơm chưa. ngoài ra cần bổ sung đầy đủ pinyin và cả chữ tượng hình.",2023-09-21 16:54:10,Negative,"Need to review the Chinese lessons, the translation into Vietnamese is wrong.Specifically, the lesson: asking if someone has eaten yet.In addition, it is necessary to fully supplement pinyin and hieroglyphs."
2e81cd5a-3371-4439-9f19-8a5b0ce9d5b0,003,1,"ứng dụng hay tuy nhiên sau khi mình cập nhật phiên bản mới nhất thì load chậm, không xem được bài học. lúc đang trong bài học thì bị lag luôn, phần audio thì k phát ra âm thanh. mong là các bạn ktv kiểm tra lại xem có lỗi gì không ạ. mình đang học khóa học tiếng trung và mỗi khi đến bài học về ký tự là ứng dụng load xong đơ luôn. trong ứng dụng mình không thấy mục nào hỗ trợ báo cáo khi ứng dụng xảy ra lỗi.",2023-07-24 16:17:37,Negative,"Great app, but after I updated to the latest version, it loaded slowly and couldn't view the lessons.During the lesson, there is a lag, the audio doesn't make any sound.I hope you guys can check again to see if there are any errors.I'm taking a Chinese course and every time I get to the character lesson, the app freezes.In the application, I don't see any item that supports reporting when an application error occurs."
9f491bdc-b086-4e1d-a713-37831781d97b,003,2,tôi thấy ứng dụng rất hữu ích đối với những người học tiếng anh như tôi i find the application very useful for english learners like me,2023-07-12 09:04:35,Negative,I find the application very useful for English learners like me
03d3ec29-9bcf-4d20-8694-b594da058804,003,1,"app chưa tiết kiệm đc thời gian cho ng học, mỗi.lần chỉ học đc 5 từ mặc dù mình đã cài đặt lại số từ học, nhưng app vẫn như cũ, ko thay đổi từ mới dù đã học xong từ cũ. đây ko phải là 1 app hữu dụng để mn học ta, khuyên mn nên dùng app khác. dùng app này bị tốn time quá nhiều, và cũng ko hiệu quả",2022-06-15 03:00:04,Negative,"The app has not saved students' time, each time I can only learn 5 words even though I have reset the number of words to learn, but the app is still the same, does not change new words even though I have finished learning the old words.This is not a useful app for you to learn, I advise you to use another app.Using this app takes too much time, and is also ineffective"
9b693727-c73c-461a-932d-9daecaa4173c,003,1,"mn cẩn thận khi dăng ki gối năm nghe nêu qua 1 năm ko đăng kí thì sẽ tự động trừ tiền mình, phải vào ch play xoá dịch vụ",2022-03-31 15:50:01,Negative,"mb be careful when registering for more than one year, I heard if you don't register for more than 1 year, your money will be automatically deducted, you have to go to play store and delete the service."
a5c99a90-6120-4146-8f68-3773e8614b05,003,1,"không hiểu sao, mình tạo khoá học trên website của app mà chỉ được cấp độ 1 là tốt thôi. sang cấp độ 2, app không có âm thanh mặc dù mình đã tải lên y hệt cấp độ 1. hy vọng app sớm được khắc phục lỗi này. (sẽ đánh giá tốt sau khi khắc phục được lỗi này).",2022-02-13 13:48:45,Negative,"I don't understand why, I created a course on the app's website but only got level 1 which is fine.Going to level 2, the app has no sound even though I uploaded it exactly like level 1. Hopefully the app will fix this error soon.(will give a good rating after fixing this error)."
1bef1592-72d2-46bd-8f6d-a5b6b2d20aa0,003,2,"đã dùng app được 5 năm, mình biết team cần kinh phí để duy trì hoạt động nhưng việc hạn chế mấy tính năng quan trọng như học từ mới, ôn siêu tốc như trước giờ làm mình không còn hứng thú nổi. thậm chí mình còn không thể học từ mới của khóa học mình tạo ra nữa. tiếp tục sử dụng vì đã tích lũy nhiều dữ liệu trong thời gian dài. mong team cải thiện hoặc nới lỏng một vài tính năng.",2022-02-04 01:46:40,Negative,"Having used the app for 5 years, I know the team needs funding to maintain operations, but limiting important features like learning new words and super-speed review like before makes me no longer interested.I can't even learn new words from the course I created.Continue using it because it has accumulated a lot of data over a long period of time.Hope the team improves or relaxes some features."
fcf18bba-8b88-4f41-b5e6-861a170bf13d,003,1,lượng hết đi . tôi đã từng nói rằng không bao giờ phù hợp với những điều này.thì nó sẽ chẳng bao giờ có thể thay đổi.những diễn giải sắp đặt . tốt nhất hãy tự biên tự diễn luôn cho mình luôn đi . các người chỉ làm cho tôi nản chí .. trò trưng bày của các người làm vậy có thật sự xứng hay không.từ nay về sau quên đi hãy nghĩ rằng tôi đã chết và đã không còn tồn tại.không còn gì liên quan đến việc này nữa rồi.,2022-01-02 00:44:31,Negative,"quantity is gone.I have said that these things will never be consistent. They will never change. These interpretations are arranged.It's best to write your own performance for yourself.You guys only make me discouraged.. is your showmanship really worth it? From now on, forget it and think that I am dead and no longer exist. There is nothing more to do with this."
3ee1412c-e425-4549-b459-b2c6e3787608,003,2,"học nhớ nghĩa rất nhanh, nói chung là ổn áp với 1 đứa lười học từ mới như mình nhưng cái nào khen được thì khen, chê vẫn phải chê: chỗ phát âm tiếng hàn có nhiều bạn thêm phiên âm tiếng việt vào (nó là phần giúp tôi học cái này) mình không biết diễn tả như nào nhưng bên app kiểm duyệt không kĩ, có vài từ phiên âm hẳn ra tiếng việt theo nghĩa thô tục, ví dụ như 보기 phát âm là pô ki, vậy mà trong bản phiên âm lại là b.ú đi là sao?? còn cả từ 은행 (ngân hàng) thì phiên âm là ""cướp đi""? rất cợt nhả.",2021-12-06 02:01:28,Negative,"Learning to remember meanings is very fast, in general it's stable for someone like me who is lazy to learn new words, but if something can be praised, then praise, criticism must still be criticized: in the Korean pronunciation, many people add Vietnamese phonetic transcription (it's the part that helps me learn this) I don't know how to describe it, but the app doesn't censor carefully, there are a few words that are transliterated into Vietnamese in a vulgar sense, for example, 보기 is pronounced po ki, but in the transcription it's b.su go iswhat??Also the word 은행 (bank) is transliterated as ""to rob""?very joking."
460245f0-a2d9-4836-b61d-22edb66ce77c,003,1,"the problem is that the app often freezes in the middle of a lesson when i'm studying and there is a problem with the sound. as for the lag, it only pops up when i'm halfway through a lesson but weirdly i can press the ""mute"" button or ""exit"" button. i did everything i could to free up some space, check the network, delete and re-download, reset the device but it's still the same as if it had an application conflict. on the other hand, it keeps on failing to load audio, i can't hear the pronunci",2021-11-29 13:39:14,Negative,"the problem is that the app often freezes in the middle of a lesson when i'm studying and there is a problem with the sound.as for the lag, it only pops up when i'm halfway through a lesson but weirdly i can press the ""mute"" button or ""exit"" button.i did everything i could to free up some space, check the network, delete and re-download, reset the device but it's still the same as if it had an application conflict.on the other hand, it keeps on failing to load audio, i can't hear the pronunci"
471d0754-bd85-4254-b022-fd694b12bc5f,003,1,"trời ơi đừng có chèn cái quảng cáo của minh tú dùm nữa đi, đang học cái tự động nhảy qua hết hồn cl còn nguyên.",2021-11-25 06:26:05,Negative,"Oh my god, stop inserting that celebrity ad, I'm learning how to automatically skip over the entire cl and it's still intact."
c41e86b4-27af-43cb-86db-fbe49d15e3e6,003,1,vừa update và nhận ra app đã cài quảng cáo. bao nhiêu năm sử dụng app không có quảng cáo nên bây giờ khá thất vọng.,2021-11-22 05:20:49,Negative,"Just updated and realized the app has ads installed.After many years of using the app without ads, now I'm quite disappointed."
540d0669-3b6f-471e-8d80-01694a1d8579,003,1,minh vô thử chẳng đc j cả mình học. chẳng nhớ nổi nữa nó ko giống như là youtube học dễ nhớ hơn học ở đấy chẳng nhớ gì cả,2021-09-01 13:16:41,Negative,"I tried but couldn't even study.I can't remember anymore, it's not like learning from YouTube is easier to remember than studying there and I can't remember anything"
7b9d10cb-e6e3-40fa-92a2-7623f856b734,003,2,nhờ bên bạn hỗ trợ google play hoàn tiền khi ứng dụng tự trừ số tiền 599.000 mà mình không đăng ký sủ dụng nha. thanks.,2021-07-25 03:36:20,Negative,"Please help Google Play to refund me when the app automatically deducts the amount of 599,000 without registering to use it.thanks."
fa0f981f-ebc5-4f31-b927-0b66ffe97578,003,1,"tôi học tiếng hàn, nhưng từ hiển thị lại là phiên âm la tinh của tiếng hàn. thật là vô nghĩa. việc học ngoại ngữ trên ứng dụng nổi tiếng này khiến tôi bất ngờ, vì nó...thực sự stupid.",2021-06-13 17:16:05,Negative,"I study Korean, but the word displayed is the romanization of Korean.It's meaningless.Learning a foreign language on this famous application surprised me, because it's...really stupid."
0bb173fe-7288-4ba6-b235-3689e1db3c3b,003,1,sao cứ tải tới 96% là nó k cho tải tiếp trong khi nó dung lượng bộ nhớ mình còn quá nhiều cần bên ad phản hồi e sao nó thế ạ,2021-06-03 05:00:29,Negative,"Why does it keep downloading until it reaches 96% when it still has too much memory? Admin needs to respond, why is it like this?"
ca065a2e-e524-4fe8-aa26-efbf1c6094dc,003,1,tôi ko còn sử dụng app nữa mà app tự động gia hạn và trừ tiền của tôi 1 năm sử dụng tiếp theo là 600.000đ. tôi hủy gói ngay sau khi thấy thông báo trừ tiền tài khoản ngân hàng. làm sao tôi có thể liên hệ với memrise để hoàn lại tiền???,2021-05-02 04:22:59,Negative,"I no longer use the app but the app automatically renews and deducts 600,000 VND from me for the next year of use.I canceled the package immediately after seeing the notification of money being deducted from my bank account.How can I contact memrise for a refund???"
3c2cf207-c6ca-42a3-b66a-e8cb09d90e50,003,2,mình đăng ký gói theo tháng . vẫn thường xuyên bị lỗi . mình ko học tiếp được tiếng anh phần 2 . rất khó chịu . phần lặn sâu cũng k theo dõi được . mong ad nhanh chóng sửa lỗi,2021-03-14 07:04:32,Negative,I subscribe to a monthly package.still crashes frequently.I can't continue studying English part 2.very uncomfortable.The deep diving part is also unmonitorable.I hope admin quickly fixes the error
c047c962-a922-461d-ba34-936dca6fea02,003,1,"mình đã mua gói vĩnh viễn, sau 1 năm dùng thì phần mềm bắt mua lại, viết thư hỏi thì bảo hỏi google pay, ức chế toàn tập.",2021-02-09 19:43:01,Negative,"I bought the permanent package, after 1 year of use, the software asked me to buy it again. When I wrote to ask, I was told to ask Google pay, completely frustrating."
dc51ddd6-4d08-4e35-9c4c-b80139cdde2c,003,2,"tôi chọn học tiếng hàn nhưng lại chẳng có chữ hàn nào xuất hiện, chỉ có đọc và dịch tiếng việt thôi thì không biết từ đó tiếng hàn viết thế nào",2021-01-27 23:04:01,Negative,"I chose to learn Korean but there were no Korean words. I only read and translated Vietnamese, but I don't know how to write those words in Korean."
bc1e64b9-b9ea-4928-9656-8516e894cbbe,003,1,mọi người đừng tải app này chứ.lừa đảo đó quảng cáo thì nói là rất nhiều từ vựng nhưng thật tế chỉ ở sơ cấp thôi,2021-01-24 13:21:51,Negative,"Everyone, please don't download this app. It's a scam. The ads say it has a lot of vocabulary but in reality it's only elementary."
ce493c1b-5b27-495f-aadb-22230d372940,003,2,"ứng dụng tốt, nhưng lúc mua rõ ràng bảo năm đầu giảm 50%, nhưng thanh toán vẫn là đủ chứ chả thấy giảm đâu, nên cho 2 sao",2021-01-06 03:25:46,Negative,"Good app, but when I bought it, it clearly said I would get a 50% discount for the first year, but the payment was still enough and I didn't see any discount, so I give it 2 stars."
4a5e09d0-3ac9-4812-9662-228e7b5beabf,003,1,"mình muốn mua vip để học nhưng ko thanh toán đc bằng tk điện thoại, cũng ko cho thanh toán bằng thẻ atm. có ai có thể hỗ trợ mình cách thanh toán để mua vip ko?",2020-12-05 13:26:35,Negative,"I want to buy VIP to study but I can't pay by phone account, nor can I pay by ATM card.Can anyone help me how to pay to buy VIP?"
afa2edb7-5d90-43a2-b95f-2bc2528656e8,003,1,vui lòng xem hộ tôi tài khoản đăng nhập phandung26089942 trên hệ điều hành android. tôi đã đki vip nhưng ko dùng đc các thứ còn lại như nghe hay luyện với bản ngữ.xin cảm ơn,2020-11-21 16:19:48,Negative,Please see my login account phandung26089942 on the Android operating system.I have become VIP but I can't use the remaining things like listening or practicing with native speakers. Thank you
ac2ccc79-1149-45ff-bc61-f0214225a9e4,003,1,"tại sao t đăng kí gói pro 1 năm mà k kích hoạt được các tính năng học vs người bản ngữ, phát âm hay nghe??? admin có thể giải quyết k?",2020-10-23 03:31:16,Negative,"Why do I sign up for the 1-year pro package but can't activate the native speaker learning, pronunciation or listening features???admin can you solve it?"
0dd0bce6-f418-4f4f-a45c-f7f789bf3fc7,003,1,"review: mình đã mua gói 1 tháng 99k, học cũng tạm tạm, chú trọng vào pinyin. sau khi kết thúc gói 1 tháng, app xoay tròn mất tín hiệu, mình đã nạp thêm gói 3 tháng và tình trạng vẫn nt, mong app giúp mình với. mình đánh giá 1* vì mong nhận được sự chú ý của app, nhận được phản hồi rồi mình sẽ sửa lại.",2020-10-20 09:33:13,Negative,"review: I bought the 1 month package for 99k, learning is temporary, focusing on pinyin.After finishing the 1-month package, the app rotated and lost signal. I added a 3-month package and the status is still the same. I hope the app can help me.I rate 1* because I hope to receive attention from the app, receive feedback and then I will correct it."
9a310b1e-1cc3-41b0-91fd-e9db0020666d,003,1,mình có đăng ký 1 năm nhưng giờ không muốn đăng ký nữa và bị trừ tiền là sao ạ dù chưa đến ngày hết hạn sử dụng. làm sao để được hoàn lại tiền ạ. và làm sao để hủy gia hạn tự động,2020-10-01 07:51:22,Negative,"I signed up for 1 year but now I don't want to sign up anymore and my money will be deducted, even though it hasn't expired yet.How can I get a refund?and how to cancel automatic renewal"
4d577585-5fa5-46c0-8272-cbc210202121,003,1,"để tạo động lực cho người học thì ""ngày liên tục"" nên liên thông giữa các khóa học. chứ học xong khóa này rồi sang khóa khác thì ngày lại bằng 0 nên mất hứng học. thứ 2 nên có các tùy chọn để có thể giữ ngày liên tục trong 1-2 ngày gì đấy, nhiều hôm quá bận không thể học được nên cũng bị mất streak nên mất động lực học luôn. thứ 3 nên tạo ra các nhóm để người dùng có thể tự tham gia vào các nhóm đấy để thi đua. về khoản này thì duolingo làm tốt hơn memrise rất nhiều lần, mỗi tội là cấp độ duolingo dễ quá nên mình không còn học nữa.",2020-09-17 10:13:36,Negative,"To motivate learners, ""continuous days"" should be connected between courses.But after finishing this course and then going to another course, the days are zero so I lose interest in studying.Second, there should be options to be able to keep the day continuously for 1-2 days or so. Many days I am too busy to study so I also lose streak and lose motivation to study.Third, groups should be created so that users can join those groups to compete.In this regard, duolingo does much better than memrise, the only fault is that the duolingo level is too easy so I don't study anymore."
d7a75a2b-1646-431f-9465-06eb0389a855,003,2,trước học app rất tốt k cần nâng cấp pro vẫn học đc .. giờ k cho học từ vựng mới luôn mình qua hellochinese đây .. khi nào app cho học tiếp mình sẽ quay lại,2020-09-10 18:29:26,Negative,"Before, the app was very good to learn, no need to upgrade to pro, still able to learn.. now it doesn't let me learn new vocabulary. I'll go to hellochinese.. when the app allows me to continue learning, I'll come back."
78126292-54f8-484a-b81a-e532cf1f1889,003,1,có cái gì hay đâu mà thằng bồ t cứ pr quoài từ lúc quen tới giờ. cũng thèm liếm tiền ngkhac lắm. memrise stress vl.,2020-09-08 15:18:11,Negative,There's nothing good that my boyfriend keeps flirting with from the moment we met him until now.I also want to lick money very much.memrise stress vl.
36f4373a-9f67-4b1e-9696-764da57a5ba7,003,1,"tôi vừa đăng ký gói khóa học 1 năm nhưng app không sử dụng được phần luyện nghe, phát âm và luyện cùng người bản xứ. mong add rep và giải quyết giúp mình vấn đề này ạ",2020-09-07 04:12:16,Negative,"I just signed up for a 1-year course package but the app can't use the listening, pronunciation and practice with native speakers.Please add rep and help me solve this problem"
eb27cfad-a0d8-4fa2-82b5-e9638c4cff05,003,1,cái này không đóng tiền thì không dược học. học xong bài 1 sang bài 2 thì bắt nộp tiền. xoá ngay lập tức luôn🖕,2020-08-22 14:17:19,Negative,"If you don't pay money, you won't learn medicine.After completing lesson 1, you will be required to pay money for lesson 2.Delete immediately🖕"
ff676bbf-b1aa-4dc7-b29f-38b400bc5571,003,1,tôi đã mua. nhưng tại sao khi vào ứng dụng cứ bị văng ra. hoặc vào được thì báo là tải tiết học bị lỗi. chỉ xóa đi tải lại thì mới vào được nhưng hôm sau thì lại tiếp tục như vậy. tài khoải của tôi là trieungocnhi151058.,2020-08-16 02:39:25,Negative,"I bought it.But why does it keep crashing when entering the application?Or when I log in, it says there was an error downloading the lesson.I just deleted it and re-downloaded it, but the next day it happened again.My account is trieungocnhi151058."
7b7a4f59-3f6a-478d-90d1-a4ac7918d55e,003,1,tôi đã mua gói pro rồi mà sao mục học tiếng hàn của tôi chỉ có cấp độ từ 1 đến 7. những sách khác như giáo trình tiếng hàn cho người việt tôi chỉ load được đúng cuốn 3 và ko có âm thanh đọc ji hết. tôi thực sự thất vọng với app này luôn đoa.,2020-08-05 09:05:55,Negative,"I bought the pro package, but why does my Korean learning section only have levels from 1 to 7? I can only download book 3 of other books like the Korean textbook for Vietnamese people and there is no audio at all.I'm really disappointed with this app."
99eb8012-7ccd-48da-b4dd-b2dcb1a8b248,003,1,"don't buy it. i am regreted to buy this app. i used to believe in this app but now nothing left. they created a game and changed the terms and conditions of staycation2020 and dont have any notices for users like the most an unfairness when i texted them, they ignore! hate memrise!",2020-05-21 07:18:43,Negative,"don't buy it.i am regreted to buy this app.i used to believe in this app but now nothing left.they created a game and changed the terms and conditions of staycation2020 and dont have any notices for users like the most an unfairness when i texted them, they ignore!hate memrise!"
2e34720e-15a0-4289-bc83-09c9b00673ac,003,1,i cant believe that i only use one account for two system is ios and android but this developer take twice bill for vip account for only one account. it's not a small money ✊✊,2020-05-04 07:37:36,Negative,i cant believe that i only use one account for two systems is ios and android but this developer take twice bill for vip account for only one account.it's not a small money ✊✊
ec5e990b-0af5-4d51-a24b-131eeeb85b16,003,1,sao đăng ký rồi mà các gói học vẫn không được mong ad xem sao. nếu còn tình trạng này mong ad hoàn lại tiền ạ,2020-04-16 14:19:17,Negative,"I've registered but the learning packages are still not available. I hope you can see.If this situation persists, I hope you will refund my money"
d8c34266-5b76-40e2-aaee-7c153045d7d2,003,1,"memrise sao phiên bản cũ không mất tiền lúc lên phiên bản mới thì mất tiền. chữ tiếng việt cứ chữ gầy, chữ đậm. mong memrise sẽ phản hồi lại.",2020-04-14 06:16:00,Negative,memrise why the old version doesn't cost money while upgrading to the new version costs money.Vietnamese letters are thin and bold.I hope memrise will respond.
dc0bc810-418b-4600-853f-28771121224a,003,1,"the update is so bad, even worse. i can not load any data, when i opened app, it is the whole white, and round round round again. this update made app slower, difficult to load data and derain user's motivation. waste money for you!",2020-04-07 02:56:54,Negative,"the update is so bad, even worse.i can not load any data, when i opened the app, it was the whole white, and round round round again.this update makes app slower, difficult to load data and derain user's motivation.waste money for you!"
6f261f57-e410-4971-a2c3-843ad61cbeaa,003,1,cho em hỏi sao em đã học hết 10 từ phần bệ phóng làm đi làm lại rất nhiều mà vẫn không mở khóa được phần tiếp theo. thật ko pit làm sao lun ấy,2020-03-21 04:46:34,Negative,Can I ask why I've learned all 10 words of the launcher part and done it over and over again but still can't unlock the next part?I really don't feel sorry for that
fa7d58c9-b8f4-4562-aabc-95205c3f05be,003,1,"khá nhiều từ khác nghĩa so với nghĩ ở quyển từ vựng toeic và ở google dịch cũng khác, hơn nữa không cài đặt được từ học mỗi tiết ở trên app. app chán quá.1500 từ nhưng chắc chỉ hơn 1000 từ toàn lặp lại từ ý nhưng nghia khác.thà rằng cho xuất hiện ở 1 phần nhưng hiện hết nghĩa thì sẽ k bị lẫn.",2020-03-15 22:03:00,Negative,"Many words have different meanings than thought in the TOEIC vocabulary book and Google Translate is also different, moreover, it is not possible to install words to learn for each lesson on the app.The app is so boring. 1500 words but probably only more than 1000 words are all repeating ideas but with different meanings. It would be better to appear in one part but show all the meaning so it won't be confused."
18d24511-3b06-412a-93bf-8282a0e31e1c,003,2,"khi dùng ứng dụng dạo này hay bị lag , dù tải đi tải lại , bấm vào chọn từ xong không nhảy sang phần khác cứ đơ 1 chỗ ... rất khó chịu mong ad fixx lỗi này với",2020-03-14 15:07:58,Negative,"When using the app lately, it often lags, even if I download it over and over again, click on it to select a word, then it doesn't jump to another part, it just freezes in one place... very annoying, I hope admin can fix this error."
2b14cd4b-f84a-46e3-9a19-649debd43235,003,2,tại sao chỉ học được có mấy từ vậy. tôi đang học khóa cho người mới bắt đầu mà tải về chỉ học được có 31 từ là sao vậy,2020-03-04 08:33:39,Negative,"Why can I only learn so few words?I'm taking a beginner's course but I only learned 31 words when I downloaded it, what's wrong?"
67effcff-e4f5-4bfe-9838-92c2634f3b5d,003,1,"cập nhật kêu chưa bao giờ tốt hơn bây giờ mà thật ra nó tệ hơn rất nhiều, app thường xuyên bị đứng, tần suất bị dày đặc.",2020-01-16 14:25:23,Negative,"Updates say it's never been better than it is now, but in fact it's much worse, the app often freezes, and the frequency is very high."
0f3891da-3873-4384-9929-f43b332f9d71,003,1,"ứng dụng rất tốt để học tiếng anh, mình rất thích nhưng cả ngày nay bị lỗi liên tục ko phát âm từ và bị đứng. mong đội ngũ ktv mau chóng fix lỗi.",2020-01-09 18:01:54,Negative,"Very good app to learn English, I really like it but all day I have been having trouble pronouncing words and freezing.Hope the technical team quickly fixes the error."
565197c1-10e4-41fc-9489-1d7f76c5182e,003,2,em muon dang ky trong dot khuyen mai nay nhung luc chon thanh toan ko duoc? gio phai lam sao de dang ky ah?may phan mem khac link den so dt thanh toan la xong nhung ben day tim hoai ko thay muc thanh toan..gio phai lam sao de dang ky hoc full ah?,2019-12-29 09:21:36,Negative,"I want to sign up for this promotion, but can I choose to pay?What should I do now to sign up? Another software link to the payment number is complete but the email address doesn't change the payment target.. Now what should I do to sign up for the full course?"
818ef0b8-09ee-4441-a3c1-f297a333a8cf,003,1,"tự động cập nhật dù đã tắt tính năng ấy. bản tự động cập nhật bị lỗi ngoại lai gì đó. bực ko tin được. ngày nào cũng phải xoá, cài lại. chấm 1 sao.",2019-12-08 19:15:08,Negative,Automatically updates even if that feature is turned off.The automatic update had some strange error.I can't believe it.Every day I have to delete and reinstall.give 1 star.
b123c870-bac2-48d4-a45b-33de0c1402cc,003,1,lúc mới tải thì nó là phiên bản cũ(logo nền vàng) sau vài ngày có cập nhật phiên bản mới(có hình tên lửa) (mình k thích phiên bản này) làm sao sử dụng được phiên bản cũ vậy mn?,2019-12-06 04:25:17,Negative,"When I first downloaded it, it was the old version (yellow background logo). After a few days, the new version (with rocket image) was updated (I don't like this version). How can I use the old version?"
0dcc9389-370c-4c44-8744-2147f12fe5c6,003,1,phần nghe chưa được nhiều sách đóng vip rồi nhưng vẫn không có bài nghe. không có thì đừng lừa đảo đóng tiền đóng đã không có bài nghe.,2019-12-06 02:27:15,Negative,"The listening section has not been covered by many VIP books, but there are still no listening lessons.If you don't have it, don't cheat and pay because you won't have any listening lessons."
2ae2e04e-37d9-4e0c-a054-4d2579c30767,003,2,rất tốt nhưng tôi chỉ cho 2 sao vì tôi nghĩ những tuổi cần học tiếng anh là từ lớp 4 đến 10 như thế với số tiền mà các bạn ấy có không thể đóng cho ứng dụng đc mong ad hạ thấp giá cho phù hợp hoặc cho miễn phí sẽ có nhiều lượt tải hơn rất nhiều,2019-11-11 12:07:24,Negative,"very good, but I only give 2 stars because I think the ages that need to learn English are from grade 4 to 10, so with the amount of money they have, they cannot pay for the application. I hope the admin lowers the price accordingly or makes it free, which will have a lot more downloads."
71b43afc-041d-45f9-abec-0824ed94865f,003,2,"mong nhà phát triển ứng dụng hãy thêm phần tick dấu đã thuộc với những voca mong muốn, đừng để rập khuôn theo cả bộ rất mất thời gian của người để phải học lại, vì cấu tạo memrise là học 6 lần/1 từ vì vậy một điểm thiếu sót lớn. thay vì phải mất thời gian học lại thì người học vẫn có thể tự ôn lại nhanh hoặc thông thường. đây là điểm thiếu sót từ lâu mình theo học memrise. cảm ơn đội ngũ!",2019-11-10 15:11:32,Negative,"I hope the application developer will add a tick mark for the desired vocabulary, don't stereotype the whole set, it will take a lot of people's time to learn again, because the memrise structure is to learn 6 times per word, so it's a big shortcoming.Instead of having to waste time re-studying, learners can still review quickly or normally.This is a shortcoming that I have been studying at Memrise for a long time.Thank you team!"
32729bc1-a4bb-4ca6-8476-5f6f82370b08,003,2,mình mới bắt đầu tải ứng dụng này ...mình học trên điện thoại sẽ như thế nào ạ ? ..không phải là dc học miễn phí ạ?,2019-11-06 15:04:58,Negative,I just started downloading this app...how will I study on my phone?..isn't it like studying for free?
fb2f539c-1376-4eb1-8c9e-bd9d5a51d359,003,2,"ứng dụng dùng được nhưng thời gian gần đây app có vẻ bị lỗi, cứ mỗi lần dùng phải tải lại, và chỉ dùng được đúng 1 lần lại phải tải, rất phiền phức",2019-10-25 06:58:18,Negative,"The app is usable, but recently the app seems to be buggy, every time I use it I have to download it again, and I can only use it once and have to download it again, which is very annoying."
0949e9ee-ba0d-4fa6-b2f0-3e9fe2397a10,003,1,làm ơn đừng cập nhật ứng dụng beta giùm. tải về đang không sao tự dưng cập nhật rồi ko dùng được luôn. hay là xoá luôn cho rồi,2019-10-13 12:46:27,Negative,Please don't update the beta app.The download was fine but suddenly it updated and couldn't be used.Or delete it altogether
f1905351-0f14-4a04-80a6-318a211b63c4,003,1,"tôi muốn học tiếng trung mà ở trên máy tính có thể học được mà tải về điện thoại lại khồn cho học, bắt phải mở khóa vậy?",2019-09-17 07:01:44,Negative,"I want to learn Chinese, but I can learn it on the computer, but downloading it to my phone is difficult, I have to unlock it?"
ad6d9548-b2bd-47d7-8804-2d5bc537e593,003,1,"mong ad chỉ ra cách fix lỗi hoặc fix lại lỗi của ứng dụng. * gần đây mình cài đặt xong xài được mấy tiếng thì ứng dụng lại nhảy ra thành "" memrise beta"" vào k thể thao tác bất cứ gì trên ứng dụng nữa. *mong ad đọc được và sớm phản hồi mình. *mình đánh giá 1 sao để ad chú ý đọc bài mình, sau khi fix được lỗi xong mình sẻ xoá đánh giá này vì ứng dụng rất hay và học rất tốt. cảm ơn!!!",2019-09-07 02:50:17,Negative,"I hope you can show me how to fix the error or fix the error of the application.* Recently, after installing it for a few hours, the app turned into ""memrise beta"" and I couldn't do anything on the app anymore.*I hope you can read it and respond to me soon.*I rate 1 star so that admins will pay attention to reading my article. After fixing the error, I will delete this review because the application is very good and learning is very good.Thanks!!!"
ffa90ec7-fc40-41af-aed7-ca90270e9eae,003,1,bây h em ko còn sử dụng dịch vụ nữa ạ mà h lại vẫn tiếp tục trừ tiền từ tài khoản vậy h em phải làm sao để được hoàn lại tiền từ dịch vụ ạ,2019-08-06 15:18:16,Negative,"Now I no longer use the service but it continues to deduct money from my account, so what should I do to get a refund from the service?"
7caa4ef1-8a4f-4292-96c1-ea8f2c9dc8a9,003,1,"tải về dùng đc 1 hôm là bình thường, hôm sau k thể nào tải dữ liệu để học được, lại còn báo là lỗi kết nối trong khi wifi full. đã thử xoá đi tải lại nhưng vẫn gặp tình trạng y chang",2019-07-25 04:13:02,Negative,"It's normal to download and use for 1 day, but the next day I can't download data to study, and it also says connection error while wifi is full.Tried deleting and redownloading but still having the same problem"
3aec8ac5-b082-4c0a-b86b-f76c674319c4,003,2,"bị tự động hạ thấp cấp độ xuống từ cấp 12 xuống cấp 1 chẳng hiểu vì sao memrise lại làm thế, mình hơi thất vọng, công sức học của mình :(",2019-06-30 05:14:10,Negative,"My level was automatically downgraded from level 12 to level 1, I don't understand why memrise did that, I'm a bit disappointed, my hard work learning :("
23c3f48d-eede-47b5-927c-3d65738aba26,003,2,"học tiếng anh thì không nói gì, nhưng tiếng trung với tiếng hàn thì là chữ tượng hình mà chỉ ghi phiên âm, làm sao mà học???",2019-06-19 03:33:55,Negative,"Learning English doesn't say anything, but Chinese and Korean have hieroglyphs and only phonetic transcriptions, how can you learn???"
713c5151-91f1-4e6b-bc7d-c5f39f3c8f5e,003,1,tại sao không cho đăng nhập nick cũ mà kêu đám ngoại lai vc dù đã kiểm tra và thử lại rất nhiều lần muốn xóa lun,2019-05-25 08:00:06,Negative,Why don't you allow me to log in to my old account and call them strangers even though I've checked and retried so many times I want to delete it?
a77d3af7-cfdb-44be-8d47-5e375ea834d2,003,1,các kiểu gì mà đứng im vậy chả thấy mặt hoa gì hết đó kiểm tra cái quái gì vậy bật rồi đó nha cho khỏi sao luôn đó nha,2019-04-30 14:39:15,Negative,Why are you standing still like that without seeing any flowery faces? Check what the heck it's turned on so you don't have any problems.
ab44676e-33b3-4117-9494-73659a41641d,003,2,"trải nghiệm được rất ít. bắt phải đóng tiền vào và số tiền đóng cũng k ít cho lắm. nhưng app tốt hợp với những người nhập cư, luyện phát âm, luyện nghe, từ vựng ,...",2019-04-30 11:05:34,Negative,"Experienced very little.You have to pay money and the amount is not very small.But the app is good for immigrants, practicing pronunciation, listening, vocabulary,..."
e5a4abe9-e78a-4f4b-8d83-c751a43ad784,003,2,"app memrise được tạo ra dùng rất tốt với các ưu điểm như: -ko tải ảnh lên bằng điện thoại được -chế độ ngoại tuyến khi tải được khi không -công nghệ thích ứng học hỏi ko thấy trên điện thoại -không tạo được học phần ở trên điện thoại nói chung, nói riêng và nói tóm lại, khẩn cầu các anh chị quan tâm đến app hơn. em xin hết (lần sau em kể tiếp because bây giờ mỏi tay rồi ^^ )",2019-04-25 23:02:32,Negative,"The memrise app was created to be used very well with advantages such as: - Can't upload photos using phone - Offline mode sometimes downloads, sometimes not - adaptive learning technology not found on the phone - Can't create courses on the phone in general, in particular and in short, I implore you to pay more attention to the app.I'm sorry (next time I'll tell you more because my hands are tired now ^^)"
ffe84dff-662d-4094-80fd-352275fa944d,003,1,"phiên bản cũ mình cho 5 sao, bản này thì 1 sao. giao diện không hòa hợp màu sắc, layout không hợp lí, thiết kế biểu tượng xấu, nên các chức năng chỗ thì bị rối, chỗ đơn điệu, thiếu tính concept. hạn chế ngôn ngữ, ngày xưa học được bao nhiêu khóa, bây giờ giới hạn mỗi tiếng anh, trung, hàn?? nếu ngày xưa mình k sớm học tiếng pháp thì chắc khóa pháp cũng k có luôn? tự hỏi không biết team ux/ui làm gì? team development làm gì?",2019-04-14 03:49:56,Negative,"I gave the old version 5 stars, this version 1 star.The interface does not harmonize with colors, the layout is unreasonable, the icon design is bad, so the functions are confusing, monotonous, and lacking in concept.Limited language, how many courses could you take in the past, now limited to only English, Chinese, Korean??If I hadn't learned French early, surely French courses wouldn't have existed?Wondering what the ux/ui team does?What does the development team do?"
5374626e-ab18-4f84-b29f-6dd8f5960fad,003,1,"giao diện mới rất xấu, màu sắc không nhẹ nhàng, mọi thứ đều không hài hòa. có vẻ như memrise muốn tôi xóa bỏ nó vĩnh viễn.",2019-04-11 16:58:55,Negative,"The new interface is very ugly, the colors are not gentle, everything is not harmonious.It seems like memrise wants me to delete it permanently."
ec37b743-cc39-4e02-a003-0def1a2ae5c0,003,1,bad service. no responsive work. i have had an issue for weeks but no one helps me or has a reasonable response. i cannot continue my lesson and i alread sent you nescessary information. don't use this app. really bad,2019-04-07 14:55:22,Negative,bad service.no responsive work.i have had an issue for weeks but no one helps me or has a reasonable response.i cannot continue my lesson and i alread sent you nessessary information.don't use this app.really bad
30c7eba2-63de-4f7d-a07d-d0eed8c66b40,003,1,"tôi đã đăng ký gói pro theo năm nhưng không thể kích hoạt để sử dụng phần luyện nghe, phát âm, học với người bản ngữ. tôi rất thâtd vọng, muốn hoàn tiền nhưng không thể liên lạc được với memrise. rất mong ad đọc được và hỗ trợ tôi trong việc hoàn tiền. cảm ơn nhiều!",2019-03-13 00:03:20,Negative,"I signed up for the annual pro package but can't activate it to use the listening, pronunciation, and study sessions with native speakers.I am very disappointed, want a refund but cannot contact memrise.I hope you can read it and assist me in getting a refund.Thank you very much!"
2c063392-9ace-4847-b66d-12de5573d91b,003,1,"đã hoàn thành bài học hằng ngày nhưng vẫn bị mất ngày liên tiếp, lúc trước học được 528 ngày, xong qua ngày hôm sau thì quay về 0. hổm nay cố gắng duy trì gần được 140 ngày hôm nay mở lên lại quay về 0. rất bực. được 105 ngày lại quay về 0. bây giờ k lẽ xóa app chứ. rất bực bội.",2019-02-12 15:16:32,Negative,"Completed the daily lesson but still lost days in a row. Before, I studied for 528 days, but the next day it went back to 0. Today I tried to maintain nearly 140 days. Today, when I opened it, it went back to 0. Very frustrating.After 105 days, it's back to 0. Shouldn't I delete the app now?very frustrating."
a85a689a-e6ff-4f56-aff1-39db0102e5b3,003,1,"đã đăng ký gói 1 năm nhưng không sử dụng được chức năng học với người bản ngữ và luyện phát âm. chức năng nghe cũng hạn chế, chỉ sử dụng được với 1 số ít khóa học, gửi mail cho địa chỉ mail báo kích hoạt thành công tài khoản thì báo ko tìm dc miền địa chỉ thư?? lừa đảo nhau à???",2019-02-10 09:32:59,Negative,"I signed up for a 1-year package but can't use the function of learning with native speakers and practicing pronunciation.The listening function is also limited, can only be used with a few courses, sending an email to the email address that reports successful account activation, it says the email address domain cannot be found??scam each other???"
e60020a5-86ff-4e70-b1b2-07e4e6ff682b,003,1,"chỉ cho học phiên âm là chính ko có phần luyện nhớ chữ+nói+viết tất nhiên là phải mất tiền 100%, chỉ cho học thử 1 phần rất rất nhỏ nếu xác định mất tiền để học thì hãy tải về",2019-02-07 15:06:46,Negative,"Only allows you to learn phonetic transcription, no part to practice memorizing words + speaking + writing, of course it costs 100% money, only gives you a very very small trial part, if you decide it will cost money to learn, then download it"
41bd1d50-4de0-4193-903d-ee2c2172ac9d,003,1,"thua cả bucha. bên đó miễn phí còn cập nhật nhiều cái hay , xóa ngay và luôn, chưa học gì đã thấy đóng tiền .",2019-01-26 13:34:00,Negative,"lost to bucha.It's free and updates a lot of good things, delete them right away, without learning anything you already have to pay."
3a23fc35-f8d1-434f-b3cc-c143b2c3ffb5,003,1,people no longer can create a course of whatever. can't search for what i'm looking for. why you delete all the other topic except language??? everything we can learn is useful using memrise. you should not do that. i dont want to use mr. del most of the lesson,2018-10-15 06:14:53,Negative,people no longer can create a course of whatever.can't search for what i'm looking for.why delete you all the other topics except language???everything we can learn is useful using memrise.you should not do that.i dont want to use mr.del most of the lesson
86647c2a-86d3-485f-8ef0-4919fcae5dca,003,1,"đề nghị nâng cấp. kiểm tra từ vựng theo hình ảnh, hết thời gian rồi mà ảnh 
vẫn ko hiện lên. nhiều lúc bị khoá học bị lỗi, không thể học được",2018-07-02 09:51:47,Negative,"Recommended upgrade.Check vocabulary with pictures, time is running out
still doesn't show up.Many times the course has errors and cannot be studied"
1a30cdaa-6638-4695-b140-e514634dd321,010,1,bảo có sub mà tìm mãi chả thấy sub ở đâu cả??? còn chả có transcript nữa thì học từ mới kiểu gì hả app????,2021-12-02 17:06:56,Negative,"They say there are subs but I can't find them anywhere???There's no transcript, how can you learn new words on the app????"
aa2e920f-a989-445f-945a-2aa0a008ff31,010,1,app ủng gì như cái qq@@ ngồi đợi load cả tiếng r vẫn ko nghe đc trong khi youtube hay mes vẫn sài bình thường🙄🙄 đề nghị nên fix lại app!!,2020-12-15 18:46:00,Negative,What app is like qq@@ waiting for an hour to load and still can't hear anything while youtube or mes are still working normally🙄🙄 please fix the app!!
e882b794-f2af-4cb7-9e4a-ff66da8e4fb6,010,2,thanks for your wonderful content. but you can do ted app like ted on browser. click subtitle and video play from that sub. so i will delete app to use ted on browser,2019-09-24 03:45:47,Negative,thanks for your wonderful content.but you can do ted app like ted on browser.click subtitle and video play from that subtitle.so i will delete app to use ted on browser
8f9f4f46-f2e6-4427-a4f8-5b415291ec63,010,2,có thể làm thêm thanh kéo ở phần transcript để vừa coi clip có sub english vừa kéo transcript coi 1 ngôn ngữ khác. chắc sướng lên đỉnh luôn quá,2018-12-20 06:12:41,Negative,You can add a scroll bar to the transcript section to both view the clip with English subtitles and drag the transcript to view another language.I'm sure I'll be so happy that I'll reach the top
ee84d69e-8b1b-4d13-8a36-2964c0a59e6e,010,1,"this app is very annoyed. i don't know why i can't log in to my ted account, can't choose subtitles in setttings, can't load the video list. so dissapointed!",2017-09-21 15:23:55,Negative,"this app is very angry.i don't know why i can't log in to my ted account, can't choose subtitles in settings, can't load the video list.so dissapointed!"
a7d75b5f-6f7f-4d33-a1a7-3c06df0ff941,010,1,"after tapping play button, it keep spinning , loading for long time and doesnt play the video for me, on my sm-t111 full speed wifi",2017-05-03 16:37:53,Negative,"after tapping play button, it keeps spinning , loading for long time and doesn't play the video for me, on my sm-t111 full speed wifi"
d22ef8c5-4e9b-4a1e-beac-27016dafc962,010,2,"tại sao app không thể sort từng mục như trên web được vậy? khiến việc tìm kiếm không như ý muốn, vẫn còn bị hạn chế",2016-06-18 10:44:12,Negative,Why can't the app sort each item like on the web?making the search unsatisfactory and still limited
e15ba769-e355-4d5a-990d-886ee17da7ed,009,1,tôi đã đăng ký gói plus nhưng ứng dụng tiếp tục bắt buộc tôi phải đăng ký thêm gói plus ultimated thì mới được phép học tiếp. ứng dụng thì nghèo nàn và gần như không thay đổi gì sau nhiều năm. tôi sẽ sử dụng ứng dụng khác vì tôi có rất nhiều sự lựa chọn. tôi sẽ chọn ứng dụng khác như anki. thứ app moi tiền người dùng một cách ngớ ngẫn.,2025-12-31 13:20:19,Negative,I have registered for the plus package but the application continues to force me to register for the plus ultimated package to be allowed to continue studying.The app is poor and has barely changed over the years.I would use another app because I have so many choices.I will choose another app like anki.An app that absurdly extorts money from users.
108a0163-60e2-417a-950e-1e96813fafa5,009,2,"tôi hỏi rất rõ ràng, nhưng kết quả tào lao rắc rối (>-<) tệ thật ,cảm thấy bực vì phải nhập từ khóa nhiều lần nhưng kết quả ko như mong muốn",2025-12-26 13:04:22,Negative,"I asked very clearly, but the results are so confusing (>-<) it's really bad, I feel frustrated because I have to enter the keyword many times but the results are not as expected."
dfec896d-d0ce-486e-825c-5b9ba28d885b,009,1,"this is the worst customer service experience i have ever had. i contacted the developer many times regarding my refund request, but they kept ignoring my emails and pretending that they “cannot” issue a refund, even though google play confirmed that they can. the developer is dishonest, unprofessional, and keeps wasting users’ time. i am extremely disappointed and feel completely misled. i will not recommend this app to anyone until the developer handles my refund properly.",2025-12-11 10:01:35,Negative,"this is the worst customer service experience i have ever had.i contacted the developer many times regarding my refund request, but they kept ignoring my emails and pretending that they “cannot” issue a refund, even though google play confirmed that they can.the developer is dishonest, unprofessional, and keeps wasting users’ time.i am extremely disappointed and feel completely misled.i will not recommend this app to anyone until the developer handles my refund properly."
acd04c4b-529f-4d28-8f4a-7225ba3c1d49,009,1,khi chơi khối hợp đến phần điền từ thì điền từ đúng rồi nhưng game ko chịu cứ cho sai khó chịu thì vô cùng,2025-11-27 11:10:40,Negative,"When playing the matching block, when it comes to filling in the words, you fill in the correct words, but the game refuses to let you get it wrong, which is extremely annoying"
b94b8c8a-5cb6-4979-ae31-2b8fe3060951,009,1,"bực mình , ngồi kế bên cục wifi mà cứ nói là lỗi mạng k vào đc, còn bị lỗi bỏ chặn gì gì đó k hiểu luôn , mà có chặn đâu",2025-11-18 14:30:03,Negative,"Annoyed, I sit next to the wifi and keep saying it's a network error, I can't access it, there's also an error in unblocking something I don't understand, but it doesn't block anything."
3b7fb1b7-b31f-4e39-a894-b4eb112cf695,009,1,"không thể sử dụng được ứng dụng. không thể chơi được blast. ứng dụng phải bắt phải đổi mật khẩu mới có thể tiếp tục sử dụng ứng dụng. đã thay đổi mật khẩu mới nhưng lại bắt thay đổi tên người dùng mới có thể thay đổi mật khẩu được. đổi tên người dùng thì không cho nói là chỉ đổi được 1 lần. không thể tìm các tài liệu của những người dùng khác trên mạng, thanh tìm kiếm coi như vô dụng. kèm theo nữa là không thể nào vào bất kỳ học phần nào hay thư mục của phần thư mục. cứ xảy ra lỗi liên tục. chán",2025-11-06 12:23:07,Negative,"Unable to use the application.Blast cannot be played.The application must force you to change your password to continue using the application.changed the new password but required changing the username to be able to change the password.If you change your username, it doesn't mean you can only change it once.unable to find other users' documents online, the search bar is considered useless.In addition, it is impossible to access any course or directory of the directory.error keeps happening.bored"
c7f4dc4a-826a-4167-8878-211c54bfe14a,009,1,"tệ, đăng ký thử 7 ngày thì thôi. sau 7 ngàu còn gia hạn. nhớ thì tốt mà ko nhớ thì cũng chẳng thông báo gì cả, đùng 1 phát trừ 900k. dịch vụ chăm sóc khách hàng vô cùng tệ.",2025-09-28 18:04:36,Negative,"Too bad, just sign up for a 7-day trial.After 7 days, there is an extension.If you remember, it's good, but if you don't remember, there's no notification at all. 900k will be deducted in one go.Extremely bad customer service."
d6379fad-a284-468b-8420-d4a3f526b0eb,009,1,bịp bợm chs dùng thử free 7 ngày xg 7 ngày sau trừ tiền mà k cho xác nhận lại xg miễn trừ trách nhiệm hoàn tiền rồi cứ đỗ qua google nên ae nên né nha mắc mà còn lừa đảo nữa bt 910k k phải số tiền lớn đối với nhiều người nhưng làm v khác nào đang lừa đảo người dùng đâu học chx đc ngày nào mà đang ko làm j cg bị trừ tiền nghĩ cg cay,2025-09-09 17:19:37,Negative,scam chs free trial for 7 days xg 7 days later deducted money but didn't let me confirm
e6b14a1b-6192-4481-8d35-630fc68d7838,009,1,"cái chức năng block đó là game t thấy hay mà nhập đúng rồi nó cứ bảo sai, đến khi hiện ra kết quả thì đúng y chang cái t điền mà nó cứ chấm sai, chịu",2025-08-31 08:45:23,Negative,"That block function is a good game, but if I enter correctly, it keeps saying it's wrong. When the result appears, it's exactly the same as what I entered, but it keeps getting it wrong."
fffb864c-4a3d-427d-907f-6e03137d7d34,009,1,"ko có phần bỏ lưu hoặc xoá học phần đã lưu từ người khác, học phần ko dùng nữa cứ đầy đống trong thư viện rất khó chịu. hy vọng nhà sản xuất sớm khắc phục.",2025-08-28 16:57:57,Negative,"There is no way to unsave or delete courses saved from others. Unused courses keep piling up in the library, which is very annoying.Hope the manufacturer fixes it soon."
10a4d40e-5d59-4531-9275-56916a75565d,009,2,"chức năng cơ bản nhất để học thì phải trả phí , ứng dụng cho học sinh nhưng giá thì chẳng thấy "" học sinh "" chỗ nào 😞😞",2025-08-04 09:05:54,Negative,"You have to pay for the most basic functions to learn, the app is for students, but the price doesn't show ""students"" anywhere 😞😞"
a9c05889-5889-466a-87b9-3c813acacaf5,009,2,"tại sao vài lúc cái flash card lỗi 0/0 thẻ r khiến nguyên bộ flash card không còn học đc nx. ko reset đc, ko học đc. lỗi này nghiêm trọng mà đã bị 2-3 lần r",2025-07-30 04:48:52,Negative,"Why is it that sometimes the flash card error 0/0 r card causes the entire flash card to no longer be able to learn?Can't reset, can't learn.This error is serious and has occurred 2-3 times"
a2ade742-0547-496f-90e2-c051b4101c32,009,2,"ứng dụng trả tiền lùa gà, tạo flashcard cho đã rồi làm chỉ có 1 nữa, còn muốn làm nữa còn lại phải trả tiền",2025-07-15 01:37:29,Negative,"The app pays to herd chickens, create flashcards, then only do one more thing. If you want to do more, you have to pay."
a5f1872d-7e9a-418c-b2a3-795b7fefa5ef,009,1,tải rồi nhưng mà vx hiện quảng cáo tải tải gì mà quảng cáo bắt tải lắm thế ? đang nhắn tin cx hiện quảng cáo ???,2025-07-14 10:09:02,Negative,"It's downloaded but vx shows download ads, why are there so many download ads?I'm texting and I'm showing ads???"
a300b54e-0c31-4b27-bd59-3fd38c168993,009,2,??? đang làm bài tập cô giao tự nhiên gói khóa học cái gì?? nhấn để sau rồi khóa luôn phần đang học ??? rồi làm kiểu gì ?? không đăng kí khóa học là không cho làm bài + gửi bài cho cô hay gì ???? ý là mình thiếu tiền quá à??,2025-07-08 14:47:34,Negative,"???I'm doing the homework you assigned me, what course package?press later and then lock the part you are studying???then what to do??If you don't register for the course, you won't be allowed to do the assignment + send it to me or what????What do you mean I'm too short of money??"
3dfbc6ad-2db6-4c9a-a507-2f698ac864c1,009,1,chuẩn bị hết 1 tuần dùng thử mà khi bấm vào mục hủy trên cửa hàng play. mà lại ko hiện ra gì vậy. không thể hủy nổi là sao???😡😡😡,2025-06-30 14:38:39,Negative,I'm about to finish my 1 week trial but when I click cancel on the play store.but nothing appears.What does it mean when it can't be cancelled???😡😡😡
36b343ca-ce39-45bf-9cb0-2f7c6f9f64f4,009,1,"nhập mãi cái chữ tiếng trung vào bài học mà ko đc,ko có nút nào để hoàn thành câu để sang câu khác, bực cả mình",2025-06-26 14:44:25,Negative,"I can't enter Chinese characters into the lesson, there's no button to complete the sentence to move on to another sentence, it's so frustrating."
b1269b47-b374-4610-a293-b153fc8bf546,009,2,ứng dụng trừ tiền khi tôi chưa sử dụng dịch vụ khi khiếu nại hoàn tiền thì không thấy hoàn lại tôi yêu cầu làm rõ vụ việc này,2025-06-07 02:57:16,Negative,"The application deducts money when I have not used the service. When I request a refund, I do not receive a refund. I request clarification on this matter."
07d024a1-653c-4852-9916-007714bf73e2,009,1,tự động đăng ký của tôi 862 nghìn nhưng tôi không hề biết về khoản giao dịch này tôi chưa hề sử dụng nó gửi yêu cầu hoàn tiền thì để không được trường hợp của tôi đáp ứng đủ điều kiện yêu cầu hoàn tiền mà,2025-05-25 00:39:17,Negative,My automatic registration is 862 thousand but I don't know about this transaction and I have never used it before submitting a refund request so that my case does not meet the conditions for a refund request.
167349b5-5159-4ec7-8db7-4d0b0fd88593,009,1,cái app lol này tao cũng dành nhiều từ hoa lệ để tâm sự với nó rồi nhưng nó không phản hồi.app lol này giao diện khá đơn giản lên web nhập từ vựng coppy và past khá tiện nói thật app lol này là cái app dễ dùng nhất mà tao sài. đứa nào mà nói lag hay sài không được là điện thoại lỏ.riêng tao là con đỗ nghèo khỉ nên mới toxic cái app lol này. nó kiểu bố thí vài lần ôn từ vựng cái hết phải bắt nộp vip đăng kí tháng. nó khiến tao bực vl nên tao đăng nhập tài khoản khác ôn từ vựng tiếp nó phiền vl.,2025-05-22 16:18:58,Negative,"I've spent a lot of fancy words confiding in this lol app, but it doesn't respond. This lol app has a pretty simple interface, entering copy and past vocabulary on the web is quite convenient, to be honest, this lol app is the easiest to use that I've used.Anyone who says it's laggy or can't use it has a bad phone. I'm the poor one that's why this app is toxic lol.It's like giving alms a few times to review vocabulary and then having to pay a VIP monthly subscription.It made me so angry so I logged in to another account to study vocabulary and it was so annoying."
01c392b1-ef98-4b5e-b1a8-7072e0423aa5,009,1,không nên đăng ký nha mọi người . ứng dụng rất tệ học chả ra sao cả nhưng không cho hủy đăng ký gói. tôi vừa bị mất 663.000 và giờ đang tìm cách hủy đăng ký nhưng vẫn chưa được. cảm giác như bị lừa đảo,2025-05-19 11:11:56,Negative,"You should not register, everyone.The app is very bad and doesn't do anything but doesn't allow you to cancel your subscription.I just lost 663,000 and now trying to cancel my subscription but still can't.feels like being scammed"
8b07d07a-5379-42c0-a258-cbe6496a209c,009,1,"nói là giải bài tập miễn phí mà vào phải đăng nhập,ghi các loại thông tin, tưởng ghi xong là vào đc rồi ai mà ngờ vào xong nó cứ quay tròn quay tròn hoài (vạch mạng căng đầy 5 vạch) mọi người hãy đọc và suy nghĩ có nên tải hay không",2025-05-10 09:52:40,Negative,"It says it's free to solve exercises, but you have to log in and write down all kinds of information. I thought once I finished writing, I'd be able to log in. Who would have thought that after logging in, it just keeps spinning and spinning (the network line is full of 5 lines). Everyone, please read and think about whether to download or not."
103f244c-0aae-4501-b658-d0507f918baf,009,1,đánh giá 5 sao thì nhiều thật đấy nhg ms tải về mà t pk đợi 10 phút rồi mà vẫn quay vòng vòng 😡😡,2025-05-07 14:15:33,Negative,"5 star reviews are a lot, but I downloaded it and waited 10 minutes and it's still spinning 😡😡"
619d921d-1968-4a32-aeaa-fab17dd5080a,009,1,"đăng kí dùng thử bản plus. dù vào hủy trước 1 ngày rồi nhưng app không cho hủy, lên google play thì không hề có gói đăng kí trong tài khoản, trên app thì không cho hủy và không cho xóa tài khoản luôn, lỗi liên tục. đến khi xóa được rồi thì hôm sau vẫn thấy trừ tiền bình thường :)))) giờ vào xem tài khoản thì tài khoản đã bị xóa rồi! nghĩa là hủy đăng kí, xóa tài khoản trước 1 ngày rồi mà vẫn bắt thanh toán bình thường! là sao vậy 😡😡😡 vô cùng bực. yêu cầu giải quyết. 900.000 đâu có ít",2025-04-21 08:09:40,Negative,"Sign up to try the plus version.Even though I canceled 1 day in advance, the app won't let me cancel. When I go to Google Play, there is no registration package in my account. On the app, I won't let me cancel and won't let me delete my account. There are constant errors.Once I deleted it, the next day I still saw the money deducted normally :)))) Now when I go to check my account, it has been deleted!This means canceling the registration or deleting the account 1 day before but still receiving payment normally!What's wrong 😡😡😡 extremely upset.request resolution.900,000 is not a little"
02427913-c7a6-4881-a928-854543aafb72,009,1,khi mình tải quizlet về nó bắt mình phải đăng nhập hoặc đăng nhập email và đăng nhập với googlo không đăng nhập được thì nó không cho ví dụ như mình lở quên mất mật khẩu thì sao.,2025-04-13 03:55:18,Negative,"When I downloaded quizlet, it forced me to log in or log in to my email and log in with Google. If I couldn't log in, it wouldn't give me an example, what if I forgot my password?"
773f2796-b81c-4b3a-8400-80cd3bc7f755,009,1,tự tạo bài mà cũng giới hạn số lần học.sáng tạo ra app cho ngta nhưng muốn học thì phải đăng ký 😡 đâu phải ai cx có đóng hàng tháng,2025-04-07 20:22:27,Negative,"Create your own lessons but also limit the number of times you can study. Created an app for people but if you want to study, you have to register 😡 not everyone has to pay monthly"
f5577ce8-f099-42f4-a7c2-3941a98aafc9,009,2,"đừng bắt tôi lên quizlet plus nữa, tôi chỉ muốn được học thôi, các người dưngd ép tôi nạp tiền vào để học, các người có thể chèn quảng cao cho những người ko nạp mà học miễn phí được mà. các người tạo ra app để giúp học tập mà sao phải premium mới học được:(",2025-03-30 14:43:08,Negative,"Don't force me to go to quizlet plus anymore, I just want to learn, you guys are forcing me to deposit money to study, you can insert ads for people who don't recharge to learn for free.You guys created the app to help you study, so why do you have to pay a premium to learn? :("
ebb02cff-7c89-4afd-9764-c9ddad21d9bf,009,1,"pls, edit the function of test feature. after user practice the test, any questions is false, it should be placed in study section in order to review easily. and if the question is true, it should be retained in the proficiency section. now in this version, after user practice the test, all questions are returned to study section !!!",2025-03-21 13:03:23,Negative,"pls, edit the function of test feature.After user practice the test, any questions are false, it should be placed in study section in order to review easily.and if the question is true, it should be retained in the proficiency section.now in this version, after user practice the test, all questions are returned to study section !!!"
25db62cd-32be-4067-9aaa-4753123b91bc,009,1,vô cùng tồi tệ tôi chưa bao giờ phải đánh sản phẩm nào mà 1 sao luôn đây là đầu tiên tôi đánh giá 1 sp 1 sao tệ,2025-03-12 13:55:52,Negative,extremely bad. I have never had to rate a product with 1 star. This is the first time I have rated a product with 1 bad star.
4aaacdf6-4b32-48dc-a3ff-c9d091496399,009,1,"ứng dụng cập nhập phiên bản mới, là toàn bộ câu trả lời trắc nghiệm bị lỗi hết, từ 3 đáp án thành 4 đáp án luôn",2025-02-15 11:49:00,Negative,"The application updated to a new version, all the multiple choice answers were corrupted, from 3 answers to 4 answers."
af7217fd-717a-4f6f-96a5-75f480ba5841,009,2,rất hay nhưng vì tính năng bắt phải nâng cấp lên bằng tiền nên tui ko thích mặc dù đang học rất hữu ích mà app bắt lên pro quài nên không thích,2025-02-08 13:24:10,Negative,"It's very good, but because the feature requires you to upgrade with money, I don't like it. Even though I'm learning it's very useful, but the app requires pro upgrade, so I don't like it."
7ba09883-1990-4198-8c9c-07561bc99ec8,009,1,làm sao để tôi cps có thể hủy gói gia hạn miễn phí trong vòng 7 ngày ? tôi đã làm mọi cách nhưng không thể hủy. phải chăng đây là cách để tôi bị mất phí trong 3 tháng tới.,2025-02-01 14:42:11,Negative,How can I cps cancel my free renewal package within 7 days?I tried everything but can't cancel.Is this a way for me to lose money in the next 3 months?
62188103-5f6e-4a35-b77d-1e4c952a4784,009,2,t tải về để học ôn thì mà kiểu j ấy toàn j ko à toàn tiếng anh ko ai mà hỉu r còn bắt tạo tùm lum nữa ai rảnh đâu mà làm🙃🙂,2025-01-06 08:32:56,Negative,"I downloaded it to study but it's all in English and no one understands and I'm forced to create a bunch of stuff, no one has time to do it🙃🙂"
f6613543-48a2-492c-a0f1-8e6e336a0b50,009,1,"tôi đã đăng ký gói tháng giá 146.316₫/tháng tuy nhiên app vẫn không cho tôi sử dụng dịch vụ. trừ tiền rất nhanh, nhưng khi vào app lại không cho tôi sử dụng dịch vụ tôi đã đăng ký. vẫn hiện như lúc chưa đăng ký ấy thế là mất oan tiền. mọi người cân nhắc trước khi đăng ký nhé",2024-12-28 18:04:03,Negative,"I signed up for a monthly package priced at 146,316 VND/month but the app still won't let me use the service.The money was deducted very quickly, but when I went to the app, it didn't let me use the service I registered for.It's still as if it wasn't registered, so it's a waste of money.Please consider before registering"
b8e0c91a-3915-457e-b43f-2dcd877d4921,009,1,"lỡ ấn đăng kí gói plus không hủy được giờ k dám nạp tiền vào tài khoản ngân hàng luôn , app này làm ăn bịp vc , ngta lỡ đăng kí mà cũng không cho hủy luôn,chắc phải chờ ngta nạp tiền vào rồi tự thanh toán xong mới cho hủy. thực sự khuyên mn dùng app này không nên đăng kí gói plus. giờ mà có tiền trong tk là app nó cho bay hơn 800k liền ,không biết phải làm sao mới hủy đuocj nữa.mấy app khác lỡ đk nó vẫn cho hủy .",2024-12-27 15:52:34,Negative,"I accidentally signed up for the plus package and couldn't cancel it. Now I don't dare add money to my bank account. This app is a scam. I accidentally signed up and still won't let me cancel. I have to wait until I deposit money and then pay myself before canceling.I really recommend that users of this app do not sign up for the plus package.Now, if I have money in my account, the app will immediately let me spend more than 800k. I don't know how to cancel it. Other apps will still cancel it if I don't like it."
7fd44771-2e40-485c-b4c0-240fa8dc1a1e,009,1,"không hiểu sao nó lại không tạo được đề thi trắc nghiệm, lúc nào cũng báo là quá hạn câu hỏi, thử đủ lần từ giảm xuống còn 1 câu đến tăng lên gần 200 câu mà vẫn không thấy cải thiện, lần đầu tiên sử dụng rõ ràng rất tốt, không biết sao lần thứ hai lại không được nữa",2024-12-26 09:43:31,Negative,"I don't understand why it can't create multiple-choice questions. It always says the questions are overdue. I've tried many times, from reducing it to 1 question to increasing it to nearly 200 questions, but I still don't see any improvement. The first time I used it, it was clearly very good. I don't know why it didn't work the second time."
da71c7e7-2590-42b7-91a3-b6c0a4ee99de,009,1,tôi ghét ứng fụng này vì đăng nhập đúng mà ko mở đc kiểm tra mấy lần rùi ko sai mà bảo ko đăng nhập đc😡🤬,2024-12-24 13:11:51,Negative,I hate this app because I can't open it after logging in correctly. I've checked it several times and it's ok but it says I can't log in😡🤬
0258ea2f-8c78-4a8a-86e4-d726762581cc,009,1,"bấm sài miễn phí rồi app tự động kích hoạt gói 1 năm rồi trừ tiền tài khoảng . bấm hoàn lại thì bảo không hoàn lại . chịu ,lần đâu như lần cuối bay 864k quan mạng . app giống lừa đảo .",2024-12-20 21:49:18,Negative,"Click ""free"" and the app will automatically activate the 1-year package and then deduct money from your account.Click refund and it says no refund.I'm sorry, it's not like the last time flying 864k quan network.The app looks like a scam."
552f3c1a-bc9d-4101-8c6f-e0b644efcf04,009,1,học 1 năm trừ 1400 000 triệu đồng mọi người đừng tin vào app lỏ này dell hoàn lại tiền dc còn gia hạn nộp phí lừa đảo chiếm đoạt tài sản đấy đừng tin nha mọi người ko vào dc lag giật lỗi văng ko dc j còn bị mất tiền app tốt con cak dung lượng nhiều làm lag cả máy quá tệ sao google play lại cho app này vào vậy xóa ngay đi nhà phát triển dell quan tâm đến người dùng đâu chỉ quan tâm đến lợi ích cho bản thân thôi app nhu con cak,2024-12-07 13:11:49,Negative,"Study for 1 year minus 1,400,000 million VND, everyone, don't believe in this fake app. Dell refunds the money. There's still an extension to pay the fee. It's a scam to appropriate property. Don't believe it. People can't log in. It lags, crashes, doesn't work. I still lose money. The app is good. The cak has a lot of capacity and makes the device lag so bad. Why did Google Play put this app in? Delete it immediately. Dell developers care about users, they don't only care about their own benefits. Apps like children. cak"
845f5f82-d3c7-472a-b371-1056693d259b,009,1,"moá nó, xoá ứng dụng rồi mà hacker nó lần theo tài khoản mac đt nó hack vô ví điện tử tự động nạp tiền ngân hàng luôn, xong nó tự gia hạn tài khoản quizlet 1 năm, con chó",2024-12-07 05:42:13,Negative,"Delete it, delete the app, but the hacker tracked down your mac account and hacked into the e-wallet and automatically recharged the bank, then automatically renewed your Quizlet account for 1 year, bitch"
320f958d-6d29-45f1-bc45-ce4e89d6522e,009,1,lỡ có mà thêm 1 từ vựng vào cái flashcard là coi như làm lại từ đầu.mới làm cái flashcard 238 từ xong lỡ thêm 1 cái nữa mà không xoá được.1* là ok,2024-11-28 13:25:25,Negative,"If you accidentally add 1 vocabulary word to the flashcard, it's like starting over. Just made a 238-word flashcard and accidentally added 1 more word but can't erase it. 1* is ok."
16408d7b-10f9-4576-9edd-97edfa73232b,009,1,"tr ơi tự nhiên trừ tiền của ngta mà không tb vậy, cả triệu chứ ít ỏi gì đâu??? yêu cầu app hoàn tiền cho t",2024-11-11 12:01:09,Negative,"Oh my God, I suddenly deducted everyone's money without paying attention, it's a million, what's the small amount???Ask the app to refund your money"
a8bff240-4e54-4c76-80c5-6986a38c5118,009,2,"đang học thẻ ghi nhớ được 1/2 bài r thì treo máy 1 lúc , lúc sau vào lại reset lại hết bắt học lại từ đầu rất khó chịu",2024-11-09 08:33:44,Negative,"I was learning about 1/2 of a lesson from a flashcard, then the phone hung up for a while, then I restarted it and had to start over from the beginning, which was very annoying."
ee5d7e77-e562-4639-96be-da31b63c3be5,009,1,"đội ngũ phản hồi không có dấu hiệu trả lời cẩn thận về vấn đề khách hàng cứ đùn đẩy trách nhiệm cho google,trong khi đó đã giải thích rồi",2024-10-14 17:02:50,Negative,"The response team shows no signs of responding carefully to the issue where customers keep pushing responsibility onto Google, while already explaining it."
2be3617a-8bbd-4460-ac64-f5e29bf5107e,009,1,tệ nha tạo mấy quizz ngắn ngắn còn ok tới tạo mấy quizz dài lại chỉ cho học một lần và phải tốn tiền để học tiếp,2024-10-13 07:45:00,Negative,It's bad to create short quizzes but it's ok to create long quizzes but only let you study once and have to spend money to continue studying.
0f6a0734-3b36-44f3-9003-93491cb10435,009,1,áp tệ vô cùng đang làm thì văng ra không lưu lại được thế là làm lại từ đầu. còn lúc làm xog không bỏ vào thư mục thì mất hết. vừa mất thời gian vừa phế vậy cx pr cố vào vào thì cứ bị xoay khó chiệu vãi,2024-10-08 14:01:43,Negative,"The extremely bad pressure I was working on fell out and couldn't be saved, so I had to start over from the beginning.If you don't put it in a folder when you're done, it'll all be lost.It's both a waste of time and a waste of time, so when you try to get in, it keeps getting turned around and it's so difficult to handle"
338cf1fd-1277-4c3a-a30f-6ab9ca617126,009,1,quizlet tự động gia hạn gói đăng kí mà không hỏi ý tôi và trừ tiền tôi vào 19:01 ngày 2/10/2024 đề nghị quizlet hoàn tiền cho tôi ngay lập tức. tôi rất thất vọng về quizlet vì vấn đề này.,2024-10-05 06:33:24,Negative,"Quizlet automatically renewed my subscription without asking me and charged me at 19:01 on October 2, 2024, asking Quizlet to refund me immediately.I am very disappointed in quizlet because of this problem."
60da1fd6-98a8-4f26-9a8b-b8ca350059fb,009,1,"app vớ vẩn , ko mua mà dám trừ tiền mà chưa thông qua , m.n đừng tải nha , lừa đảo thật đề nghị app hoàn tiền lại",2024-09-27 15:17:54,Negative,"Nonsense app, didn't buy it but dare to deduct money without approval, please don't download it, it's a scam, please refund the app."
38f0a619-30e2-491d-9856-6b62b6106d7d,009,1,"bọn tham lam, càng update càng kém đi . app như này đòi thử phí chát như vậy. tưởng chỉ có app này học đc thôi à. 1 sao ko nói nhiều",2024-09-24 13:01:04,Negative,"Greedy people, the more they update, the worse they get.An app like this requires such a waste of time.I thought this app was the only way to learn.1 star doesn't say much"
448a612e-e3db-49a4-a62a-a7b16fe9c76f,009,1,phiên bản cập nhật có lỗi về trải nghiệm người dùng khiến việc sử dụng rất khó chịu vấn đề: khi mở một thư mục để học thì nó rất nhạy và chỉ cần trượt nhẹ là học phần có thể bị xóa khỏi thư mục. rất chán!,2024-09-24 03:20:24,Negative,"The updated version has user experience errors that make it very frustrating to use: when opening a folder to study, it is very sensitive and with just a slight slide the study can be deleted from the folder.very boring!"
3633f507-c35b-4ad4-bda1-5d7e5c95124d,009,1,"không có sử dụng tiếng việt ở một số cái mà với mình thì nó là chủ yếu ở những cái mình học như tiếng đức, tâm lý học,.. những cái đó toàn tiếng anh nên không hiểu gì hết",2024-09-01 09:28:04,Negative,"I don't use Vietnamese in some things, but for me, it's mainly in the things I study like German, psychology,... those things are all in English so I don't understand anything."
402b59db-fbde-4683-8b3c-3fcc3d45af19,009,1,khó chịu vô cùng khi mà quizlet không có nút tắt tự động gia hạn. để quizlet tự động trừ hết tiền. mong quizlet có thể thêm phương thức nhắc nhở gia hạn gói cho người dùng.,2024-08-01 04:58:38,Negative,It's extremely annoying that Quizlet doesn't have a button to turn off auto-renew.Let Quizlet automatically deduct all the money.I hope quizlet can add a method to remind users to renew their packages.
a7a8f0e4-9375-402a-b91f-af0afe339b06,009,1,"áp dạo này bị lỗi hoài từ lúc cập nhập tới giờ, phần thư mục luôn bị lỗi ko thể học được. phải xoá đi tải lại mới xem được mà hở tý là lỗi vừa xoá đi tải lại xem đc tý xong giờ lại không xem được tức điên lên được nhanh khắc phục dùm không chắc xoá app vĩnh viễn luôn quá",2024-07-30 15:48:36,Negative,"This app has been crashing since the update, the folder is always corrupted and can't be read.I have to delete it and download it again to be able to watch it, but it's a bug. I just deleted it, redownloaded it and watched it for a while, but now I can't watch it. I'm so mad. Please fix it quickly. I'm not sure I'll delete the app forever."
62844cac-1768-47e4-80ae-d24b3c5f3b63,009,1,"bên đội ngũ cho mình hỏi chút: vào ngày 21/6/2024 mình có đăng kí gói quizlet plus theo năm qua momo với số tiền là 819.000đ và với 7 ngày được dùng thử miễn phí.như vậy là có nghĩa là vào ngày 28/6/2025 thì gói của mình mới hết hạn.nhưng mà hôm nay mình lại nhận được gmail hủy gói của mình và không hề được hoàn lại số tiền còn thừa,trong khi đó mình chưa từng ấn hủy một lần nào cả.là số tiền của mình bị mất hoàn toàn và không được hoàn lại.",2024-07-30 06:06:49,Negative,"From the team, let me ask: on June 21, 2024, I signed up for the annual quizlet plus package through momo for 819,000 VND and a 7-day free trial. This means that on June 28, 2025, my package will expire. But today I received gmail to cancel my package and have not been refunded the remaining amount, while I have never pressed cancel once.Every time, my money is completely lost and cannot be refunded."
ba2ae565-4e03-474d-9d52-e70e45481b4f,009,1,lừa đảo. tôi đã đăng kí dùng thử và tự động gia hạn gói plus 1 năm 629k. app tự gia hạn trừ lần 1 vào 20h55 10/05/24 và lần 2 vào 03h49 11/05/24. sau đó tôi báo cáo và được hoàn tiền (1 lần duy nhất) vào 08h02 12/05/24. nghĩa là tôi vẫn đang sử dụng gói plus và chưa từng ấn hủy 1 lần nào. nhưng hiện đã bị nhà phát hành hủy gói dịch vụ và app đang yêu cầu tôi mua mới để sử dụng các dịch vụ plus. nhà phát hành ăn tiền rồi không gia hạn dịch vụ cho người ta hả? yêu cầu nhà phát hành xem xét lại.,2024-07-09 23:11:46,Negative,"Cheat.I signed up for a trial and automatically renewed the plus 1 year package for 629k.The app automatically renews except the first time at 8:55 p.m. May 10, 2024 and the second time at 3:49 p.m. May 11, 2024.I then reported and received a refund (only once) at 08:02 on 05/12/24.That means I'm still using the plus package and have never pressed cancel once.But now the publisher has canceled the service package and the app is asking me to buy a new one to use plus services.Is the publisher taking money and then not renewing the service for people?Ask the publisher to reconsider."
de091059-1468-4e94-9658-7e05d319fbac,009,2,có thể cho mình xin lại tiền được không ạ? bởi vì trong suốt thời gian mình trải nghiệm thử thì thật sự không phù hợp nhưng đến nay thì đã hết thời gian trải nghiệm thì mình phải gia hạn nhưng số tiền đó không nhỏ ạ,2024-06-26 04:06:50,Negative,"Can I have my money back?Because during the trial period, it was really not suitable, but now that the trial period has ended, I have to extend it, but that amount is not small."
9f807495-bb92-4413-8d66-638f86ea5b35,009,1,mọi người coi chừng bó lừa t đã xoá ứng dụng nhưng nó lại trừ phí t mọi ngươig không nên sài nha nó lừa đão á,2024-05-08 00:57:36,Negative,Everyone beware of scammers. I deleted the app but it deducted the fee. Don't use it. It's a scam.
4556a64f-967e-40d6-bb28-e3c4199bfcbf,009,2,"trải nghiệm hơi tệ nha, cố tình lm sai nhưng vẫn cho đúng ,ví dụ: climate ấn climite vẫn đúng, national ấn nationnal vẫn cho đúng. mong điều chỉnh lại. càng ngày càng bào xìn",2024-04-29 02:09:52,Negative,"The experience was a bit bad, intentionally making a mistake but still correct, for example: climate pressing climite is still correct, national pressing nationalnal is still correct.hope to adjust again.more and more dull"
d0cd9da1-84f2-4d13-acca-3b7e243f2eb3,009,1,trải nghiệm rất không tốt do app có chế độ tự động gia hạn sau dùng thử rồi tự động trừ tiền vào tk người dùng. ch play bảo mật kém,2024-03-15 04:16:22,Negative,The experience is very bad because the app has an automatic renewal mode after the trial and then automatically deducts money from the user's account.Play store has poor security
fabd53b3-605c-4d91-b674-3efe3808572e,009,1,"mục học với kiểm tra dùng được mấy lần lại khóa đi, hồi trước có vậy đâu ta sao giờ gì cũng kêu đóng tiền mới cho sài là sao, vậy thôi đừng cho free khi tải lun cho rồi",2024-01-10 08:55:36,Negative,"The study and test sections can be used a few times and should be locked. In the past, that wasn't the case. Why do we now have to pay for everything to use it? So don't give it away for free when you download it."
dd4085f1-fead-4967-826b-e652b90977fd,009,1,"quá chán điền đúng tiếng hàn nó cũng hiện sai , âm thanh thì tiếng việt học tiếng hàn mà đọc tiếng anh lạy luôn",2023-12-31 03:50:10,Negative,"I'm so tired of filling in the correct Korean language, it shows up wrong, the sound is Vietnamese, learning Korean but reading in English sucks"
f68f0419-8b78-4f17-a300-a7b982050a99,009,1,mẹ đăng nhập bằng face đc xong cái thoát ra vô lại nó k cho đăng nhập face nữa mất hết trơn bài ngồi đánh cả buổi,2023-12-27 15:44:16,Negative,"I logged in with Facebook, then logged out and then it wouldn't let me log in with Facebook anymore, I lost all my cards and sat playing all day."
d02bd8b0-639b-479c-9c63-baf6789f4986,009,1,"trung tâm support như ccc, không thể chỉnh sửa và lưu thuật ngữ, lỗi thế này t đóng tiền hằng tháng rồi kiểu cc j, email hay đường dây nóng giải quyết vấn đề dell có rồi khắc phục lỗi này như nào ???",2023-11-07 05:56:20,Negative,"Support center like ccc, can't edit and save terms, error like this I pay monthly then type cc j, email or hotline to solve the problem dell has then how to fix this error???"
501eab07-e288-4dab-ad08-e97936c63fa1,009,1,tôi đã đăng ký và thanh toán gói nâng cấp 1 tháng vip nhưng khi đã cập nhật lại hệ thống thì vẫn ko được hưởng đãi ngộ gì từ nó và hệ thống vẫn để là loại tài khoản miễn phí,2023-09-27 02:49:12,Negative,"I registered and paid for the 1-month VIP upgrade package, but after updating the system, I still did not receive any benefits from it and the system was still left as a free account."
fcf9b1e9-e658-4a44-9567-6ca5a57d61ed,009,1,"ứng dụng rất chán, cứ vào là bị văng ra màn hình chính, k thể học được, đã xoá đi tải lại mà vẫn không khắc phục được",2023-09-12 10:18:17,Negative,"The app is very boring, every time I use it it crashes to the main screen, I can't learn it, I've deleted it and re-downloaded it and it still doesn't fix it."
24e975c3-6610-4ee4-aaa8-e1c3bde84cfe,009,2,"học khá ổn. tuy nhiên rất nhiều lỗi vặt như vài thuật ngữ trong học phần chả bao giờ thấy hiện ra, đặt dấu sao riêng để học thì đứng máy,... một số thuật ngữ cần dùng kí tự đặc biệt rất mất thời gian để nhập, cần có biện pháp để khắc phục như để người tạo học phần tự tạo bảng hỗ trợ chính tả cho chính học phần của họ giúp tiết kiệm thời gian cho người học, không thì ghi giấy còn nhanh hơn đã thế lại còn bắt đóng tiền ;-;. không chỉ vậy còn rất nhiều hạn chế khác... 😡",2023-06-03 04:20:43,Negative,"study quite well.However, there are many minor errors such as some terms in the module never appearing, placing a separate star to study causes the computer to freeze,... some terms require special characters that take a lot of time to enter, and need to have measures to overcome such as letting the module creator create their own spelling support table for their own module to help save time for the learner, otherwise it would be faster to write on paper and would still require payment ;-;.Not only that, there are many other limitations... 😡"
11591c29-2303-41b6-b873-feae6f4ebabb,009,1,tại sao tôi lại bị giới hạn học vậy. trước học app có rất nhiều chức năng giờ chỉ còn 4 chức năng mà chỉ đc học 5 lượt vậy. mong ad giúp đỡ.,2023-05-15 14:47:52,Negative,"Why am I limited in my studies?Before learning the app had many functions, now there are only 4 functions and can only be learned 5 times.hope admin can help."
da7b333f-b798-439e-bce6-e97022e97f0b,009,1,"thiệt là ko ngờ chỉ mới sau 2 ngày update mà app lại tệ đến vậy. chỉ hc đc free 5 lần ở chế độ hc, làm bài kt thì đc free 1 lần, nếu muốn hc tiếp thì phải mua bản plus mà giá chát quá, vs lại xóa đi chế độ thiên thạch. thôi thì bye app nhé, chắc phải tìm app mới hay hơn mà free mới đc",2023-05-14 00:35:57,Negative,"I really didn't expect that after only 2 days of updating, the app would be so bad.You can only study for free 5 times in study mode, if you do the test you can study for free once. If you want to study again, you have to buy the plus version which is too expensive, and deletes the meteor mode.Well, bye bye app, I guess I'll have to find a new, better app that's free"
10c1f063-c2d2-4a54-922e-a99359452e8e,009,1,"cảm giác app rất thông minh nhé. đầu tiên là làm một app miễn phí hoàn toàn, để người dùng tải tài liệu miễn phí lên, sau đó thì bắt đầu bắt mua gói để được sử dụng những tài liệu miễn phí trước đó.",2023-05-01 13:56:45,Negative,"The app feels very smart.The first is to make a completely free app, for users to upload free documents, then start buying packages to use previously free documents."
eb9fafe3-ff68-4c40-b718-e37f162196c2,009,2,"chế độ thẻ ghi nhớ bị kẹt, không hiện thuật ngữ khi đặt máy tính bảng nằm ngang, phần hình ảnh đã che khuất các thuật ngữ. nhờ nhà phát hành nhanh chóng chỉnh sửa lỗi này để không ảnh hưởng trải nghiệm học tập của người dùng.",2023-04-12 10:36:41,Negative,"Memory card mode is stuck, no terms appear when the tablet is placed horizontally, the image obscures the terms.Please ask the publisher to quickly fix this error so as not to affect the user's learning experience."
af365eb6-f2db-4876-b449-2d0c3438af2d,009,2,tại sao làm trắc nghiệm phần câu hỏi ghi đầy đủ abcd ra mà xuống phần trả lời ghi abcd mà lại ko hiển thị lại cái đã ghi trong abcd,2023-02-05 04:08:50,Negative,"Why is it that when doing multiple choice questions, I write down the complete ABCD but in the answer section I write ABCD but do not display what was written in ABCD?"
6a7fdc88-6936-4ec9-a04b-1cfcd95ef935,009,1,5 đáp án nhưng app chỉ hiện 4 cái thôi làm cho tôi phải làm đi làm lại 1 câu mãi dù tôi đã biết đáp án.,2023-01-04 22:47:21,Negative,"There are 5 answers but the app only shows 4, making me have to do the same question over and over again even though I already know the answer."
87743e3d-41ce-4470-9f37-dd9c8012153b,009,1,"học, kiểm tra,... cái gì cũng đòi tiền, tiền thì mắc, số tiền chạy ads chưa đủ thoả mãn nph thì thôi xoá app vậy",2022-11-09 09:50:09,Negative,"Studying, testing,... everything requires money, money is expensive, if the amount of money to run ads is not enough to satisfy the developer, then delete the app."
8da71908-88c1-416f-8267-9b9e16b7ae52,009,1,có mỗi việc cho thêm đáp án vào thành 5 6 đáp án thay vì 4 đáp án như cũ mà qua nhiều lần update vẫn không làm được. đội ngũ của quizlet cập nhật cái quái gì vậy.,2022-10-19 11:48:53,Negative,"The only thing that needs to be done is to add more answers to make it 5 or 6 answers instead of the old 4 answers, but after many updates I still can't do it.What the heck is the quizlet team updating?"
693bcc3b-b0ca-46e2-aa8a-f8a0230c958e,009,1,app cập nhật loại bỏ tính năng chính tả và viết thực sự là điều điên rồ...bây giờ chức năng học cũng không sử dụng được bắt đóng tiền...xứng đáng 1 sao,2022-10-05 08:28:22,Negative,The updated app removed the spelling and writing features which is really crazy...now the learning function can't be used and you have to pay...deserves 1 star
2a860b04-6202-4d03-9d28-6a61c84b6efd,009,1,"quiz sao kì vậy, tôi viết phần nghĩa xong chuyển tap (điện thoại) để tra từ điển, tra xong về lại app lại thấy mất phần chữ mình đã viết.",2022-09-14 14:49:26,Negative,"What's wrong with the quiz? I wrote the meaning and then switched to the phone to look up the dictionary. After looking it up, I went back to the app and found that the words I had written were lost."
d5e019fd-b9cc-45d3-adca-ee331c95a1dd,009,1,"nói thật không gì là miễn phí , nếu không lấy tiền thì cũng thiệt cho họ , nhưng sự hấp dẫn của app đã trôi theo những đồng tiền đó . dịch vụ quá thấp ( ý kiến riêng )",2022-09-13 09:09:15,Negative,"To be honest, nothing is free. If they don't take money, it's a loss for them, but the appeal of the app has flowed with that money.Service is too low (personal opinion)"
e7df46f1-a30c-474e-a912-e6c9a9c46116,009,1,bắt đăng kí gói thì mới cho học. chắc phải gỡ cài đặt thôi haizz. dùng cũng lâu rồi rất tốt nhưng bây giờ có vụ bắt đk gần 200k / tháng,2022-09-12 11:55:48,Negative,"You must register for the package to learn.Probably have to uninstall it haha.I've been using it for a long time and it's very good, but now there's a case where I get it for nearly 200k/month"
a2514fb9-bf28-47bc-a2d1-0e33c03ca508,009,1,"cực kì thất vọng luôn ấy, cho dù có nâng premium lên thì cũng giá học sinh thôi chứ, nsx biết app này nhiều học sinh dùng mà?",2022-09-11 21:51:19,Negative,"I'm extremely disappointed. Even if I upgrade to premium, it's still the price for students. You know that many students use this app, right?"
22981e4c-88c0-41d1-b601-aab95175a03f,009,1,huhu em cầu xinn luôn ấy ạ làm ơn trả lại phiên bản cũ đi ạ hic em ko có đk để nâng cấp thôi huhu,2022-09-03 11:00:16,Negative,"Huhu I'm begging you, please return the old version, I don't have enough money to upgrade huhu"
26204338-5db6-4255-b5ec-18f7a0a40855,009,1,"bản mới cực tệ, thay vì thu phí hàng tháng thì hãy thu phí quảng cáo, và cái phần viết trong bài học cũng biến mất luôn ???, nếu ko thay đổi thì tôi sẽ tải app khác để sử dụng",2022-08-29 07:10:37,Negative,"The new version is very bad, instead of charging a monthly fee, charge an advertising fee, and the writing part in the lesson also disappears???, if it doesn't change, I will download another app to use"
770fbdae-2d10-4c00-8cb9-70f1b5112264,009,1,"vốn dĩ đây là một app rất tốt, tiện ích cho những người học tiếng anh như mình. mình và mọi người đều đã đầu tư rất nhiều thời gian, công sức để tạo ra rất nhiều bộ bài học. quizlet với mình như một người bạn tinh thần, giúp mình học tiếng anh dễ dàng hơn. nhưng kể từ khi app cập nhật bản tính phí mọi thứ dường như sụp đổ. chúng mình chỉ là học sinh, sinh viên làm sao có điều kiện để mua bản pro hằng tháng??? đất nước mình luôn muốn sinh viên học tiếng anh tốt, nhưng lại chẳng tạo điều kiện.",2022-08-27 14:13:44,Negative,"This is inherently a very good and useful app for English learners like me.I and everyone have invested a lot of time and effort to create many sets of lessons.Quizlet is like a spiritual friend to me, helping me learn English more easily.But since the app updated to the paid version, everything seems to have collapsed.We are just students, how can students afford to buy the pro version every month???Our country always wants students to learn English well, but it doesn't create the conditions."
d85f2e56-3cc4-45d3-9aba-501b4e3a36c4,009,1,app hãm lắm mn đừng nên tải h tính phí cả mấy chức năng cơ bản thua cả mấy app free (nên dùng lexilize flashcards nhe mn;) ),2022-08-26 15:18:34,Negative,"The app is very bad, don't download it, it charges for basic functions, it's worse than free apps (you should use lexilize flashcards ;) )"
7eda4c79-4746-4166-8c33-b2f5ae1677e2,009,1,kiểm tra với học từ cũng bắt đầu tính phí thì app phế vl. học thẻ mà k cho kiểm tra quá 5 lần (muốn quá 5 lần thì nâg cấp) thì học cái đách gì. tạm biệt app từng là thân thương 🥺,2022-08-25 18:04:00,Negative,"Testing and learning vocabulary also start charging, so the app is useless.If you study a card that doesn't allow you to test more than 5 times (if you want more than 5 times then upgrade), then there's no point in studying.Goodbye to the app that used to be so dear 🥺"
6742cbeb-902f-43d2-a090-c1c5879af140,009,1,"giờ quizlet đã không còn tốt như trước, nếu muốn được sử dụng những chức năng vốn được miễn phí như học và làm kiểm tra thì giờ cần phải làm hội viên. mà giá cũng ko hề rẻ, đăng ký một tháng gần 200k, 1 năm thì gần một triệu, vô cùng tốn kém",2022-08-24 13:22:19,Negative,"Quizlet is no longer as good as before. If you want to use free functions such as studying and taking tests, you now need to become a member.But the price is not cheap, one month registration is nearly 200k, one year is nearly one million, extremely expensive."
b992801d-9075-475f-804d-e141364e3064,009,1,"chán thật sự. đang học ngon lành thì bắt tính phí, cái viết vs trò thiên thạch ổn nhất thì xoá mẹ đi. 1 sao là còn may. giờ thì byê app",2022-08-20 15:27:47,Negative,"really bored.If you're studying well, then you'll be charged a fee. If you're writing and the meteorite game is the best, then delete it.1 star is still lucky.Now bye app"
e29e252f-01d4-4cc7-a6ac-db0ccdd09f7b,009,1,"nếu mọi người muốn trả lại bản cũ thì nên tích cực đánh giá 1 sao, họ sẽ thấy rằng bản nâng cấp không tốt và gây thiệt hại cho nhà sản xuất. lúc đó mình nghĩ vì app muốn duy trì người dùng nên sẽ trả lại bản cũ thôi",2022-08-19 01:12:32,Negative,"If people want to return the old version, they should positively rate it 1 star, they will see that the upgraded version is not good and causes damage to the manufacturer.At that time, I thought because the app wanted to maintain users, it would return the old version"
c5c8a432-551d-4a87-8c4e-df95fbc4ef93,009,1,"app học ổn, nhưng mà giá tháng mắc quá 189k, sinh viên đi làm như em đóng thấy sót xỉu. giảm giá lại đi nè mắc hơn tiền đóng nghe nhạc spotify nữa",2022-08-18 04:15:23,Negative,"The learning app is good, but the monthly price is too expensive, 189k, so working students like me feel disappointed.Let's reduce the price again, it's more expensive than paying for Spotify music"
f4b09694-47b2-43cb-b103-fa48e9166fec,009,1,"trước thích app lắm học từ vựng có nhiều cách rất hay giờ cập nhật xong là phần học và kiểm tra cho vài lần miễn phí rồi bảo nâng cấp tài khoản, xưa vẫn miễn phí mà trời:v , tự nhiên cập nhật làm con dân thất vọng quá app ơi!. mong app quay về như xưa. pp app=))",2022-08-17 15:26:22,Negative,"I used to like the app a lot to learn vocabulary, there are many great ways, now after the update, the study and test part is free for a few times and then told to upgrade my account, it used to be free but god:v, suddenly the update makes people so disappointed, app!.I hope the app returns to the way it was before.pp app=))"
ab2d8411-2748-4ae2-bafe-377502de73e2,009,1,"tính phí cái qq, toàn học sinh mới vào đây học thì làm gì có nhiều tiền, chia gói tháng thì may ra e mua, chứ mua tháng có l tiền😞. cập nhật đi thẳng vào lòng đất. chúc sau này ko có ai dùng quizlet nữa, chết mẹ m đi lũ tham lam🐸",2022-08-15 08:05:32,Negative,"There's a qq fee, it's all new students coming here to study so there's not much money to be had. If you split the monthly package, you'd be lucky to buy it, but if you buy it monthly, you'll get a lot of money😞.Updates go straight into the ground.I hope no one uses quizlet in the future, damn you greedy people🐸"
6a064051-4e74-4020-80c3-5fd9d15f0746,009,1,bản cập nhật bất ổn. đang rất hữu ích thành vô ích. có cái phần viết là ok mà cx xoá rồi phần học thì giới hạn có 5 lần,2022-08-15 03:57:44,Negative,Unstable update.being very useful becomes useless.The writing part is ok but you delete it and then the learning part is limited to 5 times
5350a944-e308-4b25-befc-de15767cb0a6,009,1,chán thật sự app câp nhật v thì ng kh có tiền làm sao phiên bản nếu kh napk tiền thì app rác lắm :),2022-08-12 12:38:05,Negative,"It's really boring to update the app, so what can people who don't have money do? If they don't have money, the app is trash :)"
12cc0b59-cd77-40fd-98c5-6a857cbe24f3,009,1,có thể để như cũ đc không 😔🥺 mất phần chính tả và trò thiên thạch rồi giới hạn học đc 1l à hãy vì hs đi ạ,2022-08-12 09:56:38,Negative,"Can we leave it as it is? 😔🥺 I'll lose the spelling and meteorite games and limit it to 1 lesson, please do it for the students."
ca31a1ae-d3fa-4dfc-8cc5-48e237016194,009,1,"ăn điểm nhất của app là phần viết chính tả nhưng lại mất tiêu rồi , buồn 😭😭😭 lm ơn cho lại phần chính tả",2022-08-10 13:57:43,Negative,"The best point of the app is the spelling part but it's gone, sad 😭😭😭 please give me the spelling part again"
567495eb-df74-41aa-983e-735fdacfea7c,009,1,đã nghèo rồi mà cập nhật như vậy thì thôi bye app :(( buồn á chời app này giao diện đồ đúng ổn mà giờ học cái tính phí huhu,2022-08-09 15:39:44,Negative,"I'm already poor but if I update like that, I'll say goodbye to the app :(( Sad to wait for this app with a really good interface but now it's a paid course huhu"
8e49f2fd-199f-4b30-909f-273f503b1374,009,1,"làm ơn trả quizlet cũ về cho tôi, mấy người có thể chèn thêm quảng cáo vào app cũng được, tôi không quan tâm lắm, nhưng làm ơn, đừng tính phí cho những tính năng quan trọng lúc trước. mong các nhà phát triển có thể thấy đánh giá này. hiện tại, tôi đang phụ thuộc rất nhiều vào quizlet, nếu các người tính phí thì tôi chẳng thể học từ vựng mới được nữa. đây là một app rất tuyệt vời, tôi công nhận điều đó, nhưng nếu mấy nguời cứ tính phí như thế này thì app sẽ khó có thể phát triển được",2022-08-09 02:54:26,Negative,"Please return the old quizlet to me, you can add ads to the app, I don't really care, but please, don't charge for important features before.Wish the developers could see this review.Currently, I'm relying a lot on Quizlet, if you guys charge me I can't learn new vocabulary anymore.This is a great app, I admit that, but if people keep charging like this, it will be difficult for the app to grow."
d730b248-bbc7-419e-ab92-c0b1d3f67427,009,1,"buồn quá, bản cũ không yêu cầu gói vip vẫn học bình thường, tự nhiên bản mới yêu cầu vip mới cho học tiếp, bây giờ không biết làm như nào!",2022-08-09 02:05:15,Negative,"So sad, the old version doesn't require a VIP package and can still study normally. Of course the new version requires a new VIP package to continue studying, now I don't know what to do!"
19e2188c-5852-456a-9e20-48067afcd09f,009,1,"trong lòng em quizlet là 5 sao, biết vote như này là không nên nhưng làm ơn hãy mở vài tính năng để học đi ạ. con đỗ nghèo khỉ này có khi thất học quá. nâng cấp lên mình không học được gì cả. huhu",2022-08-08 17:51:51,Negative,"In my heart, Quizlet is 5 stars. I know it's not right to vote like this, but please open some features to learn.This poor monkey is probably too uneducated.I didn't learn anything after upgrading.huhu"
d286d5eb-2b5d-42b9-90de-c146e8890d97,009,1,đáp án không có trong list được liệt kê rồi sao mà chọn để qua câu mới? bị cái gì vậy. update gì kỳ vậy :)),2022-08-07 09:45:19,Negative,"The answer is not in the listed list, so why choose to move on to the next question?What's wrong?What kind of update? :))"
8c0accc0-d55c-46b2-a89a-5e2a467c3d4a,009,1,"thu phí cũng đc, nhưng cập nhật xong ap dùng chán vãi, viết sai nhưng vẫn cho đúng, lại còn loại bỏ cả phần học viết. mấy bố chủ áp vừa hít cỏ vừa làm lại áp à. 😡😀",2022-08-07 05:55:25,Negative,"It's okay to charge a fee, but after updating the app, it's boring to use. I write incorrectly but still get it right, and even remove the writing lesson.The owners are sniffing grass while doing it again.😡😀"
b9710874-33f5-4b2a-b56f-4711dcfb2af4,009,1,xin đc chia tay app =))) cmn đã nghèo khỉ thì chớ còn thu phí rõ đắt 😢 thôi ng nghèo như mình k xứng trải nghiệm qui lét. bai bai tình ta. bao giờ app free như cũ thì dùng tiếp ạ. chê nhiều,2022-08-06 17:06:50,Negative,"Please say goodbye to the app =))) If you're poor, then don't charge expensive fees 😢 Poor people like me don't deserve to experience sex.my love song.As long as the app is free again, please continue to use it.criticize a lot"
9eec4241-841f-447e-8a48-3edb32a78897,009,1,"thu gì mà như ăn cướp v m, gì mà 1 tháng tận 8$, dẹp app luôn đi là🥥 mọi người qua anki xài đi, free mọi tính năng",2022-08-06 16:18:45,Negative,"It's like stealing money, it's 8$ a month, just delete the app 🥥 everyone use Anki to use it, all features are free"
36f63232-cac5-4675-80bb-2a3a40ee50ee,009,1,lúc trước app miễn phí sao giờ lại lấy phí thế ạ. chiến dịch pr khiến cho app nổi lên bây giờ app lại lấy phí tính tiền thì mấy bạn ko có tiền phải làm sao . ai biết app nào tương tự như này không giới thiệu cho mk với,2022-08-05 15:00:57,Negative,"The app used to be free, why is it now charged?The PR campaign made the app popular, but now the app charges a fee, what should you do if you don't have money?Does anyone know any app similar to this? Please recommend it to me"
6684d83e-8108-4258-9955-b3a6f5c37fc1,009,1,"trước nâng cấp thì cũng chỉ có một số cái giới hạn thôi, giờ học cũng ko cho học, kiểm tra cũng không, phần chính tả vs viết cũng biến mất nốt, giờ học kiểu gì, giờ ko nâng cấp thì nó chả khác gì hộp flashcard thông thường cả. tưởng ntn hoá ra giờ cũng đi thu tiền của ng học. chê.",2022-08-05 01:53:16,Negative,"Before the upgrade, there were only a limited number of classes, there was no study time, no testing, the spelling and writing sections also disappeared, what kind of class are there, now without the upgrade it's no different from a regular flashcard box.I thought it would turn out that now I also collect money from students.criticize."
865b82a2-cd28-4c5a-84e9-9c2744fe97e5,009,1,"cả chế độ học lẫn kiểm tra đều không còn miễn phí thì hỏi là học gì nữa ạ. thật sự rất rất rất thất vọng về app (nếu để như trước có lẽ vẫn tốt hơn, cập nhật xong khỏi học luôn)",2022-08-04 16:45:42,Negative,"Both study and testing are no longer free, so what should I study?I'm really, really disappointed with the app (if it was left as before, it would have been better. After updating, I wouldn't have to study anymore)."
9720be0d-6097-4113-9073-8169597b280c,009,1,"ủa alo đang xài ngon lành tự nhiên update bắt đóng phí?? mấy cái cơ bản mà cũng đóng phí thì chịu, bỏ app đây",2022-08-04 10:54:09,Negative,"Hello, I'm using it well and suddenly I have to pay a fee to update it??If you still pay for the basic things, then you'll have to give up the app"
16842d20-0074-41cc-8013-b9738c04aa41,009,1,thất vọng vì app trước rất tuyệt hỗ trợ việc ghi nhớ cho mn vậy mà h cập nhật lại đáng lẽ sẽ có tính năng ms hoặc cải thiện vậy mà lại khóa chức năng hỗ trợ 👎,2022-08-04 04:35:02,Negative,Disappointed because the previous app was great for helping me remember but now the update is supposed to have ms features or improvements but the support function is locked 👎
2c0d5263-68cb-4d19-9162-0d1606c31e92,009,1,"dùng cả năm trời chả sao , xong bây giờ bắt mua mà khoá cái gì ko khoá đi khoá phần tự luận =))) vậy thì dẹp nhé . đúng là tư bản",2022-08-03 17:43:06,Negative,"I used it for a year without any problem, now I have to buy it but if I can't lock anything, I'll lock the essay part =))) so let's get rid of it.Truly capitalist"
3ec73962-3976-44ad-b14b-b8fc4e372211,009,1,"xin lỗi app nhưng ban đầu học rất mượt,dễ vào đầu nên mình lập bn học phần giờ lại bắt tính tiền thế là bỏ bn công sức đánh máy 😥mong app của ngày xưa",2022-08-03 15:01:38,Negative,"Sorry for the app, but at first learning was very smooth and easy to get started with so I made a lesson plan and now I have to charge money so I don't have to put in the effort to type 😥 looking forward to the old app."
bcd50be8-3be1-4b76-a548-3e8149d7b2eb,009,1,"quizlet hạn chế lượt học các học phần, phải mua gói plus về mới dùng được. mình không đồng tình với cách này. trung thành với app cũng gần 5 năm, mình cũng từng sài thử gói plus và thấy ko cần thiết lắm, vì gói plus ko phù hợp với người việt nam do nhu cầu sử dụng chỉ là học từ vựng chứ ko phải học mấy cái tài liệu có sẵn trên đó. quan trọng là sinh viên sử dụng nhiều thì đâu có tiền mà đóng cho gói plus. mong nhà phát triển chỉnh gói miễn phí về giống ban đầu ạ.",2022-08-03 14:38:50,Negative,"Quizlet limits the number of courses you can take, you must purchase the plus package to use it.I do not agree with this approach.Having been loyal to the app for nearly 5 years, I have also tried the plus package and found it unnecessary, because the plus package is not suitable for Vietnamese people because the need to use it is just to learn vocabulary, not the documents available on it.The important thing is that if students use it a lot, they won't have the money to pay for the plus package.I hope the developer will adjust the free package to the original version."
771d5b2f-8099-4dc5-9649-c5f79f68e384,009,1,lúc trước sử dụng rất tuyệt nhưng bây giờ phải nạp tiền mới được sài.thật sự thất vọng về app.ai có recommended app học từ vựng khác được k ạ.em cảm ơn nhìu,2022-08-03 07:43:25,Negative,"It used to be great before, but now I have to recharge to use it. I'm really disappointed with the app. Can anyone recommend another vocabulary learning app? Thank you very much."
bafa4c7c-edba-4140-835c-a264138ef500,009,1,"mình gắn bó quizlet vài năm rồi, nhưng lần nâng cấp này thật thất vọng. mong người sáng lập auy nghĩ lại quay về phiên bản cũ đi ạ. phần viết là quan trọng nhất lại bỏ đi trong khi phí quá cao. mọi người cho mình hỏi có app nào tạo học phần tương tự k ạ",2022-08-03 04:36:15,Negative,"I've been using quizlet for several years, but this upgrade is disappointing.I hope the founder thinks about returning to the old version.The writing part, which is the most important part, is left out while the fee is too high.Can anyone tell me if there is any app that creates similar courses?"
d84bec87-8c69-48ae-8f62-cbb236ff964c,009,1,sao cập nhật lại fail quá :< phần viết học ngon lành nhất luôn mà nay mất tiêu =)) đã thế còn tốn phí :<,2022-08-03 03:46:14,Negative,Why did the update fail so much :< The writing part was the best and now it's gone =)) and it's a waste of money :<
82b382cd-6517-4ddd-9c87-019e8ff8b6fb,009,2,"cập nhật xong còn được 5 lượt học, phần viết là phần mình thích nhất thì bỏ mất, còn phải nộp phí nữa chứ , trước đây dùng rất tốt nhưng giờ thì thất vọng tràn trề",2022-08-03 02:21:39,Negative,"After updating, I still got 5 lessons. The writing part was the part I liked the most but I missed it. I also had to pay a fee. It used to work very well, but now I'm disappointed."
c0895cdd-4f48-422d-afc3-abed0edb772e,009,1,"tự nhiên q cho đổi giao diện làm mất đi phần viết, bữa giờ học quiz nhờ p viết thôi, thất vọng về app , mong app cho giao diện cũ để có thể học lại",2022-08-02 17:42:53,Negative,"Of course, q changed the interface, which took away the writing part. During quiz time, I asked p to write. I'm disappointed with the app. I hope the app will give me the old interface so I can study again."
cecdabda-ee3c-4bc3-b712-5569a7be930e,009,1,"biết là dùng free không có quyền đòi hỏi, nhưng mình chỉ dùng cơ bản là tạo quiz rồi học thôi mà giờ giới hạn chỉ có 5 lượt học thì buồn lắm ý :((((",2022-08-02 16:11:35,Negative,"I know that using it for free doesn't have any rights, but I only use it basically to create quizzes and then study, but now the limit is only 5 times, which is very sad :(((("
302fed6d-f11b-4831-b563-4d86c72bb13b,009,1,anki thẳng tiến nha mọi người vừa free lại còn nhiều tính năng còn tính thời gian nhắc mk học lại. quizlet trước thì ok giờ bắt trả phí nên chẳng học đc gì đâu khuyên mọi người ko nên dùng quizlet nó hút máu quá,2022-08-02 15:49:31,Negative,"Anki is straight ahead, everyone. It's free and has many features. There's a timer to remind you to relearn it.Before, quizlet was ok, but now you have to pay so you can't learn anything. I advise people not to use quizlet, it sucks too much."
ae4f4ee9-3330-4d1e-bd60-4bb31216f049,009,1,"mong được quay lại phiên bản cũ, có cái phần viết quan trọng như thế cx bỏ là sao! t đã nghèo thì chớ lmj có tiền đóng học phí đắt ntn😥",2022-08-02 14:43:28,Negative,"Looking forward to returning to the old version, why did you remove such an important part of writing!I'm already poor so I don't have money to pay expensive tuition"
971abc89-ca46-468f-a8bf-f8043c71a7dd,009,1,app ơi thích app quá trời mà cập nhật như vậy thì em xin tạm biệt app. cũng gắn bó nhiều nam giờ nói lời chia tay buồn quá,2022-08-02 13:26:46,Negative,"I love the app so much, if I update it like that, I say goodbye to the app.Also attached to many men, now it's so sad to say goodbye"
568a6e36-4b50-44fb-a477-c4420e4f825b,009,1,"bao nhiêu từ tự đánh máy để học giờ thu phí k học được nữa, thu phí thì thu từ đầu luôn đi làm 3 cái trò này. bao nhiêu công sức coi như tong.",2022-08-02 11:41:48,Negative,"I can't learn how many words I can type myself to learn now. If I charge a fee, I have to charge it from the beginning so I have to do these 3 games.So much effort is wasted."
67590bd8-5b33-4720-b6e3-720ad7d4028e,009,1,i am so disappointed with your upgrade application. instead of master it you make it worse by erode many advantage and add fee to use them. it's not easy and comfortable for us to buy things that we used to have free. please let the old back!,2022-08-02 10:55:08,Negative,i am so disappointed with your upgraded application.Instead of master it you make it worse by eroding many advantages and adding fee to use them.it's not easy and comfortable for us to buy things that we used to have for free.please leave the old back!
c9f9b7e3-265b-4760-81da-5b9c7df4313c,009,1,"xin phép chê bản cập nhật này! thực sự mình thích app quizlet là bởi vì có các bài tập viết, nghe và trò chơi cho các từ vựng, có thể nói đây là sự khác biệt của quizlet khiến mình yêu thích ứng dụng và giúp rất lớn trong việc học tập của mình, nhưng trong phiên bản này thì lại xoá hết mục bài tập viết, nghe( phần nghe giúp khá lớn trong việc nhớ từ vựng mà cũng bỏ nốt), trò chơi thiên thạch ??? .thật sự mình không hiểu nổi tại sao lại có thể cập nhật cho người dùng một phiên bản cực kỳ tệ ntn?",2022-08-02 10:34:58,Negative,"Please allow me to criticize this update!I really like the quizlet app because there are writing exercises, listening exercises and games for vocabulary. It can be said that this is the difference of quizlet that makes me love the app and helps a lot in my studying, but in this version, all writing and listening exercises are deleted (the listening part helps a lot in remembering vocabulary but is also omitted), meteor game???.I really don't understand why you can update users with an extremely bad version?"
33a60edf-a038-4a71-b5a1-67db7ce0afa3,009,1,"bản cũ xài rất ok tự nhiên cập nhật bản mới dùng gì cũng bắt nâng cấp, giá thì trên trời, quảng cáo nhiều nữa, mỗi học phần cho có 5 lượt thì để dành mà học đi. app cứ như vậy thì sập cmn đi",2022-08-02 05:51:41,Negative,"The old version works very well, so when you update the new version, you'll have to upgrade, the price is sky-high, there's a lot of advertising, each module only takes 5 turns so save it up to study.If the app keeps like that, it will crash"
0b894bcc-b05c-44fd-92ca-acfd24b8385e,009,1,cập nhật xong không cho phép học nữa. phí mua bản quyền cũng rất đắt. mong app có chính sách để hỗ trợ nhiều người học,2022-08-02 05:32:51,Negative,"After updating, learning is no longer allowed.Copyright fees are also very expensive.I hope the app has policies to support many learners"
6156ea2b-84cd-4496-98ef-33000b704c60,009,1,"hôm nay mình vừa lên thì mất luôn chế độ chính tả, thú thực học như vậy quá chán hy vọng nhà sản xuất nên giữ lại giao diện cũ",2022-08-02 05:29:30,Negative,"Today, as soon as I logged on, the spelling mode was lost. To be honest, learning like this is so boring. I hope the manufacturer will keep the old interface."
b1165e49-c620-47fc-b06b-3172b8a5eed7,009,2,"mk đã dùng app đc rất lâu r, mà h app lại bắt mua bằng tiền và các học phần h học chỉ còn có 5 lượt, huhhu thất vọng quá, bye bye mk k dung app nx😠😠😠😠😠😠😠😠😠😠",2022-08-02 05:05:20,Negative,"I've been using the app for a long time, but the app requires you to buy with money and the courses are only 5 times, huhhu so disappointed, bye bye I'm not using the nx app😠😠😠😠😠😠😠😠😠😠"
076d9bdf-78d1-4124-b020-a1358423696c,009,1,"đã xài app được hơn 1 năm, thật sự rất thích. nhưng hôm nay update lên thật sự quá hút máu, chế độ học mà cho có 5 lượt không thể học được gì, chi phí 1 tháng bỏ ra cũng quá cao.",2022-08-02 03:28:48,Negative,"Have been using the app for more than 1 year, really like it.But today's update is really too blood-sucking, the learning mode only takes 5 turns so you can't learn anything, the cost per month is also too high."
42b40de8-9b0a-42c7-916c-a2699686cea8,009,1,cái app chỉ đúng một nghĩa cái app như phân chó cái app này quá vô dụng cái app ko ai dùng nổi rứa mà có trên ch play cái cuồi làm gì mà ở trên đó,2022-08-02 03:25:22,Negative,The app only has one meaning. The app is a piece of shit. This app is so useless. No one can use the app. It's on Google Play. Why is it even on there?
6530774e-221a-42cd-96e3-ac4b0955d8c8,009,1,"bản cập nhật thảm hoạ, tính năng học bị giới hạn ở bản miễn phí sẽ khiến người học phổ thông khó tiếp cận hơn, mong nhà phát hành quay lại phiên bản như cũ là một người dùng, tôi không cần cập nhật thêm gì cả so với phiên bản cũ, trả lại phiên bản cũ cho chúng tôi!!!",2022-08-02 03:08:07,Negative,"disastrous update, limited learning features in the free version will make it more difficult for high school students to access, I hope the publisher will return to the old version as a user, I don't need to update anything compared to the old version, return the old version to us!!!"
ee8fffc6-8a53-4645-b9a6-eff3bed46a1a,009,1,mình nghĩ app nên để lại phiên bản cũ chứ bỏ mất phần viết xem như rắn mất đầu mình thật sự muốn app trở lại phiên bản cũ,2022-08-02 03:04:02,Negative,"I think the app should leave the old version instead of losing the writing part, it would be like a snake losing its head. I really want the app to return to the old version."
838eea93-dfc0-44f9-9197-e42d5436feb0,009,1,buồn vì từ khi cập nhật đã k đc học thoái mái như trước. có lẽ tui nên say pye vs app này. nếu đc mong app cho quảng cáo vừa phải chứ đừng hạn chế lượt học 😡,2022-08-02 02:25:23,Negative,"Sad because since the update I can't study as comfortably as before.Maybe I should say pye to this app.If possible, I hope the app will have moderate advertising and not limit the number of lessons 😡"
80c47725-7e02-42ff-bea7-ef76123c91f0,009,1,"cập nhật mà mất đi cái phần thiên thạch rồi, cái phần t thích nhất=) từ cái app xịn mà cập nhật xong thất vọng quá 🤦",2022-08-02 02:13:18,Negative,"I lost the meteorite part after the update, my favorite part =) I'm so disappointed after the update from a great app 🤦"
c3443903-ae0b-4f81-a404-19d1925c6a08,009,2,"dùng dc 7 ngày đầu thì bthg qua ngày hôm sau vào cứ bị lỗi mạng mặc dù mạng bình thường, tải lại vẫn bị????",2022-06-11 05:45:19,Negative,"I used it for the first 7 days but then the next day I kept having network errors even though the network was normal, redownloading it still happened????"
90cadff4-112d-4edd-93a0-6a9492f132df,009,2,"app rất tốt nhưng có thể nào điều chỉnh phần hiệu ứng cho android đc kh ạ. khi trả lời đáp án đúng kh có hiệu ứng gì hết, học chán kinh khủng, mong nhà sản xuất cải thiện điều này giúp mình nhé🥰",2022-04-02 05:12:28,Negative,"The app is very good, but is it possible to adjust the effects for Android?When I answer the correct answer there is no effect at all. Studying is terribly boring. I hope the manufacturer can help me improve this🥰"
3b614754-33a2-499d-8dbc-89b95a5c510d,009,2,bạn có thể cho phép mở khóa​ tính năng​ thêm hình ảnh của mình miễn phí được không . nó sẽ tiện lợi hơn khi học tiêmgs anh chứ mình không có tiền để mua đâu ạ,2022-03-02 06:06:13,Negative,"Can you allow unlocking the feature of adding your images for free?It will be more convenient when learning to inject, but I don't have money to buy it"
c4b9c0bb-eb88-4622-8fb8-fb2eb4917ba4,009,1,"nên thêm phần khôi phục mục đã xoá, huhuuuu còn nhìu bài chưa lỡ tay xoá lắm lun ák. mà mỗi tội không khôi phục được :(",2022-01-27 13:57:45,Negative,"Should add a section to restore deleted items, huhuuuu there are still a lot of posts that haven't been accidentally deleted yet.but each sin cannot recover :("
4d445d2e-480e-40eb-9cc5-f5385a406b98,009,1,tôi đăng ký rồi mà sao ko học đc app tưởng thế nào chứ tôi là một sao còn ít đấy app gì đâu á bắt đăng nhập chờ lâu ơi là lâu á. đến lúc vô đc rồi thi mới biết có cái gì để học đâu tôi vô học còn ko đc luôn tôi đánh 1 sao là còn nhiều á chus app này đâu 4.8 sao tưởng là học tốt lắm ai ngờ đâu. thôi 1 sao là đc rồi nhá . tôi khuỷen mọi người thực sự á là đừng tải đến lúc tải về rồi á mới bt cái kết học đc gì đâu mà đợi đăng kí và đăng nhập lâu nữa nhìn nhiều sao thôi chứ ai bt đc nó dở như thế na,2022-01-18 07:59:39,Negative,"I signed up but why can't I learn what the app looks like? I'm only one star and there's not much of an app. It takes a long time to log in.Only when I get in and take the exam do I know if there's anything to learn. I haven't even been able to go to school yet. I give 1 star because there's still a lot left. This app doesn't have 4.8 stars. I thought it was a good study. Who would have thought?Just 1 star is enough.I really advise everyone not to download it until it's already downloaded and then you won't learn anything. You have to wait a long time to register and log in to see a lot of stars, but who can stop it from being that bad?"
b4d4b290-bb2a-468d-893f-a61042eac529,009,1,app gì kì vậy :). làm bài gần chết cuối cùng không hiện hoàn thành làm bị trừ hết điểm luôn chứ :) . rõ ràng làm đi làm lại chục lần mà vẫn không hoàn thành. tức :),2021-11-23 00:43:51,Negative,"What kind of app is that? :).If you don't finish the last test and don't complete it, all your points will be deducted :) .Obviously doing it over and over again ten times but still not getting it done.news :)"
c831fd95-0091-4164-b1f9-628cd9ae7db2,009,1,"app như qq, làm bài sml lát kiểm tra bảo chưa làm :)) làm ngta bị trừ điểm, học sml mới được 2 điểm, tự nhiên bị trừ hết, coi có lương tâm không",2021-11-23 00:31:41,Negative,"Apps like qq, when I take the sml test, I'm told I haven't done it yet :)) points will be deducted for doing it. I just learned sml and got 2 points, naturally all will be deducted, see if it's conscientious"
eed89120-5281-4065-91c3-b2bc29bb4206,009,1,"tôi có vấn đề về quizlet như sau. tháng 11 năm 2019 tôi vào dùng thử 7 ngày, sau đó muốn hủy nhưng không tài nào thử được vậy là mất tiền mua quizlet 1 năm. tháng 10 năm 2020 tôi tìm cách hủy tài khoản quizlet nhưng cũng không hủy được và bị tự gia hạn 1 năm, lại bị trừ tiền. sau đó tôi gửi email khiếu naij đến quizlet thì được hoàn tiền. mới đây nhất là vào ngày 8 tháng 11 tôi click vào một post trên google có nội dung chứa quizlet thì ngay lập tưc tôi bị trừ tiền tiếp. điều đáng nói là tôi không hề clcik vào mua app này. vậy mà bị trừ. tôi rất muốn được hoàn tiền nhưng gg play không đồng ý.",2021-11-15 03:28:47,Negative,"I have the following quizlet problem.In November 2019, I signed up for a 7-day trial, then wanted to cancel but couldn't try it, so I wasted money to buy Quizlet for 1 year.In October 2020, I tried to cancel my Quizlet account, but I couldn't cancel it and was automatically renewed for 1 year, and my money was deducted.Then I sent a complaint email to quizlet and received a refund.Most recently, on November 8, I clicked on a post on Google that contained quizlet and my money was immediately deducted.It's worth mentioning that I never clicked to buy this app.Yet it was deducted.I really want a refund but Google Play doesn't agree."
f91a04d7-2fae-47e8-985d-f9e27839f86b,009,1,ứng dụng rất tốt nhưng sau khi đăng ký dùng thử ứng dụng lại từ động thanh toán tiền để nâng cấp. m đang gặp rắc rối trong việc hủy đăng ký,2021-10-08 09:03:31,Negative,"The app is very good, but after registering for a trial, the app automatically charges you to upgrade.m having trouble unsubscribing"
8c3ff1c1-bb06-461f-a94a-a5aaaddea085,009,1,"tại chế độ viết mặc dù tôi đã điền đúng nghĩa của từ theo tiếng anh, nhưng nó vẫn không cho qua, tôi dùng thiết bị oppoa3s mong nhà phát hành sớm fix lỗi này",2021-09-27 10:17:26,Negative,"In writing mode, even though I have filled in the correct meaning of the word in English, it still does not pass. I use oppoa3s device and hope the publisher will fix this error soon."
8a063941-d10f-4b6b-a4b8-c9de78e8effd,009,1,"vui lòng hoàn tiền lại cho tôi, bé học vô tình đăng ký sd miễn phí và bị trừ tiền sau đó. tôi ko biết vấn đề này, ngay sau khi bị trừ tiền tôi liên hệ ngay nhà phát triển và vẫn ko dc trợ giúp",2021-09-16 03:36:08,Negative,"Please refund me, my child accidentally registered for a free SD card and was charged later.I didn't know about this problem. Immediately after the money was deducted, I immediately contacted the developer and still couldn't get help"
a93bf593-4888-478c-8dd2-1348bfd99c10,009,1,"tạo tận 45 mục để học lưu r mà thoát ra cái mất hết là s, t phátt dồ thà mua flashcard học còn hơn",2021-09-15 15:13:08,Negative,"Create up to 45 sections to study and save and avoid losing everything. If you get crazy, it's better to buy flashcards to study."
352cdf86-04f4-4017-a1c1-d748cdb17561,009,1,chưa biết thế nào mà vừa vào học bắt tải là thấy ứng dung xàm r. tạo ra nó chi để hành hạ học sinh vậy?,2021-09-15 01:42:20,Negative,"I don't know how to do it, but as soon as I started downloading it, I saw that the app was useless.Why did you create it to torture students?"
e0baa470-c8aa-4475-8c8e-4be7b2e31d40,009,1,"phân mềm này qúa binh thường free tôi còn xóa bỏ nữa là mât phí. viết ra từ mới rồi học,thư viện của phân mềm còn hạn chế,rất ít từ mới,ko có phiên âm,nói chung là toàn các ông học kém tự sướng tự đưa lên rồi tự học với nhau,đưa lên sai đầy.nghỉ khỏe các bạn ạ.",2021-09-11 16:39:33,Negative,"This software is too normal for me to delete it and it's a waste of money.Write down new words and then learn them. The software's library is still limited, very few new words, no phonetic transcriptions. In general, it's all the bad students who take selfies and post them up and then study with each other. The posts are full of mistakes. Rest well, everyone."
8e8582a6-c9a6-4f2e-81ba-736644aaac92,009,1,"trải nghiệm của mình về quizlet thật sự rất tệ luôn tìm cách bắt người dùng trả tiền, quizlet tìm mọi cách để khóa nền tảng salder, mặt ngoài thì luôn nói giúp đỡ, nhưng hành động thì lại khác bắt người dùng trả tiền, mình biết lời nói này chỉ như đàn gãy tai trâu nhưng mà mình thật sự thất vọng về quizlet",2021-07-29 09:31:33,Negative,"My experience with quizlet is really bad, always trying to force users to pay, quizlet tries every way to block the salder platform, on the outside it always says to help, but the actions are different, forcing users to pay, I know these words are just like a herd breaking a buffalo's ears but I'm really disappointed with quizlet"
38baa8d4-b2bc-4db9-b644-230668164e51,009,1,mình sử dung app đã lâu nhưng thấy app ngày càng lỗi. bửa mình tạo học phần lưu 37 thuật ngữ. lưu xong ko thấy đâu phải thoát ra vô lại app mới thấy đc bản nháp. mở quizlet với một tab khác cùng lúc cũng thấy lỗi nữa. app mới bữa nay thất vọng cực kỳ 😔😔,2021-06-10 14:07:37,Negative,"I've been using the app for a long time but find that the app is getting more and more buggy.Recently I created a module to store 37 terms.After saving, I can't see it. I have to log out and go back into the app to see the draft.Opening quizlet with another tab at the same time also shows the error.Today's new app is extremely disappointing 😔😔"
e6dd5802-8da4-4de9-9259-b97a76b3a15a,009,1,"tải bài tập liên tục lỗi, không cập nhật bài tập mới. mạng vẫn rất căng nhưng lại hiện không có kết nối internet. mong nhà sản xuất xem lại.",2021-04-25 13:39:11,Negative,"Continuously error loading exercises, not updating new exercises.The network is still very tight but there is currently no internet connection.I hope the manufacturer reconsiders."
1e262e5f-5e4e-45d2-b2b9-cf5861cda69b,009,2,"sao tui nhấn vào loa phát âm lại ko có tiềng, vào học phần cũng không học được và tui đã xoá đi tải lại nhiều lần cũng không đăng nhập được, mong nhà sản xuất điều chỉnh lại vấn đề này",2021-04-25 02:52:05,Negative,Why do I click on the speaker to play the sound but there is no sound? I can't even access the module and I've deleted and redownloaded it many times but I can't log in. I hope the manufacturer will fix this problem.
f95797a6-43b3-4cbc-95db-bfb69e2b45e2,009,2,"i am using this app for both ios and android devices, same lessions and the ios device loads so quick but the android device loads so slow, i tested on newest android devices but there is nothing better. is there anyone has the same problem???",2021-04-04 15:37:24,Negative,"i am using this app for both ios and android devices, same lessions and the ios device loads so fast but the android device loads so slow, i tested on nothing newest android devices but there is better.is there anyone has the same problem???"
620e92a7-b95f-4749-a66f-f138a6649314,009,1,tôi không đồng ý với cái bài học không đúng. họ đăng nhưng khoá học và nó có kết quả không đúng. tôi nghĩ ban nên chỉnh sửa vấn đề này. tôi đã tìm kiếm thông tin và tôi đã làm bài sai khi tin nó:),2021-03-23 12:35:12,Negative,I do not agree with the incorrect lesson.They posted the course and it had incorrect results.I think you should fix this problem.I looked up the information and I did my homework wrong by believing it :)
d19b9f25-3aab-4a5b-a9e3-5617cdd6150a,009,2,"hôm nay bị trừ hơn 1 triệu tiền tài khoản, mình vào check web liên tục nhưng không thể truy cập được các trang thanh toán, và hỗ trợ của quizlet.",2021-03-20 04:24:32,Negative,"Today, more than 1 million was deducted from my account. I kept checking the website but could not access quizlet's payment and support pages."
8bf6aab6-ba3f-4321-a677-1be219d40331,009,1,"như lìn ấy, vì ở mt mình có phần thư mục mà ở đt ko có nên mình xoá đi tải lại mà ko đăng nhập đc. thất vọng",2021-02-21 04:04:12,Negative,"Like this, because my computer has a folder that doesn't exist on my phone, I deleted it and re-downloaded it but I can't log in.disappointed"
fde2b8d8-9a02-4d14-8b42-b5b61491ffcf,009,1,"khó dùng, ko thân thiện với enduser. làm 1 app, sao cho người dùng ko cần đọc, xem hướng dẫn mà tự nhận thức được cách dùng.",2021-01-15 07:46:43,Negative,"Difficult to use, not enduser friendly.Make an app so that users don't need to read or watch instructions but can self-aware how to use it."
508338de-181d-4a1c-a924-9e3200f066ef,009,2,có kết nối mạng nhưng vô app là hay bị hiện không có kết nối khi làm test bị ngược câu hỏi với đáp án rất khó chịu,2020-12-16 03:39:48,Negative,"I have an internet connection but when I go into the app, I often get no connection when taking the test and the questions and answers are reversed, which is very annoying."
f13da77c-4336-435e-ae49-6151278bcfa2,009,1,"ứng dụng này thực, trình độ tiếng anh của mình đã được cải thiện rất nhiều sau 1 khoảng thời gian sử dụng ứng dụng, vote 5 ứng dụng",2020-12-07 08:15:40,Negative,"This app is real, my English level has improved a lot after a period of using the app, vote 5 apps"
a70c7b6c-04a2-44f4-b93d-f1ee287dd4c9,009,2,"tại sao lại xảy ra nhiều lỗi vậy? mình không thể học vì luôn bị thông báo không thể vào mạng, đang ở ngoại tuyến trong khi mạng vẫn 5 vạch???",2020-09-06 12:34:34,Negative,"Why do so many errors occur?I can't study because I'm always told I can't get online, I'm offline while the network still has 5 bars???"
1c89291b-cba7-4663-9065-5a53be2b38b4,009,2,mỗi lần vào app đều quay tròn và k kết nối đc internet dù mạng 4g xem phim ầm ầm. và lần nào cũng phải gỡ ra cài lại mới sử dụng đc.,2020-06-09 15:20:20,Negative,"Every time I go to the app, it spins and can't connect to the internet even though the 4G network is loud while watching movies.And every time I have to uninstall it and reinstall it to use it."
0ebb2b2f-511b-49e9-a566-b4d0691ec358,009,1,mình thấy app đc đánh giá rất tốt nhưng mình tải về thì nội việc đăng kí và đăng nhập đã tốn hone 15p và đến khi mình lên đánh giá mình vẫn chưa đăng kí hay đăng nhập được!!!! xin hãy khắc phục giúp mình để mình đăng nhập ạ😭,2020-04-07 14:50:09,Negative,"I saw that the app was rated very well, but when I downloaded it, it took more than 15 minutes to register and log in, and by the time I reviewed it, I still couldn't register or log in!!!!Please help me fix it so I can log in😭"
0005d5b5-0f93-404e-bd48-3bf0db66396f,009,1,"1 ) cùng 1 tài khoản đăng nhập trên ios thì sửa học phần được còn trên android thì không ? 2 ) sửa học phần thì app cứ quảng cáo mua plus. chọn "" có lẽ để sau ""thì quay trở lại ban đầu k chỉnh sửa dc, chọn ""phương án mua"" thì bắt mua ?? từ khi nào app bắt người dùng phải mua vip mới xài dc v ??? k chỉnh sửa dc học phần rất bực bội !!!!!!😡😡😡😡",2020-04-03 04:19:10,Negative,"1) If you log in with the same account on iOS, you can edit the course, but not on Android?2) If I edit the module, the app keeps advertising to buy plus.If you choose ""maybe later"" then you go back to the original without being able to edit, if you choose ""buy option"" you have to buy it??Since when does the app force users to buy VIP to use it???Not being able to edit a module is very frustrating!!!!!!😡😡😡😡"
0092734f-d49b-4bf0-bc9c-303138a8f4fb,009,1,tải về 2 lượt đăng ký chán chê chọn học sinh cũng như giáo viên. chả thấy gì để học. được mỗi cái thủ tục thì siêu rườm rà. bó tay,2020-01-14 16:23:09,Negative,Download 2 registrations bored of choosing students as well as teachers.I don't see anything to learn.Each procedure is super cumbersome.give up
532fdb90-ea52-4ee1-b08f-bca748128f79,009,1,"đã đăng ký dùng quizlet plus( cũng đã bị trừ tiền trong tài khoản luôn rồi)mà vẫn k đc dùng ngoại tuyến, k đc chụp....thất vọng ngập tràn!",2019-11-17 09:01:36,Negative,"I signed up to use quizlet plus (money has already been deducted from my account) but still can't use it offline, can't take photos....so disappointed!"
eeeb6d75-bd20-4615-87fa-eaa220bee380,009,2,tại sao dạo này khi nhấn chèn từ thì từ được chèn cứ bị đẩy xuống cuối danh sách chứ không ở đúng chỗ nữa vậy !!!!!!!,2019-10-10 07:15:06,Negative,"Why these days when I press insert word, the inserted word keeps getting pushed to the bottom of the list and not in the right place anymore !!!!!!!"
7e466529-b82f-4672-b351-87c7c7fc659b,009,2,"cần thêm phần chọn ra những từ cần học thay vì từ gắn sao, cần thêm phần sắp xếp từ mới, di chuyển sao chép từ sang từng mục ,tùy trỉnh giao diện một chút",2019-08-14 13:38:32,Negative,"Need to add a section to select words to learn instead of starred words, need to add a new word sorting section, move copying words to each item, customize the interface a bit"
3cd8eb7f-16b2-4b73-8aac-81fbaefe8c2d,009,1,dùng vẫn bình thường tự nhiên không tải được bài học và xóa đi tải lại không đăng nhập được. mong nhà sản xuất xem lại..,2019-03-02 04:46:11,Negative,I still use it normally but suddenly I can't download the lesson and I delete it and re-download it and I can't log in.I hope the manufacturer reconsiders..
67886cf7-f0c1-4db0-aaeb-d2695fd8eb34,004,1,"mình mới hs mà vào bắt mình làm câu mà tui chưa biết rồi còn bắt trả tiền nữa , hết tim thì bắt coi quảng cáo để thêm tim ko bằng duolingo nữa 😡",2026-02-25 12:44:26,Negative,"I'm a new student but they forced me to do a question I didn't know and asked me to pay. If I ran out of hearts, I'd have to watch an ad to get more hearts. It's not as good as Duolingo 😡"
ca1160fb-c75e-41b7-a3fe-049840888239,004,1,mình đã đóng tiền học vài năm nay đến khi hết thời gian thì tất cả lịch sử mình đã học qua đều xóa hết. thiết nghĩ nếu kg đóng tiền tiếp thì nội dung mới kg cho luư còn nội dung củ đã đóng tiền phải giữ lại sao lại xóa sạch?,2026-02-20 14:25:08,Negative,"I've been paying tuition for several years now, and when my time runs out, all the history I've learned will be erased.I think if you don't pay again, the new content won't be saved, but the old paid content must be kept, so why delete it?"
455323d9-47db-4e2f-aae1-20309cebeda4,004,2,học dễ hiểu nhưng đừng để hs đóng tiền khiến hs áp lực với việc học hơn ! vậy xin app này đừng để đóng tiền nữa hãy cho hs học và hiểu nhiều hơn và nói chung app này rất vui học tiếp thu nhanh lắm 💔💔 làm ơn đấyyyyy 💴🚫,2026-01-25 09:49:35,Negative,"Learning is easy to understand, but don't let students pay money to make students feel more pressured to study!So please don't pay for this app, let students learn and understand more and in general this app is very fun to learn and absorb very quickly 💔💔 pleaseyyyy 💴🚫"
78eb8f83-896c-4b7c-a99f-612565e308a8,004,1,"app lỗi nhiều, muốn kiếm tim thì nay phải xem tận 3 qc mà xem xong nhiều khi ko có tim, phải xem lại. ghi âm thì cứ ko đc",2025-12-25 14:15:19,Negative,"The app has a lot of errors. If you want to earn hearts, you now have to watch 3 qcs, but after watching, you often don't get any hearts, so you have to watch it again.Recording is not possible"
c47db39e-fd1e-4f96-a569-68f5f0c442c7,004,1,"ứng dụng lừa đảo. tự động lấy tiền của người dùng. không thể liên hệ để lấy lại tiền. ứng dụng độc hại, mọi người nên tránh xa.",2025-10-21 01:11:23,Negative,"scam application.automatically take money from users.Can't contact to get money back.Harmful applications, everyone should stay away."
8c77bda3-067d-424d-bd19-3c27caedb9ea,004,1,đừng bao giờ thử trải nghiệm cake plus vì thử xong phải dùng vì ko thể hủy 🙂 (lúc đầu đánh giá 5* giờ sửa xuống 1*),2025-10-14 13:39:58,Negative,"Don't ever try the cake plus experience because after trying it, you have to use it because you can't cancel it 🙂 (originally rated 5*, now down to 1*)"
ec0f338f-d26f-4313-94a6-34809bc549de,004,1,ứng dụng học rất tệ tốc độ download thì siêu chậm mong nhà phát hành làm ăn cho đàng hoàng tử tế cho người học,2025-09-27 14:26:21,Negative,"The learning app is very bad, the download speed is super slow, I hope the publisher does business properly and is kind to the learners"
e52100cb-a98b-40bd-b812-7ff2d5d808bd,004,1,"càng ngày càng tệ, cứ 5-6p là quảng cáo, không kịp học gì chỉ thấy quảng cáo. nói chung app giờ đã không còn ổn như xưa nữa, quá buồn cho 1chiếc app từng tốt",2025-08-22 07:35:23,Negative,"It's getting worse and worse, every 5-6 minutes there are ads, I don't have time to learn anything, I only see ads.In general, the app is no longer as good as it used to be, so sad for an app that used to be good"
75af1652-4bda-4f21-83ef-2ae66bff72aa,004,1,bản dịch tiếng anh sang tiếng việt sai tôi ko phải vì đứa trẻ sơ sinh là i am not baby mà nó lại ra khác tôi mong nó chỉ là lỗi 😐,2025-07-10 13:53:33,Negative,"The English to Vietnamese translation is wrong, it's not because the newborn is i am not baby but it comes out different I hope it's just an error 😐"
3eeac212-3b99-4fbc-8676-debe8d9d8ede,004,1,"quá nhiều quảng cáo , đáng lẽ phải cho người dùng bước đầu thử nghiệm xem có hiệu quả không trước đã rồi hãy cân nhắc việc nâng cấp lên pn, chưa học đc cái gì đã quảng cáo liên tục",2025-07-01 14:46:07,Negative,"too many ads, should have let users test it out to see if it works first, then consider upgrading to pn, haven't learned anything yet it's constantly advertised"
82d0fc5f-a0f7-4969-b96e-7821fb9995b6,004,1,"thà học duolingo còn hơn app này, quá quá quá quá quá quá quá quá quá quá quá quá quá quá quá quá quá quá quá quá quá quá quá quá quá quá quá quá quá quá quá quá quá quá quá quá quá quá quá quá tệ luôn ấy, cái j cũng bắt đóng tiền, nhiều qc vô cùng, đừng nên tải!!!",2025-06-30 14:37:32,Negative,"I'd rather learn duolingo than this app, too too too too too too too too too too too too too too too too too too too too too too too too too too too too too too too too too too too too too too too too too too too"
d1d62d13-da12-452a-a7c7-0489110184bf,004,1,khi quãng cáo thì nói miễn phí nhưng khi vào thì phải bỏ tiền ra để sử dụng hết các tính năng và để học không giới hạn có khác m.éo gì đi học ở trung tâm đâu,2025-06-15 10:05:06,Negative,"When advertising, it says it's free, but when you log in, you have to pay to use all the features and for unlimited learning. It's no different than going to a school."
cc082e2e-b745-4921-8e72-58c440cc61a7,004,1,app hay nhưng tự động trừ tiền tài khoản visa của tôi. lần sau cho khách dùng thử 7 ngày xong phải hỏi có muốn dùng tiếp hay không thì thanh toán chứ tự động trừ như này là không hay. đã thế nhiều video lại cứ xoay tròn không xem được,2025-03-21 14:45:33,Negative,"Good app but automatically deducts money from my visa account.Next time, let customers try it for 7 days and then have to ask if they want to continue using it or not, then pay instead of having it automatically deducted like this, which is not good.Moreover, many videos keep spinning and cannot be viewed"
960b4a13-ce13-4fe0-a05d-69f0b2da7ce9,004,1,"ứng dụng tự động lấy thông tin thẻ visa trong điện thoại và trừ tiền 1 năm học online, mà không có sự đồng ý của tôi. tệ!!!! mọi người không nên download app này khi không chắc chắn về nhu cầu sử dụng. hoặc là phải xem lại điện thoại, để phòng các app có chức năng tự động lấy thông tin thẻ visa và tự động trừ.",2025-01-21 09:44:21,Negative,"The application automatically took visa card information from my phone and deducted money for 1 year of online study, without my consent.bad!!!!People should not download this app if they are not sure about their needs.Or you have to check your phone to prevent apps that have the function of automatically taking visa card information and automatically deducting it."
a9989528-3436-4b66-a4e4-ea2aae7855e1,004,2,"ứng dụng này thực sự rất hữu ích trong việc học những mẫu câu thông dụng. tuy nhiên, ngày trước đc 5 tim, sau 3 tìm, giờ 1 tim. bắt xem quảng cáo quá nhiều để lấy tim nếu không nạp tiền. thực sự rất khó chịu vì mang tiếng app học free mà giờ cứ phải nạp tiền mới học được các bài khác.",2024-11-26 11:36:06,Negative,"This application is really useful in learning common sentence patterns.However, the day before I got 5 hearts, then I got 3 hearts, now I got 1 heart.Force you to watch too many ads to get hearts if you don't recharge.It's really annoying because it's known as a free learning app and now you have to recharge to learn other lessons."
85604ee3-474c-47d0-8fbf-b32d7a0f2250,004,1,"mới bắt đầu unti 1 phần luyện nói k vào dc lun ???? chừng nào vào dc mk ms cho 5 sao , mà cứ o dc thì mk cx phải xóa ứng dụng mong bạn xem lại giúp chứ vào k d",2024-08-28 02:28:30,Negative,"Just started with unit 1 speaking practice, can't I get it right????As long as I can log in, mk will give 5 stars, but if I can log in, mk will have to delete the app. I hope you can review it and help me."
d8139678-534d-449b-80dc-8b813265745c,004,1,"học xong 4 chủ đề xong đến chủ đề thứ 5 thì phải nạp plus, quá đáng quá. học đang hay thì phải mất tiền cho nên tôi phải xóa app này đi và đánh giá 1 sao. mong app khắc phục 😡😡😡😡😡😡",2024-08-07 13:52:43,Negative,"After studying 4 topics, I have to load plus to get to the 5th topic, which is too much.If learning is good, it costs money so I have to delete this app and rate it 1 star.I hope the app fixes it 😡😡😡😡😡😡"
fff367cd-1cd1-4842-bd17-cf951478b63e,004,2,"là một người dùng cake từ những ngày đầu t thật sự thấy thất vọng khi càng về sau cake càng tha hoá , vật chất hơn! lúc mới ra app học rất dễ, nhiều tim chỉ có nhược điểm phải đợi tim hồi mới làm test đc! còn bây h xem quảng cáo lòi trĩ 30s mà chỉ đc nhận 1 tim? học bài mới mà cx phải sài 1 tim? thật sự như v làm nản người học cực kỳ! mong nhà sản xuất xem xét lại t cảm thấy rất buồn khi trải nghiệm một app từ 4s thành 1s như bây h!",2024-05-27 03:15:17,Negative,"As someone who has used cake since the early days, I am really disappointed that as time goes on, cake becomes more and more corrupt and materialistic!When the app first came out, it was very easy to learn. Many people only had the disadvantage of having to wait until the app was released before taking the test!And now I watch a hemorrhoid ad for 30 seconds and only get 1 heart?Learning a new lesson requires you to spend 1 heart?It really frustrates learners!I hope the manufacturer will reconsider. I feel very sad when experiencing an app from 4s to 1s like now!"
5ebb38b8-f131-4a86-aec9-ea0eb7fa6858,004,2,"mỗi lần học là 1 quảng cáo và học xong lại bị 1 quảng cáo dẫn đến người dùng mất tập trung và nản với việc học tiếng anh. app cũng thu phí khá cao, người có điều kiện mới mua được. các bạn nên chọn những app khác cũng có thể học được tiếng anh vì cake đã không còn là cake của ngày xưa nữa, chỉ có 1 mục đích là thu tiền người dùng.",2024-05-01 20:36:52,Negative,"Each time you study, there is an ad and after studying, you are faced with an ad, leading to users losing focus and getting frustrated with learning English.The app also charges quite a high fee, so only those who can afford it can buy it.You should choose other apps that can also learn English because cake is no longer the cake of the past, with only one purpose: to collect money from users."
00e9e059-2e3f-4ad5-9311-0546813e223a,004,2,"qua 1 tuần trải nghiệm cake t thấy nó phù hợp cho ai học giao tiếp các chủ đề cơ bản thường ngày mẫu câu cố định không linh hoạt từ vựng luyện tập thì hầu như không có tác dụng lắm. không phù hợp với người có mục tiêu luyện tập thi chứng chỉ. bộ phận hỗ trợ làm việc chậm, 10 ngày mới xử lý xong vấn đề không đăng nhập được.",2024-04-20 01:31:54,Negative,"After 1 week of experiencing cake, I found it suitable for those who learn to communicate on basic everyday topics. Fixed sentence patterns are not flexible. Vocabulary practice is almost ineffective.Not suitable for people whose goal is to practice for certification exams.The support department works slowly, it took 10 days to resolve the problem of not being able to log in."
c8fbd89d-ef38-43ee-a673-c7f0c6313b7b,004,1,"học chả tiến bộ đôi lúc còn bị lad, đểu chắc luôn.vãi lúc vô ứng dụng học mà chờ cứ bị lad thèm đập bà nó luôn á.học như c",2024-04-16 14:03:01,Negative,"I'm not progressing in studying, sometimes I even get lad, it's really bad. Every time I go to the learning app and wait, I just want to get lad and want to beat her. I study like a c."
9530c658-1de2-4683-86d7-3844d405994e,004,1,da danh cho ban than minh co duoc cung voi moi dieu ban than nho su tot dep nhat noi tat ca cung cac ban da danh cho de ban than co gang moi ngay.co gang trong tung phut giay.tung nhip dap con tim minh va tung hoi tho co duoc trong cuoc doi de lam moi dieu de hoan thien minh sua doi loai bo moi thu ko phu hop va quan trong luon co gang de ko phu moi dieu dep nhat.uu ai nhat.tao co hoi se chia giup do minh lam lai .lam moi chinh ban than tu than tam tri.hoan thien hon moi ngay se mai luon co gang,2024-04-14 15:41:02,Negative,The name of the board can be provided with the best and most beautiful quotes for all of the boards of the board so that the board of the board can be found every day. It can be done in just a few minutes. Joining your heart and asking questions can be done in the process of making every request to complete the correction of this type of board. It is not appropriate and important that you always have the ability to not respond to the request.Nhat.uu who is the most.I have a chance to share and help you do it again.Make every single one of you more than three times.Perform more every day and you will always be together tomorrow.
fd60be4b-3255-489f-bd24-c3ec47b09f13,004,1,mình đồng ý đóng phí. mà sao bắt điền mật mã mail. điền vào cứ báo lỗi pass. làm mình đổi lại cả pass mail rồi vẫn báo lỗi là sao. đăng ký plus còn k được,2024-03-26 03:06:14,Negative,"I agree to pay the fee.Why do you ask me to fill in my email password?Fill in and keep saying password error.I changed my email password and still get the error, why?I can't even register for plus"
6c83eb5c-6ca1-4891-9427-6b50812f937f,004,1,"ứng dụng tự động gia hạn gói plus mà không có sự xác nhận của tôi, tôi đã sử dụng chức năng hoàn tiền thông qua chplay như trên trang web hỗ trợ nhưng không thể hoàn được tiền. tôi cần sự hỗ trợ để có thể hoàn được tiền",2024-03-13 02:34:02,Negative,The app automatically renewed the plus package without my confirmation. I used the refund function through chplay as on the support website but could not get a refund.I need help to get a refund
734dd78e-d6ff-4ab9-b7da-1050346492bf,004,1,bắt đóng tiền mới đc học tiếp còn luyện nói thì nói hoài ko đc cho 1sao (｀ε´)(｀ε´)(｀ε´)(｀ε´)(｀ε´)(｀ε´)(｀ε´)(｀ε´)(｀ε´)(｀ε´)(｀ε´)(｀ε´)(｀ε´)(｀ε´)(｀ε´)(｀ε´)(｀ε´)(｀ε´)(｀ε´)(｀ε´)( ｀_ゝ´)( ｀_ゝ´)( ｀_ゝ´)( ｀_ゝ´)( ｀_ゝ´)( ｀_ゝ´)( ｀_ゝ´)( ｀_ゝ´)( ｀_ゝ´)( ｀_ゝ´)( ｀_ゝ´),2024-03-04 13:43:47,Negative,"You have to pay money to continue studying, but when you practice speaking, you can't give me 1 star to practice speaking(｀ε´)(｀ε´)(｀ε´)(｀ε´)(｀ε´)(｀ε´)(｀ε´)(｀ε´)(｀ε´)(｀ε´)(｀ε´)(｀ε´)(｀ε´)(｀ε´)(｀ε´)(｀ε´)(｀ε´)(｀ε´)(｀ε´)(｀ε´)(｀_ゝ´)( ｀_ゝ´)( ｀_ゝ´)( ｀_ゝ´)( ｀_ゝ´)( ｀_ゝ´)( ｀_ゝ´)( ｀_ゝ´)( ｀_ゝ´)( ｀_ゝ´)(｀_ゝ´)"
775655d9-c545-44eb-a236-c8caf3e7e08e,004,1,"cake giờ khác cake xưa quá , cake giờ xem vid làm gì cx bắt nạp tiền , hồi xưa thì học thoải mái , 1 ngày xem cả trăm vid thì khen hay , giờ mà xem 100vid thì đc khen giàu",2024-02-29 12:57:10,Negative,"Cake today is so different from cake in the past, cake now why do you watch vids? It requires you to deposit money. In the past, studying was comfortable. Watching a hundred vids a day was complimented well. Now, if you watch 100 vids, you will be praised for being rich."
35e19caa-1c66-4c40-9661-a882cd812e40,004,1,"lúc đầu thấy app cực tốt, gì cũng free, càng ngày các tính năng free bị khoá dần, kể cả luyện speaking cũng vậy, quá thất vọng. tb =((",2024-01-03 09:39:23,Negative,"At first, the app seemed very good, everything was free, more and more free features were locked, including speaking practice too, so disappointing.tb =(("
0424c83d-9a8c-4363-af2f-f184cd07a086,004,2,i remembered this app was very useful and free to use with many good contents. now i've redownloaded it and realized we have to pay for many sections and videos on that,2023-12-19 22:51:31,Negative,i remember this app was very useful and free to use with many good contents.now i've redownloaded it and realized we have to pay for many sections and videos on that
f91c71f1-c1d9-4c3d-82ba-bafe741c2195,004,1,"mua gói thuê bao năm qua năm tự động trừ tiền ko có 1 thông báo gì , có đồng ý tiếp tục mua theo tháng hay năm tiếp cũng ko có hỏi , tìm hoài ko có thông tin để hủy. tất cả các app đã thanh toán có thống kê từ năm 2021 đến nay tìm hết cũng ko thấy có app này để hủy trả tiền tự động . 1 chút cũng k thích cách làm ăn này . mình đã kiểm tra hết 2 tk trên cả máy tính, điện thoại, tablet đều ko có lịch sử đăng kí ứng dụng để hủy. may là tk n hàng ko đủ tiền để trừ ;) .",2023-12-12 06:15:36,Negative,"Buying a yearly subscription package is automatically deducted every year without any notification. If you agree to continue buying monthly or yearly, there's no question. I can't find any information to cancel.All paid apps have statistics from 2021 until now, but I can't find this app to cancel payments automatically.I don't like this way of doing business one bit.I have checked all 2 accounts on both computer, phone, and tablet and there is no application registration history to cancel.Luckily, the account doesn't have enough money to deduct ;) ."
c3d0f3cb-0253-4341-a104-76aa139e449e,004,2,"app rất hay, nhờ nó tiếng anh của mình cũng được cải thiện. nhưng mà phần luyện nói bị hạn chế ở tiếng anh khá nhiều nếu không nạp phí ạ 😢",2023-12-06 12:58:13,Negative,"The app is very good, thanks to it my English has also improved.But the speaking practice part is quite limited in English if you don't pay a fee 😢"
d9a2d127-c5bb-4465-85d8-c2ff17770eb9,004,2,hồi đầu sử dụng tốt lắm luôn. càng ngày cái gì cũng khóa. phải mua mới học được. nếu có tiền thì ra ngoài học rồi cần gì tải về,2023-11-29 12:49:44,Negative,"The first time I used it, it was very good.Every day everything is locked.You have to buy it to learn.If you have money, go out and study, then there's no need to download"
59553d99-f231-49a0-b87b-13621c3f9d79,004,1,"mình dùng app mất phí ( cake plus) mà 4 ngày nay không thể xem các video, không thể gửi được báo cáo sự cố, không biết có thể phản hồi và trợ giúp thế nào. thật sự nản",2023-11-05 12:05:59,Negative,"I use the paid app (cake plus) but for the past 4 days I haven't been able to watch videos, can't send problem reports, don't know how to respond and help.really discouraged"
e6764591-45da-48b7-9985-8e9dd70fb3df,004,1,"app này lại bắt plus only cứ như kiểu nó thuộc công ty ea rồi ấy. càng ngày càng tệ, người nghèo không được học tiếng anh chắc. nó còn nói được là dịch vụ trả phí là không thể thiếu bla bla bla. giá thì đắt vút trời mây, đồ tham lam, ham của, lại còn nhiều nội dung bị khóa, sớoooooooooooooooooooooo mọi người à đừng dùng cái app thần kinh này nữa. mệt nhọc.",2023-10-22 03:05:38,Negative,"This app is plus only as if it belongs to ea company.It's getting worse and worse, poor people can't learn English.it also says that paid services are indispensable bla bla bla.The price is sky-high, you're greedy, greedy, and there's a lot of locked content, sooooooooooooooooooooo everyone, don't use this psychotic app anymore.tired."
af2c2924-9cdf-498a-849c-e67eb683562a,004,1,mấy hồi nhập môn không có plus only nay có plus only không học được gì bắt nộp tiền mới học được ứng dụng càng ngày càng tệ,2023-10-10 11:45:48,Negative,"In the beginning, there was no plus only, now there is plus only, I can't learn anything, I have to pay money to learn, the application is getting worse and worse"
3504a2e1-6989-40ee-93f1-872a1a034175,004,2,ứng dụng khá hay nhưng đang học giữa chừng thì lại phải pay money nên khá bức xức và không học được nếu không có tiền,2023-10-10 11:05:09,Negative,"The application is quite good, but in the middle of studying, you have to pay money, so it's quite frustrating and you can't learn without money"
c750cd50-c055-42d3-9c86-ebda07c315a1,004,1,app hay cố tình chấm phát âm sai để mình mất tim và xem quảng cáo. mình cho anh mình người bản xứ phát âm app còn chấm sai suốt mà,2023-09-16 07:31:13,Negative,The app often intentionally marks incorrect pronunciations to make me lose heart and see ads.I told my brother that the app's pronunciation was wrong all the time
4037b0ef-615e-4a3d-bbc1-49f541bb2161,004,1,"rất là bực. tuy app hay, nhiều câu lạ mà đang xài ngon lành tự nhiên app không nhận diện được giọng nói, kêu mình sai miết. bực quá xóa app luôn cho đỡ mệt",2023-09-13 10:47:54,Negative,"very upset.Even though the app is good, there are many strange sentences but I'm using it well, but suddenly the app can't recognize the voice and keeps saying I'm wrong.I'm so frustrated that I delete the app so I don't feel tired"
6df4fd44-282e-42d2-9a8e-3fc5f456ccf0,004,1,"một phút học mà năm cái quảng cáo. học app này phát ngán. chẳng bằng duolingo, cho đúng mỗi một sao, học app cake mà bất lực luôn 🤬🤬🤬🤬",2023-08-31 03:02:15,Negative,"One minute of studying, five ads.I'm tired of studying this app.Not as good as Duolingo, only one star for accuracy, learning app cake but helpless 🤬🤬🤬🤬"
a666525b-4709-4029-a1c7-ba82cf4a337c,004,1,học hết sao nó bắt phải xem quảng cáo để có thêm tim ko hay app này giống app duolingo y hệt vài cái nhiều lúc ấn nghe mà ko đc nên cho 1 sao thôi ko hay cho lắm,2023-07-31 01:31:59,Negative,"After learning it all, why does it force me to watch ads to get more hearts? Or is this app similar to the Duolingo app? Sometimes I click to listen but it doesn't work, so I'm only giving it 1 star. It's not very good."
5a6eb301-2077-44d7-a594-73fa19521467,004,1,"app hay, nhưng bắt cập nhật nhiều. hồi trc mình vào hì phần speak vẫn miễn phí, nay lại tính phí đki plus mới nói được:))).",2023-07-27 02:52:33,Negative,"Good app, but requires a lot of updates.Before, when I logged in, the speak section was still free, but now I have to pay a fee to speak :)))."
b590759d-42f6-4ac8-b950-f135d76bb368,004,1,"xài app từ hồi mới ra, ban đầu đúng đỉnh, nhiều bài hay, khi đó cũng có phí nhma đa số bài vẫn có thể học được. bây h cải tiến nhiều r, cải cách xong cái gì cũng tính phí hết. nếu vậy sao không học bên app khác ví dụ sao có dc từ hoàn thành nv đó đổi 1 ngày học speak chẳng hạn, chứ như giờ thì rất là hạn chế lun",2023-07-21 13:45:19,Negative,"Been using the app since it first came out, at first it was great, many good lessons, then there was a fee but most of the lessons could still be learned.Now we have improved a lot, after reforming, everything costs money.If so, why don't you learn from another app? For example, how can you get the word to complete that task in exchange for 1 day of learning to speak, for example, but now it's very limited?"
6ed4db72-61f6-42fc-b5dc-707dd190290c,004,1,"giống duolingo , giống hoàn toàn chỉ khác mỗi hình và cách ứng xử , cho 1 sao vì ko dc vui và thú vị lắm , sao chép duolingo. quá tệ",2023-07-21 05:27:16,Negative,"similar to duolingo, completely similar except for the image and behavior, giving 1 star because it's not very fun and interesting, copying duolingo.too bad"
7a83d1f7-ec26-413d-b0bd-892b3c869b47,004,2,"càng ngày càng tệ, từ giảm số lượng sao đến chất lượng load video chỉ ổn lúc đầu còn sau thì đơ chỉ nghe được âm thanh. cách học từ mới cũng khó thuộc. thấy thích nhất cái cụm động từ với đối thoại tiếng anh còn lại đều chán",2023-07-14 14:52:10,Negative,"It's getting worse and worse, from the number of stars decreasing to the video loading quality being only good at first and then only being able to hear sound.Learning new words is also difficult to memorize.I like the phrasal verbs the most and the rest of the English dialogue is boring"
e158acb0-10e8-4262-896b-225e3d169a9e,004,2,sao mà chắc bts hợp tác hòi à ???? hông có nhóm khác sao:)))khi chưa cập nhật thì ko nạp nhiều cho lắm cập nhật 1 cái là nạp mới học đc:???hong bằng duolingo,2023-07-09 14:32:02,Negative,"How can BTS cooperate????Isn't there another group? :))) If you haven't updated yet, don't recharge too much. Just update once and then you can learn:???hong equals Duolingo"
6eff81d7-3097-4f44-a8e3-07911bac7658,004,1,"học nói 1 tháng hôm qua đang dùng tim đc thì hôm nay bắt plus ,vừa hình thành đc thói quen học 15p mỗi ngày thì plus cái cm.m",2023-07-05 14:20:00,Negative,"I learned to speak for 1 month yesterday and was able to use the heart, then today I started to use plus. I just formed the habit of studying 15 minutes a day and then plus the cm.m."
c58ea0f4-8f2e-4537-b432-8d75ec99ea56,004,1,"phần trước dạy 1 đằng, phần bài tập kết quả 1 nẻo ạ!! mình học là ""i owe you one"" là : tôi nợ cậu lần này, nhưng bài tập cho kết quả lại nghĩa là ""cậu thật là tử tế"", trong khi lúc học thì ""cậu thật là tử tế"" dịch ra là ""you're so sweet"" ạ! mình muốn học vì kém phần anh nên thấy lạ vậy cũng hơi hoang mang ạ, dù gì cũng miễn phí nhưng kiến thức đưa ra thì phải chuẩn. mong nhà xuất hành giải thích giúp ạ.",2023-06-12 08:25:38,Negative,"The previous part teaches one thing, but the exercises give another result!!What I learned was ""i owe you one"" which is: I owe you this time, but the exercise gave me the result as ""you're so sweet"", while when I studied, ""you're so sweet"" was translated as ""you're so sweet""!I want to learn because I'm not as good as you, so I find it strange and a bit confused. After all, it's free, but the knowledge given must be accurate.I hope the publisher can help explain."
9f4c4d97-093b-4076-a932-d42c0d72fd11,004,2,"em thấy ứng dụng này rất hay, bổ ích nhưng có một khuyết điểm là phải đóng tiền để sử dụng đầy đủ các chức năng, em mong người sản xuất có thể xem xét lại một lần nữa và cho sử dụng miễn phí, xin chân thành cảm ơn mọi người đã đọc",2023-06-08 15:11:42,Negative,"I find this application very good and useful, but one drawback is that I have to pay to use all the functions. I hope the producer can review it again and make it free to use. Thank you very much for reading."
2b7574a8-8320-4c35-90b9-2ee8b29fa00a,004,1,app như đặc cầu yêu cầu sửa lại màn cuối luyện nói phần 1 nói đúng how's everything lại sai dùng gg dịch ta nói lại đúng làm ơn sửa lỗi hộ mấy quản trị viên,2023-06-06 09:05:26,Negative,"The app is like a special request to correct the last stage of speaking practice part 1. If you say how's everything correctly, it's wrong. Use Google to translate and say it again. Please correct the errors, admins."
a87d5350-aa73-4eef-ba67-9c8a0b5e35be,004,1,"ứng dụng ngày càng làm giá. tuy tính năng rất hay nhưng càng ngày càng hạn chế người dùng free. bây giờ bạn muốn học phát âm và lặp lại câu cũng chỉ có thể dùng 3 lần, sau đó là phải dùng tim, mà mỗi ngày cũng chỉ đc có 3 tim. trước kia bạn có thể thử vô hạn cho đến khi đúng thì thôi, còn giờ người dùng free chỉ có tối đa 6 lần. có lẽ giờ là thời điểm bắt đầu làm tiền của ứng dụng. thật sự là quá thất vọng!",2023-06-04 12:01:53,Negative,"Applications are becoming increasingly expensive.Although the features are very good, free users are increasingly limited.Now if you want to learn pronunciation and repeat sentences, you can only use it 3 times, then you have to use hearts, and you can only use 3 hearts every day.Previously you could try indefinitely until you got it right, but now free users only have a maximum of 6 times.Perhaps now is the time to start making money for the application.really so disappointing!"
3f249f5b-0f53-497e-a4e6-a861415c10c4,004,1,"sài được một thời gian , app tự động báo lỗi hãy nó to và gõ hơn một chút . bất kỳ mục nào luyện nói cũng không sử dụng đc phí tiền mua plus .",2023-05-24 14:18:40,Negative,"After using it for a while, the app automatically reported an error, so it was a little louder and typed a bit more.Any speaking practice item cannot be used. It's a waste of money to buy plus."
841ebf75-efd4-4232-9797-6ecf10b473c2,004,2,phần ôn tập nên random câu hỏi đã học. toàn ôn mấy câu cũ trong khi câu mới không thấy ôn. cake nên cập nhật vậy sẽ tốt hơn ạ.,2022-12-13 06:46:03,Negative,The review section should randomize the questions you have learned.I always review the old sentences while not reviewing the new ones.cake should be updated so it would be better.
efc2a69d-16a9-43fa-bcba-0ace21cc0025,004,1,"app làm sao á , app dịch một đường gg dịch một lẻo là sao ? getting cold feet cake dịch : sợ rồi à gg dịch : chân lạnh are you wimping out on me cake dịch : bạn đang rút lui đấy à gg dịch bạn có đang yêu tôi không ủa aloo =))",2022-09-25 13:41:32,Negative,What does the app do? What does it mean when the app translates in one line and translates in one word?getting cold feet cake translation: are you scared gg translation: cold feet are you wimping out on me cake translation: are you retreating gg translation are you in love with me aloo =))
e6b7da99-d9d2-4a4b-ad64-fd8089c9efa9,004,1,ui má ơi giống app rác lun ák🤗 app hay lắm nha mn ko xóa app âu gỡ cài đặt lun đyy app hãm l mà cứ thik quảng cáo à?,2022-09-05 12:48:06,Negative,"Wow, it looks like a trash app🤗 this app is very good, don't delete the app and uninstall it all the time, this app is so bad, why do you keep liking the ads?"
06df74a8-dede-43f3-9c76-5cbea9d66a06,004,2,"tôi đọc đúng nó cũng cho sai 😡, viết đúng cũng cho sai 😡, đọc muốn khàn giọng mà nói cho sai toàn bộ😡😡. không thể chấp nhận được, yêu cầu xem xét lại😡",2022-07-24 16:22:33,Negative,"If I read it right, it's wrong 😡, if I write it right, it's wrong 😡, if I read it, I'll make my voice hoarse but say it all wrong😡😡.Unacceptable, request reconsideration😡"
95ad9edc-3949-4406-b24d-f193ff438ff5,004,1,"app bắt bỏ tiền làm t khá bực nhưng hơn hết là giao diện sảnh ko đc bắt mắt kèm theo việc giật lag, delay :((",2022-07-21 08:32:18,Negative,"The app requires me to spend money, which makes me quite frustrated, but most of all, the lobby interface is not eye-catching with lag and delay :(("
90a9a86c-7813-4e13-b4d3-3b7a25b250d1,004,1,đọc nữa tiếng đồng hồ ko bt sai chỗ nào luôn một câu mà đọc 1 tiếng đồng hồ tôi đưa cho con bạn giỏi tiếng anh lớp tôi nó cx bảo app chắc ko nhận dạng dc giọng nói là thế quái nào,2022-07-20 04:08:55,Negative,"I read it for half an hour without any mistakes, just one sentence after reading it for an hour. I gave it to my classmate who is good at English and he said the app probably can't recognize speech. What the hell is that?"
c63073d7-d9db-4f7d-a8ed-97ac7ff9088f,004,2,"cake như củ kẹt .học có mấy bài thì nó bắt đăng kí mới học được ,mà đăng kí thì cần tiền .học được mấy bài nên ko hiểu được.",2022-07-01 10:17:42,Negative,"cake is like a jam. After taking a few lessons, they require you to register to learn, but you need money to register. After taking a few lessons, you can't understand them."
44c2d84e-7fba-48ac-b984-4efa266f9b35,004,1,lần nào mở lên là nó cứ kêu đăng nhập để cake để nó thu tiền hoài à nên tôi xóa ứng dụng này còn nữa muốn coi video mà nó dạy học thì nó cứ lấy một team của tôi nên tôi không còn tim nào nó bắt tôi kiểm tra lúc tôi chưa học thuộc và nó còn ép tôi phải học nữa tôi đánh giá ứng dụng này một sao.,2022-06-30 10:50:32,Negative,"Every time I open it, it keeps asking me to log in to cake so it can collect money, so I deleted this app. If I want to watch the videos it teaches, it just takes one of my teams, so I have no heart left. It makes me test when I haven't memorized it and it even forces me to study. I rate this app one star."
3b04ec55-987b-48ca-ace2-bd1c08b3eadf,004,1,ứng dụng này lm tui thất vọng qá bởi vì nó có nghĩa rất sai lm tui ko phân bt đc qá thất vọng ứng dụng này,2022-06-11 09:30:04,Negative,This app makes me so disappointed because it has very wrong meanings I can't explain how disappointed I am with this app
2c0174b7-f26c-4c8c-a413-9e6a5e4c0091,004,1,"tôi bấm vào nhưng nó ko vô , ví dụ tôi bấm đáp án a nó ra đáp án b làm tôi bị sai xong trừ điểm , mn đừng tải chả hc đc",2022-04-28 11:42:43,Negative,"I clicked on it but it didn't work. For example, if I clicked on answer a, it showed answer b, which made me wrong and deducted points. Don't download it. I can't study."
2cf3174d-61ec-4441-83ab-9613d36bf0b3,004,1,"nó k cho tôi đọc vừa bật lên chưa kịp đọc nó đã bảo bạn cần đọc nhanh hơn nx , mà ngta chx kịp đọc lun ă tr , tứk ghê , lúc này là muốn xoá cái app này lắm r ""🥰""",2022-04-13 13:56:13,Negative,"It won't let me read, just turned it on and before I could read it, it said you need to read faster nx, but I can't read it, it's so bad, I really want to delete this app right now r ""🥰"""
38e0ed87-5349-47be-9d17-7a224c607d6f,004,1,"app tệ ,nhấn nghe radio không được vài câu mình cảm thấy khó phát âm :(( mk kh muốn app như thế mong hãy khắc phục",2022-04-08 14:24:27,Negative,"The app is bad, I can't listen to the radio, some sentences are hard to pronounce :(( I don't want an app like that, please fix it"
a3aca95c-c6a1-4395-8c30-a4e26f24a7dc,004,2,"app cái phần nghe người ta đọc mẫu để mình đọc xem điểm a, b hay c mà sao bấm nghe không có tiếng?!😑. mong là sẽ khắc phục không là xóa app!",2022-03-29 13:38:24,Negative,"The app has the part to listen to people read the sample so I can read the point a, b or c, but why is there no sound when I press the button?!😑.I hope it will be fixed or delete the app!"
99befd24-c877-4eb5-9ed9-d244f0cff22b,004,2,"nó bị sao á mng. tui nghe đc một hồi và mấy lúc sau không hề nghe đc, không biết do app hay do dt tôi?",2022-03-25 13:49:25,Negative,What's wrong with it?I heard it for a while and after a while I couldn't hear it at all. I don't know if it's because of the app or because of my phone number?
533bafd8-6cb0-46e2-9906-1f2ac3afa1bb,004,2,mình đã thử app để học tiếng anh nhưng app cho những từ vựng và mẫu câu rất khó phát âm nên mình khuyên các bạn bắt đầu học tiếng anh ko nên thử,2022-03-20 05:21:34,Negative,"I tried the app to learn English, but the app gives vocabulary and sentence patterns that are very difficult to pronounce, so I advise you not to try it when you start learning English."
