review_id,app_id,rating,comment,date,sentiment,comment_en
45425d35-d93e-4083-81a8-030f78ce6f5d,008,3,app học ok nma phải mua gói học nếu bạn muốn giỏi thì nên tải thêm app khác tại app này chủ yếu là từ vựng thôi,2023-11-13 13:24:43,Neutral,ok learning app nma you have to buy a learning package if you want to be good then you should download another app this app is mainly for vocabulary only
401bd5c7-ece6-4a4f-9299-ddf53776fe88,008,3,"please update more advanced lessons for learners. if you want to gain more subscribe, you need to have more game to improve writing, speaking, reading and listening skills in the languages. please focus on improving these recent languages you guys have, not to add more languages 😭😭",2023-10-04 19:56:10,Neutral,"please update more advanced lessons for learners.if you want to gain more subscribers, you need to have more games to improve writing, speaking, reading and listening skills in the languages.please focus on improving these recent languages ​​you guys have, not to add more languages ​​😭😭"
adf05bd0-d6a7-4bbe-8f2d-50953cc8ea33,008,3,tui cho 3 sao vì lúc vào bài học tự nhiên nó tải bài tập lâu làm tốn thời gian lắm mong nhà sản xuất chỉnh lại cho các bạn khác còn tui thì tải áp khác tui học cái áp này cũng lâu rồi mà giờ bị lỗi này thật là buồn good bye áp nha 😔😔,2022-09-28 13:09:31,Neutral,"I give 3 stars because when starting the lesson, it suddenly takes a long time to load the exercises and it takes a lot of time. I hope the manufacturer will fix it for other students, but for me, I have to download a different voltage. I learned this lesson a long time ago, but now I have this error. It's really sad. Good bye, 😔😔"
cb44350a-5f0f-480f-819a-6c11c03d4e1c,008,3,cách học của app rất tốt nhưng mình tìm ứng dụng miễn phí và hiệu quả vì mình ko có tiền để học tiếng hàn mẹ mình thì bắt học tiếng anh nên là mình phải tìm cách học miễn phí nhưng lại bắt mình đóng tiền mới học đc nên mình sẽ đi tìm app miễn phí để học :(,2022-03-17 15:01:59,Neutral,"The app's learning method is very good, but I'm looking for a free and effective app because I don't have money to learn Korean. My mother forces me to learn English, so I have to find a way to learn for free, but it forces me to pay to learn, so I'm going to find a free app to learn :("
bece3d53-160b-4ba9-ba80-d38e3c78f542,008,3,lúc nghe câu chuyện học câu và dịch nghĩa toàn là tiếng anh em chả hiểu chỉ cách em chỉnh lại bằng tiếng việt em đổi lại 5 sao cho,2022-03-11 13:31:38,Neutral,"When listening to the story, learning the sentences and translating the meaning, it was all in English and I didn't understand. I just edited it in Vietnamese and changed it to 5 stars."
ac82a01c-13a3-40bc-9478-5997978188bc,008,3,app dùng khá là tốt nhưng nếu học miễn phí sẽ không được học nhiều. mình mong app sẽ cải tiến phần này để có nhiều người dùng hơn,2022-03-09 03:04:36,Neutral,"The app is quite good to use, but if you learn for free you won't learn much.I hope the app will improve this part to have more users"
aba122d6-0095-47e5-aac5-ab2a823b23bb,008,3,ứng dụng không có dấu cách nên khi tôi gõ từ a dog thì lại không đúng nên tôi phải làm lại rất nhiều.mong người tạo ra ứng dụng này sẽ cho những người tải ứng dụng này 1 cái bàn phím như kiểu nhắn tin để cho máy sẽ chấm đúng hơn và chúng tôi sẽ không phải làm lại.tôi sẽ tạm xóa ứng dụng này ở máy cho đến khi người tạo ra ứng dụng khiến cho tôi phải hài lòng thì lúc đó tôi sẽ tải về dùng 1 thời gian rồi xem có ổn hay không nếu ổn tôi sẽ cho 5 sao và chia sẻ cho mọi người dùng app này .,2022-01-28 05:59:34,Neutral,"The app doesn't have spaces so when I type the word a dog it's not correct so I have to do it again a lot. I hope the creator of this app will give those who download this app a keyboard like texting so that the machine can score more accurately and we won't have to do it again. I will temporarily delete this app from my device until the app creator makes me satisfied, then I will download it and use it for a while and see if it's okay or not. If it's okay, I'll give it 5 stars and share.for everyone using this app."
682570eb-f48b-42c9-b60a-2decb3be8ad5,008,3,"tuy tốt nhưng phải mua gói, tôi thì ko có tiền nên ko mua đc ai có tiền thì mua chứ tôi ko có nên là... tôi thích đáng giá 3sao.",2022-01-19 12:44:46,Neutral,"Although it's good, you have to buy a package. I don't have money so I can't buy it. Anyone who has money can buy it, but I don't so... I like it, it's worth 3 stars."
37a9352c-a650-4259-bbe9-6b46a74ffb01,008,3,"đến cái chủ đề định từ thì vào nó cứ hiện lên cái khuyến mãi mùa đông ý chẳng học được cái j cả.nó bảo là khuyến mãi kết thúc trong 47:39:30,nhưng mấy ngày sau tôi lại thấy nó như thế này47:20:39.nên là mất ngày nay chẳng học được j.",2022-01-18 08:30:47,Neutral,"When it comes to the subject of prepositions, it keeps showing up with the winter promotion and I can't learn anything. It says the promotion ends in 47:39:30, but a few days later I see it like this 47:20:39. So I lost today and can't learn anything."
6c354cd4-5602-488c-b04d-a2b0e59bcb7a,008,3,"tại sao phần tiếng nhật trong bài nghề nghiệp lại kh cho học và bắt buộc phải mua gói? mới c2 kh kiếm ra tiền sao mua gói đc, ai giúp em với ạ",2022-01-17 13:36:30,Neutral,"Why is the Japanese section of the career lesson not allowed and must be purchased as a package?I'm new and don't have enough money to buy a package, can anyone help me?"
55e99ce2-a8bf-4cda-8343-94977a4befca,008,3,"biết là muốn ngta mua để duy trì app, nhg mới học xong quốc tịch đã bắt đóng tiền trong khi tôi là học sinh:)) biết lấy đâu ra chín trăm mấy để đóng?",2021-12-16 09:55:12,Neutral,"I know I want someone to buy it to maintain the app, but I just finished studying for my citizenship and already have to pay money while I'm a student :)) Where can I get nine hundred to pay?"
02c4bb33-4305-426a-99fd-e95ee645e572,008,3,"học thì rất ok nhưng tôi lại ko có tiền để đóng mà cứ bắt đóng, mà ko đóng thì ko cho học, học xong chủ đề thú cưng muốn qua chủ đề gia đình gì đấy thì bắt đóng",2021-12-12 05:52:11,Neutral,"The class is very good, but I don't have money to pay so I have to pay. If I don't pay, I won't be allowed to study. After studying the pet topic, if I want to go to a family topic or something, I'll have to pay."
8fd4123d-dd88-4adb-a2f5-fdebd8e2a03f,008,3,"his là của anh ấy, chứ ko phải của cô ấy, i là tôi chứ ko phải i là bạn, và nhiều lỗi sai khác",2021-12-10 07:27:14,Neutral,"his is his, not hers, i is me, not i is you, and many other mistakes"
e1e3f162-7256-4fae-9cfb-ef52c2b9db36,008,3,"tốt, nhưng tôi xin nhà sản xuất sửa lại cái chỗ định từ. tôi ấn miết vào đó mà nó cứ kêu là chọn một gói ko à",2021-11-24 07:27:30,Neutral,"good, but I ask the producer to fix the word definition.I pressed on it but it kept asking me to choose a package"
7086bc55-aba8-4fde-b7f1-6b2fd68f0a51,008,3,"app giúp tôi cải thiện được phần đọc, nghe và viết, nhưng một số cái tôi hk thể học miễn phí mà app bắt tôi phải mua, mong app cải thiện hơn và miễn phí hoàn toàn.",2021-11-21 06:20:02,Neutral,"The app helps me improve reading, listening and writing, but I can't learn some things for free and the app forces me to buy them. I hope the app will improve and be completely free."
00796c4f-66c2-4cf4-aa88-896da0461994,008,3,"mình mong hỗ trợ tiếng việt nhiều hơn, đóng học 1 năm mà thấy ít hỗ trợ tiếng việt, nên 1 số phần chưa hiểu lắm",2021-11-09 17:27:31,Neutral,"I wish there was more Vietnamese support. I paid for a year of study but found little Vietnamese support, so I don't understand some parts."
6ea833ee-8e74-48cd-8c48-f0e8a5abe381,008,3,áp học t.anh cx tốt mà khi tôi thôi qua gia đình ko cho hc nx mà pk đợi cả chục tiếng mong nhà sản xuất cho học theo thứ tự và ko cần chờ mất thời gian quá,2021-10-08 01:40:56,Neutral,"The pressure to study Tanh cx is good, but when I stopped coming over, my family didn't let me study nx, but I waited for ten hours, hoping the producer would let me study in order and not have to wait too long."
2e8a1000-c85a-4206-b869-ee3cd62a07aa,008,3,ai giúp em với em học được 1 bài xong bài tiếp theo làm như là phải trả tiền vậy đó nên em hong biết làm sao ạ🥲,2021-09-23 11:52:34,Neutral,"Can anyone help me? I've learned one lesson and then the next lesson, it's like I have to pay so I don't know what to do🥲"
f480cf60-5a39-4942-9e8d-37e78e2cae31,008,3,"ứng dụng khá hay nhưng tính phí cao quá, tôi là học sinh lấy tiền đâu mà trả, mong cho nhà sản xuất xem xét cho học miễn phí",2021-09-18 04:19:15,Neutral,"The app is quite good but the fee is too high, I'm a student, where can I get the money to pay? I hope the manufacturer will consider making the course free"
1b7aa5f5-8de5-49b9-a483-a188aeddb9e9,008,3,phần mềm học cũng hay nhưng mà kiểu cứ phải nhận khuyến mãi nên mình k vào học được mong ch play cài đặt chỉnh sửa lại ạ,2021-09-18 00:12:24,Neutral,"The learning software is also good, but it's like I have to receive promotions so I can't start learning. Please play, install and edit again."
86d886cd-f500-40a4-98b7-f2b7805d2f5e,008,3,"tại sao khi tôi bật mạng thì app cứ load mãi, tắt mạng thì có thể vào và học được, nhưng không có hình ảnh lẫn âm thanh",2021-09-07 05:01:23,Neutral,"Why is it that when I turn on the internet, the app keeps loading? When I turn it off, I can log in and learn, but there is no image or sound."
027d4017-3f8a-430c-a620-1d804b06065d,008,3,học cũng rất tốt nhưng ko hiểu sao tự dưng học mới đến bài 2 đã ko vô được rồi ạ !! nó thường hiện lên chữ khuyến mãi nếu ko mua gói học đó sẽ ko cho vào học nữa hay sao ắ ?!! chán,2021-08-23 02:06:00,Neutral,"I'm studying very well, but I don't understand why I suddenly can't get to lesson 2!!It often shows promotion words. If you don't buy the package, you won't be allowed to take the class again, or what?!!bored"
9ad10c71-b087-4ac9-93c5-6a20847c3cb6,008,3,"tại sao tự dưng đang nói tiếng việt app lại chuyển sang tiếng anh??? ví dụ: từ ""tôi"" lại chuyển thành ""me"". mong app đổi lại nói bằng tiếng việt chứ nói tiếng anh mình ko hiểu😔😔",2021-08-20 01:46:36,Neutral,"Why does the app suddenly switch to English while speaking Vietnamese???For example, the word ""I"" becomes ""me"".I hope the app changes to speak in Vietnamese instead of speaking English, which I don't understand😔😔"
263626d3-050b-463c-af08-b67e51fbc5f7,008,3,"hc rất tốt nhưng khi tải hc offline thì dô bài nào cũng hiện ra học giá km, quảng cáo đó tắt rồi vẫn ko vào dc bài học, t ko hiểu là thế nào upd roi nhưng vẫn tinh trạng náy, ko thể học được",2021-07-31 08:58:01,Neutral,"The course is very good, but when I download the offline course, every lesson shows the cost of the lesson. The ad is turned off and still can't access the lesson. I don't understand how to update it, but it's still like this, I can't study."
8b91034d-5f19-4ee0-8740-7055964127ac,008,3,app học rất hay. ban đầu cứ tưởng miễn phí nhưng mới học được 1 topic thì bắt phải nạp tiền mua gói tháng/năm thì mới được học những topic khác :(((,2021-07-24 05:18:45,Neutral,"Very good learning app.At first I thought it was free, but after learning just one topic, I had to pay for a monthly/yearly package to learn other topics :((("
f2c7ac8d-c64d-4006-9daf-b8fbd0123c4b,008,3,em đã đki đóng tiền vô app.tại sao hôm qua e còn vô đc phần tiếng anh để học. nhưng bây giờ lại ko vô đc nữa. những ngôn ngữ nước khác vẫn vô bt,2021-07-17 12:14:21,Neutral,I have already paid for the app. Why was I able to access the English section yesterday to study?but now I can't get in anymore.Other languages ​​are still unimportant
4b79dfce-6ad5-44ed-86f6-51b97894e8da,008,3,"đã mua full gói, ứng dụng cũng có hạn chế, khi đọc 1 câu có từ mới nhưng không có gì để xác nhận và lưu vào thẻ từ vựng để người học có thể ôn tập phần từ mới mà ứng dụng cho sẵn để lưu theo mục thì hạn chế theo chủ đề thôi",2021-07-05 10:09:40,Neutral,"Having purchased the full package, the application also has limitations. When reading a sentence with a new word but there is nothing to confirm and save it to a vocabulary card so that learners can review the new words that the application has available to save by category, it is limited by topic."
7ad94ffc-6b39-4394-b17a-030d8b8e99c9,008,3,khi mà tôi muốn vô học thù nó tải rất lâu và nó còn tự thoát ra nữa tôi mong nhà sản xuất có thể nhanh sửa lại phần lỗi này:((,2021-06-19 03:22:49,Neutral,"When I want to go to school, it takes a long time to load and it even exits on its own. I hope the manufacturer can quickly fix this error :(("
7f3acc12-f720-41fe-bcdd-83ed547f220f,008,3,"khá tốt đó nha mọi người! app có từng vựng ,ngữ pháp và story nữa. tuy story đọc hơi nhanh nhưng nghe nhiều lần sẽ kịp. vả llại tiếng hàn có phát âm gần giống tiếng việt nên mình nghĩ mọi người sẽ vượt qua thôi! bản thân mình là người việt mà mình thấy học cũng khá khá. à với lại app có những cái trick nhỏ cho mình nữa nên việc học chữ cái, câu từ sẽ dễ hơi lắm á. có điều mình thấy chương trình nâng cấp phải nộp phí. chán!",2021-05-29 00:33:01,Neutral,"That's pretty good, everyone!The app has vocabulary, grammar and stories too.Although the story is a bit quick to read, if you listen to it many times you will catch up.Besides, Korean has a similar pronunciation to Vietnamese, so I think everyone will get over it!I myself am Vietnamese and I think studying is quite good.Also, the app has little tricks for you so learning letters and sentences will be very easy.However, I see that the upgrade program requires a fee.bored!"
728f366c-ece6-4305-9992-d74fa0a7ab3a,008,3,"this app has a really good list of lessons for vietnamese, but the exercises are not very helpful. i wish that there were way more listening exercises and not so much writing. it has the same problem as duolingo in that it makes you memorize specific sentences but it isn't very helpful in using the grammar in a native way. the audio is very clear but the sentence flow is completely unnatural which makes it very hard to practice listening comprehension. i wish it was better, the content is great!",2021-05-08 23:50:19,Neutral,"this app has a really good list of lessons for Vietnamese, but the exercises are not very helpful.i wish that there were way more listening exercises and not so much writing.it has the same problem as duolingo in that it makes you memorize specific sentences but it isn't very helpful in using the grammar in a native way.the audio is very clear but the sentence flow is completely unnatural which makes it very difficult to practice listening comprehension.i wish it was better, the content is great!"
243bad49-6102-427c-a7e8-daffdb4338c6,008,3,"không , app này giờ phải mua thôi học free được có chút à :)) mình khuyên các bạn dùng duolingo đi học được nhiều hơn á còn cái này chạy theo thu nhập rồi",2021-05-03 00:41:07,Neutral,"No, you have to buy this app now so you can study for free :)) I recommend you use Duolingo to study more, but this one is based on income."
7d05ed82-ffba-4f4b-a961-4bfd29b02706,008,3,"tôi đg học tiếng hàn, mà sao học đến bài 2 chương 1 ứng dụng lại bắt đóng tiền rồi mới đc học nhưng chị gái tôi 1 năm trước cũng học trên ứng dụng này mà lại không cần đóng 1 đồng nào",2021-04-04 13:12:21,Neutral,"I'm learning Korean, but when I get to lesson 2, chapter 1, the app requires me to pay before I can learn, but my sister also learned on this app a year ago without having to pay a penny."
6f95fcf3-a540-4d8d-8788-4d9c6d2d2fe4,008,3,"í là định cho 5 sao nhưng mà đg học lại hiển thị bắt nộp tiền học phí , cho em hỏi là app này đóng tiền ms đc học phải ko ạ",2021-03-25 13:38:35,Neutral,"I was going to give it 5 stars, but when it comes to studying, it shows that I have to pay tuition. Can I ask if this app can pay to study?"
06d61ae5-0cec-432c-9e81-7e7246102e12,008,3,ứng dụng này cảm thấy hơi đểu đểu sao ý xem mà thấy nó toàn dụ tham gia cái gì ấy. có nhũng bài ko học mà đã cho cực khó rùi,2021-02-28 09:15:28,Neutral,"This app feels a bit dodgy, but when I look at it, it seems like it's all about participating in something.There are some lessons that I didn't learn that were extremely difficult"
61d18001-751d-4f16-86eb-6068add52969,008,3,"dễ học cực. bài học sinh động, phát âm rõ.rất tốt cho bạn nào mới bắt đầu học ngôn ngữ chữ tượng hình, có cả phiên âm nhưng, học đến bài thứ 3 thì phải trả thêm phí để tiếp tục học.",2021-02-03 15:07:23,Neutral,"Extremely easy to learn.The lesson is lively, with clear pronunciation. Very good for those who are just starting to learn hieroglyphic language. There is also phonetic transcription, but if you get to the 3rd lesson, you have to pay an additional fee to continue learning."
95535a3b-6d78-4df1-9a44-2f236cf03d15,008,3,"thật sự app học rất hay và chi tiết, dành cho người mới học hoặc dành cho người đã biết. tuy nhiên học được tới 2,3 bài là những bài sau phải nạp tiền để mở , làm mình hơi buồn.",2020-11-18 11:48:54,Neutral,"The learning app is really good and detailed, for beginners or for those who already know.However, after learning 2 or 3 lessons, the following lessons have to be recharged to open, which makes me a bit sad."
5f0db137-d57a-40e7-8c68-b8cfc5d1273d,008,3,"good app, easy to understand, quick to start with but from 2nd lesson of korean, i have to pay fees, i'm still a middle school student with absolutely no money, how can i learn , it is not only adults who want to learn a language other than english😭😢",2020-09-01 05:47:52,Neutral,"good app, easy to understand, quick to start with but from 2nd lesson of korean, i have to pay fees, i'm still a middle school student with absolutely no money, how can i learn , it is not only adults who want to learn a language other than english😭😢"
5db56aef-3b4b-4abf-b4c5-2ec766ab4e2a,008,3,"đợt trước thì dùng rất thoải mái nhưng bây giừo học được 1,2 bài đầu thì phải trả phí để học tiếp nên hơi khó chịu😕",2020-08-14 07:23:19,Neutral,"Before, it was very comfortable to use, but now after learning the first 1 or 2 lessons, I have to pay to continue learning so it's a bit annoying😕"
73709ec4-7e6f-4b61-9ce3-b3275474663f,008,3,"app bị sai 1 số lỗi, đóng tiền mỗi tháng nên cảm thấy mấy cái sai này rất khó chịu. ví dụ như em gái gọi chị là dùng 언니 nhưng trong phần đáp án lại cho là 누나",2020-08-13 02:40:43,Neutral,"The app has some errors, I pay money every month, so I find these errors very annoying.For example, when my sister calls me she uses 언니 but in the answer she says 누나"
6b1128db-5eb2-4409-a69c-cfc75252bfb0,008,3,mặc dù ứng dụng dạy rất dễ hiểu và có phần mẹo học nhưng đối với học sinh như em thì việc trả phí có hơi khó khăn...,2020-08-07 02:24:53,Neutral,"Although the teaching application is very easy to understand and has learning tips, for students like me, paying the fee is a bit difficult..."
944f35df-ff73-4d9b-963d-5a869f21096d,008,3,ứng dụng tốt nhưng nếu mỗi lần đọc xong có phần đánh giá ( ví dụ khi đọc 1 từ nếu đọc đúng thì được 5 sao nếu đọc sai thì đc 1 sao ) để mik biết mik sai ở đâu để khắc phục lỗi sai ấy.,2020-07-25 22:03:26,Neutral,"The application is good, but if each time you read a word, there is a rating (for example, when reading a word, if you read it correctly, you will get 5 stars. If you read it wrong, you will get 1 star) so that you know where you went wrong to fix that mistake."
936737ab-b6c2-414e-b7ac-8ef1c5503bb7,008,3,phải nói ứng dụng rất hay và học rất hiệu quả nhưng lại tính phí tôi rất muốn dùng app này lâu dài nhưng hs ko có tiền thật tiếc quá 🙁🙁,2020-07-22 14:25:06,Neutral,"I have to say the app is very good and learning is very effective but it charges a fee. I really want to use this app for a long time but I don't have money, which is a shame 🙁🙁"
f9aeabca-81b3-4195-af44-fea56a08fab5,008,3,please đừng bắt thu phí được không tôi đang là học sinh nên mới tìm app miễn phí giờ thu phí tôi lấy đâu ra tiền,2020-07-22 05:48:30,Neutral,Please don't charge me a fee. I'm a student so I just found a free app. Now where do I get the money?
d7abb03f-494e-471b-8fe8-afa289572e60,008,3,tôi mới học 1 bài đến bài thứ 2 bất tôi phải trả phí mới vào học đc . cứ tưởng học face để trải nghiệm tốt học ở nhà chứ,2020-06-14 13:16:08,Neutral,I just took 1 lesson and got to the 2nd lesson but I have to pay a fee to study.I thought learning face to face would give me a good experience studying at home
51541df5-b062-44a3-9332-6521551307e1,008,3,ưng dung lam tôt nhưng co điêu la quang cao vê môn hoc co tiên ma em xoa thi ko đươc em ko biêt phai lam sao,2020-05-27 04:56:51,Neutral,"It's a good application, but it's a great way to improve your subject. I don't know what to do."
b5df48bd-bbb7-4843-931a-10cccff8bf8d,008,3,"ban điều hành có thể xem lại một chút về phần mẹo học. tại sao phần mẹo học lại không có đến một chữ nào chứ? rồi xem lại một vài cấu trúc ngữ pháp, đổi vị trí vẫn đúng, nhưng tại sao lại để sai? cần xem xét lại gấp",2020-04-28 15:30:38,Neutral,"The board could review the study tips section a bit.Why doesn't the study tips section have a single word?Then review some grammatical structures, changing the position is still correct, but why is it wrong?need urgent review"
b3d4063a-840d-4034-8fa5-10711db6f0a7,008,3,học khá tốt nhưng phần học cơ bản cho người bắt đầu quá chú trọng vào câu dài và ngữ pháp. nên cho làm quen phầm đầu ít ngữ pháp và tập teu g từ vựng đơn lẻ trước,2020-04-26 20:05:08,Neutral,"Learned quite well, but the basic lesson for beginners focused too much on long sentences and grammar.You should familiarize yourself with the first part with little grammar and individual vocabulary practice first"
8169d728-da83-4963-8252-63a82fd8cd55,008,3,ứng dụng khá tốt nhưng học được một phần thì bắt thu phí. đâu phải ai cũng có tiền để nạp đâu. nên tui đề nghị là bỏ hình thức thu phí đi để ai cũng có thể học,2020-03-24 15:23:54,Neutral,"The application is quite good, but after learning part of it, you have to pay a fee.Not everyone has money to deposit.So I suggest removing the fee so everyone can learn"
3b551ad1-c32a-4fc5-b34c-b35278d79ccc,008,3,lần trước free giờ bắt đầu thu phí. biết là gì cũng có cái giá của nó nhưng mà có tiền thì đi học trung tâm rồi đâu mò vào app làm gì nữa :(((.,2020-03-20 13:02:39,Neutral,"Last time it was free, now it starts charging.I know everything has its price, but if you have money, go to a high school and then why bother going to the app anymore :(((."
6e11d641-b75c-4dcd-ae87-85c904a2ea57,008,3,"ad ơi app học tốt lắm nhưng thu phí thì tệ quá , là học sinh như e ko có quá nhiều tiền để học bên ngoài nên mới lên đây học đấy ạ ad thu phí thì bọn em học làm s học đc bây h quả thực tiếng hàn khá khó nhưng vô trong app này thấy dễ cực ạ mà ad lại thu phí thì buồn thiệt sự vì học sinh như em ko có nhiều tiền đến thế ạ mong ad bỏ khoản phí đi ạ plsss😭😭",2020-03-20 09:10:20,Neutral,"Admin, the app is very good for learning but the fees are so bad. As a student like me, I don't have too much money to study outside, so I come here to study. Admin, if you charge a fee, we can learn how to do it now. Korean is actually quite difficult, but entering this app is very easy. But if you charge a fee, it's really sad because students like me don't have that much money. I hope you will drop the fee, plsss😭😭"
65ee8427-82ea-4c65-be0f-f3af2f65661d,008,3,"khi học em học tiếng hàn chỉ học đc tới xong quốc tịch là ngưng không thể học bài tiếp. nó cứ hiện mình phải mua cái gói để học tiếp, nhưng làm sao có thể học tiếp nếu không mua?",2020-03-11 14:42:30,Neutral,"When I studied Korean, I only studied until I finished my nationality, then I stopped and couldn't continue studying.It keeps telling me I have to buy the package to continue studying, but how can I continue studying if I don't buy it?"
dcf984cb-4d35-42e3-a474-358c54be2f82,008,3,"app học tốt , nhưng chỉ học đc phần cơ bản 1 , tới phần cơ bản 2 phải mua thì mới học tiếp đc , thất vọng , quá ít bài free",2020-02-25 03:27:23,Neutral,"The learning app is good, but you can only learn the basic part 1. You have to buy the basic part 2 to continue learning. Disappointing, too few free lessons."
1b7c9bc7-d9e3-41f6-b993-df1ea5d80be0,008,3,cho mình hỏi hôm trước mình học thì mình học được hết các cấp của tiếng trung sau giờ mình học lại thấy phải đóng phí ạ,2020-02-22 04:18:01,Neutral,"Let me ask you, when I studied the other day, I learned all the levels of Chinese. After I studied, I found I had to pay a fee"
2ee95030-a3ce-4134-ae4e-13e5a024b1b9,008,3,"ứng dụng hay,tốt nhưng mình chọn học tiếng anh dành cho người việt mà nó cứ ra tiếng hàn, mình không hiểu gì cả 😐😐😐😕😕😕. mong ứng dụng sớm sửa lại 😊😊😊",2020-01-27 13:04:19,Neutral,"Great app, good but I chose to learn English for Vietnamese people but it keeps saying Korean, I don't understand anything 😐😐😐😕😕😕.I hope the app will fix it soon 😊😊😊"
73091ee9-7f32-43ba-b2a0-5f2c83a8cfdd,008,3,tôi hoc đến bài cuối cùng rồi mà nó cứ hiện ra mấy cái gì í đề nghị đừng cho cái ấy xuất hiện nữa,2020-01-05 12:14:14,Neutral,I've learned the last lesson but it keeps showing up. I suggest you don't let that appear again
5013a7a7-4d56-4268-a2ef-b3a74ecca4b6,008,3,ứng dụng khá tốt nhưng sao tôi mới học một bài đã không thể học nữa vì dính quảng cáo mà không có cách nào thoát ra 😔,2019-11-29 13:07:40,Neutral,"The app is quite good, but after just learning one lesson I can't study anymore because it's stuck with ads and there's no way to get out 😔"
3f055fa0-54ae-4fc9-ae3c-11ab1f3b1333,008,3,cái gì vậy? phải tốn tiền nữa sao? sao đang học bình thường và tôi đang rất thích ứng dụng này mà lại đột nhiên phải trả phí :(,2019-11-28 15:55:12,Neutral,what is it?Does it cost more money?Why am I studying normally and I really like this app but suddenly I have to pay :(
ded4635e-380d-496c-ad84-7c32d0ed4064,008,3,hồi trước ở máy ss và ip mik dùng vẫn bình thường mà qua máy wiko cái nó toàn tiếng anh không chẳng hiểu gì cả😑 không biết chỉnh lại tiếng việt ra sao nữa😬,2019-11-22 12:48:48,Neutral,"In the past, I used it normally on SS and IP phones, but when I use the Wiko phone, it's all in English and I don't understand anything😑 I don't know how to change it to Vietnamese😬"
06ba1ed4-e5b9-42b9-b4ad-aad9ba1a3ee8,008,3,"ứng dụng hay, dễ học nhưng bây giờ lại bắt đóng phí. một học sinh như tôi thật sự không thích điều này. tôi đành xoá ứng dụng vậy",2019-11-10 13:54:34,Neutral,"Good app, easy to learn but now requires payment.A student like me really doesn't like this.I had to delete the app"
50eb55a5-174b-42dc-937e-b1ed32beee14,008,3,ứng dụng rất có ích nhưng phải chi đc học miễn phí vì con chỉ mới lớp 7 ko đủ điều kiện để học tiếp,2019-11-03 06:56:56,Neutral,"The app is very useful, but I have to pay for it for free because my child is only in 7th grade and is not eligible to continue studying"
b1f6a299-68a8-4a85-98e4-efd5bb0c5a20,008,3,làm sao để có dấu cách vậy cứ làm đúng mà chẳng biết dấu cách ở đâu cũng sai nữa. trong khi chẳng có dấu cách đâu cả . cũng đc thui khá tốt cho 3 sao trừ 2 sao vì k có dấu cách ¯\_(ツ)_/¯,2019-10-21 09:07:08,Neutral,How do I get the spaces so I keep doing it right without even knowing where the spaces are?while there are no spaces at all.Also scored quite well for 3 stars minus 2 stars because there are no spaces ¯\_(ツ)_/¯
0b8cb648-048d-4ce0-9fbc-c26a4f7d43e7,008,3,"lúc trước không tốn phí, do thay đổi dt nên phải tải app về lại để sử dụng típ thì lại tốn phí. thật bùn.",2019-10-03 12:06:00,Neutral,"Previously there was no fee, but because I changed my phone number, I had to download the app again to use the tip, which was a fee.so muddy."
79489f55-232b-437a-9eb7-309b1eec6b50,008,3,"last year i installed this app and i learned about 7 lessons, it didn't have to pay anything at all, that was very good. and now i'm install this app again, i'm just learn 2 lessons and its not allow me to learn continue, it just show the update limited version or something, i can't learn it anymore.",2019-08-05 20:10:09,Neutral,"last year i installed this app and i learned about 7 lessons, it didn't have to pay anything at all, that was very good.and now i'm install this app again, i'm just learned 2 lessons and it doesn't allow me to learn continue, it just shows the update limited version or something, i can't learn it anymore."
5263036d-7546-449a-a454-1149e7f1e487,008,3,có ai có thể dạy tôi làm làm có cái bài mà đánh dấu cái màu đỏ có thể dạy tôi đánh đấu hai chữ,2019-07-30 06:43:21,Neutral,Can anyone teach me how to do this? There is a lesson marked in red that can teach me how to play two words
dd1008f6-5631-438d-abde-2033e55c1c39,008,3,tôi thấy ứng dụng rất là hay nhưng khi tôi kiểm tra viết từ a cat là một con mèo nhưng lại ko viết được là sao🙁🙁🙁🙁🙁,2019-07-27 01:22:41,Neutral,"I think the app is very good, but when I test and write the word a cat which is a cat, why can't I write the word a cat?"
1506b895-b298-4f0f-8b37-9ca81016a925,008,3,"this app is very good but can u please stop pop up sale off for learning lessons , its annoying and it doesn't let me to learn more. thanks",2019-07-19 06:15:24,Neutral,"this app is very good but can u please stop pop up sale off for learning lessons , its annoying and it doesn't let me to learn more.thanks"
832b1b8b-2a9b-4b06-8f53-e0d80f756d62,008,3,mk học hết tiếng hàn 1 r chuyển sang tiếng hàn 2 nhưng toàn tiếng anh thôi k hiểu j mong sớm chuyển sang tiếng việt sẽ thuận tiện cho người việt hơn ạ. hết th1 nên mình cũng ngừng học luôn,2019-07-16 01:58:41,Neutral,"I finished Korean 1 and then switched to Korean 2 but it's all in English. I don't understand. I hope to switch to Vietnamese soon because it will be more convenient for Vietnamese people.At the end of January, I stopped studying"
e3d6b150-22fe-4a96-a5b5-b1540387e262,008,3,cam on nho ug dug nay ma toi biet ve ngoai ngu rat nhieu va giao tiep voi ng nuoc ngoai cam on nhieu lam,2019-07-05 12:58:23,Neutral,"Thank you for using this application today, I know a lot about foreign languages ​​and communicate with foreigners very much."
bf394343-c71e-4656-8500-57d7de917682,008,3,"ứng dụng học khá tốt nhưng chỉ mới học được 1 phần thì bắt buộc đóng tiền thì mới học được phần tiếp theo. không phải ai cũng có nhiều tiền đâu mà bắt thu phí, ứng dụng tốt nhưng thu phí thì sao học được. kiến nghị cần bỏ thu phí để mọi người dễ dàng sử dụng và học tốt hơn.",2019-06-27 11:36:14,Neutral,"The learning application is quite good, but after only learning one part, you must pay to learn the next part.Not everyone has a lot of money to charge a fee. The app is good, but if you charge a fee, how can you learn?We recommend eliminating fees so that people can easily use and learn better."
e3e80aa4-34de-4221-b687-32747c23214e,008,3,"ứng dụng khá tốt, nhưng mình học được mới 1 phần thì lại hiện lên bản thu phí, mình nghĩ ứng dụng sẽ được mọi sử dụng nhiều hơn khi không thu phí (tiếng hàn)",2019-06-23 01:19:13,Neutral,"The application is quite good, but after only learning a part, the fee version appears. I think the application will be used more when there is no fee (Korean)."
d47230a7-9907-4704-910d-426c39b02e92,007,3,"đăng kí gói premium mà lại không sử dụng được là sao, đã trừ tiền tài khoản rồi mà không cho sử dụng là sao vậy??????",2025-08-12 16:14:16,Neutral,What if I sign up for the premium package but can't use it? I've already deducted money from my account but I can't use it??????
4d50b555-b5f4-4672-9ab6-69ab5f8454d0,007,3,phần luyện nói cứ ghi nhấn giữ và nhắc lại mà nhắc lại hoài cx chả thấy có j cả rất cần lời giải thích nha má cọc,2024-12-30 02:48:31,Neutral,"The speaking practice part keeps pressing and repeating but I keep repeating it, I don't see anything wrong, I really need an explanation."
9d19d918-ff49-4fef-bf28-6a64cbf27323,007,3,"i got a problem studying dutch with an exercise on lesson 4 section 21 level a1 which is about ticket, i hope you guys fix this asap",2024-12-09 16:56:53,Neutral,"i got a problem studying dutch with an exercise on lesson 4 section 21 level a1 which is about ticket, i hope you guys fix this asap"
2ca4a307-82d7-4413-b4b7-aa37f994dcba,007,3,"app hay và dễ học, rất rất đáng để tải. tuy nhiên lỗi nhiều ( mình học tiếng ý) có kha khá từ bị dịch sai. khi mình ôn tập các từ vựng dù đúng hết vẫn để mình chưa vững, xoá app tải lại thì mất hết tất cả các từ vựng đã học. xin hãy fix lỗi 😭😭",2024-11-09 15:50:29,Neutral,"Good app and easy to learn, very worth downloading.However, there are many errors (I study Italian) and there are quite a few words that are mistranslated.When I review the vocabulary, even though it's all correct, it still makes me feel unstable. If I delete the app and re-download it, I'll lose all the vocabulary I've learned.Please fix the error 😭😭"
c7184cd4-c32b-4114-a6d7-30b6b302b198,007,3,"i feel bad about busuu app when i revise words that i not good on app, load very low. maybe more 3 minutes for some words. i think maybe my bandwidth was error but no, youtube or facebook load very fast !",2024-04-03 07:56:55,Neutral,"i feel bad about busuu app when i revise words that i am not good on app, load very low.maybe more 3 minutes for some words.i think maybe my bandwidth was error but no, youtube or facebook loads very fast !"
a4cff21f-51ba-46d3-be6a-4821de04431c,007,3,"ở phần : bạn nói ngôn ngữ nào ? không có tiếng việt, tức là không tìm được bạn để giúp nhau học ngôn ngữ lẫn nhau",2024-03-29 11:32:49,Neutral,in the section: What language do you speak?Not having Vietnamese means not being able to find friends to help each other learn each other's language
4e058fd4-0bff-4be4-990a-44134ba58953,007,3,mình học trung cấp b1 tới chương 4 phần diễn đạt các sở thích thì bị đứng ngay bài đọc k thể nào qua tới phần khác được,2024-01-25 14:39:29,Neutral,"I was in intermediate level B1 and up to chapter 4 of the section on expressing interests, I got stuck right in the reading and couldn't move on to the next section."
24346288-a297-4fd3-add6-8a12c54d1b5f,007,3,hiện tại sao vào k dc vậy ạ tưởng bị lỗi xóa xong tải lại mà vào cũng không dc xem quảng cáo cáo hoài thôi 🦊🦊🦊🦊🦊,2023-05-29 08:32:11,Neutral,"Why can't I log in now? I thought it was an error. I deleted it and re-downloaded it, but I can't log in and see ads all the time 🦊🦊🦊🦊🦊"
b700bb2f-6267-413d-b030-27358d65a582,007,3,không thể qua được bài tập dù kết quả đã đúng hệ thống không hiện kết quả đúng hay sai đã báo cáo sự cố nhiều lần nhưng không được giải quyết cụ thể là bài số 2 trong chương 11 trình độ a1 tiếng pháp mong sớm được giải quyết ạ,2023-03-29 21:06:10,Neutral,"Can't pass the exercise even though the results are correct. The system doesn't show whether the results are correct or incorrect. I've reported the problem many times but it hasn't been resolved. Specifically, exercise number 2 in chapter 11 level A1 French, I hope it will be resolved soon."
41bd5159-e25a-4947-af55-9ef2cfb55c21,007,3,"tôi đã mua phiên bản premium, nhưng từ khi nâng cấp, tôi không được chọn 5 bạn bè để gửi bài sửa nữa, busuu tự gửi. những bài tập gần đây của tôi chẳng được ai sửa cả. cứ như busuu chẳng gửi cho ai vậy.",2021-05-13 00:18:11,Neutral,"I bought the premium version, but since upgrading, I can no longer choose 5 friends to send corrections to, busuu sends it himself.My recent assignments have not been corrected by anyone.It's like busuu didn't send it to anyone."
3da82126-8a61-4314-8c3d-681a3c33c930,007,3,mik muốn học những từ khác mà cứ phải bắt trả phí thì ms đc học còn k là hết học đc luôn. mong ad coi lại ạ,2020-04-09 02:20:44,Neutral,"If you want to learn other words, if you have to pay a fee, you can learn them, but if you don't, you'll stop learning them.Admin please review"
63a7b263-d374-4f6d-9f2b-b3bd4bab1fb7,007,3,ứng dụng khá hay học dễ hiểu đầy đủ nhưng mình muốn free trọn gói (có lẽ mình hơi tham)nhưng mà mình không có tiền mong busuu phản hồi vì mình không có tiền mà busuu không cho học free nên vote 3☆ mình sẽ sửa sao nếu cho học free,2020-03-29 06:13:10,Neutral,"The app is quite good, easy to learn and fully understood but I want the whole package to be free (maybe I'm a bit greedy) but I don't have money so I hope busuu will respond because I don't have money and busuu won't let me learn for free so vote 3☆ I'll fix it if I give you free lessons"
726812f2-2209-4b73-8f59-afb2724ffef1,007,3,i have logged out my account for a week ago . but i don't know why my account still in busuu. i don't use it anymore. please check again,2020-01-07 12:47:09,Neutral,i have logged out my account for a week ago .but i don't know why my account is still in busuu.i don't use it anymore.please check again
2266bdf7-835b-45ca-b629-7112e9bf80f6,007,3,"after the newupdate , i seeding many errors apprears in listening and test vocabulary .i hope before you read my message ,you can fix it ( i really like busuu)",2019-09-12 17:20:54,Neutral,"after the new update , i seeding many errors appear in listening and test vocabulary .i hope before you read my message ,you can fix it ( i really like busuu)"
5e3534c0-24cf-4fc2-930d-f8126edde7cf,007,3,"có hơn 50 chủ đề giao tiếp, ta có thể ôn ngữ pháp từ vựng thông qua trắc nghiệm nhưng k đc nhiều bài tập lắm. đăng kí premium thì cũng không đáng tiền vì số bài học vẫn vậy nhưng được làm bài tập nhiều hơn. cái nói được sửa bởi người nước ngoài đúng ra là chỉ nói được trong đoạn hội thoại thôi. còn nếu mình muốn nhờ người ta sửa dùm tiếng anh theo câu mình mong muốn thì chỉ nhờ đc học viên nói tiếng anh thôi. nhưng danh sách bạn bè gợi ý rất ít cũng như hiếm khi người ta kết bạn với mình.",2019-01-11 05:04:06,Neutral,"There are more than 50 communication topics, we can review grammar and vocabulary through multiple choice but there are not many exercises.Subscribing to premium is not worth the money because the number of lessons is the same but you get more exercises.What is being corrected by a foreigner can only be said in conversation.If you want to ask someone to correct your English according to the sentence you want, you can only ask the student to speak English.But the list of suggested friends is very small and people rarely make friends with me."
ee171d22-90fc-4948-82fd-139d84dd9dd3,007,3,tôi có đang kí gói giảm giá 50% premium bằng thẻ thanh toán ghi nợ nhưng. ko giao dịch được là tại sao xin được chỉ dẫn,2018-10-30 09:19:17,Neutral,I am signing up for a 50% premium discount package with a debit card but.Why can't I trade? Please advise
1edfcb8b-a3cc-4d62-a30d-c468342741df,007,3,"mình có mua gói premium membership ngày 13/10/2017 trên ip 5s. nay mình chuyển sang dùng thiết bị androi, cài lại busuu, nhưng các tính năng đã bị khóa hết. vui lòng giúp mình mở khóa hết các tính năng để mình có thể học các bài học tiếp theo của gói dịch vụ này được trọn vẹn. cảm ơn!",2018-01-11 00:14:19,Neutral,"I bought a premium membership package on October 13, 2017 on iPhone 5s.Now I switched to an Android device and reinstalled busuu, but all the features have been locked.Please help me unlock all the features so I can fully learn the next lessons of this service package.Thanks!"
77337b4c-80ae-4b5d-b310-810761f25308,001,3,hay nhưng học hết năng lượng mà chưa học xong là mất bài học với năng lượng tôi thấy quảng cáo của duo có hình ảnh đẹp nên lúc có quảng cáo cũng ko làm tôi bực lắm tầm 10 giây là hết quảng cáo thôi nhưng mà không cạnh tranh được với mấy người dùng super,2026-03-09 10:32:00,Neutral,"It's good but if you study all the energy and don't finish studying, you'll lose the lesson with energy. I think Duo's ads have beautiful images so when there are ads, they don't bother me too much. They only take about 10 seconds to stop, but they can't compete with super users."
f41d8e9d-6224-474c-9cf2-64170a7ab3a1,001,3,"huấn luyện tốt.... nhưng tôi đã tiêu 2000 kim cương để giữ vững giải đấu hắc thạch, kết quả là tôi vẫn bị tụt...... 🤨🤨🤨🤨🤨 ai giải thích cho tôi được không",2026-03-09 07:06:40,Neutral,"Good training.... but I spent 2000 diamonds to maintain the blackstone tournament, as a result I still lost...... 🤨🤨🤨🤨🤨 can someone explain to me"
966dacda-49a9-4ca9-ac00-de92012c4871,001,3,"thực sự nghĩ nên chỉnh lại cái bài tập phát âm từng chữ đi, nói mãi mà không chịu ra đáp án, phát âm đúng như đáp án rồi vẫn bị bảo sai, có lúc làm mà mất tận gần 3 phút chỉ cho cái bài đấy ý",2026-03-08 13:24:56,Neutral,I really think we should revise the word-by-word pronunciation exercise. I keep talking but don't give the answer. I pronounce it correctly but still get told it's wrong. Sometimes it takes nearly 3 minutes just for that exercise.
70e4e97e-254a-424b-be37-ca30e4d8d5bc,001,3,"playing chess with a person is just playing with a bot with slow reaction, but the english course is good, when i just started using duolingo,im just on b1, after learning for about 4 month, im on b2+ now. 3 stars",2026-03-07 10:45:30,Neutral,"Playing chess with a person is just playing with a bot with slow reaction, but the english course is good, when i just started using duolingo, im just on b1, after learning for about 4 months, im on b2+ now.3 stars"
df21859d-f97b-469f-b682-410177d0dfb0,001,3,học xong một bài cái tự nhiên nó văng ra xong vô lại thấy từ 1 ngàn 4 trăm mấy đá quý còn có 1 trăm mấy,2026-03-07 00:19:01,Neutral,"After studying a lesson, he suddenly jumped out and came back to see that from 1,400 precious stones, there were only 100 gems left."
6d731c41-bc56-4b09-9d8f-008805dd30ed,001,3,"nó bắt làm theo mẫu , mà tui làm theo nó , nó lại chấm là sai ? yêu cầu khắc phục lại cho tui cái ! 🥰",2026-03-06 13:01:31,Neutral,"He told me to follow the model, but I followed him, but he scored it wrong?Please fix it for me!🥰"
e6e75fd5-1a28-48c6-91c5-74c3d84358bf,001,3,"app hay, nhưng mà có một lỗi khó chịu vcl, mình đã học rồi và nó có tính điểm streak cho mình nhưng hôm sau mở lên lại tính là dùng streak freeze?",2026-03-05 22:59:23,Neutral,"Great app, but there's an annoying bug, I've learned it and it calculates streak points for me, but the next day when I open it, it counts as using streak freeze?"
27d3e15b-1ac4-45bc-b8e4-8544abe197d1,001,3,học thì đc chứ muốn luyện tập để cộng thêm 5 năng lượng thì k cho còn đúng 12 năng lượng xong lúc học hết sạch lại còn bị mất kn có hiểu người dùng không ? hồi trước super đc 2 tuần giờ còn 1 tuần càng ngày càng gắt . quá chán,2026-03-04 13:15:47,Neutral,"You can learn it, but if you want to practice to add 5 more energy, you won't be able to get exactly 12 energy, but when you finish learning it, you'll still lose your skill. Do you understand the user?Before, Super lasted 2 weeks, now it's only 1 week and it's getting worse and worse.too boring"
20be22f6-f981-4601-b572-717682285bbf,001,3,nói đúng mà duo hay dịch tôi đọc sai hoài và cứ kêu học nhưng có lúc tôi không rảnh để học mà sợ mất chuỗi luôn mong là duo sẽ tăng kn lên giới hạn là 30 cũng đc,2026-03-03 13:05:01,Neutral,"You're right, but Duo often translates. I always misread it and keep asking to study, but sometimes I don't have time to study and I'm afraid of losing my streak. I hope Duo will increase his skills to the limit of 30."
0f46ff95-beca-4572-aae7-30c3109f04ea,001,3,"học thì cx ok , tốt á ,đang học thì tnh nó văng ra , thà văng ra ko tính năng lượng thì cx đc đi nhưng k nó tính? vừa mất năng lượng lại phải học lại?? nên khắc phục lỗi này và cho thêm năng lượng để học chứ ngày có 25 nl mà còn đua top cúp vs ngta nx? học đc 2 bài đc có có 50 kn (chx tính bình + thêm nl)",2026-03-03 12:08:25,Neutral,"If I study, it's ok, good. While I'm studying, I feel like it's thrown out. I'd rather throw it out without counting the energy, so it's okay, but doesn't it count?Just lost energy and have to learn again??Should we fix this error and give more energy to study? If we only have 25 nL a day and still compete for the top cup vs ngta nx?If you learn 2 lessons, you will get 50 kn (average calculation + extra skill)"
4beb254e-b4c1-40db-9aed-ad31d1bf6879,001,3,"duolingo dạy học tốt, nhưng tui vừa bắt gặp lỗi này rất khó chịu. tui vừa mua 25 energy ngay câu cuối của bài học nên khi học xong tui còn 24 energy. nhưng thế quái nào sau khi nhận thưởng 4 energy thì tui chỉ còn 4 cái? 20 cái còn lại của tui đâu? tui mất tận 450 ngọc lận đó.",2026-03-02 07:45:52,Neutral,"Duolingo teaches well, but I just encountered this very annoying error.I just bought 25 energy right at the last sentence of the lesson so when I finished I had 24 energy left.But why the hell after receiving the 4 energy reward, I only have 4 left?Where are my remaining 20?I lost 450 gems."
e14a5700-b936-4699-905e-e14a00f4c22d,001,3,"dùng ổn, nhưng nhiều lúc phần speaking bên phần mềm bị ngu, nói đi nói lại mồn một rõ ràng muốn méo cả miệng mà vẫn báo sai",2026-03-01 13:58:12,Neutral,"It's okay to use, but sometimes the speaking part of the software is stupid, you say it over and over so clearly that you want to twist your mouth but still get the wrong message."
5a73e6e8-95f4-4680-bbcb-da6075aee49b,001,3,học thì tốt đấy nhưng quảng cáo thì nhiều nói miễn phí mà cứ kêu thử súp bơ gì đấy tao không dùng tao sạc pin cái giờ nó hong cho sạc pin luôn nó bắt buộc tao phải đăng kí gói của nó mà tao có biết đăng kí đâu tới chuỗi 10 rồi mà nó ép quá tao chán học tao thấy học cái này không ổn tẹo nào một bài nói cộng 50 kc mà chỉ cộng có15 chán chắc không học nữa.,2026-03-01 01:05:36,Neutral,"Learning is good, but there are a lot of ads saying it's free, but they keep asking to try avocado soup or something. I don't use it, I charge the battery, but now it won't let me charge the battery. It forces me to register for its package, but I don't know where to register. It's up to the 10th series, but it's forcing me so much. I'm bored of studying. I don't think learning this is good at all. A lesson that says plus 50 kc but only adds 15, I'm so bored that I won't study anymore."
fab6898e-990f-41d3-b295-4645f900803a,001,3,"duolingo có thể cho tôi trái tim ❤️ như cũ thay vì pin được không, vì pin nhanh hết gần học xong rồi mà hết pin",2026-02-27 12:16:33,Neutral,"Can duolingo give me the same ❤️ heart instead of the battery, because the battery runs out quickly and almost finished studying."
8042d397-e28d-4da1-9ba0-3cad500abbdb,001,3,"cũng giúp tôi giỏi tiếng anh nhưng quảng cáo thì nhiều cứ học 1 bài xong là quảng cáo tới. tôi thích cái trái tim hơn thanh năng lượng vì cái năng lượng thì học có vài bài là hết thanh năng lượng mà trái tim thì muốn học bao nhiêu cũng được nếu không bị sai. tối hôm qua được cái nhân 3 rồi nó nói ngày mai học sẽ có nhưng tới mai thì học mà không thấy cái nhân ba nào hết, bị như vậy cũng ba ngày rồi mong duolingo chỉnh sửa một chút hộ cái",2026-02-26 14:47:08,Neutral,"It also helps me be good at English, but there are a lot of ads, so after studying a lesson, the ads will come.I like the heart more than the energy bar because the energy bar only takes a few lessons to run out of energy bar, but the heart can be learned as much as you want if you don't make mistakes.Last night I got a 3 multiplier and it said I would get it tomorrow but when I study tomorrow I don't see any 3 multipliers. It's been like this for three days. I hope Duolingo can fix it a bit."
3452d4e4-f2f8-4b9d-97cf-b3b7943f71a6,001,3,người không dùng supper sẽ không thể đấu lại với những người dùng supper nên không dùng supper khó mà bằng với mấy người supper trên bảng xếp hạng(nhất là kim cương),2026-02-25 12:37:24,Neutral,"People who don't use supper won't be able to compete with people who use supper, so it's difficult for people who don't use supper to be equal to those who use supper on the rankings (especially diamonds)."
9f6ff6ef-2d51-41f6-8add-58fea3f11e4e,001,3,"càn ngày càn chán, quảng cáo nhiều mỗi bài tập là một quảng cáo, rất mất thời gian học tập, đọc đúng nhưng nó đánh giá là sai=)??",2026-02-25 12:35:05,Neutral,"It's getting boring day by day, there are so many ads, each exercise is an ad, it takes a lot of time to study, read correctly but it's evaluated as wrong =)??"
55be163f-2ef8-4bf9-b6f5-7073efbf8722,001,3,"( ý kiến riêng ) ý là cờ vua chơi không cần chỉ ý😞. nó không cho mình tự chơi, xong có lúc lỗi không cho đi, lúc thì nó tự đi xong mình thua:)))).",2026-02-24 16:06:12,Neutral,"(personal opinion) the idea is that playing chess does not require instructions😞.He won't let me play, sometimes he won't let me go, sometimes he'll leave on his own and I'll lose :))))."
ceecf76d-d56e-48bc-9ff0-8e4c151aaae1,001,3,"đang chơi thì nó nói là là lỗi mạng, mà tôu lúc đó đang solo chess với người chơi khác, mà rõ là đang tận 607 elo xong nó xét thua rồi bị trừ tận 11 elo",2026-02-24 13:28:08,Neutral,"While playing, it said it was a network error, but at that time I was playing solo chess with another player, but clearly I had 607 elo and then it was considered a loss and 11 elo was deducted."
cf5050e6-d674-4aae-861e-995bc944c2cb,001,3,đmm phát âm chuẩn thế m đòi gì nữa. xưa tưởng máy cùi thu âm ko chuẩn nên mua máy xịn hơn rất nhiều để test cũng vậy đọc chuẩn như người bản địa mới đc ạ cm,2026-02-23 16:13:40,Neutral,"Damn the pronunciation is so good, what more can I ask for?I thought the recorder wasn't recording properly so I bought a much better one to test so I could read it like a native speaker."
12039adc-659b-488b-a16d-132cb3b1895e,001,3,duolingo làm ơn hãy lại cái năng lượng thành tim như trước đi hồi xưa 1 ngày học 5 bài giờ chưa được 1 bài nữa mà hết năng lượng r 😭🙏,2026-02-23 07:30:49,Neutral,"duolingo please bring back the same heart-breaking energy as before. In the past, I studied 5 lessons a day and now I haven't finished 1 lesson yet and I'm running out of energy 😭🙏"
b87890e9-15b4-41ee-8f53-db6918cc4b4c,001,3,trải nghiệm rất ổn... giúp tôi rất nhiều về môn tiếng anh nhưng cờ vua cs nhiều lỗi kh thật tế khiến tôi khá khó chịu và kh trải nghiệm đc nhiều mong làm cho cờ vua thêm thú vị và thật tế ạ,2026-02-21 16:53:32,Neutral,"The experience is very good... it helps me a lot in English, but CS chess has many unrealistic errors that make me quite uncomfortable and I don't have much experience. I hope to make chess more interesting and realistic."
63d6bb45-f194-417a-bc9d-0ff5c789892d,001,3,cũng cũng được nhưng mà làm ơn đổi phong cách nói chuyện của thằng ai trong cờ vua đi kiểu cho nó động viên này nọ ý chứ nghe ngứa tai quá :),2026-02-18 15:30:42,Neutral,"That's fine, but please change the chess guy's speaking style to give him encouragement like this or that, it sounds so itchy :)"
91180108-40f0-4eda-9dd9-b4dcd0832c41,001,3,"duolingo ép mua super nhiều lắm ấy, bỏ cái năng lượng kia đi được không. lúc học dở cái bị hết năng lượng muốn nản ngang.",2026-02-17 14:18:30,Neutral,"duolingo forces me to buy super a lot, can I get rid of that energy?When I'm in the middle of studying, I run out of energy and feel discouraged."
36fcd57b-30f3-448e-8dc2-4527011f566f,001,3,giờ nó đổi thành pin rồi có làm đc khoảng 3 bài học nó cạn còn ko nó kêu mua gói mắc vãi 🔥🔥🔥hồi trước nó hữu ích bao nhiêu thì giờ nó lại tệ bấy nhiêu 😩😩😩,2026-02-17 13:47:08,Neutral,"Now it's changed to a battery and it can do about 3 lessons but it runs out and if not, it's so expensive to buy a package 🔥🔥🔥 No matter how useful it used to be, now it's even worse 😩😩😩"
30bf4b37-b317-41da-a2eb-23e9299be63d,001,3,duolingo ơi đừng có cho hết điểm năng lượng nữa tưởng tải miễn phí về là học bình thường mà cứ hết điểm năng lượng xong cứ bắt phải mua super duolingo,2026-02-16 01:59:30,Neutral,"Duolingo, don't give me all your energy points anymore, thinking you can download it for free and learn normally, but when you run out of energy points, you have to buy super duolingo."
cbbfc172-2d64-4869-800d-9e0448015937,001,3,học cũng được đấy nhưng mà học xong mấy bài kia duolingo nó cho trắng màn hình luôn. đợi 1 tiếng mà nó không hết cái trắng kia. ai biết chỉ tôi học cờ vua trên iphone 11 với please,2026-02-16 00:37:06,Neutral,"It's okay to study, but after finishing the other lessons, Duolingo gives me a blank screen.Waited 1 hour but it didn't run out of white.Who knows, please teach me how to learn chess on iPhone 11"
f369e882-1bd7-499e-a9ae-03d7f8efa885,001,3,"cục năng lượng phiền vl ra, cứ bắt tiêu đá quý với xem quảng cáo để hồi=))), trc học chill bao nhiêu thì giờ khó chịu bấy nhiêu.",2026-02-15 06:36:22,Neutral,"The energy department is so annoying, I keep spending gems and watching ads to recover =))), no matter how much I chill before studying, it's just as annoying now."
a0e83c13-b744-4b97-b9fd-da33dd88443d,001,3,"app bị sao ấy đang học nữa chừng thì bị văng ra còn bị mất năng lượng nx nhiều lần rồi ko phải 1,2 lần đâu rất là khó chịu",2026-02-15 05:56:48,Neutral,"Something happened to the app and I was halfway through learning it and it crashed and I lost power many times, not just 1 or 2 times, it's very annoying."
e9fd8b0b-06eb-4c5f-a4a3-8f93ef57c5f7,001,3,"trời ơi,khi chơi cờ vua xong rồi thì cái màn hình nhận kn chớp chớp,mong rằng nhà sáng lập sửa lại. học thì cũng được rất vui.học xong thì màn hình trắng thoát ra mới học được",2026-02-13 00:47:59,Neutral,"Oh my god, when I finished playing chess, the reception screen blinked, I hope the founder will fix it.Studying is also very fun. After studying, the white screen exits before you can study"
5ad62a89-854c-4106-aaf1-7651076e393c,001,3,học duolingo lỗi vãi mình mong nó như bản cũ ít lỗi và học dễ hơn chứ bản này nhiều lỗi và khó nhớ quá,2026-02-12 20:55:10,Neutral,"Duolingo is so buggy, I hope it's like the old version with fewer errors and easier to learn, but this version has a lot of errors and is too hard to remember."
2d1c55bf-41c5-4f37-aa56-7869e60dbe01,001,3,học cũng ok nhưng lúc đánh cờ toàn xếp đối thủ lệch elo không à mong nhà phát hành chỉnh lại chút làm mất elo của tôi,2026-02-11 01:55:42,Neutral,"Studying is ok, but when I play chess, I always place my opponents with a different elo. I hope the publisher will fix it a bit and lose my elo."
8cc12a82-95f8-4995-a23a-ee3eee687fb4,001,3,"trả lời đúng r thì cho tôi xin cái nghĩa của cả câu văn đấy , cứ hoan hô đúng r thì làm đc gì đáp ai đúng sai kh qtrong , ngta chọn đúg đáp án r thì cho xin cái nghĩa cả câu",2026-02-10 15:37:17,Neutral,"If you answer correctly, please give me the meaning of the whole sentence. If you applaud correctly, then what can you do? Answer who is right or wrong? If you choose the correct answer, please give me the meaning of the whole sentence."
33a6dcdf-b7d8-43b1-b3b3-dbb63d4db04f,001,3,học thì vui mà bắt mua hoài ấn để sau nó kcho học đang học nó ra cái quảng cáo che hết màn hình k thấy j hết nó bắt thoát hoài luôn deo học đc cgi,2026-02-10 05:51:52,Neutral,"Learning is fun, but I have to buy prints all the time so that later on, I won't stop learning while I'm studying. There's an ad that covers the entire screen. I can't see anything, but I keep trying to get rid of it. I can't learn anything."
7ab31375-b2a3-466e-9603-0ceefadd70dc,001,3,"lúc trước tôi thấy rất tuyệt, nhưng gần đây cứ mỗi lần học xong một bài thì lại quảng cáo, ngày xưa thì lâu lâu mới quảng cáo",2026-02-10 02:51:18,Neutral,"I used to think it was great, but lately every time I finish a lesson, there's an ad. In the past, it was only occasionally."
658cb042-bca9-4f58-9ca2-d2d5b3456a7c,001,3,"kiểu hôm nào mà có việc bận không mà học được,là lại mất chuỗi ý. với cả đâu phải lúc nào cũng có thời gian rảnh để học đâu.",2026-02-09 13:21:48,Neutral,"Like every day when I'm busy and can't study, I lose my train of thought.Besides, I don't always have free time to study."
0e4440e4-2ca7-4b65-ae3b-81fa8e489025,001,3,cũng hay và khá hữu ích nhưng mong nhà sản xuất cho thêm tính năng dừng lại giữ chừng được ko chứ đang chơi gặp đối thủ câu giờ tới lúc đi tắm cũng phải ngậm ngùi bị thua,2026-02-09 10:12:19,Neutral,"It's also good and quite useful, but I hope the manufacturer will add a stop-and-hold feature. If you're playing against an opponent, you'll have to feel sorry for losing until it's time to take a shower."
af3f906e-e480-469d-a712-09f5a9f84068,001,3,"rõ ràng là đã học qua cửa mới được mấy bài rồi, xong nó nhảy lại cửa cũ, mất mấy bài cửa mới là sao",2026-02-08 15:32:14,Neutral,"It's obvious that he's learned a few lessons through the new door, but then he jumped back to the old door and lost a few lessons at the new door"
64e0336f-a6bd-4c48-80bb-94e6da7e0544,001,3,"mỗi lần học xong thì nó hiện màn hình đen,buộc phải thoát ra vào lại mới học đc,cờ vua thì khứa oscar cực kỳ xúc phạm.này cho 3 sao là còn nhân nhượng nhé",2026-02-08 09:56:46,Neutral,"Every time I finish studying, it shows a black screen, I have to log out and log back in again to study. Chess is extremely insulting. This is 3 stars and I'm still lenient."
530b7300-f7ac-451d-aa47-3c082b1d0bcd,001,3,"quá nhiều quảng cáo, mà thật sự tôi ko muốn học nhiều chủ yếu để giải trí chứ chẳng muốn thi đáu hay nâng cao gì",2026-02-08 09:18:58,Neutral,"too many ads, but I really don't want to learn much, mainly for entertainment, not to compete or improve anything."
b7f3b248-6709-423f-86d5-4e338b6484bc,001,3,"mid app / duolingo hồi đó học sung mà giờ chán quá , cũng cho mi đấy , thêm thanh năng lượng làm gì , 5 tim thành 24 năng lượng , còn 3 cái là đạt mục huyền thoại rồi mà năng lượng lại thành cái nịt , riết ta giờ cũng không muốn giữ streak vì mi thêm tính năng đó , cẩn thận có ngày ta biến mi thành cú nướng",2026-02-08 05:40:34,Neutral,"mid app / duolingo back then was so boring to learn, but now it's so boring, I'll give it to you, what's the point of adding an energy bar, 5 hearts becomes 24 energy, 3 hearts is enough to reach the legendary category but the energy becomes a belt, I really don't want to keep streaks now because you added that feature, be careful one day I'll turn you into a grilled owl"
df317ac6-7021-4cea-b8f9-10dd1cdfb6ce,001,3,"học thì vẫn như v nhưng hồi đó không cần cái năng lượng kia. bây giờ đang học cái nó cứ hết năng lượng chán, với lại hồi xưa đâu cần nạp đâu học miễn phí hết bây giờ cứ bắt nạp gói chán hết muốn nói",2026-02-07 08:46:41,Neutral,"Studying was still the same, but back then I didn't need that energy.Right now I'm learning something and it's boring, and in the past I didn't need to download anything, everything was free, but now I just have to download the package and it's boring."
92949bf1-2f0d-40c6-bf40-3cb6b5b27fb8,001,3,"học rất hay dễ hiểu và có chuỗi streak làm động lực để học mỗi ngày, bâyh lại cập nhật chèn qc rất khó chịu",2026-02-06 13:23:37,Neutral,"Learning is very good, easy to understand and has a streak that motivates me to study every day, now the QC insert update is very annoying"
66d28672-e6e0-4450-b8b8-82f03367b619,001,3,học xong là thôi không ôn lại được bài cũ học hôm nay bài hôm qua quên thì học như ko đề nghị nhà sản xuất ra thêm mục ôn lại bài học,2026-02-06 13:03:15,Neutral,"Once you've finished studying, you're done. You can't review the old lesson you learned today. If you forgot yesterday's lesson, it's as if you didn't study. I suggest the manufacturer create an additional section to review the lesson."
90c1331f-a186-40db-8e72-2f662f0dcade,001,3,"rất hay bị lỗi , 1 là ngày hôm sau học ko refresh lại bài, làm ko thể học đc bài mới, x3 điểm nhiều khi bị mất 1 cách vô cớ dù hôm trước ráng học để có được",2026-02-05 14:16:03,Neutral,"Very common errors, 1 is the next day when studying and not refreshing the lesson, making it impossible to learn new lessons."
0c504869-5752-4759-8722-24de3a70fc39,001,3,"cũng vui,đa dạng bài tập nhưng chỉ có 25 năng lượng; làm xong bài tập thì bị đơ ,có mấy bài nhạc bắt mua gói mới cho chơi lại được, nhiều lúc làm sắp cong rồi còn một câu mà hết năm lượng nên phải bỏ nguyên bài, coi có tức ko chứ",2026-02-05 05:09:34,Neutral,"Also fun, diverse exercises but only 25 energy;After completing the exercise, I get stuck. There are some songs that require me to buy a new package so I can play them again. Many times I'm about to finish my homework and there's only one verse that takes up five pieces, so I have to leave the whole song. I wonder if I'll be angry."
6cf40baa-69e2-4a21-b786-e6876cc4f2ad,001,3,phần thu âm hiện tại của app có vấn đề à. tại sao bấm vào không thể nói mà tắt liền ngay lập tức vậy?,2026-02-02 12:08:04,Neutral,Is there a problem with the current recording part of the app?Why can't you speak when you click it and turn it off immediately?
eea985c5-ebf8-4806-b70c-2f168d894520,001,3,"duolingo ơi , tôi gặp vấn đề về gói super duolingo vấn đề của tôi khi tôi đang coi quảng cáo để kiếm thêm năng lượng khi coi xong tôi lại thấy năng lượng của mình trở thành vô cực nhưng trong khi đó tôi không đăng ký gói super duolingo, duolingo ơi nếu bạn không giải quyết được tình trạng này thì thật sự là tôi không còn tin tưởng vào app duolingo nữa",2026-02-01 12:26:40,Neutral,"Hey duolingo, I have a problem with the super duolingo package. My problem is when I'm watching an ad to earn more energy. After watching it, I see that my energy has become infinite, but meanwhile I didn't sign up for the super duolingo package. Duolingo, if you can't solve this situation, I really don't trust the duolingo app anymore."
5a907bc6-3edd-46bd-9788-59a047b47807,001,3,học rất vui nhưng với người mới học không có kiến thức gì thì khá cầu kì có những từ mới tự hiện ra ko hiện từ vựng mới trước đó mình lụi ra từ đúng nhưng mà bài sau cũng từ đó nhưng lại khác có dùng cả gg dịch mà vẫn không đúng nói thật là khó chịu lắm,2026-01-31 10:53:56,Neutral,"It's fun to learn, but for beginners who don't have any knowledge, it's quite complicated. There are new words that appear automatically. Before, the new vocabulary didn't show up. I figured out the correct word, but the next lesson is the same word, but it's different. Even using google translate, it's still not correct. Honestly, it's very annoying."
606d66f7-bcbe-48ea-aa87-98f31b91eab9,001,3,"người ta hết năng lượng rồi mà có bắt học quài . cho 5 trái ❤ bình thường đi ,làm đúng cũng bị trừ năng lượng . những tôi được học tiến bộ",2026-01-29 04:12:13,Neutral,"People have run out of energy and still have to study hard.Give 5 ❤ fruits normally, if done correctly, energy will be deducted.But I have improved in my studies"
ab7562ae-752a-48e1-9fd4-38c8fc687ca5,001,3,học cx đc nhưng mà nói thật là mấy cái lời nói của nó ko tích cực thì thôi đi xong lúc nào cũng ép mua này nọ xg mất chuỗi lại bị nói tôi bỏ công sức ra để học chứ không phải để nghe người khác nói,2026-01-28 23:36:31,Neutral,"I can study hard but to be honest, the things he says are not positive so stop it and always force me to buy this or that"
55c055a3-ae37-4a46-8c70-b7ebd936e7e2,001,3,đọc tiếng anh giọng còn cố tỏ ra dẹo để nghe nhầm rồi bắt bẻ ;lâu lâu còn viết sau từ rồi làm người ta chọn sai,2026-01-28 13:36:56,Neutral,"When reading English, I still try to sound condescending so I can mishear and then retort; sometimes I even write after the word and make people choose the wrong one."
ba4a54ac-5051-4186-bd3b-b6cb84a9cd18,001,3,"duolingo dạo này có rất nhiều tính năng mới nhưng xin nhà xuất bản sửa cái thanh năng lượng cái, mới học song một bài hoàn hảo song đã chừ cả đống năng lượng.",2026-01-27 14:39:35,Neutral,"Duolingo has a lot of new features these days, but the publisher please fix the main energy bar. I just learned a perfect lesson, but I've wasted a lot of energy."
7474887a-71a9-4816-a07f-4519f14d9002,001,3,"điểm sạc thì làm 1 chút là hết mà khi sạc lại bằng kc thì ép phải tốn thêm , mất hết 900 kc của mình rồi 😭",2026-01-27 05:40:55,Neutral,"At the charging point, it only takes a little while to recharge, but when recharging with kc, I have to spend more, losing all my 900 kc 😭"
cb359448-8c95-4ef4-a452-b7e0e41ff0c2,001,3,"nay mình xem 2 lần quảng cáo để nạp 10 năng lượng, xong lỡ bấm nhầm nạp đầy bằng ngọc nên hết ngọc luôn :)) vào làm bài thì tự nhiên năng lượng còn có 8, thế là học k hết nổi 1 bài. buồn nhen ☺️ với siêu kn nay tgian dùng còn 5 phút ít quá, muốn học cho nhanh mà giữa các bài đều có 1 quảng cáo ý, xong rồi còn bày vụ dùng 100 ngọc để kéo dài thời gian dùng nữa. cuối cùng là đang 21 điểm t.anh sao tự dưng tụt lại 19 nữa rou :)",2026-01-26 15:14:10,Neutral,"Now I watched the ad twice to recharge 10 energy, then accidentally clicked the wrong button to refill with gems so I ran out of gems :)) when I went to do the lesson, I suddenly had 8 energy left, so I couldn't finish 1 lesson.So sad ☺️ With this super skill, the usage time is only 5 minutes. I want to learn it quickly but there is an advertisement in between the lessons, and then I try to use 100 gems to extend the usage time.Finally, I'm at 21 points, why did I suddenly drop to 19 again? :)"
130edb22-8753-4c55-be4d-fa3ba509cbc9,001,3,"đm thanh năng lượng như 🆑️ dell j mà tốn vãi, dù học 1 bài không lỗi mà vẫn trừ nhiều hơn. t học sắp xong rồi thì hết năng lượng. sau mỗi bài học là 1 quảng cáo khó chịu vô cùng >:(",2026-01-26 13:20:14,Neutral,"Damn the energy bar like 🆑️ dell j is so wasteful, even if you learn a lesson without errors it still deducts more.I'm about to finish studying when I run out of energy.After each lesson there is an extremely annoying ad >:("
7ce6a991-2b6a-47fc-86f6-79f3fd1dff0f,001,3,"mình chọn học môn cờ vua.khi thắng thì chỉ được cộng 1,2 điểm elo,có khi còn không được cộng điểm,vậy mà khi thua thì trừ hẳn 10,20 điểm.mình biết đây chỉ là điểm tượng trưng vì app không thể xác định được điểm nhưng những cái điểm đó chính là động lực để các bạn mới học có gắng phấn đấu thêm.khi học ngoại ngữ, đọc đúng nhưng sai 1,2 từ thì lại cho qua luôn,không cho ng học được đọc lại để rèn thêm,cũng không thèm phân tích để ng đọc hiểu,...mình mong app sẽ khắc phục những lỗi này.",2026-01-24 07:30:29,Neutral,"I choose to learn chess. When I win, I only get 1.2 elo points, sometimes I don't get any points, but when I lose, 10.20 points are deducted. I know these are just symbolic points because the app cannot determine points, but those points are the motivation for new learners to strive harder. When learning a foreign language, if you read 1 or 2 words correctly but incorrectly, you will let them go, not allowing the student to re-read to practice more, and don't bother.Analyze for readers to understand... I hope the app will fix these errors."
eb95026c-4255-44fe-94f2-6cf0315951f6,001,3,"tớ không thích lắm. nhiều người đánh giá 5 sao nhưng theo tui thì ko đáng. nó hay cho sai từ vựng và có nhiều cái cần nạp tiền. nó cũng như giáo viên dạy ở trường thôi à, nói chung là bình thường.",2026-01-24 04:25:27,Neutral,"I don't like it very much.Many people rate it 5 stars but in my opinion it's not worth it.It often gives wrong vocabulary and has many things that need to be refilled.It's just like a teacher at school, in general it's normal."
293409f8-ed45-4f7c-9471-bee667464b45,001,3,"lúc trc học đã, bây giờ lại bị giới hạn năng lượng. chỉnh sửa làm thuốc x3 x2 x1,5 từ 10p giờ còn có 5p, k đủ để học. càng ngày app càng tư bản hoá, chán k muốn nói.",2026-01-22 14:22:15,Neutral,"Before, I was studying, but now I have limited energy.editing medicine x3 x2 x1.5 from 10 minutes now only 5 minutes, not enough to study.The app is becoming more and more capitalist day by day, I don't want to talk about it anymore."
d2f559c7-6ea1-464f-8e7e-f8f2089316d7,001,3,có thể bỏ cái năng lượng kia đi ko?sai cái là hết rồi bắt đki🤡 cái duma t bực cái năng lượng kia lắm đấy lúc trc lmj có,2026-01-21 15:52:34,Neutral,Can I get rid of that energy? If it's wrong then it's over and I'm sorry🤡 I'm so angry at that energy when I first had it.
24396bce-8935-4bc9-b312-ce318a18dad5,001,3,"tạm đi, trừ cái phần âm nhạc ra là mình cay lắm rồi á🥰 ấn nốt son nó ra nốt si thấp, xong đánh trúng nốt mà nó kiêu hụt",2026-01-21 03:50:16,Neutral,"For now, except for the music part, I'm already very angry 🥰 I press the lipstick note to get a low si note, then I hit the right note and it misses."
c13af607-35bf-42d3-a0be-e37fe5c42565,001,3,"alo, vậy là bắt học mỗi ngày vậy á hả, có thể cho một ngày nghỉ đc không ní, lễ tết gì cũng bắt vô học vậy má, vậy ai mà học cho nổi",2026-01-20 11:21:13,Neutral,"Hello, so you have to study every day? Can you give me a day off? I have to study every holiday, so who can study?"
553fc092-7ae3-451d-8c43-b2bd79a21c54,001,3,"app tốt nhưng dạo này lỗi khá nhiều, ko biết của các người dùng khác như thế nào chứ phần bonus exp của tôi gặp lỗi nhiều nhất, nhiều lúc hiện là được tặng 15-30p bonus, nhưng vào check lại thì chỉ còn 15s bonus",2026-01-19 15:02:49,Neutral,"The app is good but there are a lot of errors lately. I don't know about other users, but my exp bonus has the most errors. Sometimes I get a 15-30p bonus, but when I check again, I only have a 15s bonus left."
f7909297-b48b-4253-934d-35b819b009a9,001,3,"học hay, dễ hiểu, nhưng đầu tư vào thử thách huyền thoại lấy kn thì như muối bỏ biển, vừa hết năng lượng đốt cho 450kc, sạc lại, vừa mới hc đc 1 câu thì nó bay màu hết, đm cay vl",2026-01-19 11:47:34,Neutral,"Good learning, easy to understand, but investing in legendary challenges to get kn is like a drop in the ocean, just ran out of energy to burn 450kc, recharged, just learned 1 question and it lost all color, damn it's so spicy"
66c378e0-07f0-4c2d-8fb1-6c4d28053700,001,3,mình không hiểu là nv hằng ngày lúc nào cũng đáng 1 trận cờ thắng thì hôm sau mới nhận đc x3 nhưng đâu phải ai cũng thích đánh cờ vua đâu mà cứ cho cai nhiệm vụ đó,2026-01-19 05:16:13,Neutral,"I don't understand that players always need to win a chess match every day to receive x3 the next day, but not everyone likes to play chess so they just let them take over that mission."
b22f178d-4ad3-42ff-82cd-ae52e351bc58,001,3,"sẽ chẳng có gì nếu như duolin có hiểu rõ được tiếng việt không vậy? tôi đang học và có một câu dịch nghĩa: vâng, chiếc túi nhỏ của tôi (はい、わたしのかばんはちいさい です) và tôi dịch đúng nhưng câu đấy tôi bị báo sai lỗi dịch thuật( đáp án là vâng, cái túi của tôi nhỏ😀?). thậm chí đáp án duolin cho còn bị sượng trân và chẳng ai nói câu này cả. tôi mong duolin nghe góp ý của tôi và sửa lại chứ vì nó mà tôi đứt chuỗi 10 câu đúng rồi đấy😠",2026-01-19 04:06:54,Neutral,"Wouldn't it matter if duolin could understand Vietnamese clearly?I'm studying and there's a sentence that translates: yes, my bag is small (はい、わたしのかばんはちいさい です) and I translated it correctly but that sentence I got a translation error (the answer is yes, my bag is small😀?).Even Duolin's answer was embarrassing and no one said it.I hope Duolin listens to my feedback and corrects it, because of that, I broke the string of 10 correct sentences😠"
a2d14ae4-1661-4444-8139-90731fc79d09,001,3,"tự nhiên học tới hạng kim cương cái cứ ở lại giải hoài 3,4 lần rồi.còn quảng cáo nhiều nữa kì lạ quá đi thôi à trong khi tui hạng nhất chán quá",2026-01-18 22:12:31,Neutral,"Suddenly, when I reached the diamond rank, I kept winning 3 or 4 times. There are so many ads, it's so strange, it's so boring when I'm in first place."
34886298-f690-4adf-b077-a2b8ee8b0f2e,001,3,sao nay cho cái thanh 25 năng lượng nó vô lý quá s mà học lỡ 1 câu mà qua màn típ học thì hồi có chút rồi sang màn típ nữa thì không thể nào học tiếp đc nx,2026-01-18 11:52:41,Neutral,"Why now give me a 25 energy bar, it's so unreasonable, I miss a question and pass the learning tip level, I recover a bit and then move on to another tip level and I can't continue learning. x"
d2df31af-2919-4a0a-816e-e5f841a63dc1,001,3,"học các ngôn ngữ thì khá okay nhưng chess thì rất tệ, thua trừ 30 elo thắng cộng 6 elo là sao??? mong nhà xuất bản công bằng xíu ạ .learning languages is pretty good, but chess is terrible. losing means losing 30 elo points, winning means gaining 6 elo points. how is that fair??? i hope the publisher will be a little more fair.",2026-01-18 09:14:49,Neutral,"Learning languages ​​is quite okay but chess is very bad, what about minus 30 elo for losing and plus 6 elo for winning???I hope the publisher is fair. Learning languages ​​is pretty good, but chess is terrible.losing means losing 30 elo points, winning means gaining 6 elo points.How is that fair???i hope the publisher will be a little more fair."
5efe9b05-c431-4d35-9b1e-ffe504c95b90,001,3,"lúc không học duolingo vì có bảo vệ (sì trít ) , lúc vào xem thì con cú mắt đỏ nhìn phát kinh cả lên, mắc gì phải học ?????? nghỉ một hôm cũng không yên với nó 🤬😡💢 . có lúc học xong một bài thì màn hình trắng , phải tắt đi , bật lại , thích chọc tức người khác à , suýt thì mình đập điện thoại 👿👿 .",2026-01-18 06:01:55,Neutral,"When I didn't learn Duolingo because there was a security guard, when I went to watch it, the red-eyed owl looked scared, why did I have to learn it??????Even taking a day off is not a good thing for him 🤬😡💢 .Sometimes after studying a lesson, the screen goes blank, I have to turn it off and on again. I like to annoy others. I almost broke my phone 👿👿."
6c2a7ec3-1da2-4906-84c6-129f9a35fa9c,001,3,đang học hết 2 cấp độ thì nhận kn thì hiện mang hình trắng vào cửa sổ xóa mới hết mong nhà phát hành làm lại,2026-01-17 13:47:37,Neutral,"I'm studying through 2 levels and received a pass, but now I have a blank image in the delete window. I hope the publisher will redo it."
c37fde4b-cf3e-43cb-804a-49e0499c7918,001,3,tôi vừa tải duolingo là không vào được vừa hỏi câu hỏi cuối xong ấn vào chỉ toàn là màu trắng tôi muốn học tiếng anh xin duolingo khắc phục lỗi này để tôi còn học tiếng anh,2026-01-17 02:17:34,Neutral,"I just downloaded Duolingo but I can't log in. I asked the last question. When I clicked on it, it was all white. I want to learn English. Please Duolingo fix this error so I can still learn English."
deb4709f-8d3e-4d75-ba32-e4432b1b59b3,001,3,"duolingo nên thay năng lượng thành lại tim, sai mất một tim chứ màn nào cũng mất năng lượng, đang học mà hết năng lượng là vừa mất năng lượng vừa mất kn, với năng lượng hồi cũng lâu hơn tim nữa. nên là nếu duolingo không muốn mất người dùng thì nên sửa lại lỗi này. có rất nhiều app học tập khác ngoài kia nhưng tôi đã lựa chọn tin dùng duolingo nên mong duolingo sẽ không khiến tôi thất vọng vì những lỗi nhỏ nhặt như này nữa!",2026-01-16 14:41:04,Neutral,"duolingo should replace energy into hearts, it's wrong to lose one heart but every stage loses energy, while studying and running out of energy means losing both energy and kn, and energy recovery takes longer than hearts.So if duolingo doesn't want to lose users, it should fix this error.There are many other learning apps out there, but I chose to trust Duolingo so I hope Duolingo won't disappoint me with small errors like this!"
e852e395-cf43-4399-988d-d1cc753de33c,001,3,"học rất tốt nhưng có thể đừng cho mấy cái câu "" thật xấu hổ nếu bạn để mất chuỗi "" nhìn lại như kiểu đang khinh mình vậy 😃",2026-01-16 09:04:06,Neutral,"You study very well, but maybe don't give me the words ""it's embarrassing if you lose your streak"" looking back like you're looking down on me 😃"
2f9f2848-6210-4b0c-94cb-284f4b720ce0,001,3,"gần hết năng lượng thì lần nào cũng lỗi ko trả lời, mất kn mất năng lượng, mất thời gian, bảng xếp hạng thì lỗi tùm lum",2026-01-15 12:12:50,Neutral,"When I'm almost out of energy, I fail to answer every time. I lose skills, lose energy, waste time, and the rankings are full of errors."
03be7a91-33b8-4853-aa9f-bea5804a4575,001,3,"học như chơi , nhưng đợi đến khi t hết năng lượng thì cho t gấp 1,5 kn ^^ moẹ. mong nhà phát hành cho thêm nhiều năng lượng để học thêm nhiều kiến thức !",2026-01-14 15:57:07,Neutral,"Learning is like playing, but wait until I run out of energy then give me 1.5 kn ^^ mooe.I hope the publisher gives me more energy to learn more knowledge!"
2991c659-634b-4ff5-ba2f-6548f8660603,001,3,app hay nhưng năng lượng mất quá nhanh yêu cầu nhà phát hành làm lại 5 trái tim như cũ sai 1 câu mất một trái tim tôi thấy vậy hay hơn,2026-01-14 12:31:33,Neutral,"Good app but the energy is lost too quickly, please ask the publisher to redo 5 hearts like before. 1 sentence is wrong, 1 heart is lost. I think that's better."
9792fe8f-8a75-4af2-9b26-c109b414b462,001,3,hơi dễ mất hứng=)) hiện t đang hc tiếng nhật tới lúc cỡ thuộc 60-70% thì hết năng lượng🥹 dễ mất hứng không đánh giá cao lắm... tại t là người thiếu kiên nhẫn chăng:(?,2026-01-12 12:06:42,Neutral,It's a bit easy to lose interest =)) I'm currently studying Japanese until I get to about 60-70% and then I run out of energy🥹 easy to lose interest and don't appreciate it... am I an impatient person :(?
a7e598e5-2e4a-4baa-a891-f798793b2d20,001,3,"tạm, phần bài đọc thú thật khó chịu một chút khi đọc đúng nguyên âm nhưng vẫn bảo sài, thậm chí khi đưa giọng gg dịch đọc mà hệ thống vẫn báo sai, càn khắc phục",2026-01-12 08:21:17,Neutral,"Temporarily, the reading part is actually a bit annoying when I read the vowels correctly but it's still wrong, even when I use Google's voice to translate, the system still says it's wrong, I need to fix it."
bd1f17f5-8638-4b1a-ac22-ec96b8be8e17,001,3,"chạy quảg cáo hoài, bị lỗi phần nói 1 chút xíu. cần cải thiện gấp. thay tim = năg lượg làm j z, thấy tim ổn hơn á.",2026-01-12 04:08:49,Neutral,"running ads all the time, there's a slight error in the speaking part.need urgent improvement.heart replacement = energy to do j z, heart feels better."
4bd7bd94-de69-4248-9012-a8a5dd2d9a10,001,3,hc thì vui mà cái bản mặc tháy rê ta lỡ hong học có 1 ngày à vì ôn thi mặt thì trằm trăm duolingo hời trước vui hơn,2026-01-11 08:54:04,Neutral,Studying is fun but the way I wear it makes me miss studying for just one day because studying for a face exam costs hundreds of dollars. Duolingo is more fun than before.
e4e6c001-b846-4b6d-b722-a9b02717d66a,001,3,"ứng dụng học rất tốt, nhưng nếu học trên máy tính thì sẽ khó cho người mới học do không biết đánh hoặc cài bàn phím",2026-01-11 02:33:41,Neutral,"The learning application is very good, but if learning on a computer, it will be difficult for beginners because they do not know how to type or set the keyboard"
f1b45cd5-d06c-438b-88c6-786477415d27,001,3,khó chịu vãu t mất hơn 300kc mua năng lượng mà trc đó còn 1% nluong xg vừa hc cái bài luccy lắng nghe vừa làm bài đầu tiên xg tự nhiên hết năng lượng mà trg khi đấy vừa mới nạp xg chịu,2026-01-09 15:19:49,Neutral,It's so annoying that I spent more than 300kc buying energy but before that I had 1% of my xg energy remaining while studying the lesson Lucy listened to while doing the first exercise xg suddenly ran out of energy but at that time I had just recharged my xg.
1a844024-41fd-4809-8eb8-141b1ed16ed8,001,3,học vui nhưng dou có thể đừng quảng cáo được không? 🙏😮‍💨😞 với lại câu trả lời đúng mà dou cứ báo sai hoài 😣😞😓,2026-01-09 13:21:27,Neutral,Learning is fun but can you please stop advertising?🙏😮‍💨😞 and the answer is correct but you keep saying it's wrong 😣😞😓
69e90f07-d87b-4f7b-86ff-877b290d7ba6,001,3,"học khá là hiệu quả nhưng còn vài sai sót bắt đọc ""oh,you understand english"" nhưng nói đáp án đúng là ""i speak chinese with my mom"" tôi có phần hụt hẫng một chút về app học này",2026-01-09 06:40:01,Neutral,"Learning is quite effective but there are still a few mistakes. If you have to read ""oh, you understand English"" but say the correct answer is ""i speak Chinese with my mom"", I'm a bit disappointed with this learning app."
bccd64a2-ff6a-4adf-9272-9a33aaa48298,001,3,nói chung dạy cx dc nhưng không hài lòng ở chỗ năng lượng á đng học mà hết năng lượng cái nghĩ học ngang với các vựng cho hơi lộn xộn á mong nhà sáng tạo khắc phục điểm này để app hoàn hảo hơn,2026-01-08 14:25:49,Neutral,"In general, it's good at teaching but I'm not satisfied with the fact that I have no energy while studying but the thought of learning is equal to the vocabulary which is a bit messy. I hope the creator will fix this point to make the app more perfect."
50902c8f-fdd9-4705-b12b-d251c18c147a,001,3,"tôi cảm thấy duolingo không tồi. nhưng cảm thấy bản cặp nhập gần đây là về vấn đề ""tim"" hay cặp nhập mới là năng lượng thì tôi có không đồng tình với việc bản cặp nhập này đổi thành năng lượng tôi có cảm thích về bản cặp nhập cũ hơn. nên nếu có thể tôi muốn duolingo đổi lại bản cặp nhập cũ, tôi cảm ơn.",2026-01-08 14:21:42,Neutral,"I feel duolingo is not bad.But I feel like the recent import pair is about ""heart"" or the new import pair is energy. I don't agree with this import pair changing to energy. I feel more like the old import pair.So if possible, I would like duolingo to change back to the old import pair, thank you."
a4e37a0d-5093-4a1e-879a-7bdc51d2d5ef,001,3,tôi hơi lười học nhưng mà tôi học thì lúc học bài trên lớp thì tôi đã học rồi nên tôi được điểm cao hơn hehe nên cập nhập giống bài trên lớp hơn :)))),2026-01-07 10:05:18,Neutral,"I'm a bit lazy to study, but when I study, I've already learned the lesson in class so I get a higher score hehe so the update is more like the lesson in class :))))"
ad8d8aa1-03ad-4c27-9bed-5678090f0138,001,3,"con duo đang chọc tức tôi đấy😡cứ mỗi lần học xong 1 bài là màn hình trắng tinh,phải thoát ra vào lại rồi quảng cáo, mất thời gian,ủa cú xanh ơi app này để học ngoại ngữ hay câu giờ v, hơi tệ nha",2026-01-06 15:14:35,Neutral,"Duo is pissing me off😡 every time I finish a lesson, the screen is blank, I have to log out and back in again and see ads, wasting time, blue owl, this app is for learning foreign languages ​​or buying time, it's a bit bad."
5ae85a7c-1755-40fa-a4e9-8b5b2d32a040,001,3,"tôi không thể hòa cờ khi chơi với cờ oscar, oscar luôn luôn hòa cờ đúng lúc tôi gần thắng, tôi không thể chịu nổi vấn đề này, nếu duolingo vẫn không giải quyết tình trạng này, tôi sẽ cho 1 sao và sẽ khiếu nại.",2026-01-06 13:14:38,Neutral,"i can't draw the chess when playing with oscar chess, oscar always draws the chess just when i'm about to win, i can't stand this problem, if duolingo still doesn't solve this situation, i will give 1 star and will complain."
815078f0-fe2e-4d3a-9d60-f4452e69a2cd,001,3,bài nói thì nói rồi nhưng dùng ai làm cho duolingo cho là ko nói đúng làm bài thì cho đề lớp 3 với đề khó ko làm ko đc gì hết,2026-01-06 04:22:18,Neutral,"I already said the lecture, but someone who did it for Duolingo said it wasn't correct, so I gave you a grade 3 test with a difficult question and I couldn't do anything."
58717c56-b03d-4646-8fde-d336ee5c8534,001,3,"do event genshin mới tải lại, định giữ lại luôn để học mà tính năng năng lượng rất kh ổn, một ngày học được có chút là hết",2026-01-05 15:15:42,Neutral,"Since the Genshin event just reloaded, I was going to keep it to study but the energy feature is very bad, after a day of learning a little it's gone."
3c5b4a7f-91b6-479f-bd6a-c2ea216612ee,001,3,"năng lượng thực sự hết quá nhanh, tôi đang suy nghĩ ra đáp án thì đã hết năng lượng, tôi mong duolingo sẽ làm lại tim cho người dùng",2026-01-05 11:24:31,Neutral,"The energy really runs out so fast, I was thinking about the answer and I ran out of energy. I hope Duolingo will restore hearts for users."
fae7f4bf-2365-4fe3-9700-3405e46c21d1,001,3,"-tôi không quá thích việc thay thế tim thành năng lượng vì năng lượng hạn chế việc tôi có thể trả lời thật nhiều câu hỏi và chơi các trò chơi giải trí hay học các tiếng khác,nó là một trở ngại rất lớn.( tôi không có tiền cho việc nạp vào duolingo:( ) -tôi nghĩ các bạn đã và đang sử dụng ai trong các bài học,nghĩa của các từ khá lộn xộn, không đúng và không có trong đáp án của bài.( ví dụ như khi tôi học tiếng pháp: madame : bà ( chị hay chỉ người phụ nữ ) nhưng nó chỉ hiện từ bà nó rất khó hiểu.",2026-01-05 06:12:39,Neutral,"-I don't really like replacing hearts into energy because energy limits my ability to answer a lot of questions and play entertaining games or learn other languages, it's a huge obstacle. (I don't have money to load into duolingo:( ) -I think you guys have been using ai in the lessons, the meanings of the words are quite messy, incorrect and not in the answers of the lesson. (for example when I learn French: madame: grandmother (sister or just person).women) but it only appears from grandmother which is very confusing."
7e6f61e0-476b-4108-88cc-f55918db5b2a,001,3,má nó tự nhiên gần đạt huyền thoại thì tự nhiên hết năng lượng với nếu mà sai thì cũng trừ 1nl thôi chứ sao lại trừ 2nl,2026-01-04 05:18:43,Neutral,"If it's almost legendary then it suddenly runs out of energy and if it's wrong then it's only minus 1nl, why minus 2nl?"
ff393190-63d6-48c6-9347-04b6088b7e54,005,3,"tính năng dịch câu trong dịch màn hình của gói vip làm có khác gì tính năng dịch văn bản của gói free đâu. cái người dùng cần là dịch từng câu 1 để tập dịch nhằm nâng cao kỹ năng dịch, chứ không phải kéo thanh tìm kiếm vào dịch 1 đống ra cả đoạn văn dài dằng dặc như vậy. không đáng để upgrade lên vip. mong xem lại tính năng này",2025-12-26 04:01:48,Neutral,"The sentence translation feature in the VIP package's screen translation is no different from the text translation feature of the free package.What users need is to translate each sentence one by one to practice translating to improve their translation skills, not to drag the search bar to translate a long paragraph like that.Not worth upgrading to VIP.Looking forward to reviewing this feature"
473d1ec2-3459-431a-83fc-20ed2053e918,005,3,"chủ yếu mình dùng cái app này vì cái phần kính lúp khá tiện cho việc dịch các từ trong câu nhỏ lẻ từ app khác mà không cần phải vào app để tra từ, vậy mà cập nhật cái mất phần đó luôn, bất tiện quá.có ai biết có app nào khác có phần kính lúp không ạ",2025-11-19 12:51:57,Neutral,"I mainly use this app because the magnifying glass part is quite convenient for translating words in small sentences from other apps without having to go into the app to look up words. However, updating that part is so inconvenient. Does anyone know of any other apps that have a magnifying glass part?"
b3f7703b-32ea-43c3-9108-81526392981c,005,3,"phần động từ bất quy tắc, các vocab trong ielts hay toeic sao giờ ko còn nx vậy ad, cả phần cửa sổ tra nhanh nx, bản này dùng ko thích bằng bản cũ",2025-10-17 15:39:24,Neutral,"irregular verbs, vocabs in ielts or toeic, why is nx no longer available, admin, also the nx quick lookup window, this version is not as useful as the old version"
71f043fd-8a83-41fb-bd0b-e290ee8fd2c3,005,3,đã phát hiện ra bong bóng tra nhanh. các bạn bấm dịch màn hình. xong cấp quyền cho toàn màn hình. cái bong bóng hiện ra. mà hiện rồi cũng không biết làm sao ẩn lại được á.,2025-09-17 14:39:20,Neutral,Quick search bubble detected.You click translate screen.Finish granting permissions to the full screen.The bubble appears.But now I don't know how to hide it.
0113ecb5-a3aa-488d-bf37-c7559ddf65c1,005,3,"phiên bản cập nhật mới bỏ hết toàn bộ ds từ vựng oxford, động từ bất quy tắc, các trò chơi học từ vựng, v.v. dùng app cũng được 6-7 năm rồi, lần cập nhật này làm mình hụt hẫng quá, không lẽ xoá app không dùng nữa?! mong app sớm cập nhật lại các tính năng cũ.",2025-09-17 14:32:22,Neutral,"The new updated version removes all Oxford vocabulary books, irregular verbs, vocabulary learning games, etc.I've been using the app for 6-7 years now, this update makes me so disappointed, should I delete the app and not use it anymore?!Hope the app will soon update old features."
8139fcf2-3e63-4bbb-a3df-1c66adb41d77,005,3,"tại sao tự nhiên chỉ còn đúng 2 phần để học là tập đọc và luyện tập trong phần từ vựng của bạn vậy. không nâng cấp lên mà lại bỏ bớt đi, kì vậy. không phải là mất tính năng tra nhanh đâu nhé mn dùng cái kính núp xong rồi ấn vào từ là nó hiện ra luôn",2025-09-15 11:14:14,Neutral,"Why does nature only have two parts to learn: reading and practicing your vocabulary?I didn't upgrade it but instead removed it, that's strange.It's not like you've lost the quick lookup feature. Just use the cover glass and then click on the word and it will appear"
99f28210-e141-4460-99fa-5256fa7ce9e5,005,3,"trước giờ app rất tốt nhưng mấy tháng nay, tự nhiên phần ""dịch văn bản"" lại gặp lỗi. nó dịch rất lâu và chờ dịch 1 cụm nhỏ quá tốn thời gian. tại sao vậy nhỉ?",2025-05-26 21:54:11,Neutral,"The app used to be very good, but in the past few months, suddenly the ""text translation"" part has an error.It takes a long time to translate and waiting to translate a small phrase is too time-consuming.Why is that?"
112e3267-0ab3-4a0d-980e-bfacb1cbc64e,005,3,không biết là lỗi hay app loại bỏ tính năng nhưng mà khi app nhắc nhở các từ đã tra thì không còn thấy ghi phiên âm với nghĩa mình ghi chú như hồi trước nữa. nếu là lỗi thì khắc phục còn là do bị bỏ thì mong nhà phát triển đưa trở lại. một trong những thứ khiến mình dùng app lúc đầu là vì các tính năng hay ho như vậy đấy,2025-04-20 09:34:44,Neutral,"I don't know if it's a bug or if the app has removed the feature, but when the app reminds me of the words I've looked up, I no longer see the transcription with the meaning I noted like before.If it's a bug, fix it. If it's abandoned, I hope the developer brings it back.One of the things that made me use the app at first was because of such cool features"
e0813726-4f6a-4664-84a4-2d758e508dfe,005,3,"chất lượng nghe ko tốt và dịch hình ảnh khá tệ , đọc thì có một số giọng á khá dở nhưng bù lại dịch chuẩn nha có ví dụ và tất cả nghĩa của từ đó luôn . đôi khi dịch 1 từ nhiều hay 1 câu ,1 bài văn thì có thể sẽ bị chuyển đến 1 cái máy dịch khác . chỉ dịch được thôi ko ví dụ ko phiên âm và quan trọng là đôi khi cứ bị sao á ko thích nên đó là 1 điểm trừ to nha . nói chung cho 3 sao là cũng tốt lắm rồi !",2025-02-25 12:50:26,Neutral,"The listening quality is not good and the image translation is quite bad. Reading has some pretty bad Asian accents, but in return, the translation is accurate with examples and all the meanings of the words.Sometimes when translating a single word, sentence, or essay, it may be transferred to another translation machine.It can only be translated, not transcribed, for example, and most importantly, sometimes people don't like it, so that's a big minus point.Overall, giving 3 stars is very good!"
5e57c38a-388f-4ad1-9a59-1d928e9124f0,005,3,"dùng ok, nhưng đăng nhập lại tài khoản thì bị mất rất nhiều từ trong phần đã lưu, không đồng bộ được giữa hai hệ điều hành ios và androi khi dùng chung một tài khoản. tệ hại!",2024-12-28 17:25:31,Neutral,"Works ok, but when I log back into my account, I lose a lot of saved words and can't synchronize between iOS and Android operating systems when using the same account.terrible!"
5700dfd0-bca1-4271-9b6d-8118a0ce2641,005,3,"phần thêm từ vựng của bạn chưa tốt. chỉ cho phép thêm mỗi lần được 1 từ. nếu tôi có nhiều từ thì sẽ thêm rất là lâu. cần thêm chức năng thêm từ vựng từ file. chẳng hạn như file csv, json.",2024-10-31 16:50:43,Neutral,"Your vocabulary addition is not good.Only allowed to add 1 word at a time.If I have many words it will take a long time to add them.Need to add function to add vocabulary from file.such as csv, json files."
5e47c85b-88d8-4440-8a2a-64f7b3abb6a8,005,3,"mình đã quen thuộc với trải nghiệm tra từ và ôn luyện ở app này. về phần tra từ thì mình đánh giá oke. tuy nhiên phần ôn luyện thật sự rất thất vọng, khi cung cấp các bài ôn luyện thông qua những trò chơi với đồ hoạ và gameplay đáng chê thậm tệ, khiến mình rất khó tiếp cận và duy trì việc ôn luyện. thêm nữa phần thông báo nhắc nhở từ vựng app cũng nên triển khai lại. app có thể cân nhắc đưa phần ôn luyện về như cũ.",2024-09-21 18:33:10,Neutral,"I am familiar with the experience of looking up words and reviewing in this app.As for the word search part, I rate it as oke.However, the review part is really disappointing, providing review lessons through games with terrible graphics and gameplay, making it very difficult for me to access and maintain the review.In addition, the app vocabulary reminder notification should also be redeployed.The app can consider returning the review section to the same."
babf5c7e-7522-4f26-99de-59fd2f87db0d,005,3,"nạp tiền xong thấy thất vọng tràn trề, chẳng được chọn nghĩa trong phần ghi chú, viết cái nào là lỗi cái đó, ảnh minh hoạ nạp tiền mới xem được mà cũng không đầy đủ nữa, đấy là mình tra toàn từ cơ bản, mong nhà phát hành cải thiện hơn trong tgian tới, hoặc thêm vào tính năng để người dùng được cá nhân hoá hơn: ví dụ như kiểu chỉnh sửa được tự thêm ảnh minh hoạ cho từ mình tìm kiếm để dễ nhớ hơn, ghi chú ý hiểu của bản thân về từ vì mình thấy từ điển này nhiều từ dịch chưa sát nghĩa,...",2024-09-15 18:39:20,Neutral,"After recharging, I felt extremely disappointed, I couldn't choose the meaning in the notes section, what I wrote was an error, I only saw the illustration of the recharge but it wasn't complete anymore, that's what I looked up for all the basic words, I hope the publisher will improve in the future, or add more features for users to be more personalized: for example, the editing style allows you to automatically add illustrations for the word you search to make it easier to remember, note your own understanding of the word because I see that this dictionary has many words.The translation is not literal,..."
8befdee9-bbf1-4872-ad6f-d41a4201e920,005,3,"tôi đã tải app này và xài được khoảng 2 năm, app từ điển ok, nhưng gần đây quảng cáo traveloka quá nhiều,dừng qc cũng lâu, nên tôi tải thêm app khác",2024-09-03 13:27:35,Neutral,"I downloaded this app and used it for about 2 years, the dictionary app was ok, but recently there were too many Traveloka ads, and it took a long time to stop qc, so I downloaded another app."
0c0b0e7f-aa95-4849-a83c-9a16f111de56,005,3,chụp ảnh để dịch thì chữ bay hàng trên hàng dưới đọc không hiểu gì làm bài tập thì dịch hàng trên nhảy sang dịch hàng dưới đọc chẳng hiểu nổi phải tự đoán ý,2024-08-05 08:13:14,Neutral,"When I took a photo to translate, the words flew from the top row to the bottom row, but I didn't understand anything. When I did the homework, I translated the top row and jumped to the bottom row. I couldn't understand it, so I had to guess the meaning myself."
fc039b3b-8202-45cd-94d6-9f91144c1b36,005,3,"tôi không hiểu vì sao dịch tiếng anh bằng hình ảnh lại nhòe và khiến cho các từ ngữ ấy không đúng một cách chính xác, mặc dù tôi chụp hình rất rõ nhưng khi qua app thì hình lại rất nhòe. tôi không hiểu vì sao lại thế mong admin có thể fix lại được không 😵‍💫😵‍💫",2024-07-24 15:25:24,Neutral,"I don't understand why the English translation using images is blurry and makes the words inaccurate. Even though I took a very clear photo, when I went through the app, the image was very blurry.I don't understand why this is happening. I hope admin can fix it 😵‍💫😵‍💫"
d012db63-2fde-48c4-9774-a48eda16e635,005,3,nhiều tính năng hay nhưng giới giạn đồng bộ số từ chỉ 6000 từ thôi. mong tf sớm nâng cấp để nhiều người dùng hơn.,2024-05-22 04:19:54,Neutral,Many great features but the word sync limit is only 6000 words.I hope tf will upgrade soon for more users.
5c07b57b-864e-4c00-a5bc-3a9e50a1018d,005,3,"dạo này tự nhiên app cứ quay vòng vòng không tra được từ máy bạn khác không sao, máy mình bị, tải lại một lần vẫn chưa hết",2023-10-11 13:58:42,Neutral,"Lately, the app keeps spinning around and can't look up from other people's devices. It's okay. My device has the problem. I redownloaded it once and it still didn't go away."
d5dc642e-00d6-44aa-9bbe-8716b396041f,005,3,"khi sử dụng dịch màn hình để search chữ thì nó sẽ hiện trên cửa sổ tra nhanh, nhưng bản cập nhật gần đây thì bị lỗi khi search không hiển thị cửa sổ tra nhanh nữa.",2023-09-10 09:07:43,Neutral,"When using screen translation to search for words, it will appear in the quick search window, but the recent update has an error where the search no longer displays the quick search window."
4b3a2774-2d52-46a7-9753-bcd04774e845,005,3,mình mua vip rồi mà mở app vẫn hiển thị icon giỏ hàng thấy rất khó chịu. mong ad cập nhật bỏ cái icon đó đi cho những ai đã là thành viên vip ạ,2023-05-28 07:18:30,Neutral,"I bought VIP but opening the app still displays the shopping cart icon, which is very annoying.I hope the admin will update and remove that icon for those who are already VIP members"
436dfcaa-9589-4bc6-80b4-cb427bf86f81,005,3,"làm sao để khôi phục vip ạ, em đã mua vip vĩnh viện trên điện thoại này, và do khôi phục cài đặt gốc máy. tải lại app thì không thể khôi phục vip ạ",2023-04-10 04:20:43,Neutral,"How do I restore VIP? I bought permanent VIP on this phone, and so I restored the device's factory settings.Re-downloading the app will not restore VIP"
bddd5d67-7a6b-4d67-b243-23f2c6bd1f9c,005,3,nên cập nhật thêm nhiều phrasal verb hơn! chẳng hạn như từ passed down (được truyền từ thế hệ này sang thế hệ khác) mình tìm k thấy mà phải chuyển sang dịch câu thì app lại dịch là truyền xuống. mong nhà phát hành xem xét và cập nhật thêm,2023-03-03 14:12:05,Neutral,"Should update more phrasal verbs!For example, the word passed down (passed down from one generation to another) I couldn't find and had to translate the sentence, but the app translated it and passed it down.Hope the publisher will consider and update further"
e59f3ba3-0bb6-4815-a855-3eb894fad754,005,3,"dùng được một thời gian, giờ mua máy mới nên tải lại, nói chung chất lượng khá tốt, vẫn hy vọng có thêm tính năng đồng bộ vip theo tài khoản thì tốt.",2023-01-22 13:45:16,Neutral,"Used it for a while, now I have to buy a new device so I should download it again, overall the quality is quite good, still hoping to add the VIP sync feature according to the account which would be good."
bcd20fd4-6e9c-4218-80db-0142bd32f010,005,3,"trước kia khi đang học các từ trong ôn tập, bấm vào một từ mới thì từ mới được tra trong cửa sổ tra nhanh được hiện ra mà ko ảnh hưởng đến app ôn tập. có thể làm ơn trả lại tính năng đó đc ko ạ @@",2022-12-10 04:53:18,Neutral,"Previously, when studying words in review, clicking on a new word would cause the new word to be looked up in the quick lookup window to appear without affecting the review app.Can you please return that feature? @@"
4a9b8be1-e6c4-4381-a0d2-3bf24d013567,005,3,"không có tiên đoán văn bản khó khăn khi học từ vựng, viết đúng từ mới được; sai nó sẽ nhảy sang dịch văn bản rất bực mình - sài 5 app dịch chỉ có mỗi app này không dùng ""tiên đoán văm bản""",2022-10-08 09:45:05,Neutral,"No difficulty predicting text when learning vocabulary, writing words correctly;If it's wrong, it will jump to text translation, which is very annoying - I've used 5 translation apps, only this one doesn't use ""text prediction"""
785cf261-2b08-4aeb-b247-396fd48e8bba,005,3,app phiên bản nâng cấp gần nhất 6/2022 mình thấy ad đã cải thiện được nhiều thứ^^ mà riêng chỗ cửa sổ tra nhanh khi mở ra chỗ ngay góc phải thì có cái mic nói. nhiều khi mih luyện phát âm nói một đoạn tiếng anh thì app sẽ tự động đưa mih vào phần dịch văn bản rất tiện. nhưng lần update này chức năng đó ko còn nữa tức là khi mih bấm nút ghi thì app sẽ bonus câu hỏi bạn nói tiếng anh/việt ( đương nhiên mih chọn anh) rồi mih nói một đoạn tiếng anh mà sao app ko dẫn mih đến chỗ dịch văn bản là s??,2022-08-06 06:22:47,Neutral,"In the latest upgraded version of the app, June 2022, I see that the ad has improved many things ^^ but the quick search window when opened, right in the right corner, has a speaking microphone.Many times when you practice pronunciation and speak an English passage, the app will automatically include you in the text translation section, which is very convenient.But in this update, that function is no longer available, that is, when you press the record button, the app will give you a bonus question asking if you speak English/Vietnamese (of course you choose me) and then you speak a paragraph in English, but why doesn't the app lead you to the place where the text is translated as s??"
aa9bb534-6141-4439-8aba-30526e4889bc,005,3,"tra nghĩa ở tflat có rất nhiều từ dịch sai. app này chủ yếu nên dùng để dịch câu thôi, tuy nhiên đôi lúc không hoàn toàn chính xác. hay ở chỗ được cái tính năng thông báo để ghi nhớ từ vựng. tra từ vựng nên để ý",2022-07-02 01:58:23,Neutral,"Looking up the meaning in tflat, there are many mistranslated words.This app should mainly be used to translate sentences, but sometimes it is not completely accurate.It's nice to have the notification feature to remember vocabulary.You should pay attention when looking up vocabulary"
01127692-848d-46c6-aabb-35a2d4331296,005,3,"cái app này từ vựng rất phong phú,hay hữu ích nhưng app này phát âm như cái nịt á người ta phát mà tôi bị ám ảnh luôn ý trời!",2022-06-01 12:50:22,Neutral,
464686d4-088f-4f93-a5b1-93760467c7e8,005,3,"từ điển dùng cũng tạm, nhưng vẫn thiếu kha khá từ vựng, phần dịch văn bản không khác dùng google dịch là mấy, phần tra nhanh thì dạo này có hơi bị lỗi, bình thường kéo icon tflat xuống ⓧ thì đã tắt dược rồi, nhưng giờ cứ hễ dùng tra nhanh lâu lâu 1 tí thì cái thao tác này không xài được nữa, cứ phải thoát hẳn rồi khởi động lại app, khá phiền",2022-04-24 18:54:39,Neutral,
40da7658-09f7-40e0-a44a-9de23dc29fc6,005,3,"dùng tốt nhưng khi nào bên ứng dụng mới sửa mấy từ lỗi như ""unappropriate"" ạ :( . làm cho mọi người dễ nhầm lẫn quá...",2022-03-22 10:36:47,Neutral,"It's good to use, but when will the app fix the error words like ""unappropriate"" :( . It makes people so confused..."
f5b347ae-b7f2-4be0-89f1-5dea53ae1d2b,005,3,"ứng dụng hay phù hợp cho học sinh cấp 1,2,3 . chưa có trình con hay cửa sổ nhỏ chạy trên các ứng dụng khác. chỉ có ứng dụng cửa sổ tra nhanh chạy trong nội bộ flat .",2022-03-19 05:35:36,Neutral,
ed54e1d2-b300-47f1-9166-e2be8552db9f,005,3,"app hay. nhưng nay hay bị lỗi ko phát âm thanh các từ, và tra từ bằng cách phát âm nó cũng không hiển thị ra từ. admin cần sửa lại luôn nhé!",2022-03-08 02:38:23,Neutral,"good app.But now I often have the error of not pronouncing the sounds of words, and looking up words by pronunciation, it also doesn't display the words.Admin needs to fix it!"
6079bc8b-8923-49f8-b84d-c43995999588,005,3,"app ban đầu xài rất tốt luôn . nhưng về sau thì nó dịch sai ,có khi không dịch được nữa . mong nhà sản xuất khắc phục",2021-12-26 07:03:49,Neutral,
f510c4c7-974e-4388-ba25-45af4ab90029,005,3,tôi đáng giá app khá hữu dụng nhưng sao phần chụp màng hình dịch văn bản bị lỗi tôi k sử dụng đc nên phải tải thêm u-dictonary tốn thêm dung lượng 😤,2021-12-23 08:25:42,Neutral,"I think the app is quite useful, but why is the screen capture and text translation error? I can't use it, so I have to download u-dictonary, which takes up more space 😤"
37a9a99c-def6-44dc-ba8d-e85508c84829,005,3,"đang dùng ngon lành mắc gì để chế độ ban đêm vậy ạ. mình là người thích chế độ này nhưng ở app màu tím, xanh trên nền đen nhìn cực kì khó và đau mắt. vào cài đặt cũng không có tắt đi. nếu muốn tắt phải thay đổi giao diện của toàn bộ máy điều này rất khó chịu. mong nsx điều chỉnh lại",2021-12-03 09:39:25,Neutral,"I'm using it well, how can I set it to night mode?I'm a fan of this mode, but in the purple and blue app on a black background, it looks extremely difficult and hurts my eyes.Even in settings it doesn't turn it off.If you want to turn it off, you have to change the interface of the entire device, which is very annoying.I hope NSX will adjust it again"
c7156c19-6e48-42a6-ad94-668c68641a5e,005,3,"app nâng cấp ko ổn lắm: phần nghĩa của bạn trước đây mỗi lần chỉnh sửa sẽ hiện ra toàn bộ nội dung, bây giờ chuyển thành dạng băng chuyền, mỗi lần chỉnh sửa ở khúc đầu sẽ phải kéo trở lại rất lâu. mình thường xếp từ thành rất nhiều nhóm, vì app chỉ có 20 mục nên mình phân nhiều hơn bằng cách dùng kí hiệu đánh dấu trong phần nghĩa của bạn, mỗi lần tìm từ theo nhóm chỉ cần gõ kí hiệu vào ô tìm kiếm, nhưng app mới nâng cấp thì tìm bằng kí hiệu k được nữa. rất mong app quay trở lại như trước ạ.",2021-12-02 06:28:09,Neutral,"The upgraded app is not very good: before, the entire content of your meaning would appear every time you edit it, now it's turned into a carousel, each time you edit the first part you have to scroll back for a long time.I usually sort words into many groups, because the app only has 20 categories, so I divide them more by using symbols to mark your meanings. Each time you search for a word by group, you just need to type the symbol into the search box, but with the newly upgraded app, you can't search with symbols anymore.I really hope the app comes back like before."
50378712-1411-491c-980b-ce00ce752944,005,3,"phần dịch nhanh giao diện chán quá, khi mình xem phim thì bật bong bóng dịch nhanh lên sử dụng nhưng xài khó chịu lắm",2021-11-19 15:17:18,Neutral,"The quick translation interface is so boring. When I watch a movie, I turn on the quick translation bubble to use it, but it's very annoying to use"
c11bd5cc-74b3-4b7c-a59f-64178a9d1cb3,005,3,"lúc trước tôi đăng ký tk vip trên đt android, giờ tôi dùng ios làm sao để lấy lại tk vip.trong khi đó tôi đăng nhập bằng gmail . mong nhà phát hành hỗ trợ.",2021-10-28 06:52:36,Neutral,"Before, I registered for a VIP account on my Android phone. Now I use iOS, how can I get my VIP account back? Meanwhile, I logged in with gmail.Hope the publisher supports it."
343d6af7-5f45-4569-8578-d6d606283a44,005,3,app khá hay nhưng k hiểu tại sao dịch 1 câu k dc nhỉ? vài lúc dịch k chính xác nhé! mong nsx sửa lại nha^^ tui cho 3 sao😊,2021-10-23 00:46:10,Neutral,The app is quite good but I don't understand why it can't translate a sentence?Sometimes the translation is not accurate!Please fix it ^^ I give 3 stars😊
eefadce5-8ddd-4e94-b300-9ff46e75825e,005,3,tài khoản vip của tôi chưa có file âm thanh gắn kèm theo từ lúc học từ mới ấy. phải click vào từ và bấm vào cái thì sau khi thoát tra từ mới nghe đc. hơi bất tiện. với chưa thấy ngữ pháp đâu cả,2021-10-10 16:03:02,Neutral,My VIP account has not had an audio file attached since learning the new word.You have to click on the word and click on it to hear the word after exiting.a bit inconvenient.and I don't see the grammar anywhere
829869b5-9b68-4793-b8c4-ee3956f4d1ba,005,3,ok phết nhưng tplat vẫn bắt ta phải nạp vip mới dùng đc máy ảnh ngày trước ko cần đó là lý do nó đc 3* ok,2021-09-11 07:28:53,Neutral,"It's ok, but tplat still requires you to sign up for VIP to use the camera. Before, there was no need for it, that's why it was 3* ok."
b4696799-a42b-4cf6-8e61-3a1c1e4aeed8,005,3,"dịch cùng 1 câu "" a man of close application"" va tu "" application"" ma ra 2 nghĩa khác nhau hòan tòan. ko biet sao từ điển dict box của xung le lại dịch giống tflat thế???",2021-08-27 15:40:30,Neutral,"Translating the same sentence ""a man of close application"" and the word ""application"" gives two completely different meanings.I don't know why pulse le's dict box dictionary translates like tflat???"
9f5a7283-5f75-45e2-8a5f-b12f66dee2c3,005,3,"phần chụp ảnh bị lỗi nặng: thiếu từ, tự thêm tự bớt từ. chụp nhiều lần cũng vậy à. còn mấy cái khác cũng khá ổn.",2021-08-09 04:29:10,Neutral,"The photography part has serious errors: missing words, adding and removing words.Taken many times as well.The others are also quite good."
bb2ee862-721c-4660-8363-d75800925478,005,3,"mình nghĩ từ điển nên có ghi trình độ từ a1 đến c1 c2 . có thể tra phrasal verv , collocation and idoms thù càng tò",2021-08-05 16:03:07,Neutral,
cf167059-5341-4d91-88e7-47de576244f2,005,3,"xin góp ý nhé.ad nên tắt chức năng (hoặc thêm chức năng để tắt) dịch tự động , cứ mỗi khi có lỗi sai do phát âm sai hoặc đánh chữ sai là nó tự động chuyển sang tự dịch ngôn ngữ khác. rất khó chịu",2021-05-08 11:48:28,Neutral,"Please comment. Admin should turn off the function (or add a function to turn off) automatic translation, every time there is an error due to mispronunciation or mistyping, it will automatically switch to automatically translating to another language.very annoying"
e480f1c5-5711-4305-9713-17478c88e25a,005,3,tôi bị lỗi khá nhiều về phần nghe khi offline mặc dù tts đã được cài đặt và đã thử xóa đi tải lại dữ liệu nhiều lần,2021-05-07 09:29:09,Neutral,I have quite a lot of errors when listening offline even though TTS has been installed and I have tried deleting and redownloading the data many times.
3f599f33-5b2c-4d1f-8eac-a7929463557c,005,3,app dùng tốt. nhưng tôi đã nâng cấp gói vip. nhưng khi chuyển máy vẫn mất list từ cũ. ko như lời hứa. add nên giữ đúng cam kết...,2021-04-24 02:38:03,Neutral,"the app works well.but I upgraded the vip package.But when I switch devices, I still lose the old word list.Not as promised.add should keep its commitment..."
1164a3b9-b330-4717-ba7d-36a4c03cd173,005,3,có rất nhiều chữ đọc sai cách phát âm làm cho những người mới học tiếng anh như tui phát âm sai theo làm từ nói ra không có nghĩa hay sai nghĩa. xin nhà phát triển tìm ra lỗi để khắc phục.,2021-03-31 11:47:56,Neutral,"There are many words that are pronounced incorrectly, causing people who are new to learning English like me to mispronounce them and make the words meaningless or have the wrong meaning.Please find the error and fix it."
0af2e6d2-c1c6-4481-ae21-30a5f15e9ea4,005,3,mong add nhanh chóng xử lý vụ tối ưu hóa ứng dụng chứ e mới tải về chửa kịp dụng lần nào mà từ 37mb nhảy lên 180mb. thấy mà sợ :vv,2021-03-28 08:45:05,Neutral,"I hope you will quickly handle the optimization of the application, I just downloaded it and haven't had time to use it yet it jumped from 37mb to 180mb.I'm scared when I see it :v"
f9906026-53d9-4059-a994-2ca697003b97,005,3,ứng dụng khá tốt 👍 nhưng mỗi lần mìn dịch bài thường phải đợi khá lâu và hầu ngư ko thể dịch đc trát thường xuyên xảy ra mong sớm khắc phục,2021-03-06 11:07:50,Neutral,"The app is quite good 👍 but every time I translate an article I usually have to wait quite a long time and most people can't translate it. This often happens, I hope it will be fixed soon."
b416f9f0-c42e-4103-9b80-702e20820184,005,3,"có lẽ mình khá thất vọng khi tải ứng dụng này lần thứ 2 vì nó mất đi những trò chơi như con ếch , con gấu , câu cá.....",2021-03-06 05:04:25,Neutral,"Maybe I was quite disappointed when I downloaded this app for the second time because it lost games like frog, bear, fishing....."
851f9291-b3d9-4a87-bb95-9fcebdd065ef,005,3,"ứng dụng cũng khá hay tuy nhiên có kha khá từ chưa đủ nghĩa đấy. không hiểu gần đây khi mình tra từ nó ko còn hiện ra mấy từ đề xuất như trước nữa, ấn tìm kiếm thì nó đưa đến phần dịch văn bản ý @@ nên ko xem đc hết nghĩa với phiên âm. mình xóa đi tải lại rồi nhưng cũng chỉ đc ngày đầu thôi.",2021-03-02 09:29:57,Neutral,"The app is quite good, but there are quite a few words that don't make enough sense.I don't understand, recently when I look up a word, it no longer shows suggested words like before. When I press search, it brings me to the @@ text translation section, so I can't see the full meaning and transcription.I deleted and redownloaded it but it only worked for the first day."
84fd25e1-5c10-4409-9834-32d59724cd15,005,3,"phần dịch văn bản ngày càng xuống cấp hay sao ấy, mjk thấy dịch còn tệ hơn google, mong admin có thể khắc phục sớm",2021-01-04 03:21:28,Neutral,
a2c92d02-b91a-4005-b2c6-5ab15348e102,005,3,sao ứng dụng này trên mỗi thiết bị lại khác? rõ ràng sài trên ipad thì có phần ngữ pháp khi tra từ tiếng anh nhưng khi sài trên điện thoại thì lại chẳng thấy đâu. phần đấy rất quan trọng để tôi có thể hoàn thiện kiến thức về word family của mình. mong nhà phát triển điều chỉnh lại sẽ cho 5 sao.,2020-12-28 18:10:02,Neutral,"Why is this app different on each device?Obviously, when using it on the iPad, there is a grammar section when looking up English words, but when using it on the phone, it is nowhere to be found.That part is very important so I can perfect my knowledge of word family.I hope the developer will adjust it and give it 5 stars."
71f7ce64-a3ff-43e3-b43d-64fefc62b915,005,3,"từ điển thì ok , cơ mà dịch văn bản thỉnh thoảng lại k dc rất khó chịu vì khoản đấy mong add cải thiện",2020-12-21 14:20:13,Neutral,"The dictionary is ok, but the text translation sometimes fails, which is very annoying because I hope you can improve that aspect"
6af33117-0f44-45f7-90a5-bf13070cc3e6,005,3,"cần khắc phục phần dịch văn bản , hiện tại ko thể dich ở phần này , nó load r no dừng ko hiển thị phần dịch ':((",2020-12-14 11:03:13,Neutral,"Need to fix the text translation part, currently this part cannot be translated, it loads and stops displaying the translation part ':(("
d22933ae-45f4-4a1e-bf95-59449e822cd3,005,3,cũng được nhưng hơi tức ở chỗ là nó dịch câu cho mình xong mình viết ra giấy lại những gì nó ghi rồi ghi lại y hệt thì nó lại dịch sang kiểu khác. nghĩa là nó dịch cho mình ghi mình ghi lại y như vậy nhưng sau khi kiểm tra lại bằng chính ứng dụng thì lại không đúng như thế nữa. đề nghị xem lại chứ không thể vậy được đâu. tốn rất nhiều thời gian vào việc vô bổ ngu ngốc.,2020-11-16 02:55:35,Neutral,"It's okay, but it's a bit annoying that after he translates the sentence for me, I write down what he wrote on paper and then write it down exactly the same way, then he translates it in a different way.That means it translated for me and I wrote it down exactly like that, but after checking it again with the app itself, it wasn't correct anymore.I suggest you review it, but that's not possible.waste a lot of time on stupid useless things."
746d1972-ac84-44b3-97dc-89df983cd7fc,005,3,"dịch offline khá ổn. còn dịch online nhiều lúc bị lỗi khi dịch văn bản, dịch trớt quớt không liên quan gì tới ý muốn dịch",2020-11-13 16:28:03,Neutral,"Offline translation is quite good.Online translators sometimes have errors when translating text, and the translation is sloppy and has nothing to do with the translation intention"
785870e5-15ef-4730-a7c5-42e761a90e48,005,3,ứng dụng thì offline mà khi kiếm từ ngữ lại bắt cần mạng. thà có gói dịch ngoại tuyến rõ ràng hơn thì có phải hay hơn không? tạm cho 3 sao cố gắng khắc phục,2020-11-04 08:32:53,Neutral,"The application is offline, but searching for words requires the internet.Wouldn't it be better to have a clearer offline translation package?Temporarily giving 3 stars, try to fix it"
a108177e-8f02-4c76-ba29-db4b78659ee4,005,3,hôm qua mình vừa tra từ take off và trong từ điển ghi là giảm( bớt) giá trong khi mình tra từ điển cambridge thì nghĩa là tăng giá,2020-10-29 07:57:25,Neutral,Yesterday I looked up the word take off and in the dictionary it said to reduce (reduce) the price while when I looked it up in the Cambridge dictionary it means to increase the price.
95b7b6bf-a29a-4ecf-bcec-70c74d3bf48b,005,3,"tôi đã mua tài khoản vip trên điện thoại cũ, giờ thay đổi máy mới không thể cập nhật sang được, cùng android, nhờ admin vui lòng hỗ trợ. ( đăng ký theo như mail trên)",2020-09-06 12:16:59,Neutral,"I bought a VIP account on my old phone, now I can't update to a new phone, it's the same Android, admin please help me.(register via email above)"
03ccf6b8-71aa-41c9-b727-ea55185c350f,005,3,"thực sự rất khó chịu, khi luyện tập chọn phải đáp án sai thì câu hỏi sau nó tự đọc đáp án. khó chịu !!! mong ad fix lại. cảm ơn!",2020-09-05 09:05:46,Neutral,"It's really annoying, when practicing and choosing the wrong answer, the next question will read the answer itself.uncomfortable !!!I hope admin will fix it.Thanks!"
a531d8c5-c373-4984-98d4-f9f7c69a3cd2,005,3,dùng thì tốt nhưng mà nếu dịch một đoạn dài thì hơi lâu.nên tôi nghĩ nên thêm thính năng chụp ảnh nhận diện chữ từ ảnh,2020-08-22 09:53:37,Neutral,"It's good to use, but translating a long paragraph takes a bit of time. So I think we should add the ability to take pictures and recognize words from pictures."
bba0db1c-ef8b-48ad-8ef6-40acda6ca93e,005,3,"xin lỗi !! chức năng dịch câu đang bị lỗi, bạn vui lòng thử lại sau. sửa giúp phần dịch câu đi nhà phát triển",2020-08-10 07:01:53,Neutral,"Sorry !!The sentence translation function is having an error. Please try again later.Please help me fix the sentence translation, developer"
d963dadf-4b8c-436d-a0fc-0688b6d09d91,006,3,tại sao khi tôi tải lại ứng dụng thì các tin nhắn với bạn bè lại mất vậy?! thực sự là rất khó chịu ý!,2026-03-07 17:33:23,Neutral,Why are my messages with friends gone when I redownload the app?!It's really very annoying!
461dc6be-938e-4ba9-973e-eb0f5eaa60f1,006,3,"nên nói rõ ngay từ đầu là acc thường chỉ có 90 phút mỗi ngày để tham gia phòng, tự nhiên mới đky thì cho vip, sau gần hết vip thì lại không thấy nói rõ việc này",2025-05-25 08:01:30,Neutral,"It should be made clear from the beginning that accounts usually only have 90 minutes a day to join the room. Naturally, when you sign up, you will be given VIP. After almost all of your VIP status is gone, you won't see this clearly stated."
1163356f-89d1-4333-b40f-8c227426c23f,006,3,"nhiều quảng cáo, nhất là quảng cáo đang dùng thoát ra vào lại quảng cáo khiến khó chịu. có thể bỏ bớt đi 1 ít là ok",2024-10-18 03:14:27,Neutral,"Many ads, especially the ads you are using, exiting and re-entering the ads is annoying.It's ok to remove a little bit"
336e74ba-c364-44a4-82ec-1d14c9ceb2cc,006,3,hài lòng tại sao không mở được phòng chờ ak mọi người có ai biết không ứng dụng dùng tốt không nên hạn chế nhóm ak vào đây học hỏi nếu hạn chế thi sẽ ít người vào hơn nên rất mong hellotalk cải thiện lại ak,2023-02-08 11:27:54,Neutral,"I'm satisfied, why can't I open a waiting room? Does anyone know if the app is good? Shouldn't we restrict groups from coming here to learn? If we limit the exam, there will be less people coming in. I hope hellotalk improves again."
b258adc5-9679-43bd-8f51-23be793c2fcf,006,3,"please check my money, i do not for 25.01.2023, why take my money, i do not know about it, please turn back my money for me",2023-01-30 09:24:40,Neutral,"please check my money, i do not for 25.01.2023, why take my money, i do not know about it, please turn back my money for me"
d3023cce-6ca5-43cf-be8d-bb51f29ffeec,006,3,tôi cảm thấy ứng dụng này cũng được ko đến nổi lắm.nhưng mà tôi cảm thấy là nó nên miễn phí vì có một số người ko có nhiều tiền ko thể nạp vào ứng dụng này.tôi mong ứng dụng này trong tương lai sẽ thay đổi.tạm cho ba sao thôi nếu ứng dụng thay đổi thì cho năm sao,2022-11-03 02:41:11,Neutral,
24ccd291-5800-445d-b348-299cf497ab56,006,3,"why doesn't the app allow the creation of a new account, i'm just talking about a bit of culture but they still report and i have to delete the account i know the app has many positive fills but negative things still exist if i've talked about policing with a friend and that friend will tell me about the issue of policing and he reports me my account was locked by the app and he wasn't locked whyyyyyyyy?",2022-06-24 05:44:19,Neutral,"why doesn't the app allow the creation of a new account, i'm just talking about a bit of culture but they still report and i have to delete the account i know the app has many positive fills but negative things still exist if i've talked about policing with a friend and that friend will tell me about the issue of policing and he reports me my account was locked by the app and he wasn't locked whyyyyyyyy?"
5080a0b4-546c-4537-990b-bf101955876a,006,3,"xin chào, tôi lỡ bấm thoát tài khoản, bây giờ không đăng nhập được vì lỡ liên kết với tài khoản wechat, nhưng wechat của tôi bị khoá một cách vô cớ. bây giờ có cách gì để giúp tôi lấy lại tài khoản không? vô lý hết sức.",2022-03-15 18:30:40,Neutral,"Hello, I accidentally clicked log out of my account, now I can't log in because I accidentally linked it to my wechat account, but my wechat was locked for no reason.Is there any way to help me get my account back now?utterly absurd."
daf3cb50-3f43-4628-817e-faa45d24a6df,006,3,"ứng dụng hay nhưng khi có người nhắn tin với nội dung spam, xúc phạm mình thì mình report và block người đó rồi nhưng hôm sau vẫn thấy thông tin của họ hiện lên mãi rất là phiền phức.",2021-11-05 02:38:10,Neutral,"Great app, but when someone messages me with spam or insulting content, I report and block that person, but the next day I still see their information popping up, which is very annoying."
19a62a21-b425-4eaf-baee-4b97204b303e,006,3,i can't log in my account because i forgot password and i didn't use that mail a long time. please support me change email or create a new account 🥲🥲,2021-10-27 09:26:34,Neutral,i can't log in my account because i forgot password and i didn't use that mail a long time.please support me change email or create a new account 🥲🥲
a84642e9-0825-45b5-9d5e-d5e69e617531,006,3,app hay. có thể kết bạn và nói chuyện với mọi người từ nhiều quốc gia. nhưng có những hạn chế vì không có vip,2021-09-26 03:34:42,Neutral,good app.can make friends and talk to people from many countries.but there are limitations because there is no vip
1703f25c-9b53-4ab0-a86b-eddfaea58851,006,3,"app bị lỗi, không hiểu sao sau khi mk tải lại app này thì gửi tin nhắn k hề có bất kì phản hồi nào kể cả khi người đó đang hoạt động, hình như ng khác k nhận được tin nhắn của mk",2021-07-20 05:33:35,Neutral,"The app is corrupted. I don't understand why, after I redownloaded this app, I sent a message without any response even when that person was active. It seems like other people didn't receive my message."
6917ce83-60dc-4a8a-808c-17b37326975f,006,3,"cái app này xàm v. t tải lại ứng dụng, muốn đăng nhập lại thì nó cứ báo k thể đăng ký thêm tài khoản là thế nào?",2021-06-08 11:54:36,Neutral,"This app is crap.I redownload the app and when I try to log in again, it keeps saying I can't register another account, what does that mean?"
c955008a-e46d-4da3-9b6d-f62cf0c5a85f,006,3,"khó kiếm bạn học quá, đăng bài cũng không có ai tương tác. chỉ thấy mỗi tiếng trung là hay có người bản xứ tương tác thôi",2021-04-06 10:17:11,Neutral,"It's so hard to find classmates, no one interacts when I post.I only see Chinese people often interacting with me"
48d75d50-ba1a-409c-bd4a-06efd5a40b85,006,3,"app rất tốt nhưng tại sao mình nhắn tin mà cứ hiện mạng không kết nối được rồi không gửi được tin nhắn trong khi mình thử vào ứng dụng khác thì không sao cả , mong khắc phục vấn đề này",2021-01-29 13:26:34,Neutral,"The app is very good, but why is it that when I'm texting, it keeps showing that the network can't connect and can't send messages when I try to use another app and it's fine? I hope this problem can be fixed."
853d7bf5-471f-4896-b897-7ba6de86c859,006,3,ứng dụng khi trả tiền theo tháng hay theo nam thì dùng oke hơn dùng miễn phí . các bạn hãy tải và cảm nhận về nó,2021-01-22 14:23:27,Neutral,"If you pay monthly or monthly, the app is better than using it for free.Please download and feel about it"
45b6b729-5ba7-440e-9521-832c304e140f,006,3,em thấy app này cũng tốt nhưng mà app đòi hỏi phải mua gói vip mới dịch được thực ra em mới chơi nhưng mà bỏ cái mua gói vip em nghi tốt hơn bởi vì em cũng muốn học tiếng trên app đó 🙂🙂,2020-11-04 16:35:28,Neutral,"I think this app is good, but the app requires you to buy a VIP package to be able to translate. Actually, I just started playing it, but I think it's better to buy the VIP package because I also want to learn the language on that app 🙂🙂"
29a39a16-ea66-405f-8701-d48c15627823,006,3,"em không đăng ký vip mà chỉ tham gia được 3 cuộc gọi, bạn em cũng không đăng ký mà vẫn gọi được suốt là sao ạ??",2020-10-18 15:23:03,Neutral,"I didn't sign up for VIP but I could only participate in 3 calls. My friend also didn't sign up but he was still able to call all the time, why?"
c138434b-726b-4903-b997-ca3a22221abc,006,3,ứng dụng khá ổn nhưng đôi khi mình không nhận được thông báo và không nghe được ghi âm... mình mong app có thể sửa và app có thể thêm tính năng mini chat( bong bóng chat) để tiện hơn được không ạ?,2020-05-10 15:07:58,Neutral,The app is quite good but sometimes I don't receive notifications and can't hear the recording... I hope the app can fix it and can the app add a mini chat feature (chat bubble) to make it more convenient?
08584078-3657-4ce0-92f2-4b63597cd5c6,006,3,"mình lỡ tay đổi ngôn ngữ học thử xem sao thôi, giờ đổi lại ko được, phải đăng kí vip.. có cách nào khác để đổi lại ko ?",2020-04-04 16:29:37,Neutral,"I accidentally changed the learning language to try it out. Now I can't change it back, I have to register for VIP... is there any other way to change it back?"
9b96dc23-3b24-49e6-be7f-79cbaf7d38af,006,3,hi admin! could you correct my risk please. that's whatever i wrote but i could not send to anyone in message. please help me! thank you so much!,2020-03-09 15:06:09,Neutral,hi admin!Could you correct my risk please.that's whatever i write but i couldn't send to anyone in message.please help me!thank you so much!
11cbef9d-12f1-4663-ba1c-918e4314f8fa,006,3,"mình tải về , sài một chút xíu là bấm dịch từ ngữ nó hiện lên nạp vip ko nạp hình như ko dịch từ đc ?",2020-02-27 12:10:49,Neutral,"I downloaded it, after a little bit of work, I clicked to translate the word and it showed up to load vip or not, it seems like I can't translate the word?"
c59d7a97-c7c2-460d-8853-e3def4097e2a,006,3,sao tôi không dịch được nữa . chỉ dịch được 5 lần là sau không dịch được nữa bắt mua gói thì mới dùng được tiếp chán không có gì bằng khi đang dùng mà phải dừng lại vì không dịch được nữa,2020-01-24 12:21:12,Neutral,"Why can't I translate anymore?I only translated it 5 times and then I couldn't translate it anymore, so I had to buy a package to be able to use it again. There's nothing worse than having to stop using it because I can't translate it anymore."
9ecc9cbf-e9af-4ad5-b47e-0bfef75fedf6,006,3,"quên mất cái mật khẩu mà lấy lại mãi chẳng được, cho hai cái link nhấp vào cứ bảo lỗi hệ thống -.- bực hết sức.",2019-10-05 03:36:51,Neutral,I forgot my password and can't retrieve it. I clicked two links and kept saying system error -.- very frustrating.
cb17ceba-9c18-478b-94c9-121184e9557c,006,3,ứng dụng rất hay nó rất có ích cho nếu bạn muốn học thêm 1 ngôn ngữ mới bạn cũng có thể lwen thêm nhiều bạn mới từ ứng dụng này. tuy nhiên ứng dụng vẫn hay đơ chưa đươc nhanh,2019-09-30 15:47:26,Neutral,"Very good application, it is very useful if you want to learn a new language, you can also make many new friends from this application.However, the application is still slow and not fast"
dd8b41e5-35c1-431c-9ce4-e9a27551660b,006,3,đôi khi bị tự đăng xuất và phải đăng nhập lại thì tin nhắn bị mất và danh sách bạn bè nhắn tin bị mất sạch. ko hiểu tại sao vô lý như vậy???,2019-06-25 10:30:35,Neutral,"Sometimes when I log out and have to log back in, my messages are lost and my texting friends list is lost.I don't understand why it's so absurd???"
806cac77-b69d-4e0d-84e4-3f89b33eff2a,006,3,"it is the best app to learn languages and make new friends. however, sometimes my account logs out without a reason. i have 2 old accounts that was deleted long ago. the problem is that i did nothing wrong but they said i might violated their policies. i also reported my situation after that. just only that, the rest is perfect.",2019-03-27 01:13:59,Neutral,"it is the best app to learn languages ​​and make new friends.however, sometimes my account logs out without a reason.i have 2 old accounts that were deleted long ago.the problem is that i did nothing wrong but they said i might violate their policies.i also reported my situation after that.just only that, the rest is perfect."
fd1882b7-7ed7-48fe-acd4-4d89aba082b4,006,3,"app rất hay về các tính năng sửa lỗi và phiên dịch, ghi âm. nhưng còn nhiều hạn chế về học ngôn ngữ như bị giới hạn về tìm kiếm bạn từ các ngôn ngữ khác. lúc đầu chọn học tiếng gì thì chỉ thấy người của tiếng đó, không thấy được các loại tiếng khác. nếu nhấp vào tìm kiếm thì hiển thị rất ít lựa chọn. bạn bè không có nhiều để học tập thường xuyên, hơi thất vọng. mình nghĩ app nên tạo thêm các chủ đề để mọi người cùng thảo luận, mở rộng giao tiếp khi có sở thích chung. các bản tin thì nên thay đổi",2019-01-12 12:58:49,Neutral,"The app is very good in terms of error correction, translation, and recording features.But there are still many limitations in learning languages ​​such as being limited in finding friends from other languages.When choosing a language to learn at first, you only see people of that language, not other languages.If I click on search it shows very few options.Friends don't have much to study regularly, which is a bit disappointing.I think the app should create more topics for people to discuss and expand communication when they have common interests.Newsletters should be changed"
845f520e-33ed-4dc2-bedb-da82cfd22c5f,006,3,"sao mới xài vô cái moments ngay tab mặc định thì coi được nhưng sau khi 
đăng cái moment của mình thì không thấy cái nào của người khác nữa vậy ạ.",2018-05-18 07:08:06,Neutral,"Why do I use Moments right on the default tab to watch it but after?
When I post my moment, I don't see anyone else's."
5084c25d-c7b3-4977-a340-000b1d11d040,006,3,"app khá tốt, chỉ có điều hay tự động đăng xuất, mỗi lần đăng xuất xong đăng 
nhập lại là mất sạch tin nhắn và danh sách bạn bè, chán ghê. 😩😩",2018-05-17 16:19:41,Neutral,"The app is quite good, the only thing is that it automatically logs out, every time I log out, I log out
If you re-enter it, you'll lose all your messages and friends list, it's so boring.😩😩"
31f9e2d9-44d9-4bcf-88a9-adc4e45bc2e3,006,3,"tốt. thích hợp cho người muốn giao tiếp, gặp gỡ bạn bè nước ngoài mà đang học tiếng việt. tuy nhiên ứng dụng hay bị tắt. bấm vào nhưng cứ tự động out k sao mở lên dc. mong sẽ khắc phục sớm ạ.",2018-03-30 02:38:04,Neutral,"Good.Suitable for people who want to communicate and meet foreign friends who are learning Vietnamese.However, the application often gets disabled.I clicked on it but it kept automatically exiting, so I couldn't open it.I hope it will be fixed soon."
15488e31-5bc5-4033-8592-3b01063e3610,006,3,lỗi không mở được ứng dụng. không hiển thị bài viết của những người đang theo dõi. cần fix lỗi. còn lại thì đây là 1 app khá tốt để luyện ngôn ngữ.,2018-01-01 00:30:44,Neutral,"Error unable to open application.Don't show posts from people you're following.need to fix error.Otherwise, this is a pretty good app for language practice."
ed3ed4a0-b8a0-4605-9381-fabfa71a4133,006,3,"always buggy, at least they fixed their problems relatively fast. still can't export chat files, and i still can't download any video at all! ""error happened"" to be precise!",2017-11-07 12:46:24,Neutral,"always buggy, at least they fix their problems relatively fast.still can't export chat files, and i still can't download any videos at all!""error happened"" to be precise!"
1c454d42-e5e5-4896-83b1-94924f004247,006,3,why can't i choose more than just one language? you guys should let people choose more language to chat because they can learn 2 or 3 languages at the same time.,2017-09-17 05:55:10,Neutral,why can't i choose more than just one language?you guys should let people choose more languages ​​to chat because they can learn 2 or 3 languages ​​at the same time.
90865aa9-1ce3-4bb9-a125-ba73260a522c,006,3,"nhiều cái dịch sang tiếng việt không khác j gg dịch,thế mà đòi phí, ấy vậy chỉ cho xem 15 lần 1 ngày. cần lắm chức năng đề xuất lời dịch hay hơn.",2017-05-15 13:24:18,Neutral,"Many of the translations into Vietnamese are no different from jgg's translation, but they charge a fee, yet they are only shown 15 times a day.We really need a function to suggest better translations."
8822f60e-359f-4ea7-a274-7a835c6d750f,006,3,"bản dịch từ chữ nước ngoài hệt như google trans, nên phải tự dịch . mỗi người chỉ được học một ngôn ngữ, muốn học thêm phải mua. mong cải thiện hơn.",2017-01-06 16:27:21,Neutral,"The translation from foreign words is the same as Google Trans, so I have to translate it myself.Each person can only learn one language, if you want to learn more you have to buy it.hope to improve more."
012e9b06-cccc-4beb-9eef-de1338a00d02,006,3,"please create ""chat room"" for every language. example: in english room, people who speak english will become coaches and help english learners. if coaches are good, learners will vote for them with ""like, unlike, bad"" people will make friends in that rooms and try to understand each others. i know u will have to build bigger server to make sure all people can see what is happening in chat room. because we have many rooms, so maybe some lags will be happened & i hope u can try your best.(sorry for my english",2016-06-25 23:02:43,Neutral,"please create ""chat room"" for every language.example: in English room, people who speak English will become coaches and help English learners.if coaches are good, learners will vote for them with ""like, unlike, bad"" people will make friends in those rooms and try to understand each others.i know u will have to build bigger server to make sure everyone can see what is happening in chat room.because we have many rooms, so maybe some lags will be happened & i hope u can try your best.(sorry for my english"
285b62a6-6522-4b8d-a831-a0612648e8c4,002,3,"sau khi nâng cấp lên giao diện có thêm tích hợp ai vào, nói thật, con ai nó nói nhanh đến nỗi không thể nghe được, tệ hơn cả phiên bản cũ từng cài đặt, với giao diện phiên bản mới xài quá khó khi học, không được tiện lợi",2026-02-20 14:59:34,Neutral,"After upgrading to the interface that has AI integration, to be honest, it speaks so fast that it's inaudible, worse than the old version I installed. With the new version's interface, it's too difficult to learn and not convenient."
405f2b47-aa8b-4fac-8438-09f6f27076d6,002,3,máy tôi bị lỗi ko thể sài đc nó lag mới vô mượt vô học thì lag giọng đọc bị chậm và quay vòng vòng khó chịu vô cùng,2025-11-22 10:59:20,Neutral,"My computer has an error and I can't use it. It's new and uneducated, but it lags. The reading voice is slow and it spins around in circles, which is extremely annoying."
15055d7c-cf50-4a55-9647-fa367e247740,002,3,"app thật sự rất là lag, mạng tốt nhưng học được 1 vài câu là app lại loading, không thể phản hồi, bla bla. cảm giác rất khó chịu, tôi có thể từ bỏ cả gói cước của mình và không giới thiệu cho người mới nếu tình trạng này không được sửa trong các phiên bản cập nhật tới",2025-11-15 09:58:50,Neutral,"The app is really laggy, the internet is good, but after learning a few sentences, the app loads again, can't respond, blah blah.Feeling very uncomfortable, I may give up my entire package and not recommend it to new people if this situation is not fixed in the next updated versions."
49e11625-9e31-4c47-9bb5-8f8cab114d17,002,3,"tôi đã upgrade to primium, tiền bị trừ rồi nhưng không có phản hồi gì, ứng dụng cũng không học được. app vẫn yêu cầu upgrade",2025-11-08 05:08:28,Neutral,"I upgraded to premium, the money was deducted but there is no response, the application also cannot learn.app still requires upgrade"
0a994243-101b-4219-827f-b5fff4095197,002,3,"tôi ko biết app làm cách nào mà suốt ngày thấy thông báo trừ tiền qua momo của tôi, may mắn là momo của tôi đã rút hết tiền ra trc đó nên momo đã từ chối thanh toán ko thì chắc chắn tiền của tôi sẽ bị tự động trừ mà ko có bất kì xác nhận của tôi",2025-10-27 16:30:58,Neutral,"I don't know how the app keeps seeing notifications of money being deducted from my momo. Luckily, my momo had already withdrawn all the money, so if momo had refused to pay, my money would have been automatically deducted without any confirmation from me."
2f292c2d-ae2b-4641-8869-4862f979df22,002,3,"mỗi lần vào app chỉ học được 1 lúc là lại bị lỗi, treo luôn, mất thời gian kinh khủng, cứ phải tắt app đi và bật lại để học tiếp",2025-10-07 14:02:07,Neutral,"Every time I go into the app, I only learn for a while and then it crashes, crashes, and wastes a lot of time. I have to turn the app off and on again to continue learning."
e3708d72-078e-49d2-9436-75034315a2e0,002,3,"dùng các ứng dụng khác đều bình thường nhưng khi vô app này thì quay như chong chóng tre của doraemon vậy, delay cực kì",2025-10-06 05:27:08,Neutral,"Using other apps is normal, but when I use this app, it spins like Doraemon's bamboo pinwheel, extremely delayed."
44300acc-75a9-43ad-9782-d37f3685b914,002,3,"cứ bắt đăng nhập fb ht lần này đến lần khác, ko mở đc bài lên toàn thấy bắt đăng nhập dù đăng nhập rồi",2025-09-13 06:38:48,Neutral,"I keep asking to log in to Facebook HT over and over again, but I can't open the post and I always see a sign in even though I'm already logged in."
179bd5bd-a95e-4d03-afbc-39971c3f84f0,002,3,app mất đi nhiều tính năng hữu ích so với phiên bản cũ. nhận diện giọng nói cũng thiếu chính xác hơn phiên bản cũ. nhìn chung nên cải thiện lại.,2025-08-20 08:35:20,Neutral,"The app loses many useful features compared to the old version.Voice recognition is also less accurate than the old version.Overall, it should be improved."
ca5a4230-96bd-48f4-96de-3cd4ee596e84,002,3,"rất lag, nhiều từ mới tôi không biết nhưng nó không dịch hộ, tôi chỉ làm được bài 1, bài 2 nó bắt phải nâng cấp nhưng đây là điện thoại của phụ huynh tôi nên tôi không có tiền, tôi cho 3 sao là đánh giá quá cao đấy!",2025-08-15 04:02:41,Neutral,"very laggy, many new words I don't know but it doesn't translate for me, I can only do exercise 1, exercise 2 it forces me to upgrade but this is my parent's phone so I don't have money, I give 3 stars it's overrated!"
60884ca3-4094-4dbc-b9af-ba77cd1c4c43,002,3,không hiểu app chấm phần nói thế nào nhưng tôi đưa phầ mềm oxford nói cũng chỉ lên 85% còn chỉ lỗi sai nữa chứ :)),2025-06-26 02:32:12,Neutral,"I don't understand how the app scores the speaking part, but when I used the Oxford software, the speaking score was only 85% and there were only errors :))"
8863c68a-7099-4b74-b820-a5b880f71ede,002,3,"app lag dữ thần luôn. cứ xoay vòng vòng miết. đã reset, xoá app cài lại các kiểu mà vẫn lag. phân nghe thì bấm vô không nghe được gì hết. bán giá cũng đâu có rẻ lắm đâu mà lag dữ vậy thần. mất thời gian chờ khủng khiếp. bộ app này sắp phá sản nên ráng hốt tiền phút chót của khách được nhiêu hay nhiêu hả. mọi người cân nhắc trước khi mua nha.",2025-05-09 09:25:21,Neutral,"The app lags like crazy.keep spinning around and around.I've reset, deleted the app and reinstalled everything but it's still lagging.When I try to listen, I click on it and can't hear anything.The selling price is not very cheap, but it's so laggy.Horrible waiting time.This app is about to go bankrupt, so how much money can you get from customers at the last minute?Everyone please consider before buying."
22b65994-bf2c-49ae-949f-6ed8f42b0dcf,002,3,phần mềm càng ngày càng lag. vào bài học loading mãi rất khó chịu. bữa nay thì khi đọc thì cứ báo kết nối có vấn đề không thể học được. app tôi tìm kiếm hỗ trợ khách hàng thì không thấy chỗ nào có hết phải lên đây để gởi ý kiến.,2025-04-15 02:27:15,Neutral,"The software is getting more and more laggy.Loading lessons forever is very annoying.Today when I read it, it keeps saying there is a problem with the connection and I can't study.I searched for customer support on the app but couldn't find it anywhere so I came here to post my comments."
75f5672c-8841-41f6-a03c-22be103d8aa5,002,3,"tui tự hỏi tại sao app chỉ có 4.6 sao và tui được trải nghiệm. đăng nhập bằng google bị lỗi quài, phải thoát ra vô đăng ký mấy lần mới được. xong tới cái khúc upgrade thì ko đăng ký được. thoát ra vô đăng ký mấy lần không được. quạo á 😡",2025-04-13 02:22:03,Neutral,"I wonder why the app only has 4.6 stars and I have no experience.Signing in with Google has an error, I have to log out and register several times to get it to work.After reaching the upgrade part, I can't register.Log out and register several times but can't.Wow 😡"
7b0b560c-086f-46c3-bd5c-109c5647b3ae,002,3,mua gói xai thử 3 tháng mà app xai tệ vl. lag thì thôi. ghi âm luc dc luc k. học thì ra s. chán. hên k mua gói vĩnh viên đó.,2025-03-26 13:40:52,Neutral,"Bought the xai package to try for 3 months but the xai app is so bad.that's all lag.record at any time.learn it.bored.Luckily, I bought that permanent package."
eed53769-a83a-4f86-8da0-16f2367727d3,002,3,"học dễ chán, tốc độ phản hồi hơi chậm, hay bị lỗi trên apple, một trong các hứng thú của mình là chuỗi streak, chỉ cần bỏ 1 ngày chuỗi streak sẽ biến mất, phải xem mình bắt đầu lại từ đầu thật là nản. app đọc kiểu anh - mỹ /t/ -> /đ/, mình đọc theo thì báo sai, đọc a-a mới cho qua. app dùng tốt cho native speaker muốn luyện làm phát thanh viên tiếng anh.",2025-03-25 21:27:01,Neutral,
f2d27770-9037-424e-a6d9-59b8468b157c,002,3,"phí bản quyền gần 2m vnd sau khi giảm 80%, nghĩ sao 1 phần mềm mobile mà lấy giá này. 7 ngày dùng thử, thôi miễn đi xóa khỏi cần suy nghĩ. ở 🇻🇳 giá 200k chắc gì người ta đã mua mà đòi 2m. thà lên máy tính học cho tiết kiệm và hiệu quả hơn.",2025-02-08 14:30:51,Neutral,"The license fee is nearly 2 million VND after an 80% discount, why do you think a mobile software can charge this price?7 day trial, no need to think about deleting.In 🇻🇳, the price is 200k, surely people would buy it and ask for 2m.It's better to use a computer to learn more economically and effectively."
676d4032-e32e-4f6f-a69a-b1c1b05caaa6,002,3,"trải nghiệm ứng dụng tệ cực kì tệ. chương trình học vs luyện tập thì oke tốt nma phải nói là cực kì cay cú với quả ứng dụng. bấm qua mục khác là lag, xoay lâu vchg ra. bấm vào từ rồi bấm phát âm thì chả biết mấy ông code kiểu gì mà nó load lâu dã man. thời gian chờ đó là đủ để tôi hoàn thành bài học luôn r á trời. nchla nên update lại, ứng dụng có thể nặng thêm, nhưng load lâu như vậy là không thể nào acpt đc! bonus: máy tôi xiaomi, hyper os",2025-01-08 13:46:28,Neutral,"Extremely bad app experience.The study and practice program is ok, I have to say that I am extremely frustrated with the results of the application.Clicking on another item causes lag, taking a long time to rotate the vchg out.Click on the word then click on pronunciation, I don't know what kind of code it is but it takes so long to load.That waiting time is enough for me to complete the lesson.nchla should update again, the application may be heavier, but it takes so long to load, it's impossible to acct!bonus: my phone is xiaomi, hyper os"
04fe177c-916e-4187-84fc-6cc64fc7cc1a,002,3,"ai không có tiền mua gói pro thì 0 cần tải app vì tải về không thể học được gì cả, app gần như là không miễn phí :đ",2024-12-27 02:35:20,Neutral,"Anyone who doesn't have money to buy the pro package doesn't need to download the app because you can't learn anything from downloading, the app is almost not free :d"
1e4e4038-67d6-4f2d-a743-8d5b2e8dd388,002,3,c.o.n m.e.j elsa như c.ứ.t ý đọc từ tủ lạnh thì sai mỗi cái âm mà cho độc có 60 mấy % quá tệ cho 3⭐ là quá tốt rồi,2024-10-10 11:12:36,Neutral,"c.o.n m.e.j elsa as if trying to read from the refrigerator is wrong, every sound but the poison is 60 some % too bad give 3⭐ that's too good"
b0a96056-04b7-4573-a63c-37179305c1ad,002,3,"nếu mà nó có tính năng nhận diện lỗi sai ngữ pháp khi người dùng nói thì đó là một điều tuyệt vời hơn nữa, tiếc là chưa thấy",2024-09-06 09:44:18,Neutral,"If it had a feature to detect grammatical errors when users speak, that would be an even better thing, unfortunately we haven't seen it yet."
e82f3151-7301-4df1-b22d-2ea9980c76d0,002,3,"phần study set không có chức năng tìm kiếm, có rất nhiều study set hay muốn chia sẻ cũng không được. vui lòng thêm mục tìm kiếm ở phần study set để mọi người dễ dàng sử dụng.",2024-07-22 09:39:39,Neutral,The study set section does not have a search function. There are many good study sets that you want to share.Please add a search section in the study set so it's easy for everyone to use.
edc8ca36-52dd-4f46-a2aa-8041d574b075,002,3,"học lúc đầu thì ổn, càng về sau khi phát âm thì nói muốn gãy lưỡi, nói y chang, sửa sai rất nhiều rồi mà vẫn báo kết quả là phát âm sai, chưa đúng. trong khi chưa kịp nói gì thì báo kết quả phát âm đúng, phát âm như người bản xứ?? thật sự rất bực những cái lỗi như vậy, mặc dù có báo cáo nhiều nhưng vẫn y chang như cũ, nhiều lúc không biết mình có nói sai hay không hay đúng mà app lỗi vẫn kêu sai, và nhất là phần học nhấn âm, thật ai trải nghiệm app gặp mới hiểu, mỗi lần học xong y rằng đau đầu.",2024-06-20 03:06:33,Neutral,"Learning was okay at first, but later on when pronouncing it, I said I wanted to break my tongue. I said the same thing, I corrected many mistakes but still reported that the pronunciation was wrong and not correct.Before you can say anything, report the correct pronunciation and pronunciation like a native speaker??I'm really upset about such errors. Even though I've reported them a lot, it's still the same. Sometimes I don't know if I'm saying something wrong or not, but the app still says it's wrong, and especially the part about learning accents, really, those who have experienced the app will understand. Every time I finish learning, it gives me a headache."
53de26b4-827f-4e96-9982-fd92305e6949,002,3,i see any defect when use this app 1. the app is often crashed in ios devices(iphone 11) when i speak many times for 1 question. it makes me angry because i spend much time to practice and then it useless. 2 when i click on speak button don't speak any words then click again. system doesn't understand me in the following times. and then it automatic out and don't save my practice results.,2024-05-31 14:54:52,Neutral,i see any defect when using this app 1. the app is often crashes in ios devices(iphone 11) when i speak many times for 1 question.it makes me angry because i spend much time to practice and then it's useless.2 when i click on speak button don't speak any words then click again.system doesn't understand me in the following times.and then it automatically outputs and doesn't save my practice results.
e4b66b54-7651-4ce0-9f87-9308cabd1b48,002,3,"sau thời gian vài tháng sử dụng t có đánh giá ứng dụng không thật sự tốt lắm, chỉ ở mức trên trung bình một chút. về phần luyện phát âm, nhận diện ngữ âm, luyện ngữ điệu ở mức chấp nhận được, nhiều khi không chính xác, những bài học có thể dùng mẹo nhỏ để vượt qua một cách dễ dàng, có thể thấy ứng dụng này cũng như những ứng dụng học tiếng anh khác, học căn bản thì cũng ok. nhìn chung giá bán bản quyền khá cao nhưng chất lượng thì ở mức tạm, không giống như quảng cáo.",2024-05-10 14:06:59,Neutral,"After a few months of use, the app's rating is not really good, just a little above average.Regarding pronunciation training, phonetic recognition, and intonation training at an acceptable level, sometimes not accurate, the lessons can be easily passed using small tricks. It can be seen that this application is like other English learning applications, basic learning is also ok.In general, the copyright price is quite high but the quality is temporary, not as advertised."
82e8a34d-400f-4bd8-8653-8a30cb7695e1,002,3,"1. app chủ yếu tập trung vào phát âm đơn lẻ mà ko tập trung vào tốc độ cả câu, luyện tập còn khá tách biệt, không có sự kết hợp. 2. chính là hệ quả của luyện đơn lẻ,khi tôi luyện nhấn âm, chỉ cần tôi phát âm đúng từ nhấn còn nói lung từ khác thì app cũng đưa ra đánh ra tôi nói giống người bản xứ,",2024-03-22 08:38:01,Neutral,"1. The app mainly focuses on individual pronunciation without focusing on the speed of the whole sentence. The practice is quite separate, without combination.2. This is the consequence of single practice, when I practice stress, as long as I pronounce the stressed word correctly and use other words fluently, the app will also give me the ability to speak like a native speaker."
b4074489-141a-47e1-bf68-6a8760c49b9d,002,3,"mình mua gói trọn đời, nhưng những bài học thường lắp đi lặp lại, đôi khi là những câu vô nghĩa. những bài chất lượng tốt thì app lại để chế độ phải nạp thêm tiền mới học được.",2024-03-09 07:57:43,Neutral,"I bought the lifetime package, but the lessons are often repetitive, sometimes meaningless sentences.For good quality lessons, the app makes you have to deposit more money to learn."
a39c929a-1f71-499a-8471-ce7b96a02272,002,3,đang học rất vui tự nhiên giới hạng lược học mà muốn học tiếp phải có tiền vậy đây là app học hay là moi tiền online,2023-12-20 11:01:30,Neutral,"Learning is very fun, naturally there is a limit to the number of lessons, but if you want to continue learning, you have to have money, so is this a learning app or a way to make money online?"
1e054679-f170-4ea8-994b-7f07f989241b,002,3,"trãi nghiệm đọc đôi khi rất ức chế chưa đọc xong đã chấm điểm, giao diện chưa thực sự đơn giản và thân thiện với người mới",2023-12-19 00:57:27,Neutral,The reading experience is sometimes very frustrating and has not yet been graded. The interface is not really simple and friendly to newbies.
07d4371a-d2f9-4fe2-a04e-1193a4729caf,002,3,i can't login the app after a long time ago didn't use the app. i used forgot function the password but it responsed that my email is not available. how can i fix it?,2023-11-20 15:00:06,Neutral,i can't login the app after a long time ago didn't use the app.i used forgot function the password but it responded that my email is not available.how can i fix it?
81cc08d6-e283-4ef2-addb-60c432d525b8,002,3,"quá lag. thỉnh thoảng bị dừng ứng dụng. đang dùng s23 ultra, giờ đang là tháng 9.2023 --> chắc chắn không phải do điện thoại yếu. mạng nhà cũng rất ổn. tối ưu ứng dụng kém",2023-09-19 15:58:05,Neutral,"too laggy.App crashes occasionally.I'm using s23 ultra, it's September 2023 --> definitely not because the phone is weak.Home network is also very good.Poor application optimization"
59127082-e263-48be-86e8-13a068fecf83,002,3,"app cũng được hiệu quả hay không thì mik không biết tại mới học, nhưng muốn chơi tiếp thì phải tốn tiền là hông thích òi🙂. nó cứ bắt đọc trong khi có mấy từ hông biết nghĩa !!!",2023-08-30 13:50:28,Neutral,"I don't know if the app is effective or not because I just learned it, but if you want to continue playing, you have to spend money, so I don't like it 🙂.He kept reading while there were some words he didn't know the meaning of!!!"
fe3752a1-1043-48b7-849e-75d56fca6e71,002,3,"dùng luyện phát âm và đọc bài rất tốt. thiết kế bài học không thông minh. bài học theo kiểu học vẹt, viết bài hơn là đàm thoại. elsa hỏi 1 câu bạn sẽ đọc nguyên bài văn. cảm giác thật ngu ngục.",2023-08-01 10:48:30,Neutral,"Very good for practicing pronunciation and reading.Lesson design is not smart.Lessons are rote learning, writing rather than conversation.Elsa asks a question and you will read the entire text.feels so dumb."
f61c262d-8f4c-46ab-bf2e-29311828da9b,002,3,"tại sao lại tự ý trừ tiền gói 1 năm mà không cần xác thực, các bạn cảnh giác khi đăng ký miễn phí sau 7 ngày sẽ tự động gia hạn mà không xác thực tài khoản.mặc dù sau 1 quá trình phản ánh m đã được hoàn lại tiền, nhưng điểm này vẫn gây khó chịu với ngườ dùng",2023-07-25 09:40:34,Neutral,"Why do you arbitrarily deduct money from the 1-year package without authentication? Please be careful when registering for free after 7 days, it will automatically renew without verifying your account. Even though after a feedback process, I was refunded, but this point still annoys users."
02c8f7a5-dbc9-41d2-bb93-a0afedf71b41,002,3,"sao điện thoại mình nghe gọi ghi âm bình thường mà vô app ghi âm thì toàn nghe rè không ghi được giọng là sao nhỉ. mình xài redmagic 8 pro plus, lúc trước có xài được mà giờ lại lỗi",2023-07-24 16:02:26,Neutral,"Why is it that when I hear a call from my phone, it records normally, but when I go to the recording app, it all sounds muffled and can't record my voice?I use redmagic 8 pro plus, it used to work but now it's an error"
5683dd67-2fe1-4cda-bac3-7202d0f212a7,002,3,"elsa rất hay , nhưng tôi không chọn epsa vì nhược điểm diy nhất của elsa là không chọn dc giọng nói thay thế, và tôi thấy không phù hợp với giọng nữ của app 🙂",2023-06-10 12:24:16,Neutral,"Elsa is very good, but I didn't choose Epsa because the only drawback of Elsa is that it can't choose an alternative voice, and I don't find it suitable for the app's female voice 🙂"
cdf141a5-333c-4ab0-b83b-06b4237c6817,002,3,"tuy học có hiệu quả nhưng mỗi lần tôi vào app thì nó hiện "" kiểm tra cập nhật "" mong nhà phát hành sửa lỗi",2023-06-05 14:25:13,Neutral,"Although learning is effective, every time I go to the app it says ""checking for updates"" hoping the publisher will fix the error"
75790c20-b0e3-48c1-92c0-24e3b52207d9,002,3,"app còn nhiều lỗi, khó chịu nhất là lỗi something went wrong. nhiều khi đang học giữa chừng mình bận làm việc khác, khi quay lại thì bị mất bài, phải học lại từ đầu",2023-05-18 10:53:17,Neutral,"The app has many errors, the most annoying is the something went wrong error.Many times, in the middle of studying, I'm busy doing other things, and when I come back, I lose the lesson and have to start over from the beginning"
bb8f7071-7048-4078-9737-76111815c047,002,3,"app không chính xác lắm, cùng 1 câu mà google, youtube hiểu. nhưng vô elsa lại sai, nói rõ chậm từng từ 1 thì mới đúng. app chính xác 80/100, ai có tiền thì mua không thì thôi cũng không cần thiết lắm.",2023-04-20 13:00:42,Neutral,"app is not very accurate, the same sentence that google and youtube understand.but it's wrong to say Elsa, it's correct to say each word slowly and clearly.The app is 80/100 accurate, anyone who has money can buy it, otherwise it's not necessary."
fe60b281-ca74-40fe-863c-68cfb0c955c3,002,3,"đợt dịch mình xài thấy tốt. một tuần trở lại đây app cực lag, đọc có 1 từ mà load mấy vòng, mặc dù mình đăng kí gói pro 1 năm. đánh giá 3 sao để bên tech xử lý tốt hơn, còn nội dung vẫn ổn. nhưng hình như chủ đề bị bóp lại, không đa dạng như 1 năm trước mình học. thấy app đang đẩy mạnh ctr học analyzer nên hình như bỏ bê nội dung gói pro. ý kiến cá nhân, mong elsa cải thiện, mình vẫn trung thành dùng.",2023-04-01 13:12:43,Neutral,"The translation I used was good.Over the past week or so, the app has been extremely laggy, reading just one word takes several times to load, even though I signed up for the 1-year pro package.Rate it 3 stars so the tech team can handle it better, but the content is still fine.But it seems like the topics are compressed and not as diverse as what I studied a year ago.Seeing that the app is promoting analyzer learning, it seems to be neglecting the pro package content.Personal opinion, I hope Elsa improves, I still use it faithfully."
23705366-1e2c-4bd4-8876-12c301d3c298,002,3,"trả phí nhưng bắt đầu thua miễn phí duolingo,chưa kể dù mua gói trọn đời thì lại mọc ra mấy gói khác để mua thêm chứ ko tích hợp vô luôn gói trọn đời.",2023-02-20 03:52:20,Neutral,"Pay the fee but start losing Duolingo for free, not to mention that even if you buy a lifetime package, there are other packages to buy that are not integrated into the lifetime package."
b702a873-d304-4e1d-9f45-1147fb8e65b6,002,3,không đến nỗi nhưng t thấy nó nói gượng ép vl . quá là dập khuôn và khó chịu . vì là ai nên nó sẽ đánh giá rất cao nên thành ra bạn phát âm phải chuẩn 100% không là nó đánh sai .,2022-12-13 12:16:11,Neutral,"It's not that bad, but I find it so forced.It's too stereotypical and annoying.Because of who you are, it will rate it very highly, so your pronunciation must be 100% correct or else it will spell it wrong."
b61405ce-1f36-48a2-91f6-d7192156b572,002,3,- điều phê bình app đầu tiên là app bắt chi tiền nhưng học sinh thì móc đâu ra - điểm bấp cập thứ hai của map là khoá học phổ thông không có chương trình sgk cũ nên ko có lớp 8 và 9 mặc dù đây là giai đoạn cực kì quan trọng vậy nên mong nhà sản xuất thêm chương trình sgk cũ vào giùm con ạ,2022-12-12 13:46:34,Neutral,"- The first criticism of the app is that the app requires you to spend money, but where do students get it? - The second problem with the map is that the high school course does not have the old textbook program, so there is no grade 8 and 9, although this is an extremely important period, so I hope the manufacturer will add the old textbook program for me."
6055e752-a44d-41a2-ad5e-ce910596602f,002,3,"khá hay, nhưng nhiều từ luyện phát âm nhưng phát âm mẫu với phiên âm lại khác nhau, tui thử ghi âm rồi phát lại nó báo không đúng luôn làm sao học theo",2022-11-12 06:01:52,Neutral,"quite good, but many words to practice pronunciation but the sample pronunciation and phonetic transcription are different. When I try to record and play back, it always says it's not correct, how can I learn it?"
f260aa66-257b-4259-8db2-d36e80a927e0,002,3,"nếu nghe lại từ vừa nói thì nghe và hiểu được 70%. nhưng khi bấm vào từng từ một để nghe thì khác hoàn toàn, tiếng được tiếng mất trong khi nghe toàn bộ từ vừa nói thì nghe lại rõ",2022-10-18 08:00:49,Neutral,"If you listen to the word you just said again, you will hear and understand 70%.But when you click on each word to listen, it's completely different. The sound is lost, while when you listen to the entire word you just said, you hear it clearly again."
eb404435-75f0-4ba3-be8b-71ec52b6c34e,002,3,bản cập nhật 21.8 xem phần review ở đâu vậy mn. trước mình đọc xong vào phần này xem đọc đúng bao nhiêu % và sửa lại âm sai mà bản mới giờ tìm không thấy phần đó,2022-08-26 00:34:24,Neutral,"Where can I see the review for the 21.8 update?Before, after reading this part, I went to this part to see how many % of the readings were correct and to correct the wrong pronunciations, but in the new version, I can't find that part."
4def022d-7044-4652-89f4-c5b084d02df3,002,3,mỗi lần vào app đều tải rất lâu. mặc dù mình đã trả phí cho một khóa học. thật sự thất vọng. mong các nhà phát triển app có thể khắc phục!!!,2022-08-24 12:25:59,Neutral,"Every time I go to the app, it takes a long time to load.even though I paid for a course.really disappointed.Hope the app developers can fix it!!!"
9122c6ed-51d3-42de-a737-471a5e6b7233,002,3,"elsa nên tích hợp thêm chức năng tạo flashcard, chức năng điều chỉnh bổ sung nghĩa của từ ở phần tạo bộ bài học để tiện cho việc học từ vựng hơn",2022-05-27 14:54:50,Neutral,Elsa should integrate the flashcard creation function and the function to adjust and supplement the meaning of words in the lesson creation section to make learning vocabulary more convenient.
ea35c041-ac2e-4cd7-95c1-2b08dc48ef64,002,3,"sao tui học được có 2 bài ở mỗi chủ đề vậy, lại cần tiền nữa chứ, ứng dụng học tiếng anh hút máu vl",2022-05-23 11:42:56,Neutral,"How come I only have 2 lessons for each topic, and I need money too, the English learning app sucks so much"
87a54ed0-6c03-4b08-821d-775bc0b894a4,002,3,"app tàm tạm thôi! 👎👎👎 vì bản thương mại... nên chưa khám phá được hết chức năng... sau thời gian sử dụng, mua thêm... xài cũng ok",2022-05-15 13:29:24,Neutral,"The app is just okay!👎👎👎 because of the commercial version... so I haven't been able to discover all the functions... after a period of use, buying more... is ok to use."
3f7f2547-81ec-4fb5-9627-147740c23a22,002,3,"app trên android loading lâu khi tiến hành tính điểm sau khi thực hành xong. quá trình record mình đã thử phải mất gần 10 lần vẫn không nhận dạng được từ ngữ vừa nói. thoát app vào lại thì nhận dạng bình thường. thời gian chờ loading của app khiến mình mất kiên nhẫn...🥲 ngoài ra, các bài hướng dẫn trong app dễ hiểu, dễ thực hành. 😀👍",2022-04-11 17:01:45,Neutral,"The app on Android takes a long time to load when calculating scores after completing the practice.I tried the recording process nearly 10 times and still couldn't recognize the words I just said.Exit the app and re-enter it, recognition is normal.The app's loading wait time makes me impatient...🥲 In addition, the instructions in the app are easy to understand and practice.😀👍"
bdea11f2-45d3-4853-81a1-4f7346d7aeb3,002,3,khá tốt nhưng phần tra từ điển chỉ tra một đoạn tối đa nhất định. còn phần dư ko thể tra đựơc. các thông báo đôi khi che mất các dòng chữ khi đọc. cần khắc phục.,2022-04-08 10:25:00,Neutral,
4b83439e-2a94-4d41-a112-d2df08e737c9,002,3,"tại sao ko giới hạn kiểu 3 thiết bị có giờ sử dụng quá 24h trở lên thôi. làm như này quá thiệt thòi cho những ng mua gói trọn đời như tôi. vừa cài xong đc mấy ngày thì đt hỏng, giới hạn như này thì thà mua gói 1 năm cho xong.",2022-04-07 17:35:57,Neutral,"Why not limit the number of devices to 3 devices that have been used for more than 24 hours or more?Doing this is too disadvantageous for people who buy lifetime packages like me.Just after installing it for a few days, my phone broke. If it's limited like this, I'd rather buy a 1-year package."
59b9193b-43fb-4c39-8301-bdb5cc779872,002,3,tôi khá thích học trong elsa speak. vì nó khá thú vị vè chỉnh cách phát âm của tôi. nhưng tôi chỉ cho 3 sao vì cần phải đóng tiền. mong nhà sản xuất chỉnh sửa lại chi tiết này.,2022-02-19 14:34:01,Neutral,I quite like studying in Elsa Speak.because it's quite interesting to correct my pronunciation.But I only give 3 stars because I need to pay.Hope the manufacturer corrects this detail.
41211123-7f4e-4939-bccf-010f59862d77,002,3,"app học ok nhưng làm ơn cho tôi biết tại sao mà lại bắt tôi đăng nhập lại tài khoản, rồi bắt tôi phải đóng tiền tới mấy lần. trong khi đó tôi đã có tài khoản và tiến độ đang rất hay. nhưng tại sao lại thoát ra và xóa hết tiến độ lại còn bắt tôi đóng tiền?",2022-02-09 10:56:45,Neutral,"The learning app is ok, but please tell me why it makes me log back into my account and then makes me pay money several times.Meanwhile I have an account and progress is very good.But why did you log out and delete all the progress and still ask me to pay money?"
f0c8b832-19bd-44c8-be3c-186a05a3b367,002,3,"tài khoản bị thoát hoài, giờ thì bị mất lun, gửi mail quên mật khẩu thì không tìm thấy tài khoản. mong app cải thiện 🙏",2021-12-27 16:05:07,Neutral,"The account was logged out all the time, now it's lost, I sent an email and forgot my password and I can't find the account.I hope the app improves 🙏"
1c5d70fc-d045-459e-837b-8eb6a3b08579,002,3,app k hề cập nhật thời gian học hàng ngày của tôi. tôi đã luyện tập 25 phút nhưng hệ thống vẫn ghi là 2 phút. và điều này đã tiếp diễn 3 ngày hôm nay,2021-12-25 15:52:59,Neutral,The app never updates my daily study time.I practiced for 25 minutes but the system still recorded 2 minutes.and this has continued for 3 days today
502d39e5-feea-4f12-b586-52e724a1e26f,002,3,"ngày xưa tôi dùng rất tốt , luyện ns rất đỉnh , đã thấy cải thiện nhìu nhưng sao bây h ko thể hc đc cứ tải lại bài hc hoài lunnnn tôi xin trừ sao app",2021-12-25 07:48:24,Neutral,"In the past, I used it very well, my speaking practice was great, I saw a lot of improvement, but now I can't learn, I keep redownloading the lessons, I apologize to the app."
482544d8-de9b-44b9-b97e-1f3e74d7f9f4,002,3,"tôi đã xóa app rồi. điều đó chứng tỏ tôi không hợp với ứng dụng, đừng nhắn tin làm phiền tôi nữa được không?. rất khó chịu đấy!!",2021-11-14 02:53:16,Neutral,"I have deleted the app.That proves I'm not suitable for the application, please stop texting and bothering me?very annoying!!"
feff22da-660a-41ce-bde3-427851c9d1f8,002,3,"trước mình dùng free. sau đó mình mua gói 1 năm, nhưng khi đăng xuất ra, đăng nhập lại lạiq uay về tài khoản free và mất hết lộ trình học của mình. tìm đường dây nóng để gọi phản hồi mà không thấy. mong app khắc phục giúp mình",2021-09-22 01:37:59,Neutral,"Before, I used it for free.After that, I bought the 1-year package, but when I logged out and logged back in, I returned to the free account and lost all my learning path.I looked for a hotline to call for feedback but couldn't find it.I hope the app can help me fix it"
f44959a9-43da-41d3-87e4-38e8f32b4f47,002,3,"tôi khá là buồn khi chỉ có 2 khóa học miễn phí, khi tải app xuống tôi tưởng là free cơ, tôi không có tiền nên phải tải app về học vậy mà app cũng phải đóng tiền thì mới được học.",2021-09-20 04:20:53,Neutral,"I'm quite sad that there are only 2 free courses. When I downloaded the app, I thought it was free. I didn't have money so I had to download the app to study, but the app also had to pay to learn."
cdc56cc7-b408-41f1-b4b9-51dfafdc82b5,002,3,"sao ai cũng nói là app này free mà không có free gì cả muốn học hết phải đóng phí. quảng cáo kì quá, thất vọng thật sự😔😔😔",2021-09-18 08:59:22,Neutral,
9ec4de65-a0a2-421f-9ad0-89625676b94f,002,3,"tôi dùng trên laptop và không hiểu sao âm thanh của app lại cực kì bé mặc dù tôi đã bật maxvolume rồi, mong có thể khắc phục âm thanh như bình thường. cảm ơn!!!",2021-09-09 08:00:20,Neutral,I use it on a laptop and I don't understand why the sound of the app is extremely low even though I have turned on maxvolume. I hope I can fix the sound like normal.Thanks!!!
486c671a-4999-4730-a0d6-48bb49d99099,002,3,"cho mình hỏi mình đã đăng kí gói 1 năm mà tk của mình vẫn là free là sao ạ , mong có phản hồi sớm cho mình ạ",2021-08-31 16:27:43,Neutral,Can I ask why I signed up for a 1-year package but my account is still free? I hope you get a response soon.
547b9720-8dc2-48b8-8c57-e9254afb466a,002,3,"load quá chậm, không nhận diện được giọng nói, quá nhiều lỗi, mình thấy số tiền 700k mình bỏ ra cảm giác không đáng, và chấm điểm nhiều chỗ không hợp lí, và lâu lâu tự nhiên đọc cái không nhận diện đc giọng, cái mình bấm nghe lại thì lại phát lại một câu khác mà mình đã từng học, nhiều khi nói đúng rồi thì lại chấm điểm 20-30%, mặc dù đi thi ket và học các môn ta mình đọc ngư thế giáo viên chấm điểm rất cao, gì đâu mà ai chê cũng trả lời đúng một câu từ ng này qua ng khác, thái độ coi thường ngt",2021-08-18 09:27:46,Neutral,"The load is too slow, the voice cannot be recognized, there are too many errors, I feel like the amount of 700k I spent is not worth it, and the grading in many places is not reasonable, and sometimes I suddenly read something that cannot recognize the voice, when I click to listen again, it plays back another sentence that I have learned. Sometimes when I say it correctly, I get a score of 20-30%, even though I took the exam and studied the subjects, I read fish like that and the teacher gave me a very high score, so no one criticizes it.also answered the same question correctly from one person to another, with a disdainful attitude"
2570c384-c74d-498c-9cf1-fd838771f88c,002,3,"tôi cần nó có sẵn 1 cái máy nói chuyện trong này hoặc người bản xứ và có thể nói chuyện với nhau đc.bây giờ chỉ đc nói qua sự việc đã được bắt buộc định sẵn hơi chán chút. ví dụ như anh chàng mark,v.v.ở trong đây cũng đã giúp tôi nói rõ và phát âm chuẩn rồi.tôi cảm ơn phần mềm elsa thú vị này.sau khi tôi đánh giá elsa vào mấy tháng trước thì bây giờ elsa, có lỗi tôi ghét nhất là load rất lâu,khi tôi muốn phát âm một từ thì nó load 1,2phút mới xong,rồi tôi mới đọc được,bây giờ tôi sẽ trừ 1*:(",2021-08-05 03:57:42,Neutral,"I need it to have a built-in phone or a native speaker who can talk to each other. Right now, just being able to talk through predetermined events is a bit boring.For example, the guy mark, etc. here also helped me speak clearly and pronounce correctly. I thank Elsa for this interesting software. After I evaluated Elsa a few months ago, now Elsa, the error I hate the most is that it takes a long time to load, when I want to pronounce a word, it loads 1.2 minutes, then I can read it, now I will deduct 1* :("
8510704b-4f45-4311-b062-0038096fb932,002,3,"quay vòng vòng gần 20p mà vẫn không đăng nhập được, có mua khóa học mà vậy rồi sao học đây, đợi tới hết hạn mới vô được quá",2021-07-23 18:23:00,Neutral,"I've been going around for almost 20 minutes but still can't log in. I bought the course, so why should I study it? I have to wait until it expires to log in."
1dfa8e84-a563-44c1-9168-fcc1b6aeaa0a,002,3,tôi thấy rất hay nhưng có lúc nó hay bị lỗi trong lúc phát âm thậm chí nó còn nghe được cả tiếng gió làm tôi phải nó đi nói lại,2021-07-20 14:19:49,Neutral,"I think it's very good, but sometimes it often makes mistakes in pronunciation and can even hear the sound of the wind, making me have to say it over and over again."
7206b7ea-5693-4d74-a07f-766ce1335e5c,002,3,"load quá chậm, làm mình rất mất thời gian. mình đã mua gói pro quý, nhưng không tìm thấy tính năng hủy gia hạn. vì vậy elsa hủy tính năng gia hạn tự động giúp mình. thanks",2021-07-17 14:43:25,Neutral,"Loading is too slow, making me waste a lot of time.I bought a precious pro package, but can't find the renewal cancellation feature.So Elsa canceled the automatic renewal feature for me.thanks"
5d43d41f-43ff-4d9d-ae7f-b3fd1643b043,002,3,"minhg đã mua gói 1 năm. nhưng có vẻ ứng dụng bị một số nhà mạng chặn, dẫn tới việc không thể tải các bài học về khi dùng wifi ở nhà. mình lại phải đổi qua 3g vừa mất tiền mạng và cũng hơi chậm. hy vọng các bạn sớm update tình hình.",2021-07-08 23:16:37,Neutral,"I bought the 1 year package.But it seems that the application is blocked by some network operators, leading to the inability to download lessons when using wifi at home.I had to change to 3G, which cost me network money and was also a bit slow.Hope you will update the situation soon."
f6dedef2-9d6a-40f3-b88d-80b552fcafcb,002,3,"phần chấm điểm, load từ phát âm chưa chuẩn để nghe quá lâu, mãi ko thấy cải thiện gì cả, bắt đầu chán app này rồi",2021-06-12 15:45:51,Neutral,"Scoring part, loading words with poor pronunciation, listening for too long, never seeing any improvement, starting to get bored with this app"
09fe523a-faf6-45eb-a257-919aed8fc801,002,3,mifk cảm thấy nếu cake hợp lại vs elsa thì thật tốt . cake rất màu sắc có nhìu tình huống hội thoại khác nhau mìk lựa chọn mà còn free nx mà về phần speaking thì hơi ít . còn elsa thì cho đọc speaking nhìu hơn nhưng những cái còn lại thì lại ko bằng cake,2021-06-11 00:50:54,Neutral,"mifk feels that it would be great if cake and elsa teamed up.cake is very colorful, has many different conversation situations to choose from, and is also free, but the speaking part is a bit limited.Elsa is better at reading speaking, but the rest are not as good as cake"
f4603cf4-2600-4ed5-9734-9d6098dd0965,002,3,app tốt nhưng có vài đoạn mặc dù phát âm đúng mà app lại cho là sai. mình kề sát vào loa điện thoại mà âm đó vẫn hiện màu đỏ,2021-05-24 17:16:26,Neutral,"The app is good, but there are some passages that, even though the pronunciation is correct, the app thinks are wrong.I'm close to the phone speaker but the sound still appears red"
df5fc877-788f-45c9-ab9b-86b08ecff132,002,3,mới thử đc vài tính năng thôi nên thấy app cũng tốt ạ. mọi người lười và học chậm như mình nên dùng app này ạ,2021-04-25 06:12:51,Neutral,I've only tried a few features so I think the app is good.People who are lazy and slow learners like me should use this app
f09e5e29-52ad-4da2-b966-c737cefbd022,002,3,"dạo này app rất là lag. ko thể vào học nổi vì nó cứ hiện lên là đang tải vs lại đang kiểm tra cập nhật. nếu vào học đc thì chấm điểm cx rất lâu,mặc dù mạng của mk rất ổn định nhưng vẫn bị như vậy😭😭😭😭🥺🥺🥺🥺",2021-02-01 15:17:03,Neutral,"The app is very laggy these days.I can't access the class because it keeps showing up as downloading and checking for updates.If I get into the school, it will take a long time to grade. Even though my network is very stable, I still have the same problem😭😭😭😭🥺🥺🥺🥺"
c96ef074-4fe9-4f87-a77c-b6a7abb924d6,002,3,"sản phẩm rất tốt, nhưng tại sao mình đã mua gói vip mà mỗi khi check phát âm của phần mềm khi bấm vào từng chữ trong 1 câu thì load rất lâu. thật sự rất phiền, mong app sớm khắc phục mình sẽ rate lại 5 sao",2021-01-07 08:18:58,Neutral,
01f7f51b-15d0-4d9e-bcfe-897730a6851a,002,3,"mình mua gói học năm 2019, xài thấy không hiệu quả như lời quảng cáo nên mình bỏ. mới đây app cải tiến tốt hơn. tuy nhiên, mình vẫn thấy cuối mỗi buổi luyện tập, elsa chưa thống kê được những âm, những từ mà người học đã luyện trong buổi học, đã cải thiện được hay chưa? vẫn chỉ nhận xét chung chung, mình vẫn chưa hình dung được mình cần cải thiện chỗ nào hơn nữa? mình mong có phần tóm tắt những từ đã luyện, kèm nghĩa của từ để người học vừa luyện phát âm, vừa học nghĩa của từ cùng lúc.",2020-11-19 06:22:40,Neutral,"I bought the course package in 2019, but it wasn't as effective as advertised, so I quit.Recently the app has improved for the better.However, I still see that at the end of each practice session, Elsa has not been able to compile statistics on the sounds and words that the learner practiced during the lesson, have they improved or not?Still just general comments, I still can't figure out where I need to improve further?I hope there is a summary of the words practiced, along with the meanings of the words so that learners can practice pronunciation and learn the meanings of the words at the same time."
396dc4fd-2a7a-4c14-8dce-2e75af2df670,002,3,"nhà quảng cáo ơi, tôi đang bắt đầu đọc thì còn mỗi 2 từ nó hiện ra chữ gì làm tôi khó đọc quá. mong nhà quảng cáo chỉnh sửa lại web nhé.",2020-11-14 13:56:49,Neutral,"Advertiser, I'm just starting to read, but every 2 words it appears makes it hard for me to read.I hope the advertiser will correct the website."
e07d1fc1-d34f-49bd-bcf9-d9169a1bf15c,002,3,1. phần video hướng dẫn mô tả âm bị lỗi rồi. 2. nên có nhiều từ đơn hơn mỗi âm tiết để hưởng dẫn sự khác biệt các âm. chứ đi vào câu ngay nhiều lúc nói muốn đập cái máy. 3. nên có phần từ vựng bao gồm nghĩa và bối cảnh để xem lại. chứ lưu từ vựng đọc lại xong mất luôn tương đối không vào đầu.,2020-10-30 16:11:27,Neutral,"1. The video tutorial describing the sounds is wrong.2. There should be more single words per syllable to enjoy the difference in sounds.Instead of going right into the sentence, many times he said he wanted to smash the machine.3. There should be a vocabulary section that includes meaning and context for review.Instead of saving the vocabulary and reading it again, it will be lost forever."
883cb032-3a76-4135-977d-b0b735bd3bed,002,3,"phần mềm khó sử dụng, khó học từ đầu. nhiều từ mới chưa dạy đã yêu cầu đọc và nói. elsa cải tiến khẩn trương mọi người ủng hộ. thêm nữa, đang học cũng tắt về màn hình bảo vệ..bất tiện.",2020-10-25 00:42:27,Neutral,"The software is difficult to use and difficult to learn from the beginning.Many new words that have not yet been taught require reading and speaking.Elsa urgently improves everyone's support.Furthermore, the screen saver turns off while studying...inconvenient."
caee7fe9-7afb-4cef-b2fc-8961e7a90fec,002,3,"xài ổn, nhưng hinh như dạo này lỗi hay sao, minh nói mà elsa không thu đc tiếng hay sao ý, phần nhấn âm thì bình thường",2020-10-14 05:41:07,Neutral,"It's ok to use, but it seems like there's been an error lately. I'm talking but Elsa can't record the sound, is it possible that the accent is normal?"
17d76195-1111-49d5-8586-b383bac139ed,003,3,mấy nay nó bị sao á tui vô mà nó bắt chọn ngôn ngữ học liên tục chưa học đc bài nào mà cứ nhảy về bước chọn nn hoài,2025-09-05 01:37:16,Neutral,What's wrong with him these past few days? I've been here but he keeps asking me to choose languages ​​and hasn't learned a single lesson but keeps jumping back to the next step.
9a82d8cb-95fe-4c67-99c6-51083e870fd3,003,3,ứng dụng khá hay nhưng chi phí mình thấy đắt quá. giá như giá giảm bằng 1/3 mình nghĩ sẽ có nhiều người mua hơn nhiều. khi ấy thu nhập của công ty có khi còn tăng ý chứ. mong đc phản hồi.,2025-06-03 18:56:01,Neutral,"The application is quite good but I find the cost too expensive.If the price were reduced by 1/3, I think many more people would buy it.At that time, the company's income might even increase.Looking forward to your response."
de378ff9-814d-44f5-a129-c96ef35d9a0f,003,3,tôi mới vừa phải thôi nhưng chưa vào để xem thử không biết có hay và chất lượng không mọi người có thể giúp tôi được không,2025-05-08 04:25:20,Neutral,"I'm new, but I haven't tried it yet. I don't know if it's good and of good quality. Can anyone help me?"
4a3317f9-ef99-485f-9452-e96f692c6176,003,3,"học tiếng trung: mình đánh giá cao việc ứng dụng tập trung dạy các cụm từ thông dụng khi giao tiếp thực tế, tuy nhiên điều ngăn cản mình trả tiền cho ứng dụng này chính là nó không hiện bính ấm hướng dẫn đọc từ khi học, cụ thể, ngoài phần dịch nghĩa, mình cần hiện thêm bính âm để tự phát âm cho đúng nhưng nó chỉ cho chữ hán và dịch nghĩa thôi, nếu muốn học bính âm thì phải tắt hẳn chữ hán, vớ vẩn thật!!! và không có phần nào dạy ngữ pháp bài bản, cần phải học chính quy từ nguồn khác.",2025-02-21 03:49:12,Neutral,"learning Chinese: I appreciate that the application focuses on teaching common phrases in real-life communication. However, what prevents me from paying for this application is that it does not show pinyin instructions for reading words when studying. Specifically, in addition to the translation, I need to display pinyin to pronounce correctly, but it only shows Chinese characters and translations. If you want to learn pinyin, you have to completely turn off Chinese characters, which is nonsense!!!and there is no part that teaches grammar properly, requiring formal learning from other sources."
325074a5-5008-4602-b6e2-6460f4e81ae6,003,3,"từ khi mình cập nhật bản cập nhật mới nhất của ứng dụng thì ứng dụng xảy ra lỗi rất nhiều. từ lỗi học từ vựng không phát ra tiếng, đến lỗi khi mình hoàn thành xong 1 bài và khi chuyển qua bài mới thì ứng dụng bị đứng, làm phải thoát ra vào lại, và nó cứ lặp lại nhiều lần như vậy ._.",2023-10-16 15:15:00,Neutral,"Since I updated the latest update of the application, the application has encountered many errors.From the error of learning vocabulary without making a sound, to the error when I finish a lesson and when moving to a new lesson, the application freezes, forcing me to log out and back in again, and it keeps repeating like that many times ._."
5f9fd828-e10a-4088-a4ab-4b2130f4a569,003,3,mình mua bản pro mà ko thất ghi hạn sử dụng. rồi có thông báo đk km thêm 6 tháng mà lúc mua ko thấy gì cả,2023-09-17 09:34:11,Neutral,"I bought the pro version but didn't notice the expiry date.Then there was a notification that the mileage would last for another 6 months, but when I bought it, I didn't see anything"
9d842569-1f6b-4c3c-bcac-3e9799aaa8cb,003,3,tui đăng nhập bằng email nó ko được lúc đăng nhập vào bằng facebook lúc vài đc thì bảo hết data mong nhà sản xuất xem lại,2023-08-19 12:44:41,Neutral,"I log in with email and it doesn't work. When I log in with Facebook, it says I'm out of data. I hope the manufacturer can review it."
88fa58ff-f72c-4131-a539-2a133f0e2100,003,3,app này nó bị sao ý. chỉnh sửa khó. tìm khóa học bị hạn chế k giống trên web. kia mà học cũng ok. khắc phục lại lỗi tìm khoá học thì cho 5 sao~~,2023-07-16 02:29:39,Neutral,
1d5dfa4c-42b6-43e1-b18f-9b6e56de2255,003,3,"học thì rất thích nên đáng lẽ mĩnh sẽ cho 5 sao , nhưng tại ứng dụng hay bị lag với tải chậm nên 3 sao thôi",2023-03-05 22:53:23,Neutral,"I enjoyed learning so I would have given it 5 stars, but the app often lags and loads slowly so I only give it 3 stars."
df5bb7f6-e185-4816-8d1e-284b0410f447,003,3,tôi cảm thấy app này rất hay nhưng còn có hạn chế đó là ở trên điện thoại thì app không có phần bấm vào tự nói để được nói theo,2022-06-15 16:23:42,Neutral,"I feel like this app is very good, but it has a limitation: on the phone, the app doesn't have a self-talk feature to be told along."
0e826399-71ca-4aa6-8a8c-3dbf79fdf84b,003,3,trước đây thì rất tốt tuy nhiên dạo gần đây trải nghiệm của mình rất kém. các từ mới không đọc lên hay ludc ôn tập lại cũng không đọc. giảm hứng thú học rất nhiều. không biết có ai bị như mình không?,2022-03-23 01:58:38,Neutral,"It used to be very good, but recently my experience has been very poor.Don't read new words or review them again.greatly reduces interest in learning.I wonder if anyone has the same problem as me?"
5975fb15-14c1-473e-8179-633ae1d29860,003,3,"cho em hỏi em tải ứng dụng về học nhưng lỡ xóa,mấy lần sau em tải lại thì vào học hong được ạ nó cứ xoay mãi😥",2021-12-15 01:33:36,Neutral,"Let me ask you, I downloaded the app to study but accidentally deleted it. After a few times, I downloaded it again and couldn't access the study. It just keeps spinning😥"
d5e593f3-f996-4772-b7a9-2073af3ecb34,003,3,"ứng dụng theo tôi là hiệu quả cho việc học tiếng anh. app bị lỗi ""luyện nghe"" xuyên suốt nhiều bản cập nhật, đề nghị nhà phát triển sửa lỗi ngay trong bản cập nhật tới. tôi đã bỏ tiền ra để mua app, các bạn cần coi trọng khách hàng nếu không muốn mất khách.",2021-10-16 01:51:00,Neutral,"In my opinion, the application is effective for learning English.The app has a ""listening practice"" error throughout many updates. We request the developer to fix the error in the next update.I spent money to buy the app, you need to value your customers if you don't want to lose them."
82451ac3-e646-41fe-8da4-4f216610a4bb,003,3,"tính năng học với người bản ngữ chưa được cập nhật cho khóa tiếng anh 7, mình vừa mới bị trừ tiền gia hạn ứng dụng nhưng không được hài lòng về vấn đề này, vui lòng cập nhật ứng dụng gấp :(((",2021-09-09 01:10:24,Neutral,The feature of learning with native speakers has not been updated for the English 7 course. I have just had my application renewal fee deducted but I am not satisfied with this issue. Please update the application urgently :(((
4038ca89-e145-492b-952d-0a49f8582987,003,3,"mình đã mua với giá khuyến mãi 299k premium, nhưng đăng ký xong vẫn hiện thông báo gói premium 499k, trong hồ sơ vẫn là tài khoản miễn phí (nâng cấp), các chức năng vẫn chưa mở thêm. cảm giác như vừa mất 300k ???",2021-08-18 00:04:36,Neutral,"I bought it at the promotional price of 299k premium, but after registering, it still shows the premium package notification of 499k, the profile is still a free account (upgrade), additional functions have not been opened yet.I feel like I just lost 300k???"
10f14a60-d020-457f-8d7a-482ecd1229aa,003,3,"in the korean learning section, i think you should add the word in its original form, instead of just showing the phonetic transcription with the word's meaning. i need to learn words that consist of vowels or consonants .",2021-07-27 19:20:26,Neutral,"in the korean learning section, i think you should add the word in its original form, instead of just showing the phonetic transcription with the word's meaning.i need to learn words that consist of vowels or consonants ."
e8be73d0-a4e3-47b5-b283-4e80615dde10,003,3,"mình dùng thử web thấy khá hiệu quả nên đã tải app về điện thoại , nhưng khi sử dụng app mình không thể load được gift nói và loa phát âm. mong ad tư vấn và hỗ trợ mình .",2021-07-19 09:13:13,Neutral,
8470b7d6-e26c-46f5-8fc6-6d7331d7ae12,003,3,"không có gì đâu nhưng mà ứng dụng này không có giọng anh mỹ hay sao í , vì mình thích giọng này hơn mà không có nên hơi buồn",2020-09-02 04:51:27,Neutral,"It's nothing, but this app doesn't have an American English voice or something. Because I like this voice better but it doesn't have it so it's a bit sad."
7a44198f-ca08-487a-9542-fb4208cae987,003,3,"rất hay. nhưng đừng thêm tính năng cho phép người khác thêm thông tin vào, vì có người cho câu nghiêm túc nhưng bên cạnh đó có nhiều người ghi xàm",2020-07-08 06:53:26,Neutral,"very nice.But don't add a feature that allows others to add information, because some people give serious sentences, but at the same time, there are many people who write nonsense."
166967eb-9767-4da8-b061-9da34e78d53a,003,3,hơ hơ sau khi nâng cấp lên vip được 3 4 tháng gì đó mỗi lần mở app đợi load bài học phải mất sương sương 5 hoặc mấy chục phút :)) còn lại thì đều ngon lành cành đào,2020-06-20 00:11:11,Neutral,"Ha ha after upgrading to VIP for 3 or 4 months, every time I open the app and wait for the lesson to load, it takes 5 or dozens of minutes :)) The rest is delicious."
cd05d86a-1a78-48f6-af00-89e2a7b47ee7,003,3,"hay nhưng cho 3 sao, vì tự học 1 lần của memrise trên app rất ít, chỉ được 10 từ, vd mình muốn học 20 - 30 từ 1 lúc không chọn được",2020-06-12 12:40:37,Neutral,"Good but giving 3 stars, because memrise self-study on the app is very limited, only 10 words, for example I want to learn 20 - 30 words at a time but can't choose."
569ec6d2-df70-4535-966b-61650e542fc2,003,3,"phần mềm hay, mình cũng dùng lâu rồi. nhưng khá bực khi học đc 80 ngày liên tiếp, đến ngày thứ 81 thì bị reset về 1. xong các ngày sau đó lên 2 rồi xuống 1. lỗi lung tung cả.",2020-06-10 15:05:12,Neutral,"Good software, I've been using it for a long time.But it's quite frustrating when I study for 80 days in a row, and on the 81st day, it resets to 1. After that, the following days go up to 2 and then down to 1. There are all kinds of errors."
e9d7c5d3-c2b1-4028-a53e-6ed90e643d94,003,3,"lúc đầu học thử tôi thấy khá hay , thích nhất phần video phát âm theo câu của người bản địa. nhưng khi đăng ký phiên bản pro rồi để có thể xem hết cả phần học thì không được tốt lắm,các video ở các bài sau không hề có.",2020-05-11 09:32:34,Neutral,
77ba371d-54f4-4f6c-a7f6-5165dcacbf7e,003,3,làm thế nào để từ mới là chữ hangul luôn ạ. của em từ mới bị phiên âm ra tiếng anh thì sao biết từ đó viết trong tiếng hàn như thế nào?,2020-05-09 06:30:06,Neutral,"How can I make the new word hangul?My new word has been transcribed into English, so how do I know how that word is written in Korean?"
627b80b5-3f46-4848-a6b6-a231cb978e1b,003,3,mình mới chỉ sử dụng phần tiếng nhật nhưng nhận thấy vẫn còn nhiều lỗi sai trợ từ và chính tả. mong được chỉnh sửa để hoàn thiện,2020-05-07 10:49:06,Neutral,I have only used the Japanese part but noticed that there are still many particle and spelling errors.Looking forward to editing to make it perfect
3aee4c82-eb33-465b-8247-c728f4a01579,003,3,"mình đã mua gói pro nhưng khi cập nhật lại trên app thì tài khoản thông báo chưa mua dù trc đó đã có và học dc 1 thời gian xin app xem xét, ứng dụng rất bổ ích",2020-04-30 16:15:44,Neutral,"I bought the pro package but when I updated the app, my account said I hadn't bought it even though I had it and learned it for a while. Please review the app. It's very useful."
67b2afd9-247f-426e-b071-930665d3ebdb,003,3,app dùng tốt cả trên điện thoại và laptop nhưng chúng không được đồng bộ hóa ở trên 2 thiết bị! trên laptop tôi đã hoàn thành mục tiêu hàng ngày nhưng trên điện thoại vẫn hiện là: chưa hoàn thành mục tiêu,2020-04-11 08:10:42,Neutral,"The app works well on both phones and laptops, but they are not synchronized on the two devices!On my laptop I have completed my daily goal but on my phone it still says: goal not completed"
59202a03-2ae8-46cf-a6a8-1bce4e118ca2,003,3,"mình thấy ứng dụng này tạm ổn. phần nào thì mình nghĩ cũng nên để hán tự, vì có phần mình thấy chỉ để phần bính âm với tiếng việt thôi. hơn nữa chỗ dịch sát nghĩa, ví dụ như quả táo là pingguo dịch sát nghĩa thì phải là bình quả chứ sao lại là táo - hoa - quả. việc này làm mình gặp khó khăn khi tư duy logic những từ sau này. mình cảm thấy các bạn nên để rõ bộ thủ, có thêm phần hướng dẫn về các bộ thủ và lý do tại sao từ đó lại được viết bằng các bộ đó ( vì mình học vậy thì thấy hiệu quả)",2020-03-01 08:46:43,Neutral,"I think this application is okay.For some parts, I think the Chinese characters should be left out, because in some parts I think I should just leave the pinyin and Vietnamese parts alone.Moreover, in the literal translation, for example, apple is pingguo. In the literal translation, it must be fruit jar, why is it apple - flower - fruit.This makes it difficult for me to think logically about the following words.I feel like you should clearly state the radicals, have more instructions about the radicals and why the word is written with those radicals (because I found it effective when I learned it that way)."
b78bbfae-1592-452a-88bd-8911d4285846,003,3,"âm thanh: tốt cách luyệt tập: tốt, nhanh gọn ngăn lười biến, tùy chọn chuẩn thờ gian cho bản thân 5p 15p 30p một ngày nên có chế độ lựa chọn chỉ pinyin hay pinyin và chữ hoặc chỉ chữ chứ ẻm chỉ để mõo mỗi pinyin trong phần luyện tập dễ dẫn đến quên mặt chữ. và mình học được 1 phần có vài từ và câu còn lại khóa hết, nhưng mình thấy mấy ẻm đều dễ và hầu hết mình đều học rồi (được cái ẻm giúp mình đỡ lười) nên mình thấy việc đăng ký nâng cấp không đáng. vì vậy tạm biệt em nhé~",2020-02-26 10:02:39,Neutral,
d6f22791-a1b1-4a83-9549-ef633d95502f,003,3,"vào được app nhưng cứ mỗi lần học là đơ luôn, ko chạy tiếp nữa, mặc dù đã cá đi tải lại nhưng vẫn vậy, mong ad khắc phục nhanh chóng ạ",2020-02-21 08:54:30,Neutral,"I can access the app but every time I study it freezes and won't continue. Even though I've re-downloaded it, it still happens. I hope you can fix it quickly."
366e1a4e-163a-4490-b47b-73f7aab66420,003,3,"ứng dụng hay, nhưng cho mình hỏi: khi đóng tiền 1 năm xong thì chỉ mở khóa các tính năng chứ không mở khóa thêm các khóa học hả? mình vừa đóng tiền xong, hơi thất vọng",2020-02-20 10:38:25,Neutral,"Good app, but let me ask: when I pay for 1 year, will I only unlock the features and not unlock more courses?I just finished paying, a bit disappointed"
3fbb86a0-39dc-4912-a1f9-179384e59e88,003,3,"mình thích memrise bán gói trọn đời như trước đây hơn. moreover, ở phiên bản cũ thì điện thoại mình có thể tìm các khóa học khác chứ k chỉ 1 số khóa học mặc định như hiện tại (học theo giáo trình của memrise) mình muốn học giáo trình khác thì phải truy cập bằng máy tính rồi chọn khóa học mới thêm vào học được. memrise còn hạn chế một số ngôn ngữ chưa phổ biến như tiếng thái tiếng việt cho người nước ngoài. lúc viết cách ghi nhớ không có chế độ vẽ để mình dễ hình dung mà chỉ có viết chữ.",2020-02-02 03:22:40,Neutral,"I prefer memrise to sell lifetime packages like before.moreover, in the old version, my phone could search for other courses, not just some default courses like now (study according to memrise's curriculum). If I wanted to study another curriculum, I had to access it on my computer and then select the new course to add it.Memrise also restricts some not-so-popular languages ​​such as Thai and Vietnamese for foreigners.When writing memos, there is no drawing mode so that I can easily visualize, but only write words."
05318f0f-ea20-409a-aaa7-020824b93f20,003,3,"cho mình hỏi mình chỉ học được tiếng anh, hàn, trung thôi sao!!! mình nhớ bản cũ có rất nhiều tiếng khác. mình muốn học tiếng nhật lại không có.",2020-01-15 17:18:55,Neutral,"Can I ask if I can only learn English, Korean, and Chinese!!!I remember the old version had a lot of different languages.I want to learn Japanese but I can't."
cc034bba-91a3-484a-9bf2-eba25990a482,003,3,ko có văn phòng tại vn nên ko mấy tin tưởng.muốn thanh toán nhưng lo ngại việc đảm bảo quyền lợi của người học. lo ngại nhất là việc có lỗi trong vấn đề gia hạn tự động gói đăng ký vì người học ko được tự hủy tài khoản của mình,2020-01-11 06:59:30,Neutral,I don't have an office in Vietnam so I don't trust it much. I want to pay but I'm worried about ensuring the rights of learners.The biggest concern is that there is an error in the automatic renewal of the subscription package because learners cannot cancel their accounts themselves.
eddba337-6e5e-4dd1-8317-f6ea523d004d,003,3,"em tải app về đt, lúc đầu vào sử dụng thì đc, lần sau vào thì nó lại hiện cái dòng chữ đỏ:"" có lỗi, xuất hiện đám ngoại lai..."" đại khái như thế với cả hình app bị thay đổi nó có chữ bê ta, tại sao lại thế ạ? em tải lại mấy lần đều bị thế rồi😥",2019-12-06 14:35:22,Neutral,"I downloaded the app to my phone, at first I used it fine, but the next time I tried it, it showed a red text: ""error, aliens appeared..."" something like that and the app image was changed and it said beta, why is that?I redownloaded it a few times and the same thing happened"
e13b62e2-061c-4f7a-9666-c9ab690a6a27,003,3,"sao phần tiếng hàn ko có cách viết mà chỉ có cách đọc thôi. mong là có phần để người học phát âm hay nói một câu gì đó coi có phát âm đúng ko ạ.và mong là có phần chia thì, các mạo từ,công thức.. ạ cần cải thiện. cảm ơn.",2019-11-08 13:35:17,Neutral,"Why doesn't the Korean part have a way to write, only a way to read?I hope there is a part for learners to pronounce or say a sentence to see if they pronounce it correctly. And I hope there is a part to divide tenses, articles, formulas... that need to be improved.Thanks."
32ddd7bf-0678-4ef7-841e-a1279858ed6a,003,3,mình muốn mở khóa. lại ghi là tự động gia hạn ??? gia hạn như nào. làm sao để hủy gia hạn. có gia hạn là chắc chắn ko bao giờ đăng ký mở. cần số hotline để hỏi cũng ko có,2019-10-26 06:04:39,Neutral,"I want to unlock it.it says auto-renew???How to extend?How to cancel renewal.If there is an extension, it is definitely never open registration.I don't even need a hotline number to ask"
af3200c5-ee12-4b37-b39d-2db2199be89f,003,3,"tại sao sau khi tôi đã đăng kí , thì các mục nâng cao không mở được . ví dụ như học phát âm , kĩ năng nghe ...",2019-09-19 02:43:20,Neutral,"Why can't the advanced items open after I've registered?For example, learning pronunciation, listening skills..."
8d828d7e-40f1-4e35-b9c7-7099b3791b99,003,3,thực sự rất thích app và tôi đã nâng cấp là tài khoản pro nhưng cứ vào app là báo ngoại lai và lỗi. xóa đi tải lại dùng được một lần rồi lại tiếp tục như vậy. thực sự rất khó chịu. mong các bạn tìm cách giải quyết và khắc phục giúp.,2019-09-15 20:01:00,Neutral,"I really like the app and I upgraded to a pro account, but every time I go into the app it says something strange and errors.Delete it, download it, use it once, then do it again.really annoying.Hope you can find a solution and fix it."
44115e9d-e509-4779-98f2-fb666a523b38,003,3,"chào ad, mình có một vấn đề cần xử lý. sáng nay tài khoản ngân hàng của mình bị trừ một khoản cho ứng dụng memrise. mình không rõ đây là gia hạn hay là gì, nhưng không có một email nhắc khách hàng về việc gia hạn. khiến cho mình bị trừ tiền không đánh. hi vọng admin có thể xử lý và hoàn trả lại tiền cho mình.",2019-09-05 03:25:36,Neutral,"Hello admin, I have a problem that needs to be resolved.This morning an amount was deducted from my bank account for the memrise app.I'm not sure if this is an extension or what, but there is no email reminding customers about the renewal.causing me to have my money deducted for not playing.Hope admin can handle it and refund my money."
5b3937b8-8966-4d44-929d-5b897ea186a5,003,3,mình dùng oppo f9. không biết lý do gì mỗi lần máy tự động cập nhật phiên bản lên beta là lỗi ứng dụng không dùng được.,2019-07-31 01:16:50,Neutral,"I use oppo f9.I don't know why, every time the device automatically updates the beta version, the application cannot be used."
b1a846eb-df76-4cf9-b660-750023b093da,003,3,lúc đầu mới tải về bị đơ không vào được nhưng bây giòe lại vào được. tôi sẽ dùng thêm để xem phần mềm có đơ nữa không. nếu không bị đơ tôi sẽ rate 5 sao.,2019-07-23 16:33:48,Neutral,"When I first downloaded it, I couldn't log in, but now I can log in again.I will use it more to see if the software freezes again.If it wasn't frozen, I would rate it 5 stars."
01ad951e-46d9-41f9-9beb-42bf7c62d8e1,003,3,xin chào học ngoại ngữ cùng memrise rất hay nhưng thường hay bị lỗi kỹ thuật quá muốn học ma hoc ko duoc de nghi mọi người khác phục giúp và chỉ mình cách dang nhập với a,2019-06-22 05:51:13,Neutral,"Hello, learning a foreign language with memrise is very good, but I often encounter technical errors. I want to learn a foreign language but I can't ask for someone else to help me and show me how to log in."
e297a646-a073-40b7-8ed9-4f58062bb7a4,003,3,"version mới thực sự rất tệ, giao diện xấu, âm thanh kém, lúc học từ mới ko thể ấn để nghe lại được. trước đây mình cho 5 sao vì là phiên bản cũ tốt, thật may vì mình đã cài đặt lại được previous version rồi nên cho 3 sao, không thì cứ dùng version mới này chắc đánh giá 1 sao quá 😩",2019-04-04 07:50:48,Neutral,"The new version is really bad, bad interface, poor sound, when learning new words I can't press to listen again.Previously I gave 5 stars because it was a good old version, luckily I was able to reinstall the previous version so I gave 3 stars, otherwise I would have rated it 1 star if I just used this new version 😩"
00dfba29-73c8-47a1-bc7f-1d10b60bac88,003,3,"sao lại k còn chức năng đọc từ đó vậy, bình thường còn đọc từ đó cho nghe giờ k còn thấy chức năng đó nữa",2019-03-10 14:36:31,Neutral,"Why is there no longer the function to read that word? Normally, I can read that word for listening purposes, but now I don't see that function anymore"
d1752d80-b250-444d-b450-37684d4ff28c,003,3,"cần cải thiện tốc độ xử lý khi chuyển sang bài học khác. phải mất thời gian 
đợi khá lâu để chuyển bài học. từ mới nên cập nhật phiên âm để dễ học cách 
phát âm cho chuẩn. khi đến từ mới tôi phải mở app từ điển mới biết cách đọc 
chính xác, chỉ nghe thôi thì không thể nói chính xác",2018-08-03 21:05:04,Neutral,"Need to improve processing speed when moving to another lesson.it takes time
Waited quite a while to transfer the lesson.New words should be updated with pronunciation to make it easier to learn
Pronounce correctly.When I come across new words, I have to open the dictionary app to know how to read them
Exactly, just listening cannot say exactly"
2f452bd3-0167-4ff3-8612-56437fd31cca,003,3,"tôi cứ nghĩ là mình đã chọn đúng ứng dụng thực sự giúp mình biết thêm nhiều 
hơn về tiếng anh, nhưng đó là lúc trước, lúc ứng dụng sài free nhưng bây 
giờ thật đáng tiếc nó đã trở thành bắt buộc phải mua. i'm so sad 😣😣😣",2018-07-30 12:31:30,Neutral,
0645e77a-cf3e-4e6c-904d-11e32d1fb43a,003,3,"tại sao bản cài của em không đọc phát âm. chỉ có âm thanh đúng sai thành 
tích,... mà không có phát âm. 😧. cài lên máy khác dùng tài khoản của em 
vẫn k đc. tài khoản ng khác vẫn phát âm ầm ầm.",2018-06-16 03:56:15,Neutral,"Why doesn't my installation version read pronunciation?only the sound of right and wrong becomes
accumulation,... without pronunciation.😧.Install it on another computer using your account
still can't.Other people's accounts still make loud noises."
583608d0-3bda-44f9-9a66-5cfa8c790411,010,3,app có thể tách cuộc trò chuyện từ video giống trên wed không tôi muốn học song ngữ nhưng trên app không có chức năng này,2024-07-01 03:04:19,Neutral,Can the app separate conversations from videos like on the web? I want to learn bilingual but the app doesn't have this function
ff14151e-463c-4db6-abb1-0520b7f2ccfc,010,3,"the app always is defected when i open the app to watch some videos. i can't use any buttons in the app after i just watch one video, it's something look like ""lag"" and the only way to resolve it is restart the app and it has drived me irritated. please fix this problem as soon as possible.",2024-02-21 01:33:24,Neutral,"the app is always defected when i open the app to watch some videos.i can't use any buttons in the app after i just watched one video, it's something look like ""lag"" and the only way to resolve it is restart the app and it has driven me irritated.please fix this problem as soon as possible."
7914d0bd-9155-401a-9cea-85c9262af07e,010,3,cập nhật xong giờ không biết xem sub song ngữ kiểu gì luôn. đây không phải là 1 bản nâng cấp. đây là 1 bản hạ cấp.,2022-01-16 16:11:07,Neutral,"After updating, I don't know how to watch bilingual subtitles.This is not an upgrade.This is a downgraded version."
2e9a87ec-c6c9-4cc8-8609-a15a78a8fd69,010,3,"đợt cập nhật mới này app của ted hơi lỗi. toàn quay vòng lâu lắm ý. mình mong đội ngũ có thể sửa lại lỗi này. khi nào ổn hơn thì mình sẽ đánh giá lại, luôn là fan của ted ❤️",2021-11-25 06:12:12,Neutral,"This new update of ted's app is a bit buggy.It all takes a long time to turn around.I hope the team can fix this error.When it's better I'll reevaluate, always a fan of ted ❤️"
c1235329-72d7-4a34-ae48-176941a1aae9,010,3,"all media player funtion did not work. these buttons were blur. im also a software developer, i found a problem. when app play a clip. it show the ads, in my case, there is no ads. so it the player play the main clip as ads. that why i cannot do anything like turn on cc, pause clip,...",2020-01-11 15:09:49,Neutral,"all media player functions did not work.these buttons were blurred.im also a software developer, i found a problem.when app plays a clip.it shows the ads, in my case, there is no ads.so it the player plays the main clip as ads.that why i cannot do anything like turn on cc, pause clip,..."
96cad754-9f74-426b-9586-3e38fcab0dcc,010,3,không có transcript. rất bất tiện cho việc luyện nghe english và đối chiếu kết quả. rất mong nhà phát hành sớm cập nhật thêm tính năng này.,2019-10-15 07:49:09,Neutral,no transcripts.Very inconvenient for practicing English listening and comparing results.We hope the publisher will update this feature soon.
e26f976e-1827-4f1d-85a2-32121c4c24d9,010,3,nên có thêm phụ đề riêng để tiện theo dõi.. (you should add transcript for each video that viewer will find it easier to understand..),2019-07-19 02:45:54,Neutral,There should be separate subtitles for convenience.. (you should add transcript for each video that viewer will find it easier to understand..)
3b2b837f-d06a-4d80-8374-abb3ed3afd91,010,3,tại sao lại không có 1 phần quan trọng như transcript nó giúp tôi đọc được cả bài nói mà ứng dụng này lại không có như trên trang web. mong sớm cập nhật thêm tính năng đó cho người dùng dễ sử dụng.,2019-05-28 01:25:09,Neutral,Why isn't there an important part like the transcript that helps me read the whole speech but this app doesn't have it like on the website?Hope to update that feature soon to make it easier for users to use.
7b5b7f1b-025c-4686-bc69-dea31a1c7b94,010,3,can you press the text to make it sound. same as the function available on the website. i downloaded it to delete it because it is unusable and must be used on the website,2019-03-09 01:59:02,Neutral,can you press the text to make it sound.same as the function available on the website.i downloaded it to delete it because it is unusable and must be used on the website
f855caec-d65e-4622-9a2e-b420189becec,009,3,"app nên cải thiện phần tìm kiếm trên app của mình đi ạ mình search "" 100 câu giao tiếp tiếng anh thông dụng nhất"" ít nhất cũng nên gợi ý những topic liên quan chứ, search gì cũng báo không có kết quả dù tab đó là tab ""tất cả"" 😇 rất là khó chịu luôn, mặc dù mình search trên google vẫn thấy có gợi ý, thấy hối hận vì nạp vip 1 năm quá",2026-03-01 06:49:07,Neutral,"The app should improve the search section on its app. I searched for ""100 most common English communication sentences"" and at least suggested related topics. Every search said there were no results even though the tab was ""all"" 😇 very annoying. Even though I searched on Google, I still found suggestions. I regret that I signed up for vip for 1 year."
4f370fe8-5343-4c67-b5c9-445e44f76d68,009,3,"mình ko hiểu là tsao đôi lúc mình tạo học phần thì phần định nghĩa lại bị đẩy lên đầu tiên và app cx ko có cách để chỉnh lại điều đó, làm mình học khá là khó chịu",2025-11-19 10:29:14,Neutral,"I don't understand why sometimes when I create a module, the definition part is pushed to the top and the cx app doesn't have a way to adjust that, making it quite uncomfortable for me to study."
99032e54-a74e-4208-8fef-356c00c4d342,009,3,"app khá hay để học thuộc , có rất nhiều tính năng giúp học thuộc như viết, kiểm tra,... nhưng có tiền thì mới xài đc, nhưng bạn cx nên thể bản nâng cấp của nó",2025-10-09 14:41:21,Neutral,"The app is quite good for memorizing, there are many features to help memorize such as writing, testing,... but only if you have money you can use it, but you should try its upgraded version."
3f496dfe-5288-4243-8358-1d904a52f2a8,009,3,"dù t đã cập nhật, khi kéo xuống phần thẻ vừa có cả thuật ngữ lẫn định nghĩa thì nó cứ giật lên trên đầu cùng rất khó chịu. free nên chắc k được thế này. hy vọng nếu được thì làm bản trả phí rẻ cho sv có cơ hội tiếp cận một cách tốt hơn. cảm ơn vì đã lắng nghe 🙏.",2025-10-03 15:25:36,Neutral,"Even though I've updated it, when I scroll down to the tab with both terms and definitions, it keeps popping up at the top, which is very annoying.It's free so it probably won't be like this.I hope if possible, I can make a cheap paid version so students have a better chance of accessing it.Thanks for listening 🙏."
f9010d5f-6f51-4376-8cbf-3dd54a3ba2a7,009,3,"phiên bản máy tính rất lag luôn ạ, cứ giật giật với lag sao á, mấy phút cứ xác minh ko phải robot làm flashcard đang tạo bị load lại rất mất tgian và phiền phức. mong nsx khắc phục lại ạ",2025-08-25 14:01:25,Neutral,"The computer version is very laggy. It keeps jerking and lagging. It takes a few minutes to verify that it's not a flashcard-making robot creating and reloading, which is very time-consuming and annoying.I hope nsx will fix it"
6c752d3b-7c04-4ea8-b70a-25c1de80079c,009,3,khá thú vị. nhưng khi trả lời cần phải trả lời đúng từng chữ dù nghĩa không khác nhau. gây khó chịu trong quá trình học tập.,2025-08-21 18:53:42,Neutral,"quite interesting.But when answering, you need to answer each word correctly even though the meaning is the same.cause discomfort during the learning process."
f70831d7-12c8-4082-b348-d007b8ef9438,009,3,"ứng dụng thì chưa được tốt lắm vì có những từ vựng flashcards thì dịch sai. nhưng mà, được cái tự tạo flashcard trên app này thì khá ngon😇",2025-04-20 10:05:33,Neutral,"The application is not very good because some vocabulary flashcards are mistranslated.However, being able to create your own flashcards on this app is pretty cool😇"
eabc8f0d-13cd-42ed-9180-4fd3a07e053b,009,3,"học rất tốt ghi nhớ nhanh nhưng mỗi khi làm xong học phần của mình thì có rất nhiều từ bị lỗi rất là khó chịu nhá cứ làm xong lại bị thiếu chữ , đáng nhẽ cho 1 sao thôi nhưng làm cũng tạm nên cho lên 3 sao",2025-02-15 13:11:05,Neutral,"Very good at studying and memorizing quickly, but every time I finish my lesson, there are a lot of words with errors, which is very annoying. Every time I finish, there are missing words. I should have given it 1 star, but it worked just fine, so I gave it 3 stars."
f16e0248-0e2f-467e-882a-60d05a8f7035,009,3,"cũng ổn mà gần như mọi tính năng của app đều bắt nạp tiền. riếc giờ 1m² 10 cái app đề nghị lên pro. tính tạo cái flashcard trên điện thoại cho nó tiện mà kiểu này cắt giấy ra học có khi ổn và vui hơn, biết cũng vì đồng tiền cả thôi nhưng không phải ai cũng nhiều tiền đến nổi app học nào cũng lên pro. không ấy mình chừa cái tính năng nào cho đủ để người ta học được không, ai muốn chuyên sâu hơn thì người ta sẽ tự động quẹt thẻ, như duolingo ấy.",2025-02-04 17:32:49,Neutral,"It's okay, but almost every feature of the app requires depositing money.Currently 1m² 10 apps recommended to go pro.I'm thinking of creating a flashcard on my phone for convenience, but cutting out paper to study this way might be better and more fun. I know it's all about the money, but not everyone has so much money that every learning app can become pro.No, should I leave any features that are enough for people to learn? If anyone wants to be more advanced, they will automatically swipe the card, like duolingo."
4ca9c276-baf4-4e32-97a0-c8ba7772a9ef,009,3,"phải có chỗ khoá học phần và thư mục vì phần học phần rất dễ lướt nhầm làm mất học phần, nếu chưa kịp bấm hoàn tác sẽ có nguy cơ mất học phần đó",2025-01-23 15:15:00,Neutral,"There must be a place to lock the course section and folder because it's easy to scroll through the wrong section and lose the section. If you don't have time to click undo, there's a risk of losing that section."
fcb09b15-d386-43dc-84e5-64a863dc8c44,009,3,phần kiểm tra không ổn cố tình đánh sai 1 2 chữ trong 1 từ nhưng vẫn check đúng ad nên khắc phục lỗi này,2025-01-14 09:47:52,Neutral,"The checking part is not good, intentionally misspelling 1 or 2 letters in 1 word but still checking correctly, admin should fix this error"
02fa4b85-88dc-4790-90e2-5b87628a8863,009,3,"học từ vựng ổn nhưng phần học thử chả đâu vào đâu, lúc thì hiện đáp án lúc thì gõ từ bắt viết luôn phát âm :(",2024-11-25 00:42:40,Neutral,"Vocabulary learning is good, but the trial part is not working, sometimes the answer appears, sometimes the word is typed, the pronunciation is forced to write :("
073be7c8-742b-4a9f-9238-20e13c0b2566,009,3,"app khá tiện cho việc ôn từ vựng. sao thỉnh thoảng sau khi mình nhập từ xong ,thì muốn chuyển phía dưới nhập định nghĩa lại không được",2024-09-19 12:13:05,Neutral,"The app is quite convenient for reviewing vocabulary.Why is it that sometimes after I finish entering a word, I can't move to the bottom to enter a definition?"
d1076162-19c2-4b1c-adfa-44c1e0f0d336,009,3,"thực sự tôi rất thất vọng, vì sao bây giờ app lại không tiếp tục tính năng lặp lại ngắt quãng trên flashcard nữa. tôi thấy nó thực sự rất tốt mà, nó đã giúp tôi rất nhiều trong quá trình học từ vựng và cũng giúp tôi ghi nhớ tốt hơn rất nhiều lần, tôi thực sự rất tiếc🥲🥹. làm ơn hãy phát hành lại tính năng này đi.",2024-09-17 11:47:13,Neutral,"I'm really disappointed, why now the app doesn't continue the spaced repetition feature on flashcards anymore.I found it really good, it helped me a lot in the process of learning vocabulary and also helped me remember a lot better, I'm really sorry🥲🥹.Please re-release this feature."
51d48c6b-f0a5-4f23-9eba-41cf285f0d41,009,3,"app khá hay , tuy nhiên cần cải thiện việc dùng tiền để gia tăng số lượng câu hỏi, thay vì đó có thể dùng cách xem quảng cáo để tăng câu hỏi đc không ạ",2024-09-14 13:16:20,Neutral,"The app is quite good, but we need to improve the use of money to increase the number of questions. Instead, can we use watching ads to increase the number of questions?"
a2c01a83-c9ab-4154-b258-2da96dec5ac0,009,3,"mong app sớm khắc phục khâu thư mục,thư mục của e k đụng đến gì h lại trống trơn,nhét học phần vào trong cứ báo lỗi, lỗi gì 1 tuần e vẫn ch thấy suwae xong v ah?",2024-08-18 02:14:21,Neutral,"I hope the app will soon fix the folder issue. My folder doesn't touch anything and is empty. I keep giving errors when I put a study module inside. What's the error? After a week, I still don't see the completion, huh?"
f9629a79-5fc0-42d4-afc0-968fd47c5bf7,009,3,k hiểu tại sao mà phần âm thanh của thẻ ghi nhớ rất hay bị lỗi. mặc dù đã bật chế độ âm thanh đọc từ rất là nhiều lần nhưng vẫn lỗi! đa phần là không có âm thanh. mong nhà phát hành xem lại và khắc phục,2024-07-04 13:11:52,Neutral,"I don't understand why the audio part of the memory card is often corrupted.Even though I've turned on the audio reading mode many times, the error still persists!Most of the time there is no sound.I hope the publisher will review and fix it"
2c0d7f5a-bb07-4e7c-9e4a-c5cf3dfc0356,009,3,ứng dụng cũng được những chỉ tội ko đổi được tên nên cho 3 sao mong nhà sản xuất cho thêm tính năng này nữa,2024-06-10 01:30:12,Neutral,"The application is also good, but the name cannot be changed, so I give it 3 stars and hope the manufacturer adds this feature"
6aeb4039-d3df-4bc8-b66b-2430968b43b8,009,3,ứng dụng hữu ích. nhưng tôi góp ý cho nhà phát triển nên cập nhật thêm chức năng tìm kiếm những từ đã nhập trong các học phần để được tiện lợn hơn trong học tập. tôi chỉ đánh giá được 3 sao thôi. mong nhà phát triển quan tâm.,2024-04-22 02:58:31,Neutral,Useful application.But I suggest that the developer should update the search function for entered words in the modules to make studying more convenient.I only rate it 3 stars.Hope the developer cares.
c9d7ceea-1963-428c-8d3a-814ea1fba29d,009,3,dao diện ok nhưng cần bổ sung học theo phương pháp lặp lại ngắt quãng. với cái gí hơn 800k 1 năm bản pro quá cao,2024-03-17 03:40:22,Neutral,"The interface is ok but needs additional learning by spaced repetition method.For anything more than 800k for 1 year, the pro version is too high"
a2e0e5cc-2bb7-4adb-9e5c-5d2496cc69a2,009,3,có tự động điền nghĩa. có âm thanh. có nhiều tình năng hay. tuy nhiên ép ng dùng nạp phí cao ( khoảng hơn 800k/ năm). là một hs/sv k ai dám nạp số tiền này để dùng thử 1 năm xem có ok k cả. nếu k nạp phí sẽ chỉ học được 1 tab mới từ vựng trong 4 hay 5 lần gì đó là bị khóa (phần ôn tập cũng thế),2024-02-28 00:29:35,Neutral,"There is autofill meaning.there is sound.has many cool features.However, forcing users to recharge is high (about more than 800k/year).As a student, no one dares to deposit this amount of money to try it out for 1 year to see if it's ok.If you don't recharge, you will only learn 1 new vocabulary tab 4 or 5 times and then it will be locked (the same goes for the review section)."
79e2c22f-2634-4400-99a4-eb3ed4f3c6d5,009,3,"mới tải về được 7 ngày, ban đầu xem quảng cáo để được dùng full chức năng. sau đó thì bị khóa phần học, kiểm tra phải mua. nói chung ứng dụng khá ok nhưng phải bỏ tiền ra thì mới dùng được.",2024-02-21 05:07:20,Neutral,"Just downloaded it 7 days ago, initially watched ads to get full functionality.After that, the course and test sections were locked and had to be purchased.Overall the app is quite ok but you have to spend money to use it."
772a68a6-c1d4-46a5-8661-f1d8c7066381,009,3,"đây là 1 app tuyệt vời trong học tập vì nó sử dụng active recall. (chủ động gợi nhớ chứ ko học thuộc bị động). tuy nhiên, 1. nếu thêm chức năng chỉnh sửa thẻ trong lúc ôn tập thì dễ dàng khi phát hiện thẻ sai. 2. thêm âm thanh khi đúng, sai khi làm bài (ting!✓, toẹt x) sửa 2 lỗi này thì tôi sẽ đánh giá 5 sao! cảm ơn ạ!",2024-01-11 10:10:05,Neutral,"This is a great app for learning because it uses active recall.(actively recall, not passively memorize).However, 1. If you add the card editing function while reviewing, it will be easier to detect wrong cards.2. add sound when doing the test correctly and incorrectly (ting!✓, toot x) If I correct these 2 errors, I will rate it 5 stars!thank you!"
574d6b4a-7435-4429-90f7-34c176090f89,009,3,"thực sự app này bắt mua, ôn không đã đâu mng, mng nên dùng app khác nhen 1 app học flashcard free nhưng kéo qua mỏi tay, không có thời gian chỉnh tự động kéo theo tg mình muốn 2 ai dùng máy tính bảng có bàn phím thì flashcard thường sẽ theo dấu mũi tên trái phải mà xác định bạn có thuộc bài hay k nhưng quizlet không có cái này",2023-12-29 05:33:45,Neutral,"Actually, this app requires you to buy it. It's not enough to review. You should use another app. There's a free flashcard learning app, but it's tiring for your hands and doesn't have time to automatically edit, so if you're using a tablet with a keyboard, the flashcards will usually follow the left and right arrows to determine whether you know the lesson or not, but Quizlet doesn't have this."
03240642-ecd5-4214-8b1d-7b5064f4014e,009,3,"tôi không thể đăng ký quizlet plus! nó bị dừng ngay trang giới thiệu và nút bấm ""xem gói đăng ký"" bị tê liệt, tôi đã thử đổi tài khoản nhưng vẫn không được 😭",2023-12-18 15:08:10,Neutral,"I can't sign up for quizlet plus!It stopped right at the introduction page and the ""view subscription"" button was disabled. I tried changing my account but it still didn't work 😭"
77f1e112-be21-4a8f-a8ec-d0d1250ea6e2,009,3,"đang viết từ vựng thì tự nhiên bị nhảy dòng, mà tôi chỉ thoát ra khỏi app thôi cái flashcard tự dưng bị xóa mất",2023-06-28 04:33:14,Neutral,"While I was writing vocabulary, the line suddenly jumped. I just logged out of the app and the flashcard was suddenly deleted."
ed451f97-3cb3-4d34-844d-900f62c9e738,009,3,"nên có cả tiếng anh anh, phiên âm ipa, và gợi ý danh động từ. chứ đọc xong lại lên flat xem lại thì mất cả thời gian. đây đọc mỗi anh mỹ",2022-10-18 10:07:56,Neutral,"should include British English, ipa transcription, and gerund suggestions.But after reading it and going back to flat to review it, it takes a lot of time.Here, read every American"
836c48d4-9db6-472b-9893-8ddf3557d126,009,3,mất phí nhiều quá. sẵn sàng xem quảng cáo nhưng nếu cứ tính phí thế này sao học được. hiện nay có nhiều app flashcard tốt rồi,2022-10-04 16:36:23,Neutral,"waste too much.I'm willing to watch ads, but if you keep charging like this, how can you learn?Nowadays there are many good flashcard apps"
ddffe770-54ac-4ef4-9f1a-ba8da88c14a4,009,3,"sao không miễn phí nữa vậy ạ? học sinh rất cần app này mà giờ phải đóng phí thì làm sao? phí còn khá cao. mong app để như trước, ai có điều kiện thì nâng cấp",2022-09-19 23:31:38,Neutral,"Why isn't it free anymore?Students really need this app but now they have to pay a fee, what should they do?Fees are still quite high.I hope the app will be the same as before. Those who can afford it will upgrade"
6056daee-387b-4486-a08b-656177f86293,009,3,xin lỗi vì đánh giá không tốt cho app nhưng khi cập nhật xong app phải trả phí rất cao ạ không phải học sinh sinh viên nào cũng trả được đâu ạ phí cao hơn với 1 tháng đi học thêm tiếng anh :'<< bây giờ đến học t.vựng thôi cũng khó nữa😢,2022-09-16 15:11:19,Neutral,"Sorry for the bad review of the app, but after updating the app, you have to pay a very high fee. Not all students can pay. The fee is higher with 1 month of additional English classes:'<< now even learning just vocabulary is difficult😢"
9aa282a1-6f3d-40d5-a55d-1fe785d194b2,009,3,"mình không thích lắm về phiên bản mới, tuy nhiên mình sẽ thích hơn nếu app có thiết lập học theo giờ vàng, để nhắc lại những kiến thức cũ mình đã học. nên rất mong app có thể thêm chức năng nhắc nhở người dùng học vào ""giờ vàng"".",2022-08-26 15:27:26,Neutral,"I don't really like the new version, but I would like it more if the app had a golden hour learning setting, to remind me of old knowledge I've learned.So I hope the app can add a function to remind users to study during ""golden hour""."
de260677-95ef-4030-bb33-34555adb3c0d,009,3,mất chế độ học với kiểm tra thì học kiểu gì :)) làm ơn mở gói tháng đi chứ đóng cả cục 1 năm em không có tiền,2022-08-12 17:15:27,Neutral,"If I lose the study mode and tests, how can I study? :)) Please open the monthly package instead of paying for the whole package for 1 year, I don't have the money"
e5b46e0f-9cc2-4405-9417-375b024722fd,009,3,"mỗi lần chọn vào học phần là nó đơ tầm 2 phút. mình đang dùng galaxy note 9, chơi game và mở các ứng dụng khác bình thường, mượt mà.",2022-08-11 08:34:59,Neutral,"Every time I select a module, it freezes for about 2 minutes.I'm using galaxy note 9, playing games and opening other applications normally and smoothly."
f1d92863-de5f-42ca-bc02-7cd43918f493,009,3,"kích thước font chữ không điều chỉnh được. trên các dòng điện thoại android màn hình lớn thực sự rất bất tiện, chữ quá nhỏ mà không thể tùy biến được. đành phải lên trang web để sử dụng. nói gì thì nói, quizlet là nơi để học tự vựng rất hiệu quả. mong sao nhà phát triển có thể điều chỉnh thêm tính năng cho ứng dụng để có thể dễ dàng sử dụng hơn. cảm ơn!",2022-07-25 15:50:19,Neutral,"Font size is not adjustable.On large screen Android phones it is really inconvenient, the text is too small and cannot be customized.Had to go to the website to use it.Whatever you say, quizlet is a very effective place to learn vocabulary.Hopefully the developer can adjust more features to the application to make it easier to use.Thanks!"
13dfa0af-a22c-4393-83a9-45f7ecb2789c,009,3,"ứng dụng hay, giúp học từ vựng tốt nhưng h lại bắt nạp tiền mua vip mới cho sử dụng offline, ko nạp thì ko học từ off đc nữa. ko thích việc này nên cho 3* thôi",2022-05-28 14:56:00,Neutral,"Good app, helps learn vocabulary well but requires money to buy a new VIP for offline use. If you don't recharge, you can't learn words anymore.I don't like this so I give it 3*"
f9c9aae6-12b8-4d4c-8e84-b79e0052e35e,009,3,":((( app chưa cập nhật cũ thì ngon hơn phần thẻ flashcards h mình hong thích cái loại trượt rồi ném bài qua 1 bên bất tiện zl :))) thích lật tại chỗ hơn :(( mong app quay lại chức năng ấy hiccc, làm chán hok mún học cái thẻ lun !!!!",2022-01-09 04:46:30,Neutral,":((( The old app that hasn't been updated is better than the flashcards part h I don't like the inconvenient type of sliding and then throwing the cards to one side zl :))) I prefer flipping on the spot :(( I hope the app returns that function hiccc, it's so boring I don't want to study the flashcards!!!!"
51db2465-55ef-4690-8e9d-5f7a63309ec6,009,3,app cg đc chỉ là có một số bài học ko hộ trợ phần đọc dí có một số quảng cáo mang tính 18+. mong app sớm khắc phục. cảm ơn,2022-01-05 13:56:54,Neutral,"The app is okay, but some lessons do not support reading and some ads are 18+.Hope the app fixes it soon.Thanks"
71c5116f-f120-42b5-9080-be5c74a6ff86,009,3,"đọc âm tiếng anh không chuẩn. trên điện thoại thì lúc add từ vựng mới k thêm được hình ảnh minh hoạ, còn máy tính lại được, mình cũng không hiểu luôn. nói chung app này k nên dùng để học ngoại ngữ, làm quizz để học mấy môn bình thường thì ok hơn.",2021-12-16 01:59:17,Neutral,"Reading English sounds incorrectly.On the phone, when adding new vocabulary, I can't add illustrations, but on the computer I can't understand it either.In general, this app should not be used to learn foreign languages, doing quizzes to learn normal subjects is better."
c3462492-8317-4795-b10f-cce60dde6a87,009,3,"giao diện học từ vựng ở điện thoại quá tệ, không thoải mái như giao diện cũ, không có phần tắt âm phần định nghĩa nên mỗi lần ấn đọc hết tiếng việt kiểu không dấu rất khó chịu, khó lướt qua từ mới nữa. mong đổi về giao diện cũ rất trân trọng công sức của team làm nên app nhưng khá khó chịu với giao diện, mong team xem xét vì mình thấy nó không tốt lên chút nào cả",2021-12-15 16:56:01,Neutral,"The vocabulary learning interface on the phone is too bad, not as comfortable as the old interface, there is no mute part in the definition, so every time I press and read all Vietnamese without diacritics, it is very uncomfortable, making it difficult to skim through new words.I hope to change back to the old interface. I really appreciate the effort of the team that created the app, but I'm quite uncomfortable with the interface. I hope the team will consider it because I don't think it's getting any better."
a7c6e41d-161b-475a-b38c-c2641cbbdf33,009,3,"cho mình hỏi app này dùng miễn phí hay phải trả tiền ?sao họ bắt mình đang ký bằng tk fb hoặc google rồi báo rằng đây là phiên bản dùng thử, sau đó phải đóng tiền hàng tháng?",2021-09-04 01:59:59,Neutral,"Can I ask, is this app free to use or do you have to pay? Why do they make me sign up with a Facebook or Google account and then tell me that this is a trial version, then I have to pay monthly?"
76ccd113-8eab-46ec-8d8b-d80189076ee2,009,3,"tài liệu mình chưa lưu có thể tạo mục lưu nháp không, hic lỡ bấm thoát mà 2 lần mất cái thư mục mất thời gian biên soạn",2021-08-30 15:47:37,Neutral,"Can I create a draft folder for unsaved documents? I accidentally clicked exit and lost the folder twice, wasting time editing."
7b43c2fb-2fa9-4c23-a078-cd269e10a10a,009,3,"l úc đưa ra đáp án trả lời máy chấm điểm rất chậm, có khi đời mãi k chấm luôn. có cách nào khắc phục k? thanks",2021-06-23 20:58:45,Neutral,"When giving answers, the scoring machine is very slow, sometimes it takes forever to grade.is there any way to fix it?thanks"
a77118ee-0ba4-4fea-a2d6-5bb77c9c7525,009,3,app dùng thời gian đầu ổn lâu không vào thì bị văng ra. xoá đi tải lại thì không đăng nhập được vào app trên máy oppo. mong nhà phát triển có thể khắc phục lỗi sớm,2021-04-09 06:55:45,Neutral,"The app is fine for the first time and if you don't open it, it crashes.Deleting and re-downloading makes it impossible to log in to the app on the oppo device.Hope the developer can fix the error soon"
67e58abb-a868-4732-be28-f9743d4d051e,009,3,"lúc có mạng dùng rất ok, nhưng không có mạng không dùng được với bản free, lúc mình dùng có mất mạng giữa chừng, bây giờ vào quizlet tất cả đều màu xám hết, không mở được, ghi là không có kết nối internet yêu cầu mua quiz go để học ngoại tuyến, trong khi đó thực tế máy mình vẫn có mạng và vẫn lên các web khác bình thường. haizz",2020-04-16 03:57:12,Neutral,"When I have internet, it works fine, but without internet, I can't use the free version. When I use it, I lose internet in the middle. Now when I go to Quizlet, everything is gray, I can't open it, it says there's no internet connection and requires me to buy quiz go to study offline, while in reality my computer still has internet and can still access other websites normally.haizz"
b535a8f8-47b8-49e2-870c-f0d6cb573dd2,009,3,"- ứng dụng khá đầy đủ các chức năng ôn tập. - app còn thiếu sót vài điểm: chức năng ""đọc câu hỏi"" nên chia riêng biệt thành 2 ra ""đọc câu hỏi thuật ngữ"" và ""đọc câu hỏi định nghĩa"". - cần thêm chức năng viết tay (cảm ứng bút vẽ) để trả lời các thẻ để luyện khả năng viết tiếng nhật, trung quốc,.. - nên cuối mỗi thẻ có các đuôi, tag,.. để xếp các thẻ cùng chủ đề nhỏ..",2020-04-14 11:16:57,Neutral,"- The application is quite complete with review functions.- The app still has a few shortcomings: the ""read questions"" function should be divided into 2 separate parts: ""read terminology questions"" and ""read definition questions"".- need to add handwriting function (brush touch) to answer cards to practice writing skills in Japanese, Chinese, etc. - so at the end of each card there are endings, tags, etc. to arrange cards with the same small topic.."
1c98e617-a779-4113-9afe-130bc288c7cc,009,3,"cho em hỏi? em bấm để nghe họ đọc = tiếng hàn mà cứ ghi ko có sẵn âm thanh gì đó là sao ạ?? làm sao để sửa 😢😢, vẫn gặp sự cố nên cho 3 sao? ai giúp dùm em 😢😢",2020-04-04 09:30:53,Neutral,"may I ask?I clicked to hear them read = Korean but I keep writing without any sound, what is that??How to fix it 😢😢, still having problem so giving 3 stars?Can anyone help me 😢😢"
59b10ec9-44c0-4404-8366-721a03222893,009,3,"chức năng chạy thẻ tự động khi mà bấm vô chữ đặt lại thẻ ghi nhớ thì ko chạy thẻ tự động đc luôn, mong ad sớm cải thiện để việc học tiếng anh của e ko bị gián đoạn ạ",2020-03-28 12:59:52,Neutral,The function of automatically running the card doesn't automatically run when you click on the word to reset the memory card. I hope admin will improve it soon so that my English learning will not be interrupted.
c1938012-820b-4ed1-994f-8a5afa678b98,009,3,app rất hay. liên hệ lại chỉ dùm mình cách đăng ký tài khoản nhé. muốn đăng ký dùng thử mà bị kẹt hoài ở khúc thông tin thẻ tín dụng ah,2020-03-21 19:44:49,Neutral,very good app.Please contact me and show me how to register an account.I want to sign up for a trial but I'm stuck on the credit card information section
a4d5a9c2-ba13-49b0-bf95-353431222993,009,3,"ứng dụng khá tốt, nhưng sẽ tốt hơn nếu ad cập nhật thêm phần ""theo dõi"". bản thân mình dùng ứng dựng này vì thấy gv tiếng anh mình dùng cho bài học khá tiện lợi. nhưng khổ cái bất tiện ở chỗ mỗi lần muốn xem bài gv đăng là mình lại phải mất công tìm acc của gv. hi vọng ad sớm cập nhật thêm phần ""theo dõi"" ạ.",2019-11-12 08:41:03,Neutral,"The app is quite good, but it would be better if you updated the ""tracking"" section.I personally use this application because I find it quite convenient for my English teacher to use for lessons.But the inconvenience is that every time I want to see a teacher's post, I have to work hard to find the teacher's account.I hope admin will update the ""follow"" section soon."
4d94a35d-97c3-4130-9b54-c6695acd17b0,009,3,"1 gợi ý tiếng anh chậm, phải gõ dấu cách thì ms xuất hiện gợi ý nghĩa tv 2 tạo học phần hay thư mục trong lớp khó, giao diện chưa gọn khi cho thư mục vào lớp rồi mà bên ngoài vẫn có tệp, rất mất tg vuốt.",2019-10-17 22:46:25,Neutral,"1 English suggestion is slow, you have to type a space, then ms appears to suggest tv meaning. 2 Creating modules or folders in class is difficult, the interface is not neat when you put a folder into the class but there are still files outside, it takes a lot of effort to swipe."
91873c27-a191-43c0-9ca8-2cf57809869c,009,3,"tốt, có trò chơi cho luyện bài nữa. nhưng mà cái phần bấm vào để tìm kiếm thì ko thích lắm, pga3i viết đầy đủ ms tùm ra",2019-10-10 11:49:32,Neutral,"Well, there are games for practice too.But I don't really like the click to search part, pga3i writes the full text everywhere"
b2747b0c-dbb1-4f80-a504-9e325f14b80b,004,3,ứng dụng này học kết hợp với xem video rất là giải trí và ko nhàm chán nhưng mà mình ko thích ở cái điểm là mỗi một bài học thì mất đi 2 tim trong khi chỉ có 5 tim và cái phần luyện tập thì ko có cách đọc... và cả cái chỗ mà để mình đọc theo ấy thì đọc rất là nhanh chứ ko có 2 kiểu đọc chậm & nhanh đc. vì những lý do trên nên mình trừ 2*,2026-02-04 08:14:54,Neutral,"This application combined with watching videos is very entertaining and not boring, but what I don't like is that for each lesson, I lose 2 hearts while there are only 5 hearts and the practice part doesn't have a way to read... and the part where I read along is very fast, there are no two ways to read slow & fast.For the above reasons, I deducted 2*"
26ce2536-fbfc-4475-8a55-23bcd72bc96e,004,3,"cái thời 2020-2021 covid vẫn còn đang hoàng hoành, tự mik mò app học t.a thì thấy qc cake, tải về học ok lắm cũnng tiến bộ. mà h đi đâu cũng ắt mua khóa học hết",2025-10-08 12:16:04,Neutral,"During the 2020-2021 covid period, it was still in full swing. When I searched for the study app, I found qc cake. I downloaded it and studied very well and made progress.But wherever I go, I'll buy a course"
92dbef07-f1e4-42df-905c-e615df79a795,004,3,"ưu điểm: + có nhiều mẫu câu hữu ích + lấy ví dụ trong phim để minh hoạ cho câu nói. + app học hay, cuốn lắm á, bổ ích nữa. nhược điểm: + nếu không dùng plus thì quảng cáo rất nhiều, xong 1 mục là quảng cáo liền luôn á . + 1 mục là mất 1 tim, được có 5 tim thôi, nếu hết thì phải chờ mấy tiếng mới có 1 tim hoặc phải xem quảng cáo + có nhiều cái không miễn phí, phải dùng plus mới học được.",2025-07-17 15:12:51,Neutral,"Advantages: + has many useful sentence patterns + uses examples from movies to illustrate sentences.+ Good learning app, very engaging, useful too.Disadvantages: + if you don't use plus, there will be a lot of ads, after just 1 item it will be immediately advertised.+ 1 item costs 1 heart, you only get 5 hearts, if you run out you have to wait several hours to get 1 heart or have to watch ads + there are many things that are not free, you have to use plus to learn."
34990e79-600b-4615-9b82-a28e1a583d84,004,3,trời ơi mấy ní có nghĩ giống tui không cái app này lúc đầu mình cứ nghe thấy mấy cái gì không đâu nhưng mà sau khi nghĩ lại thì tôi thấy hồng nó cũng không dễ lắm thôi đành học quyển sách tiếng hàn 3000 chữ của tôi vậy nhưng mà thôi cũng được tặng cho ba sao👋,2025-04-08 05:09:39,Neutral,"Oh my god, do you guys think like me? At first, I kept hearing something wrong with this app, but after thinking about it, I realized that it's not that easy so I had to learn my 3000-word Korean book, but it still gave me three stars👋"
b2790ca0-443d-42f8-88bb-0c75c285d893,004,3,"toii bt ứng dụng này hc rất hay nhưng toii thấy hình như ứng dụng hơi lag thì phải , thấy xoay vòng vòng , tui chọn hc hàn mà nó bỏ cho tôi hc t.anh , hơi thất vọng nhưng cũng tốt :>",2025-03-13 14:30:38,Neutral,"bt this app is very good to learn but I feel like the app is a bit laggy, I see it's rotating around, I chose the Korean lesson but it gave me the t.anh lesson, a bit disappointed but it's good :>"
ac2a334a-8857-437f-835f-d128891ab77c,004,3,"muốn đăng ký tài khoản plus, hôm trước dùng mail phụ học thử, giờ sử dụng mail chính đăng nhập bằng google xong. chỗ cake id nhập mail vô lại báo đã sử dụng. hôm trước dùng xác nhận cho cái mail phụ thì phải. đăng nhập vô mail thì hết thời gian xác nhận, bấm ""gửi lại email xác nhận"" thì báo email đã dùng hoặc đợi xác nhận. giờ không biết làm sao.",2025-01-20 14:22:45,Neutral,"I want to register for a plus account. Yesterday I used my secondary email to try it out. Now I use my main email to log in with Google.In the cake id area, enter your email and report that it has been used.The other day I used confirmation for the secondary email.If you log in to your email, the confirmation time will expire. Click ""resend confirmation email"" and it will say the email has been used or wait for confirmation.Now I don't know what to do."
d844ab37-7999-4d11-8372-fab3bc5a6d10,004,3,"app học rất tốt nhưng mà, đến với mấy phần phát âm thì app bị lỗi. bị lỗi ở đây là mặc dù phát âm đúng nhưng app được đánh giá là chưa chính xác, sẵn tiện cảnh báo app nếu không khắc phục, nó sẽ gây rất nhiều bất tiện cho người sử dụng 😣 tôi còn thấy khó chịu đây nói chi mấy người khác",2024-07-21 05:35:10,Neutral,"The app is very good for learning, but when it comes to pronunciation, the app has errors.The error here is that even though the pronunciation is correct, the app is considered inaccurate. It is convenient to warn the app that if it does not fix it, it will cause a lot of inconvenience to the user 😣 I still feel uncomfortable, let alone others."
5456efe2-8f11-492d-ad61-750da39122cb,004,3,mình bị mất email cũ giờ dùng email mới thì không thể mua plus đc ứng dụng cứ bắt đăng nhập mail cũ vì có lịch sử mua hàng rồi. vậy bây giờ phải làm sao mới mua được plus bằng email mới của mình ạ?,2024-03-06 13:30:01,Neutral,"I lost my old email and now using the new email I can't buy plus, the app keeps asking me to log in to my old email because it already has a purchase history.So now how can I buy plus with my new email?"
1969847c-2def-4a75-a2a8-f9830ebcfb63,004,3,"những năm về trước dùng khá ok cho 3 tim học rất thoải mái có thể học được cả phần plus nhưng bây giờ thì chỉ còn 1 tim giống như bố thí tiền app cũng khá đắt, thật sự app rất bổ tích tuy nhiên bây giờ hạn chế tim thì không còn ok nữa",2024-01-09 15:26:53,Neutral,"Years ago, it was quite ok to use for 3 hearts to study very comfortably and be able to learn the plus part, but now there's only 1 heart left, it's like giving alms money for the app which is quite expensive, the app is actually very useful but now with the limit on hearts it's no longer ok."
cc34b8dc-fe6f-406e-9046-d03719ffaf14,004,3,"hồi mới đầu học rất hay, nhưng dần dần tính năng bị hạn chế phải xem quảng cáo hoặc mua khoá học mới học được",2023-12-30 16:37:33,Neutral,"At first, learning was very good, but gradually the features were limited and had to watch ads or buy courses to learn"
e15141a4-e6eb-4bd6-b89b-8cbfda486d7b,004,3,sao cái cx cake plus thế thế thì muốn học cx không đc học miễn phí à=)))cái speak ngta thik cho plus video cũng plus =)))) ko thik ad cake>;(,2023-09-27 14:44:20,Neutral,"Why is cx cake plus like that? If you want to learn cx, you can't learn it for free =))) the speak ngta like for plus video also plus =)))) don't like ad cake>;("
1be7930d-5176-4181-9cf6-0be066dc1762,004,3,"app học cũng được, biết được nhiều từ ta mà người bản xứ hay sử dụng hơn nhưng quảng cáo quá nhiều và phải nạp tim. app này nếu nộp tiền vào học thì ok còn để học miễn phí thì vẫn không bằng duolingo. về phần tiếng hàn thì cũng được nhưng mình thấy học hey korea hiệu quả hơn. với cả cake copy duolingo về phần lộ trình học và giải đấu này nọ nên mình không ủng hộ phần đó lắm còn học qua video của cake thì mình thấy rất hay, ủng hộ phần đó!",2023-08-02 11:18:51,Neutral,"The app is okay to learn, you can learn a lot of words that native speakers use more often, but there are too many ads and you have to recharge.This app is ok if you pay to learn, but if you want to learn for free, it's still not as good as Duolingo.As for Korean, it's okay, but I find learning Korean is more effective.With cake copying Duolingo about the learning path and tournaments, I don't really support that part, but learning through cake's videos I find it very good, I support that part!"
055ee864-8bb9-4ba0-8c50-356c9fd3f33d,004,3,bạn cho mình hỏi tại sao l sick of this dịch trên gg là tôi phát ốm vì điều này còn của bạn là l sick of this là tôi phát ngán rồi vậy cái nào đúng vậy ạ,2023-07-11 05:43:49,Neutral,Could you please tell me why l sick of this translates on google as I'm sick of this and yours translates as l sick of this as I'm sick of it so which one is correct?
70921248-9175-4b2a-9eb2-070c84131b7b,004,3,"có ai nhận ra là format của cake nói thật là y chang duolingo không ạ? vì duolingo có trước nên hẳn là cake đã học theo, nhưng cake có format giống duolingo tới 90% thật sự làm tôi rất khó chịu!!! cake có thể sáng tạo ra format của riêng mình, một cách sáng tạo, không bắt chước bất kì app nào khác một cách hơi quá đáng dc không ạ??",2023-06-29 11:31:07,Neutral,"Does anyone realize that the format of cake is honestly exactly the same as Duolingo?Because duolingo existed first, cake must have followed suit, but cake's format is 90% similar to duolingo, which really annoys me!!!Can cake create its own format, creatively, without imitating any other app too much?"
35dab6b7-697d-4c65-8e4d-be0d12e5566d,004,3,"làm thì rất hiệu quả, tôi học từ 2 năm trước bây giờ tôi như người mỹ luôn! nhưng chỉ có 3 tim nên hơi khó học :(",2023-06-23 11:08:04,Neutral,It's very effective. I learned it 2 years ago and now I'm like an American!but there are only 3 hearts so it's a bit difficult to learn :(
8e16405f-0125-4778-993a-5ace710f742e,004,3,"buồn vì app đã giới hạn nhiều tính tăng khi dùng bản miễn phí, bắt xem nhiều quảng cáo cũng như thỉnh thoảng xuất hiện lỗi đứng màn hình. biết là như vậy để khách hàng chịu nâng cấp lên bản pro nhưng đừng quá chú trọng vào lợi nhuận mà đánh mất đi chất lượng của sản phẩm chứ. mong app sẽ có hướng cải thiện tốt hơn.",2023-05-03 02:07:54,Neutral,"Sad because the app has limited many features when using the free version, forcing you to watch many ads and sometimes the screen freezing error appears.I know this is so that customers will upgrade to the pro version, but don't focus too much on profits and lose the quality of the product.Hope the app will have better improvement direction."
d40ddef4-6bd7-4e1c-bf22-4b11fbb5299c,004,3,"mình đã sử dụng cake 2 năm, và mình cần làm rõ một số vấn đề như sau. * ưu điểm: + app thiết kế ổn, sử dụng video từ phim, tài liệu... dễ học, dễ vào + tích lũy nhiều từ vựng + cấu trúc hay + có phần quiz và các phần luyện speaking ổn * nhược điểm: thấy rõ nhất từ khi có cake plus + nội dung không còn thú vị như trước, tiêu đề cần sát và ngắn gọn hơn với nội dung video + cake ko còn take note từ mới bên dưới các video chủ đề + khi học video chủ đề, mất tận 6 tim và phải xem quảng cáo",2023-04-19 12:56:27,Neutral,"I have been using cake for 2 years, and I need to clarify some issues as follows.* advantages: + the app is well designed, uses videos from movies, documents... easy to learn, easy to access + accumulates a lot of vocabulary + good structure + has good quizzes and speaking practice sections * disadvantages: most obvious since cake plus + the content is no longer as interesting as before, the title needs to be closer and shorter to the video content + cake no longer takes note of new words below the topic videos + when learning the topic video, it takes 6 hearts and has to watch ads"
75314c20-ab37-474f-8ddf-016e3d6aaed1,004,3,"mình thấy trước đó dùng tốt nhưng khoảng 1 tháng gần đây bị lỗi ko vào được, gỡ cài đặt và cài đặt lại cũng ko được.",2023-03-20 15:17:04,Neutral,"I found it used well before, but in the last month or so I've had an error that I can't access it, uninstalling and reinstalling it also doesn't work."
74de4c38-8706-4fff-b501-a8fa1a921dd8,004,3,mn bt lm s để cho app đọc chậm lại đc ko ak đọc nhanh quá nghe ko đc rõ nên ko bt đc cách đọc ak,2023-01-11 13:42:10,Neutral,Can you please let the app slow down the reading? It's too fast and I can't hear clearly so I can't figure out how to read.
ce9d2271-2d6a-453d-b3d9-1543f5de1c68,004,3,hay nhưng thêm phần nghe chép chính tả các video nx để luyện nghe và các tài liệu trong này mà chỉ học mẫu câu thì phí quá. với thêm phần học từ vựng theo chủ đề và bổ sung thêm các ngôn ngữ khác nx thì quá tuyệt vời.,2023-01-06 10:35:51,Neutral,"It's good, but adding the listening and dictation portion of the Nx videos to practice listening and the materials in here and just learning sentence patterns is such a waste.With the addition of vocabulary learning by topic and the addition of other languages, it's great."
34992868-b6f0-43ac-babc-0b44281560e7,004,3,mih muốn comment lại về app. mih không biết tại sao loa của app không nói được trong khi mih không tắt tiếng mà còn bật tiếng rất cao. đã vậy còn lấy sao để dịch sang tiếng vn.,2022-11-08 14:43:12,Neutral,"I want to comment again about the app.I don't know why the app's speaker can't speak when I don't mute it but also turn it up very high.If so, how can I translate it into Vietnamese?"
22886364-f37f-4dfd-b211-4e743fca6790,004,3,mình nghĩ tốt nhất nên để root nói ổn nhất chứ người khó nghe thực tế là tôi không nghe thấy nói j cả ko hiểu luôn giống như nói mà không dùng lưỡi!!!,2022-08-01 22:10:57,Neutral,I think it's best to let the root speak best because people who are hard of hearing actually I can't hear anything and don't understand it's like talking without using my tongue!!!
952908f6-e0a1-4e93-9aba-4918d87b88b3,004,3,"trừ 2 sao vì từ vựng mỗi ngày theo hướng tiêu cực vd như: nản quá, chán lắm r, cảm thấy bế tắt... người soạn từ vựng hằng ngày rất tiêu cực, ngoài điểm này thì app sử dụng rất ổn video và âm thánh ok. mong add cải thiện phần từ vựng mỗi ngày có nghĩa tích cực hơn, chứ đi làm đã mệt về thấy mấy từ như vậy muốn nộp đơn luôn à.",2022-06-26 14:01:04,Neutral,"Minus 2 stars because the daily vocabulary is negative, for example: very discouraged, very bored, feeling stuck... the person who composes the daily vocabulary is very negative, other than this point, the app uses very well, the videos and audio are ok.I hope you can improve your daily vocabulary to have more positive meanings, but when you come home from work tired and see words like that, you want to apply."
789ba528-5f9c-40eb-8899-5dfd11015a0a,004,3,thu thập sao để làm cái gì thế app ? việc có thêm sao để lên rank ko giúp mình có thêm hứng thú để học tiếng anh một chút nào 😑,2022-06-22 14:00:36,Neutral,What is the purpose of collecting stars?Having more stars to increase my rank doesn't help me be more interested in learning English at all 😑
d493e389-14a2-4ef3-af99-fec7eadca9de,004,3,tôi thấy rất hay nhưng khi làm quiz tôi ko thể chậm hơn nữa tại tôi nghe rất là kém mong rằng cake sẽ sửa lại ạ,2022-05-29 16:32:12,Neutral,"I think it's very good, but when I take the quiz I can't slow down any longer because I'm very bad at listening. I hope cake will fix it"
d285b668-13a4-429d-ad3d-25f50e4ca41d,004,3,"viết xem quảng cáo cho tim mà xem rồi chả thấy tim đâu, vào ôn bài tập chx có tim nên ko ôn đc, ngồi xem mấy cái quảng cáo mất hết thời gian mà ko có tim :((",2022-05-12 12:42:46,Neutral,"I wrote watching ads for my heart but after watching it, I didn't see any hearts. When I went to review the exercises, I didn't have any hearts so I couldn't review. Sitting and watching ads wasted all my time but I didn't have any hearts :(("
2fda70ff-910f-4c21-a33d-9d70862a1bad,004,3,bực mình cái quảng cáo cứ suốt ngày lỗi chả có tim để học nhưng mà vì các bài học hay nên cho 3 sao thui,2022-03-29 03:15:10,Neutral,"I'm so annoyed with the ads all the time that I don't have the heart to learn, but because the lessons are good, I give it 3 stars."
078dfbdf-82b6-42b7-8d90-f089a736f3b1,004,3,"the app is good, it's very helpful except for one thing. i coudn't see many videos because they're not display images but i still hear the sound. please fix it. i don't know whether it's because of my device or the app's errors. it's really annoying",2022-03-19 15:20:06,Neutral,"the app is good, it's very helpful except for one thing.i coudn't see many videos because they're not displaying images but i still hear the sound.please fix it.i don't know whether it's because of my device or the app's errors.it's really annoying"
