review_id,app_id,rating,comment,date,sentiment,comment_en
537a3af7-e29d-4ef4-9793-724e8fe80f73,002,4,"nhầm khi elsa không nghe rõ giọng mình á, và có vài câu đúng, vài câu sai. cho nên mình đánh giá 4 sao nha. thanks you❤️💐",2023-09-16 12:33:03,Positive,"It's a mistake when Elsa can't hear her voice clearly, and some sentences are correct, some sentences are wrong.So I rate it 4 stars.thank you❤️💐"
d05845dd-0bdd-4674-8266-90830b01453b,002,5,"hmm ... phải nói như thế nào đây . chắc là app rất tốt , thích nhất là tính năng kiểm tra phát âm . tuyệt 🥰",2023-09-14 14:03:16,Positive,"hmm... how should I say this?Surely the app is very good, I like the pronunciation check feature the most.great 🥰"
a8ef0ce5-af00-4de0-89ee-215e88fa4499,002,4,"có một số từ mình bấm vào xem phần phát âm thì nó loading khá lâu buộc mình phải thoát ra vào lại nhiều lần, mong elsa chỉnh sửa lỗi này.",2023-08-22 03:51:19,Positive,"There are some words that when I click to see the pronunciation, it takes a long time to load, forcing me to log out and back in many times. I hope Elsa will fix this error."
6a680bc6-5204-4a6a-9d82-cb9361c10018,002,5,hay học hay àm còn phải tải thêm app và app elsa phải thêm các cách học như vừa chơi vừa học thì các bạn mới chịu học,2023-08-15 04:55:19,Positive,good at studying but you also have to download more apps and the elsa app has to add learning ways like playing and learning so you can learn
f3414946-3431-4eb7-9658-5a9f9b3f4d56,002,4,"lưu ý nhớ hủy gia hạn nếu đăng kí sử dụng thử 1-3 tháng hoặc gì đấy, sẽ tự đồng trừ tiền sau khi tài khoản hết hạn. đang tính đăng ký gói 1 năm thì bị trừ tiền gói tháng đúng chán.",2023-08-11 11:09:33,Positive,"Please remember to cancel the renewal if you sign up for a 1-3 month trial or something, the money will automatically be deducted after the account expires.I was planning to sign up for a 1-year package but the monthly package fee was deducted, which is really boring."
7dc5f5ab-9135-45ed-8b9d-c05816840f98,002,5,trải nghiệm bằng thiết bị hệ điều hành ios thì thuận tiện hơn android. dùng samsung nên bị thiếu 1 vài chức năng nhỏ k có,2023-08-11 02:27:43,Positive,"Experience with iOS devices is more convenient than Android.Using Samsung, there are a few small functions missing"
39723fcc-c347-463e-9ae1-13dae6289209,002,4,"app rất ok, mình rất thích dùng. chỉnh sửa phát âm chuẩn, biết được mình đang sai ở đâu. nhưng chỉ biết cách phát âm còn học từ vựng thì hơi khó nhớ. mong app sẽ có phần học từ bằng fastcast, điền từ thiếu ở phần ""bộ bài học tự tạo"" nữa thì quá ok. nên tải nhé",2023-08-10 05:41:54,Positive,"The app is very good, I really like to use it.Correct pronunciation, know where you are going wrong.But only knowing how to pronounce and learning vocabulary is a bit difficult to remember.I hope the app will have a part to learn words using fastcast, and fill in missing words in the ""self-created lesson set"" section, which would be great.you should download it"
f8619053-e6d7-44aa-9956-bbf016e75270,002,5,"app ổn áp nha, phát âm của mình có cải thiện hơn rất nhiều, đặc biệt là ipa, chú ý ending sound nữa. luyện tập thường xuyên thấy quen mắt, quen mặt chữ không còn sợ tiếng anh nữa luôn. cảm ơn elsa❤️",2023-08-04 14:05:25,Positive,"The app is stable, my pronunciation has improved a lot, especially ipa, pay attention to the ending sound.If you practice regularly, you will get used to the words and faces and will no longer be afraid of English.Thank you Elsa❤️"
19450ff9-e569-4cf8-a6cc-8b2c94657de0,002,5,"app này học thật tuyệt,em có dự định du học qua canada nên app này rất giúp ích cho việc cải thiện lời nói sao cho được nhất !!!",2023-07-30 05:53:33,Positive,This app is great for studying. I plan to study abroad in Canada so this app is very helpful in improving my speech as best I can!!!
96a2ab76-86b6-4f3f-9057-1d5fc48c4be7,002,5,đây là một trong những thành tựu dạy tiếng anh bằng trí tuệ nhân tạo tuyệt vời trong thế kỷ 21 và rất mong elsa speak sẽ lập trình thêm nhiều ngôn ngữ để người dùng có thể trao dồi kiến thức thêm,2023-07-16 14:24:07,Positive,This is one of the great achievements in teaching English using artificial intelligence in the 21st century and we hope Elsa Speak will program more languages ​​so that users can improve their knowledge.
28db73b5-f533-4c7d-abd7-0e2a5af664a2,002,5,"app dễ học, giúp nâng cao trình độ nhanh chóng. nên cập nhật thêm về tính năng luyện từ vựng toiec, ielts, luyện nghe toiec.",2023-07-16 04:14:57,Positive,"The app is easy to learn and helps you improve your skills quickly.Should update more about TOEIC vocabulary practice, IELTS, TOEIC listening practice."
8d2cd006-6f3f-498a-b089-a762b7ecfc1a,002,5,rất hay! chúng ta có thể luyện phát âm rất hay lại ít dung lượng .hợp cho người hay phát âm hay sai.chúc bạn thành công ☺️,2023-07-13 13:29:44,Positive,very nice!We can practice pronunciation very well with little space. Suitable for people who often pronounce incorrectly. Wish you success ☺️
63bc3165-1649-417a-9405-7d78e50ee983,002,4,"app bị 1 vấn đề. đó lúc đt chuyển từ 4 vạch wifi sang 5 vạch, và ngược lại. thì sẽ hủy cái phần thu âm của mình. làm mình phải đọc lại từ đầu. rất khó chịu. mong sẽ khắc phục lỗi này.",2023-07-09 13:27:55,Positive,"The app has a problem.At that time, the phone switched from 4 wifi bars to 5 bars, and vice versa.I will cancel my recording.Makes me have to read it again from the beginning.very annoying.Hope this error will be fixed."
2baab75f-7685-4723-b9fa-66fe13ef4cf4,002,5,app này cần phải có những ví dụ mẫu câu thông dụng hàng ngày để người thực hành nói và nhớ luôn những mẫu câu thiết thực trong cuộc sống chú ko chỉ phát âm thôi không ?,2023-06-05 14:40:35,Positive,"This app needs to have examples of common everyday sentences so that people can practice speaking and remember practical sentence patterns in life, not just pronunciation, right?"
660c2fc3-3db8-46ed-850d-dfec0db2881d,002,5,quá là ổn áp đầy đủ lws luôn kiểu như từ vựng và dậy phát âm ưng cái bụng nhiều khoá học nâng cao vvvvvv 333 ngoài ra tớ cx giới thiệu vài app okee khác nữa là cake và hack não cùng four english ( là trải nghiệm của mh tất cả nó cx ít dung lượng lại bổ ích tội gì ko hok phải khum),2023-06-03 14:11:42,Positive,"It's too stable and full of lws like vocabulary and pronunciation training, many advanced courses etc. 333. In addition, I also recommend a few other okee apps, such as cake and brain hacking and four English (it's my experience, all of them are small in size and useful, so why bother)"
fa59df5d-1fc8-4d2e-ab06-6f0799167fbc,002,5,học hay lắm nha. nhưng mỗi tội là phải đăng ký vip mới học dc hết nhx học miễn phí cũng hay lắm nha 🤘🤘🤘,2023-05-25 04:54:36,Positive,"Study very well.But the only problem is that you have to register for VIP to learn everything, but it's great to learn for free 🤘🤘🤘"
35f3740e-0869-4662-8504-d9d6b00191cc,002,5,"ứng dụng này thật sự rất hay nó giúp ta cải thiện được rất nhiều về nghe và nói nha, còn có những video về dạy cách phát âm cực chủân của người bản xứ nữa nên tải nha💯",2023-05-24 11:49:48,Positive,"This app is really great. It helps us improve a lot in listening and speaking. There are also videos on teaching native pronunciation, so download it💯"
48c05d5a-37bc-44fb-a8ac-91f26d98cd1a,002,5,ứng dụng đánh giá và sửa lỗi phát âm rất tốt mỗi tội học phí thì tôi không thể đóng được vì nó hơi mắc.,2023-05-15 12:43:47,Positive,"The app evaluates and corrects pronunciation errors very well, but I can't pay the tuition fee because it's a bit expensive."
97164367-3998-40ee-9da4-aff26a3e57fa,002,4,"rất hữu ích nhưng khuyết điểm là mình ko biết mình nói và phát âm như vậy thì mình sẽ mấy điểm, dung lượng của ứng dụng khá nhiều nên hơi khó tải cho những máy ít dung lượng. mong nhà xuất bản xem xét lại!",2023-05-05 15:26:15,Positive,"very useful, but the downside is that I don't know how many points I will get if I speak and pronounce like that. The application's capacity is quite large so it's a bit difficult to download for low-capacity devices.Hope the publisher reconsiders!"
b0f092fd-00a5-48cf-b51a-08bf230e70a8,002,5,"app tự đôngj gia hạn gói. tự động trừ tiền trong tín dụng. tôi muốn hoàn tiền mà k được, k giải quyết vấn đề của khách hàng!",2023-04-28 14:40:07,Positive,"app automatically renews the package.Automatically deduct money from credit.I want a refund but I can't, it doesn't solve the customer's problem!"
8c789229-a9fb-4ded-8bc3-caae76a4d6dd,002,4,hôm nay tôi không đăng nhập được tài khoản của mình đã đăng ký. gửi tìm lại mật khẩu theo email thì hệ thống báo không tìm được tài khoản mặc dù mới hôm qua vẫn xài bình thường?,2023-04-24 11:32:55,Positive,"Today I can't log in to my registered account.When I send a password recovery email, the system says the account cannot be found even though it was used normally yesterday?"
f6a60c5e-d8fc-4744-98d9-6c627bb12585,002,5,"mình thấy ok nhé, đội hỗ trợ nhanh, có thể rèn luyện được khả năng nói vì có nhiều bài luyện chi tiết, hữu ích",2023-04-07 08:22:23,Positive,"I think it's ok, the support team is fast, you can practice your speaking ability because there are many detailed and useful exercises."
16b93fe0-8fc4-419b-8570-aa6d3106c84e,002,5,"rất hay ạ♥👌✨🌟✨🌟. hồi trước mình học rất bực vì nó báo sai từa lưa, đọc giải thích ra cũng chẳng tiếp thu được gì, cái bỏ. sau 1 thời gian (cũng khá là lâu do mình học cà rỡn lúc lặn lúc hụp😁) tự rèn luyện với sự trợ giúp của các thầy cô trên youtube, đọc bảng ipa đồ đó, trên kênh ielts fighter và các nội dung tiếng anh thư giãn như kênh lapo english,...mình thấy thoải mái hơn với tiếng anh. giờ thử lại có cảm nhận tốt hơn😊😃",2023-04-05 07:13:14,Positive,"very nice ♥👌✨🌟✨🌟.In the past, I was very frustrated when I was studying because it reported wrong words, and when I read the explanation, I couldn't absorb anything, so I gave up.After a period of time (quite a long time because I learned to joke around while diving and snorting😁) practicing myself with the help of teachers on youtube, reading that chart, on the ielts fighter channel and relaxing English content like the lapo english channel,... I feel more comfortable with English.Now try again and feel better😊😃"
7d20e4ea-e40d-4b0d-844d-39004c89cfa3,002,5,app cập nhật thêm tính năng sửa nghĩa cho các từ trong bộ bài học thì tuyệt vời luôn ạ tại google dịch đôi khi không đúng lắm,2023-03-30 15:57:45,Positive,"The updated app adds the ability to edit meanings for words in the lesson set, which is great, because google translate sometimes isn't quite right."
4aad8ad6-30d4-4ebd-8086-0e4a1db13af8,002,4,"ứng dụng này có cải thiện phát âm của mình. nhưng có điểm trừ là truy cập buổi tối rất rất lag, hi vọng app có biện pháp khắc phục sớm.",2023-03-24 14:47:27,Positive,"This app has improve your pronunciation.But the downside is that access at night is very laggy, hopefully the app will have a fix soon."
3cee9bc2-529c-450d-83f1-94958e943d38,002,5,"sau mấy tháng sử dụng thì phát âm đã cái thiện hoàn toàn, mình tự tin hơn, nói hay hơn, đây là app chất lượng nên thử",2023-03-12 13:54:49,Positive,"After a few months of using, my pronunciation has completely improved, I'm more confident, I speak better, this is a quality app you should try."
48b47aab-09af-438b-a67b-db768d7637e9,002,5,cải thiện nhiều cho kĩ năng phát âm của mình. cực kì nhiều bài luyện nói và nâng dần mức độ lên nữa nè. app tuyệt vời ạ,2023-03-03 13:11:11,Positive,Improve your pronunciation skills a lot.Lots of speaking exercises and gradually increasing the level.great app
d3c7d646-31d2-4ed7-ad42-c2e3a46d3f1a,002,4,"một trong những điểm tệ là ở khâu đăng ký, đăng nhập tài khoản. ko cải thiện gì về vấn đề này. rắc rối, rườm rà và hay lỗi. khiến trải nghiệm với ứng dụng ảnh hưởng. xem xét lại, thanks",2023-03-03 09:57:13,Positive,"One of the bad points is in the process of registering and logging into an account.No improvement on this issue.complicated, cumbersome and error-prone.makes the experience with the application affected.reconsider, thanks"
46528e78-61e8-4c7e-a995-a9f18fa2c68f,002,5,ứng dụng có cách nhận diện phát âm khá tốt cũng như phát hiện các lỗi đọc sai và tips hướng dẫn đọc đúng theo người bản xứ.,2023-01-31 02:19:04,Positive,The application has a pretty good way of identifying pronunciation as well as detecting misreading errors and tips on how to read correctly according to native speakers.
7a7188c5-95cf-4079-a6b1-f9147216e8db,002,5,"nhiều bài học rất hay, từ khi biết app tôi cải thiện trình độ speak rất nhiều, có những bài tôi đọc đi đọc lại nhiều lần mới được",2023-01-30 02:09:50,Positive,"Many lessons are very good. Since knowing the app, I have improved my speaking ability a lot. There are some lessons that I read over and over again to get the hang of it."
a2fbd874-d415-41e2-9ba7-bf8e78ca3c9a,002,5,"quá tốt, cái app này quá tuyệt, phần nào cũng được tạo ra rất tốt luôn, đặc biệt là phần xác định và dạy tiếng anh",2023-01-20 11:30:38,Positive,"so good, this app is so great, every part is very well created, especially the part about identifying and teaching English"
39b9b9c3-e422-4c37-9fb5-445a39173d29,002,5,"elsa ơi, nếu các bạn đọc bình luận của tôi thì hy vọng bạn nhắn tới các bạn lập trình viên giúp là tôi vẫn đang chờ elsa ra mắt phiên bản dành cho pc. việc học trên điện thoại rất tuyệt và thuận tiện, tôi vẫn là thích sử dụng điện thoại để học tuy nhiên để tạo bài học cho riêng mình bằng gõ chữ trên điện thoại thật sự là vô cùng bất tiện. nếu việc tạo flatform cho khách hàng sử dụng bằng pc quá mất nhiều tài nguyên, hay bạn chỉ tạo web để upload bài học qua user của khách hàng thì có được không?",2023-01-18 14:51:58,Positive,"Dear Elsa, if you read my comment, I hope you can send a message to fellow programmers that I'm still waiting for Elsa to release a PC version.Learning on the phone is great and convenient. I still like using the phone to study, but creating your own lessons by typing on the phone is really extremely inconvenient.If creating a platform for customers to use on a PC takes too many resources, or is it okay if you just create a website to upload lessons via the customer's user?"
9cc7e8c6-5ab0-4c62-a20c-7b66486b0352,002,5,mình thích cái tương tác phản hồi của app cực kì. à mà thêm 1 điều nữa không liên quan tới kỹ năng đó là giao diện app xinh quá trời.,2023-01-14 16:10:26,Positive,"I really like the interactive feedback of the app.Oh, one more thing unrelated to skills is that the app interface is so pretty."
961047e3-d07e-437a-8aea-9a0059cd3e9b,002,4,"học ba ngày thấy giọng phát âm hay hơn kiểu này học 1 năm là out to nói tiếng anh vụn vút có điều giá lúc đầu hơn 600k cái lúc thanh toán hơn 900k😥, chật vật cả ngày mới thanh toán đc hơn 800k 😓",2023-01-13 10:22:04,Positive,"After studying for three days, I found that the pronunciation was better. After studying for 1 year, I came out and spoke broken English, but the initial price was more than 600k, but when I paid for it, it was more than 900k😥. I struggled all day to pay more than 800k 😓"
da6e9b75-917c-4649-a35e-4065cb888658,002,5,tôi đã đăng ký elsa pro từ 27/11/2022 có hiệu lực 1 năm. hiện tại đăng nhập vào học lại yêu cầu mua lại gói pro. nhờ admin kiểm tra lại,2023-01-12 15:25:02,Positive,"I have subscribed to elsa pro from November 27, 2022 with 1 year validity.Currently, logging in to study again requires purchasing the pro package again.Please admin check again"
9e1785a5-5c65-4e42-90c6-e0c07fb02816,002,5,tuyệt vời khi sử dụng ứng dụng elsa để học và giao tiếp cũng như sửa cách phát âm. ứng dụng dễ dàng sử dụng cho tất cả mọi lứa tuổi.,2023-01-12 02:03:42,Positive,great to use elsa app to learn and communicate as well as correct pronunciation.The application is easy to use for all ages.
6acdd67a-2489-4a36-82d6-73d16f8673c8,002,5,"ứng dụng có giao diện dễ sử dụng, có sử dụng công nghệ ai nhận diện giọng nói, hỗ trợ tốt phần phát âm tuy chỉ đúng khoảng 95-96%. dù vậy, khá hiệu quả trong việc luyện phát âm và nói tiếng anh, bổ sung vốn từ!",2023-01-02 02:14:38,Positive,"The application has an easy-to-use interface, uses AI voice recognition technology, and supports pronunciation well, although it is only about 95-96% correct.However, it is quite effective in practicing English pronunciation and speaking, and adding vocabulary!"
e6528111-2044-4555-ace5-6c95be3a6ce5,002,5,"app thuận tiện, chỉ vs 1 chiếc đt mình sử dụng mọi lúc mọi nơi, mình cũng hay check phát âm trên app trước giờ thi các kì thi hùng biện, phỏng vấn, thuyết trình, nó boost tự tin mình lên rất nhiều",2022-12-28 14:05:40,Positive,"The app is convenient, with just one phone I can use it anytime, anywhere. I also often check my pronunciation on the app before speaking exams, interviews, presentations, it boosts my confidence a lot."
67b2c7d4-dbb0-4042-b2ca-7ea82b8404bc,002,5,"elsa nên mở giao diện học trên pc hoặc macos, hoặc web. học chỉ trên đt thì rất bât tiện, trong 1 số trường hợp",2022-12-12 05:07:31,Positive,"Elsa should open the learning interface on pc or macos, or the web.Studying only on the phone is very inconvenient, in some cases"
5dee2289-dd2c-4ed4-b5ac-5c921cf0a901,002,4,mọi người nên tải ứng dụng này ngay tại vì nó rất hữu ích tuy là nó có hơi quảng cáo nhưng nếu mà bớt quảng cáo lại thì tôi sẽ cho năm sao còn bây giờ tôi tạm thời thì cho 4 sao mà thôi nhưng ứng dụng này cũng rất là tuyệt vời đối với tôi rồi.,2022-12-08 12:16:15,Positive,"Everyone should download this application right away because it is very useful, although it has a bit of advertising, but if there were less advertising, I would give it five stars, but now I will temporarily give it 4 stars, but this application is also very great for me."
430c54d9-8300-4472-a4c7-96e6e2e47de5,002,5,"app luyện tiếng anh rất hay và đầy cảm hứng.tuy nhiên việc đồng bộ điểm elsa khi học trên nhiều thiết bị chưa tốt, điểm sẽ ko cập nhật cho đến khi học một bài mới trên thiết bị thì điểm elsa mới cập nhật lại.",2022-11-24 14:00:02,Positive,"The English practice app is very good and inspiring. However, the synchronization of Elsa scores when studying on multiple devices is not good, the scores will not be updated until a new lesson is learned on the device, then the Elsa scores will be updated again."
93267e02-5519-43b4-a5dc-54fa1e465fbb,002,5,"elsa is really a good app to practice english pronunciation. furthermore, it helps me to differentiate clearly ending sounds, which directly improves my listening skills. now, i can understand partly the tv news at normal speaking speed of native speakers.",2022-11-15 12:17:15,Positive,"Elsa is really a good app to practice English pronunciation.furthermore, it helps me to clearly differentiate ending sounds, which directly improves my listening skills.now, i can understand partly the tv news at normal speaking speed of native speakers."
d1a15479-99fc-44cf-8c55-cd1d75edbc14,002,4,"mình cực kì thích ứng dụng này, nó giúp mình cải thiện rất nhiều. tuy nhiên dạo gần đây elsa speak load rất lâu, sai 1 cụm phải đợi tầm 1p2p gì đó hoặc thậm chí hơn để có thể nghe phát âm đúng. mong nhà sản xuất khắc phục lỗi này( không phải do wifi)",2022-11-11 16:16:28,Positive,"I really like this app, it helps me improve a lot.However, lately, Elsa speak has been loading for a long time. If you get a wrong phrase, you have to wait about 1 minute or even more to hear the correct pronunciation.Hope the manufacturer fixes this error (not due to wifi)"
8b05e3b6-b129-41f3-a398-5bf27b09c6a7,002,5,muốn học phát âm chuẩn thì app elsa này là gợi ý không tồi. t đang dùng rồi. phát âm mỏi miệng lắm nhưng hiệu quả.kk,2022-11-11 02:15:29,Positive,"If you want to learn correct pronunciation, this Elsa app is not a bad suggestion.I'm already using it.Pronunciation is tiring but effective.kk"
349bf298-a649-463b-9a0f-ff6cdc631aac,002,5,"lợi ích của ứng dụng này là học tiếng anh miễn phí, dễ nghe, dễ hiểu, giao tiếp với bạn bè trong và ngoài nước...",2022-11-07 02:11:36,Positive,"The benefit of this application is to learn English for free, easy to listen and understand, communicate with friends at home and abroad..."
5995eb86-563c-4cf4-b8bf-43919b44dae9,002,5,"đánh giá khá chính xác, trọng tâm mong app cố gắng hơn nữa, luôn ủng hộ app rất hay, giúp cải thiện phát âm, giọng điệu",2022-11-02 16:11:23,Positive,"The assessment is quite accurate, I hope the app will try harder, always support the app, it is very good, helps improve pronunciation and tone."
bec824f9-8bd4-4697-8ddd-837feeaed42d,002,5,"nhờ có app mà mình đã sữa được rất nhiều từ đọc sai. bên cạnh đó, việc học nghe và nói thường xuyên giúp mình thu nạp kiến thức nhanh hơn và ghi nhớ lâu hơn. app khá là tốt cho những bạn luyện nói và nghe nên hãy tận dụng nhé 🌱",2022-10-23 14:03:16,Positive,"Thanks to the app, I have corrected many misread words.Besides, learning to listen and speak regularly helps you acquire knowledge faster and remember it longer.The app is quite good for you to practice speaking and listening, so please take advantage of it 🌱"
eb83c915-3164-4588-b2bb-bad796877aa0,002,5,"ưu điểm:phát âm chuẩn, phù hợp cho những bạn không phát âm rõ môn tiếng anh.rất hay, tôi cảm thấy rất hài lòng, mọi người cũng nên thử một lần cho biết, đảm bảo không cảm thất vọng với ứng dụng này cho năm sao khuyết điểm: đôi khi không nghe rõ lời bạn nói, có thể bị lỗi vài chỗ nhưng không bao giờ phát âm sai và đánh giá hợp lý kết luận: nên tại để cải thiện nói tiếng anh, giao tiếp với người nước ngoài, nên tải vì tác dụng lớn, hãy tải ngay nhé mọi người, cảm ơn đã xem đọc xét của mình. 😄🥰",2022-10-20 13:25:53,Positive,"Advantages: standard pronunciation, suitable for those who don't pronounce English clearly. Very good, I feel very satisfied, everyone should try it once, guaranteed not to be disappointed with this application, give five stars Cons: sometimes can't hear what you say clearly, there may be a few errors but never mispronunciation and reasonable evaluation Conclusion: should be for improving English speaking, communicating with foreigners, should download because it has a great effect, download it now everyone, thank youThank you for your reading.😄🥰"
233ed844-f2ed-4bb6-bea2-3b5b83d84967,002,5,"tuyệt vời. nhưng mình vẫn muốn có mặt trên desktop tích hợp nhiều tính năng hơn như nghe lại với tốc độ chậm hơn , video có thể quay chậm ... kính mong elsa phát triển",2022-10-14 14:41:45,Positive,"Great.But I still want it to be on the desktop with more integrated features such as playback at a slower speed, videos that can slow down... I hope Elsa develops"
89e0e94b-8486-4cb1-ab05-8cf70e8a65f5,002,5,"ứng dụng rất tốt, nhưng với vái trò người học tôi nghĩ cần thêm chức năng xem lịch sử những bài học đã học để dễ ôn tập hơn.",2022-10-06 12:26:52,Positive,"The application is very good, but as a learner, I think I need to add the function of viewing the history of lessons learned to make it easier to review."
5b1368ca-2094-4554-963c-23984aa6aea6,002,5,"em ở miền quê không có môi trường được tiếp xúc tiếng anh nhưng app elsa là công cụ tuyệt vời để em đắm chìm trong tiếng anh, dù chỉ có 5 bài được hằng ngày thôi! nhưng em cảm nhận mình đã có những giây phút tuyệt vời được chìm đắm trong tiếng anh ạ.",2022-09-24 13:07:54,Positive,"I live in the countryside and don't have an environment where I can learn English, but the Elsa app is a great tool for me to immerse myself in English, even though I only get 5 lessons a day!But I feel like I had wonderful moments immersed in English."
155775f9-e042-49a0-9301-66bac6a3e9c4,002,5,"app rất hay,hình ảnh khá thú vị,thú vị nhất là ở phần nói. mặc dù tốn tiền nhưng chăm chỉ học sẽ thấy khá thú vị,vì mình phải đấu giành hạng sẽ có cảm giác học hơn. mong app có thể làm nhiều phần học hơn,tạm thời khá hay nên cho 5 sao",2022-09-06 02:34:42,Positive,"The app is very good, the images are quite interesting, the most interesting part is the speaking part.Even though it costs money, studying hard will be quite interesting, because you have to compete for rank, it will make you feel more like studying.I hope the app can do more learning sessions. For now, it's quite good so I give it 5 stars"
571d6a20-d79e-4e3f-aa2c-7622e25dd9bc,002,4,"chẳng biết có phải do cảm tính hay không nhưng từ khi nộp tiền học thì máy chấm tệ hơn mình nghĩ, phát âm mình không rõ hay sao mà máy không thu được gì hết. phần ngữ điệu mình góp ý nên hướng dẫn chi tiết hơn một chút, kèm số liệu, thời lượng mình nói, lên xuống cụ thể, cứ nhanh chút, chậm chút thì mình thật sự không theo được, mà vụ đọc điểm không lên là do bản thân người học nhé, đợt mình chưa mua 1 năm lên ầm ầm, nhưng có vẻ trình chỉ tới nhiêu đó phần trăm (97) thôi nên lên không được nữa.",2022-09-02 07:00:00,Positive,"I don't know if it's emotional or not, but since I paid for the course, the grading machine is worse than I thought, my pronunciation isn't clear or something, but the machine doesn't record anything.As for the intonation part, I suggest that the instructions should be a bit more detailed, with data, the amount of time I speak, specific ups and downs, if I'm a little faster or a little slower, I really can't follow it, but the problem of reading scores that don't go up is due to the learners themselves. The batch I haven't bought for 1 year has been booming, but it seems like my performance is only up to that percentage (97) so I can't go up anymore."
143e41a1-b461-4a17-af5e-78d380d39fcd,002,5,"app hay lắm luôn mlij người. vừa có thể nghe, nói. đặc biệt là có thể cho mình biết mình nói sai chỗ nào luôn đó. nhanh tay tải về đi",2022-08-29 06:45:10,Positive,"The app is very good, people.can both listen and speak.Especially if you can tell me where I'm wrong.Quickly download it"
4b5305da-43af-4714-9ce1-f43490edf423,002,4,"phần âm thanh sau mỗi lần hoàn thành phát âm nghe khá lớn (so với giọng đọc trong chương trình) và chói, theo mình nên thay đổi âm thanh hoặc cho phép tùy chỉnh giảm âm lượng của tiếng đấy xuống.",2022-08-28 13:24:07,Positive,"The sound after each pronunciation is completed is quite loud (compared to the voice in the program) and harsh. In my opinion, I should change the sound or allow customization to reduce the volume of the sound."
87af921a-9536-43d2-81e1-a84078b4cb2d,002,5,10đ không còn gì để nói 1 công cụ tuyệt vời và siêu hữu ích để mình cải thiện tiếng anh và sớm đạt được những chứng chỉ mong ước,2022-08-28 12:52:40,Positive,"10 VND, nothing more to say. A great and super useful tool for me to improve my English and soon achieve my desired certificates."
50c40597-0d6b-485f-911c-6eedfc5e5990,002,5,"app thì chậm, không nhận dạng được giọng nói, dù đã bỏ tiền ra mua tài khoản, tạo cái app mà không có trách nhiệm thì thôi xóa mẹ app đi, ăn tiền cho cố dô rồi làm ăn gì kì cục. để 5 sao để mn đọc đc thì đừng tải",2022-08-26 07:35:38,Positive,"The app is slow, can't recognize voice, even if you spent money to buy an account, create an app without being responsible, then delete the app, take money for your own sake and then do something strange.If you leave 5 stars so I can read it, don't download it"
a874da6f-7a81-460f-9a96-ed05d356e5a7,002,5,trải nghiệm tuyệt vời cho những người mới bắt đầu của cuộc sống học ngoại ngữ. hay lắm hãy đến và tận hưởng những điều mới trong chân trời mới cho các bạn. thế giới đang chứa đựng trong đây rất cần các bạn đến khám phá. chào mừng các bạn đến với ngôi nhà mới này. hãy trải nghiệm những điều thú vị và mới mẻ có trong đây. sức sống khai nguyên đã bật lên cho chúng ta để trở thành những chủ nhân tuyệt vời của thế giới mới này thế giới công nghệ khoa học thông tin điện tử. học để tương lai tươi sáng,2022-08-26 03:05:05,Positive,"Great experience for those just starting out in their foreign language learning life.It's great, come and enjoy new things in the new horizon for you.The world contained here really needs you to explore.Welcome to this new home.Experience the interesting and new things here.The original vitality has emerged for us to become the great masters of this new world of electronic information science technology.Study for a bright future"
f465b5c7-3a18-4ca0-bc3e-a667edbdca39,002,4,"ủa rồi cái bộ bài học của ng ta đâu ,đù má lưu một đống từ vựng vào xong h ko tìm thấy là sao",2022-08-24 09:28:46,Positive,"Oh, where's their lesson set? Damn, I saved a bunch of vocabulary and I can't find it."
2fe9ba3e-cdbe-45d5-8673-2cb0c1516341,002,5,"phát âm yêu cầu rất nghiêm khắc, và cũng rất chuẩn, tuy nhiên để học đc cách phát âm chuẩn toàn phải tra youtube chứ app dạy bằng lời hơi khó hình dung",2022-08-19 10:46:38,Positive,"Pronunciation requirements are very strict, and also very standard, however to learn correct pronunciation you have to look up YouTube, the verbal teaching app is a bit difficult to figure out."
b698976e-7d91-447f-ada2-529663b13f52,002,5,"mình đã đăng kí bạn pro, sau hơn 1 tháng sử dụng, mình thấy trình độ ngôn ngữ của mình đã đc cải thiện. app chỉ từng lỗi sai nhỏ giúp mình cẩn thận trong việc đọc. ngoài ra app còn có nhiều tính năng hữu dụng. mình rất thích app này",2022-08-17 12:21:11,Positive,"I signed up for pro, after more than 1 month of use, I see my language level has improved.The app points out small errors to help you be careful in reading.In addition, the app also has many useful features.I really like this app"
97be10a1-ece8-4159-8f6a-42ca7dd1947b,002,5,"ai chê chê chứ m thấy app hay, app duy nhất theo đc lâu nhất từ trc tới h. luyện từg chủ đề nên hữu ích trog giao tiếp hàg ngày",2022-08-10 08:07:49,Positive,"No one criticizes it, but I think it's a good app, the only app that's been followed the longest since before.Practice each topic so it is useful in everyday communication"
db775156-419f-431f-88eb-a9d234eb6cdb,002,4,"ứng dụng rất tốt, nhưng có một số bài chữ bị ẩn nên khó nhìn, không có phần lịch sử bài học để ôn tập lại, không có phần tìm kiếm bài học để tránh mất thời gian. mong app có thể bổ sung thêm. cảm ơn.",2022-08-05 09:02:22,Positive,"The application is very good, but some text is hidden so it is difficult to see, there is no lesson history to review, and no lesson search to avoid wasting time.Hope the app can add more.Thanks."
2069088e-e149-4897-9091-4cd7d1c35b87,002,5,"mình mua gói trọn đời của ứng dụng này từ những ngày đầu mới ra. dạo trước bận ít vào, nay vào lại thấy những góp ý của mình ngày trước đã được hoàn thành và app ngày càng thú vị và bổ ích, thấy việc mua trọn đời thật xứng đáng.",2022-08-04 09:36:46,Positive,"I bought a lifetime package of this app since the first days of its release.I've been busy in the past, but now I come back and see that my suggestions from the previous day have been completed and the app is becoming more and more interesting and useful. I feel like buying it for life is worth it."
3febd208-6190-4468-8371-c911cd71bf70,002,5,"tốt nhưng mà muốn học toàn diện thì phải tốn tiền với lại bài học miễn phí rất ít, nhưng bù lại cái hay, tốt 👍👍",2022-08-01 15:16:04,Positive,"It's good, but if you want to learn comprehensively, you have to spend money and there are very few free lessons, but in return it's good and good 👍👍"
af28e669-4165-4bff-b05e-164b8c23b160,002,4,"ở các từ nên thêm vào nó là danh từ(n), hay tính từ(adj) để người học dễ dàng nhận biết tính chất của từ thì sẽ hay hơn.",2022-07-31 00:45:05,Positive,"In words, it would be better to add a noun (n) or an adjective (adj) so that learners can easily recognize the nature of the word."
9f24fdb6-46ce-42e8-9c25-f9cc30b71537,002,5,rất hài lòng.nhờ áp này tôi có thêm kĩ năng giao tiếp và xắp sép các lộ trình học hiệu quả .mang đến tương lai rộng mở . mong app phát triển rộng để mn biết đến nhiều hơn 💥✍️,2022-07-28 04:44:00,Positive,"very satisfied. Thanks to this application, I have more communication skills and arrange effective learning paths, bringing a bright future.I hope the app grows widely so people know more 💥✍️"
8249ae06-af08-4e95-8b65-7020a47b235c,002,5,"hy vọng elsa nâng cấp mục dictionary để pronunciation cho từ, câu và đoạn văn nghe tự nhiên hơn. giống như cách các apps hay website ai speech khác.",2022-07-27 12:23:23,Positive,"Hopefully Elsa will upgrade the dictionary section to make pronunciation of words, sentences and paragraphs sound more natural.the same way as other ai speech apps or websites."
ba55c746-03e3-4237-b0c2-19090d1a2286,002,4,chức năng nghe lại sau khi nói bị nhỏ quá. mặc dù đã chỉnh lớn âm lượng và tiếng nói của hệ thống thì nghe rất to.,2022-07-16 11:29:02,Positive,The function to listen again after speaking is too low.Even though I turned up the volume and the system's voice sounded very loud.
bd8a9517-567e-43ae-aecc-518ed7ee7682,002,4,"app cũng hay nhưng công cụ đánh giá có vẻ chưa chuẩn xác lắm, e mình đọc siêu vẹo mà cũng được 80%, chưa phân cấp bậc và lộ trình học nên ng dùng chưa biết mình đang ở cấp độ nào để học cho vừa sức, đùng một phát cho bnh từ mới khó đọc luôn.",2022-07-06 14:22:24,Positive,"The app is also good, but the assessment tool doesn't seem to be very accurate. I'm afraid my reading ability is very poor but I can still get 80%, there's no level and learning path yet, so users don't know what level they're at to learn properly. All of a sudden, new words are hard to read."
700eac87-57b9-4413-b54f-a052fa6da743,002,5,"rất hay nhưng nhà làm ứng dụng có thể chỉnh cho ứng dụng được gần hơn với thực tế vì trong phát âm tiếng anh thì các từ có thể đọc khác đi, mong nhà sản xuất đọc đánh giá này",2022-07-03 14:41:02,Positive,"It's very good, but the app maker can adjust the app to be closer to reality because in English pronunciation, words can be read differently. I hope the maker reads this review."
1057b87e-a14b-401c-8990-25f3155b2dad,002,4,"dạo này chức năng nhận diện âm thanh của elsa hơi chán. mình ngồi ở nơi yên tĩnh, sóng mạng tốt, với phiên bản cập nhật mới nhất của elsa, nhưng chỉ cần bật quạt ở xa, có tiếng quạt chạy, gió thổi thôi là app không nhận diện được tiếng đọc luôn. trước đây mình thấy chức năng bắt âm thanh của app hơi kém nhưng bây giờ thậm chí còn chán hơn. không lẽ mỗi lần dùng elsa lại tắt cả quạt đi nữa. tốc độ load giao diện cũng hơi chậm, mà mình có thể chắc rằng lỗi không phải do điện thoại hay internet.",2022-07-02 15:26:14,Positive,"Elsa's sound recognition function is a bit boring these days.I sit in a quiet place with good network signal, with the latest updated version of Elsa, but as soon as I turn on the fan from afar, the sound of the fan running or the wind blowing makes the app not recognize the reading sound.Previously, I found the app's sound capture function to be a bit poor, but now it's even more boring.Maybe every time I use Elsa, I turn off the fan.The interface loading speed is also a bit slow, but I can be sure that the error is not due to the phone or the internet."
0eb6aebf-8de8-49c7-bdb3-f27ab6dd12b6,002,4,ứng dụng học nói rất tuyệt vời nhưng vẫn còn những lỗ hổng. khi mình tra từ thì thấy có nhiều từ máy đọc nhấn âm một đằng nhưng trên phiên âm lại ghi nhấn âm một nẻo..và mình thấy phần nghĩa thì chỉ có một nghĩa thôi. dẫu biết là ưd chỉ chuyên và phát âm nhưng nếu có dịch đầy đủ nghĩa và ví dụ nữa thì hẳn là vô cùng ưu việt! 😄😄😄,2022-06-23 14:18:20,Positive,"The app for learning to speak is great, but there are still gaps.When I look up words, I see that there are many words where the machine reads the stress one way, but the phonetic transcription records the stress another way...and I see that the meaning only has one meaning.Even though I know it's only specialized in pronunciation and pronunciation, if there was a full translation of the meaning and examples, it would be extremely excellent!😄😄😄"
a37f4dca-94f6-4066-b145-9be564756ae6,002,5,"app hay và tốt, thấy có hiệu quả hắn ra. các bạn mất gốc tiếng anh như tôi và đang học lại ipa thì hãy tải app để luyện lại từ dễ đến nâg cao nhé!!",2022-06-13 14:20:48,Positive,"Nice and good app, found it effective.If you have lost your English skills like me and are re-learning IPA, please download the app to practice again from easy to advanced!!"
f1337fa7-3d37-4404-bb46-41034052c671,002,5,"ứng dụng rất hay mình đọc sai quá trời,mà ứng dụng vẫn sửa từng lỗi nhỏ cho mình mình rất vui khi tìm đc ứng dụng như này .đáng để tải nhà mọi người 👍",2022-06-07 02:11:39,Positive,"Very good app, I read it so wrong, but the app still corrects every little error for me. I'm very happy to find an app like this. Worth downloading everyone 👍"
ba6bef43-7384-4c32-8ed2-972a073d3640,002,4,"hồi đó có sử dụng một lần nhưng cũng rõ vì lí do gì mà xoá. hình như là chán, mong là tải lại ok hơn:)",2022-06-02 18:50:38,Positive,"Back then, I used it once, but it's clear why I deleted it.Looks like it's boring, I hope the reload is better :)"
fd3a818e-d4b4-4cbd-8c68-2ea295bed315,002,4,"ứng dụng rất hay, nó hỗ trợ rất tốt trong việc học và đọc. nhưng tôi rất ớn phần huấn luyện viên. nó cứ bắt tôi đọc những đoạn văn dài ngoằng mà tôi thậm chí còn không rõ nghĩa, và nhiều từ trong đó thì tôi còn chẳng biết phải đọc sao nữa. rất mệt. tôi nghĩ tốt nhất là nên bỏ luôn mục này. hay ít nhất cũng nên cho nó sắp xếp theo một chủ đề nhất định đi chứ. chứ học phần đó mà tôi không hiểu mình đang học cái gì nữa mà.",2022-05-21 16:15:44,Positive,"Very good application, it supports very well in learning and reading.But I really like the coach part.It kept making me read long paragraphs whose meaning I didn't even understand, and many of the words I didn't even know how to read.very tired.I think it's best to leave this section alone.Or at least we should arrange it according to a certain theme.But when I studied that part, I didn't understand what I was learning."
3cb69503-59c5-47a3-a5c5-3e0021203649,002,4,"tôi muốn đange ký khoá học trọn đời nhưng sao không tìm thấy trên app ạ, chỉ thấy mỗi khoá 1 năm, mong nhà cung cấp chỉ tôi với",2022-05-21 15:36:29,Positive,I want to register for a lifetime course but I can't find it on the app. I only see a 1-year course. I hope the provider can guide me.
6d23602f-716f-4ae8-a228-3252295e1ad4,002,5,rất hay. nó giúp tôi cải thiện tiếng anh rất nhiều. từ một người phát âm không ai hiểu giờ đây có thể nó được rồi chân thánh cảm ơn app rát nhiều,2022-05-18 16:08:47,Positive,"very nice.It helps me improve my English a lot.From someone whose pronunciation no one understood, now it's possible, thank you very much for the app"
06c8a7d9-39a7-4c4d-bf08-111b5c8ec3f7,002,5,rất tốt nhx mong nhà sản xuất có thể đừng cho t.g để ngày mai luyện tiếp hãy cho ng dùng đc sử dụng nhiều lần chứ đg cho thời gian,2022-05-07 13:31:30,Positive,"Very good, I hope the manufacturer can stop giving it to me so I can practice it again tomorrow. Please let me use it many times, not for a long time."
73350f6b-1cec-44b6-9e4c-add5492d5b22,002,4,"app ơi , em dùng thử đc đúng 1 ngày rồi em xóa nhưng giờ nó bắt gia hạn tính tiền em ko đăng kí nhưng bắt trả tiền😭",2022-05-03 03:22:41,Positive,"Hey app, I tried it for exactly 1 day and then I deleted it but now it asks me to renew the bill. I didn't sign up but I'm forced to pay😭"
4540ad28-3571-4c58-84b1-bdc30e6fa1ed,002,4,tiếng mẹ đẻ là ở việt nam mà tính giờ lại là giờ của mỹ là sao???. làm tôi mất hết chuỗi ngày học -_-. tưởng chuỗi là đơn giản nhưng đó là một trong những động lực để học đấy. mong admin cập nhật giúp,2022-05-02 04:31:35,Positive,"Mother tongue is Vietnamese but the time is American time???.Made me lose all my school days -_-.I thought the sequence was simple, but that's one of the motivations to learn.I hope admin will update it"
7fdb29e6-e677-42f6-96a6-f7392eb76599,002,5,"app có 10 sao cũng cho, đỉnh thật sự, ghiền thật sự như chơi game vậy :v . cám ơn đội ngũ phát triển rất nhiều.",2022-03-30 15:37:28,Positive,"Even if the app has 10 stars, it's really great, really addictive like playing a game :v .Thank you very much development team."
f55da96f-34a4-4fa0-b536-18f59e3da685,002,4,the app is great to learning englsih but the thing is i want to learn more than 1 but the app doesnt let me do that unless we have to pay prenium for learn everytimes,2022-03-25 05:16:36,Positive,the app is great to learn english but the thing is i want to learn more than 1 but the app doesnt let me do that unless we have to pay premium for learn everytimes
acc75c48-bbc8-4e92-bc0a-25daa6cf3ef0,002,5,"ét o ét... mình nghĩ mn nên thử trải nghiệm trọn gói của elsa, mình đã biết cách phát âm hơn rất nhiều và giờ thì xinh đẹp tuỵt zời elsa :v",2022-03-25 02:21:58,Positive,"eek o etch... I think you should try Elsa's full package experience, I know how to pronounce a lot better and now I'm so beautiful Elsa :v"
bbf55a2b-770a-4ad6-855a-fbc349768392,002,4,khá tốt nha để mình học thêm một thời gian nha mới cả mình muốn app này nếu nói đúng thì cứ khen nhiệt tình hơn nhé😂vì mình thích đc khen í❤️❤️❤️,2022-03-24 08:04:18,Positive,"It's quite good so I can study more for a while. I want this app. If you say it right, please praise more enthusiastically😂because I like to be praised❤️❤️❤️"
c906e730-3a5e-4f54-bc3f-1dcc4d242289,002,5,"app rất hữu ít để luyện phát âm, và mọi người vẫn có thể lấy những những từ vựng đó làm new words rất ổn nha.",2022-03-19 23:22:30,Positive,"The app is very useful for practicing pronunciation, and people can still use those vocabulary words as new words very well."
18c5cecd-f3ff-422b-b6d7-3aa32880b74d,002,5,cho hỏi elsa speak mỗi tài khoản được đăng nhập bao nhiêu mấy? hay là đăng nhập vào máy này là máy khác logout ra vậy?,2022-03-17 05:02:19,Positive,"Could you please tell me how much each account can log in?Or is it that when I log in to one computer, I log out to another computer?"
8c1dd662-4617-4874-9f8f-a78f1a909886,002,4,"đúng là ai, nhiều bài học đọc giống thì không cho qua. thu âm lại máy đọc rồi mở lại mà vẫn kêu không đúng. đặc biệt là phần âm u ngắn và dài. ví dụ menu thì phải đọc ""mế nờ dziu"" thì mới được cho là đúng",2022-03-10 11:08:04,Positive,"It's true, many lessons are similar and cannot be ignored.Re-recorded the reader and turned it back on, but it still didn't sound right.especially the short and long murky parts.For example, the menu must read ""mo nà dziu"" to be considered correct"
8fd4806d-b226-4bac-9494-6c55aa139f76,002,4,"tôi rất thích chương trình học anh văn trên elsa, nó giúp tôi luyện tập nhiều kỹ năng đặc biệt speaking skill. thật tuyệt vời.",2022-02-26 10:36:02,Positive,"I really like the English learning program on Elsa, it helps me practice many special skills, speaking skills.That's so great."
1830ffa0-1d00-41e3-b9a6-eba52fe624fa,002,4,"mình đã cho 5* trc đó nhưng phải sửa lại bởi vì một chi tiết quá là khỏ hiểu :). bảng phiên tiếng anh có 20 vowels nhưng elsa lại chỉ có bài tập cho 18 vowels :)))))). khum hiểu luôn, thiếu bài tập cho o ngắn - o dài. một app có tuồi đời lâu năm và có đội ngũ staff hùng hậu, pr ầm ầm nhưng ko có phần luyện tập của o ngắn - o dài :)))). hảo app. mong nhà thầu hãy update phần này. quá là khó hỉu.",2022-02-25 01:55:06,Positive,"I gave 5* before but had to revise it because one detail was too difficult to understand :).The English version table has 20 vowels but Elsa only has exercises for 18 vowels :)))))).Khum understands, lack of exercises for short o - long o.An app that has been around for a long time and has a strong staff and great PR, but there is no practice part for short o - long o :)))).perfect app.I hope the contractor will update this section.it's so incomprehensible."
5e5d9fba-f7be-4113-89df-6b67057c027b,002,5,"ứng dụng này rất tốt, nó có thể sửa lỗi phát âm rất chi tiết, để bạn khắc phục. ngoài ra, bạn chỉ cần bỏ ra một ít tiền, bạn có thể học toàn bộ các bài học rất hữu ích để cải thiện phát âm như người bản xứ vậy đó! app này là app phát âm tốt nhất mà tôi từng học, bài học cụ thể, lộ trình cụ thể, sửa lỗi phát âm cụ thể. tôi ko thể chê vào đâu đc. 5 sao là quá ít, phải 10 sao cơ kkk",2022-02-16 10:28:01,Positive,"This application is very good, it can correct pronunciation errors in great detail, for you to fix.In addition, with just a little money, you can learn all the very useful lessons to improve your pronunciation like a native!This app is the best pronunciation app I have ever learned, specific lessons, specific roadmaps, specific pronunciation corrections.I cannot criticize anything.5 stars is too little, it should be 10 stars kkk"
738e30e2-18a9-4861-a99d-71c76097797a,002,4,"mình đã mua gói pro và học . tuy nhiên sau khi trải nghiệm elsa mình xin góp ý . mong elsa xem xét : thứ nhất. elsa nên thêm hướng dẫn đọc bảng ipa vào , phát âm mà nghe rồi theo như vậy giống học vẹt quá , rất khó cho người mới ( mới tinh chưa biết gì vào học tiếng anh) thứ hai. elsa hướng dẫn phát âm từng âm trong phần phiên âm ,tuy nhiên chỉ hướng dẫn bằng đoạn văn rất khó hình dung, elsa nên thêm 1 đoạn video bằng hình ảnh cách nâng lưỡi nhả hơi, chu miệng vv.. cho người học. thank elsa !",2022-02-09 08:08:40,Positive,"I bought the pro package and learned.However, after experiencing Elsa, I would like to give my opinion.Hope Elsa will consider: first.Elsa should add instructions on reading the IPA table, pronouncing it and then following along. It's like learning by rote, very difficult for beginners (who just don't know anything about learning English). Second.Elsa gives instructions on how to pronounce each sound in the transcription. However, only instructions in text are difficult to visualize. Elsa should add a video with pictures of how to lift the tongue and release air, pucker the mouth, etc. for learners.thank you elsa!"
54e3bd2a-09e0-4f0e-8a5f-1694f9fc8c05,002,5,"mình đã sử dụng ứng dụng này khá nhiều lần,nó thật sự rất hữu ích và nó có thể giúp mình nói tiếng anh tốt hơn",2022-01-29 15:57:00,Positive,"I have used this application many times, it is really useful and it can help me speak English better."
13fbfa28-6bea-4715-b43b-b58767aea38b,002,5,"tuyệt vời luôn 👍👍💯, app này khá hay . các bn dùng thử nhé! nó giúp cải thiện kĩ năng nói và nghe rất tốt đấy, mk đã mua gói học trọn đời rồi.😊😊😊",2022-01-28 02:33:43,Positive,"amazing 👍👍💯, this app is quite good.Please try it out!It helps improve speaking and listening skills very well, I bought the lifetime learning package.😊😊😊"
6f1684ef-c54e-4a87-bed8-354c437f5973,002,5,"mình dùng elsa đến nay 3 năm rồi và ko hề hối hận vì đã mua bản trọn đời, chứ giờ thì hình như chỉ bán theo năm :))) vì lười nên tự thấy mình tiến bộ khá chậm rãi, nhưng về phát âm thì tốt hơn trước rất nhiều rồi, cảm ơn đội ngũ phát triển elsa nhé.",2022-01-23 16:53:04,Positive,"I've been using Elsa for 3 years now and I don't regret buying the lifetime version, but now it seems like it's only sold yearly :))) Because I'm lazy, I find myself progressing quite slowly, but in terms of pronunciation, it's much better than before, thank you Elsa development team."
77e2dc0c-5a49-475c-9c0e-b0e0b01d6421,002,5,ứng dụng rất hay nó đã khiến tôi từ người ko biết nói thành một ngưòi siêu giỏi bao nhiêu người hỏi bài tôi và tôi đã chỉ cho họ ứng dụng này .,2022-01-19 13:38:30,Positive,"The application is very good, it has turned me from a person who cannot speak into a super talented person. Many people asked my lesson and I showed them this application."
32c5cbe2-6996-43a1-99a9-29c53a1a8c32,002,5,rất hay và bổ ích. vừa luyện được cách nói tiếng anh chuẩn mà còn có những trò chơi luyện nghe thú vị và bổ ích,2022-01-13 01:46:31,Positive,"very nice and useful.Not only can you practice speaking English correctly, but there are also interesting and useful listening games"
b4071810-df5f-4437-b698-0a58fd79d477,002,5,"app hữu ích cho việc học t.a. bản thân sẽ cố gắng chăm chỉ, duy trì học thường xuyên. mình đã nâng cấp tk rồi, mong ko uổng phí tiền bạc vào đây",2022-01-02 03:38:49,Positive,"useful app for learning t.a.I will try hard and continue to study regularly.I have already upgraded my account, I hope I don't waste my money here"
94c76a43-828d-42b8-8b2a-4594c97853c4,002,5,chỉ ra lỗi sai trong phát âm và sửa lại lỗi rất tận tình và chi tiết. ứng dụng rất hay và tốt cho những người muốn phát âm chuẩn,2021-12-31 08:18:32,Positive,Point out errors in pronunciation and correct them very attentively and in detail.Very good application and good for people who want to pronounce correctly
a962a222-1d9f-4ed2-b17d-b9ba815f4123,002,5,khi chụp hình app k cho dịch mà lại vào chỗ vào tìm từ điển k có dịch yêu cầu app rà soát lại quá trình dùng ảnh để dịch ಠ_ಠ,2021-12-29 10:04:55,Positive,"When taking a photo, the app doesn't provide translation, but when you go to the dictionary search box, there's no translation. Ask the app to review the process of using photos to translate. ಠ_ಠ"
6c3f9b28-02f7-46f1-ae7c-bcf22440542b,002,5,ứng dụng bổ ích cho việc học nhưng nhà sản xuất nên cho thêm nghĩa tiếng việt vào để những người mất gốc có thể biết,2021-12-26 13:15:09,Positive,"The application is useful for learning, but the manufacturer should add Vietnamese meaning so that those who have lost their roots can know"
264769e0-6961-4e5a-859e-f1bbafca4998,002,5,"tuyệt vời, cảm ơn tất cả ngững người đã tạo ra phần mềm nay đã giúp tôi có thể luyện tiếng anh hằng ngày và tôi đã có thành quả rõ rệt về phát âm rất nhiều một lần nữa tôi xin cảm ơn",2021-12-21 06:19:13,Positive,"Great, thank you to everyone who created this software that has helped me practice English every day and I have had clear results in pronunciation. Once again, I would like to thank you."
ad851711-fb9f-43c5-8d07-aaea8eb8b4e3,002,5,"sướng kinh khi phát hiện app này, ko phải bỏ tiền mà vẫn practice speaking được. đặc biệt là trong phần ""bộ bài học"" mình được thêm từ tùy ý vào bộ rồi đc practice miễn phí ko giới hạn luôn",2021-12-08 12:02:20,Positive,"I'm so happy to have discovered this app. I don't have to spend money but I can still practice speaking.Especially in the ""lesson set"" section, you can add arbitrary words to the set and then practice for free without limit."
50e01968-d2e7-4a82-a6bc-93adec39f552,002,5,ứng dụng vô cùng tốt nha nên dùng nha .mình đăng kí gói 1 năm nhưng quên hủy nó tự gia hạn thêm và mình bị trừ 989k yêu cầu hoàn tiền bên ch play không được mình gửi mail cho supports và họ đã hỗ trợ hoàn lại tiền .ứng dụng có tâm người làm có tâm .nghìn sao,2021-12-07 03:06:11,Positive,"The app is extremely good, you should use it. I signed up for a 1-year package but forgot to cancel it. It automatically renewed and I was deducted 989k. My request for a refund from the play store was not accepted. I sent an email to support and they supported the refund. The app has a heart and a thoughtful creator. Thousand stars."
b6728db3-c471-45fd-8211-0893f8baa496,002,5,"rất. thân thiện và gần gũi, mới dùng lần đầu nhuwng trợ lý elsa đã biết phân tích trình độ của mình và tạo ra một chuowng trình học",2021-12-01 03:02:57,Positive,"very.Friendly and approachable, first time using but elsa assistant already knows how to analyze my level and create a learning program"
e8ef41f0-45ee-4a9d-ae56-83611602d2e8,002,5,app sài rất tốt và mượt có thể cho tôi bt thêm nhiều từ tiếng anh khác nhưng ko thể học ở mọi nơi nhưng vâng cho 5 sao nha,2021-11-30 03:00:01,Positive,"The app is very good and smooth. It can help me learn many other English words, but I can't learn it everywhere, but yes, I give it 5 stars."
345e68f7-48c2-48fc-bb1a-4ea5315691fc,002,5,đang học tiếng tiếng mới tải ap về học cũng ổn nên cho 5 sao trước trong quá trình học thấy ko ổn sẽ xem sét lại.,2021-11-26 00:30:07,Positive,"I'm learning a new language and downloading the app is okay, so give it 5 stars first. If you see it's not okay during the learning process, you'll review it."
b5455300-286b-4296-a4d2-d046cb78ba5c,002,5,"học trên đây rất ổn có video hướng dẫn phát âm, mà tiếc là mày không tiền để đóng nên không học mấy cái trên được",2021-11-23 23:55:26,Positive,"Learning here is very good, there are videos to guide pronunciation, but unfortunately you don't have money to pay so you can't learn the above"
3b5574ca-a55d-461d-a807-52008ed67208,002,5,"app nhận biết rất chi tiết các lỗi về phát âm, giúp cải thiện tốt. tuy nhiên việc học tiếng anh cũng rất cần sự tương tác thật để giúp người sử dụng áp dụng những điều đã học, hi vọng sẽ sớm có dịch vụ "" gia sư online"" từ elsa.",2021-11-23 14:52:08,Positive,"The app identifies pronunciation errors in great detail, helping to improve them.However, learning English also requires real interaction to help users apply what they have learned. Hopefully there will soon be an ""online tutoring"" service from Elsa."
adfd7ab1-5e50-44ac-aa98-6d3a24ae1277,002,5,"very useful and awesome app. thanks to it, i have a much better and standard pronunciation. i practice speaking on the app every day and have great results. i am very appreciate it. ☺️☺️",2021-11-20 11:06:52,Positive,"very useful and awesome app.thanks to it, i have a much better and standard pronunciation.i practice speaking on the app every day and have great results.i am very appreciative of it.☺️☺️"
cdaf7df7-9cc0-4893-ba8f-391f68e369b7,002,5,"app này rất tốt, nhưng mình mong elsa cho thêm nhiều bài học thú vị và bổ ích hơn nữa nha. cảm ơn elsa rất nhiều.",2021-11-14 01:39:22,Positive,"This app is very good, but I hope Elsa will give you more interesting and useful lessons.Thank you very much Elsa."
e6e2c928-9169-4452-a4c4-857d5dc90626,002,5,"cảm ơn elsa đã cứu vớt cuộc đời em, trước kia em nói cũng ko đến nỗi nào, sau 2 năm bỏ bẵng, tiếnh anh của em nghe chán lắm, xong cái gắn bó với elsa là trình nói tăng lên, ai cũng khen, hihi",2021-11-11 15:40:04,Positive,"Thank you Elsa for saving my life. Before, my speaking wasn't that bad. After 2 years of neglect, my English sounded very boring. After being with Elsa, my speaking improved, everyone complimented me, hehe."
6bf9311d-cb1a-4169-9286-a8fd3f7ca6a5,002,5,"app khá hay, app còn chỉ cách nối âm cho những bạn mới bắt đầu và có nhiều bài từ dễ đến khó để cải thiện kĩ năng nói",2021-11-09 07:35:49,Positive,"The app is quite good, the app also shows how to connect sounds for beginners and has many lessons from easy to difficult to improve speaking skills."
06c6725f-4a37-42d2-8e40-9618f987db5c,002,5,"sometimes slow, down net, need to improvement more but it also help me improve my skill well. thanks a lot. try your best in coming time with good luck!",2021-11-06 10:01:26,Positive,"sometimes slow, down net, need to improve more but it also helps me improve my skill well.Thanks a lot.try your best in coming time with good luck!"
71845b6d-d92f-4081-bcd5-584e98b9b305,002,5,"app elsa lúc trước có phần đọc bản ngữ để mình nghe và đọc theo, giờ phần này bị mất lun làm sao mà đọc được khi từ đó mình chưa nghe bao giờ, xin khắc phục giúp mình đi ad",2021-11-06 07:22:03,Positive,"Elsa app used to have a native reading section for me to listen to and read along. Now this section is lost, how can I read it since I have never heard it before? Please help me fix it, Admin."
43f86d71-c238-4c99-94c9-309e21d2dd2f,002,4,mình rất thích ứng dụng này nó giúp mình đánh giá các kỷ năng nói nghe và viết các hoạt động trong này rất tốt.,2021-11-04 02:18:59,Positive,"I really like this app. It helps me evaluate my speaking, listening and writing skills and the activities in this very well."
2d0ca76c-26b7-4458-af68-c71e5ca8683b,002,5,đây là chiếc app tiếng anh đầu tiên thực sự có giá trị mà giúp tôi thay đổi cái nhìn về áp dụng a.i trong dạy và học ngoại ngữ. chỉ có thể diễn tả bằng cụm từ siêu phàm.,2021-11-01 00:35:23,Positive,This is the first truly valuable English app that helps me change my perspective on applying AI in teaching and learning foreign languages.can only be described with the phrase sublime.
7e58dcaa-28f4-4c9e-9a43-7efed50e5cd4,002,5,"app rất tốt, phát âm chuẩn, kho luyện tập phong phú. có lộ trình rõ ràng và bài test đầu vào. mỗi lần phát âm thì app sẽ hiển thị phần trăm so với người bản ngữ và nếu phát âm sai thì app sẽ đưa ra lời khuyên rất cụ thể. nói chung là chất lượng hơn cả số tiền bỏ ra. tuyệt vời!!!😍😍",2021-10-31 07:14:00,Positive,"Very good app, correct pronunciation, rich practice repository.There is a clear roadmap and entrance test.For each pronunciation, the app will display the percentage compared to native speakers and if the pronunciation is wrong, the app will give very specific advice.Overall, the quality is better than the money spent.great!!!😍😍"
9d13a0b0-6c93-4221-9cc8-ae0e6734b2f7,002,5,ứng dụng giúp tôi hơi nâng trình độ lên nhưng nếu như tôi có thể tạo ra 1 đoạn văn và tự đọc nó thì quá tốt,2021-10-29 02:15:19,Positive,"The app helps me improve my level a bit, but if I can create a paragraph and read it myself, that would be great."
5d7866d7-48a3-4108-837d-091504db000f,002,5,"mình dùng đk 10 ngày rồi. lúc đầu đang ký 1 năm thôi. nhưng sau nay chắc đăng ký trọn đời. học được khá nhiều bài hay, có lộ trình rõ ràng... bài hướng dẫn chi tiết. .. phát âm sai.. elsa sửa... sẽ không có thầy cô nào kiẻn nhẫn như elsa đâu... thế mạnh là phát âm. nhươc điễm là không hỗ trợ các vấn về vấn đề ngữ pháp, hay ai có í định học tự vựng thì cần xem xét lại ( mặc dù có chú thích từng câu từng chữ. )",2021-10-28 04:17:39,Positive,"I have been using it for 10 days.Initially signed for 1 year.But from now on, I'll definitely sign up for life.Learned a lot of good lessons, clear roadmap... detailed instructions... wrong pronunciation.. Elsa corrects... there will be no teacher as patient as Elsa... her strength is pronunciation.The downside is that it doesn't support grammar issues, or anyone who intends to learn vocabulary should reconsider (although there are annotations for each sentence and each word.)"
6185b809-61ac-4c0f-abe6-0441356f0f1d,002,5,"ứng dụng cần thêm chức năng (mục, phần, nhóm) lưu bài hội thoại đã học để tiện tập lại. cập nhật sớm nhé cảm ơn",2021-10-26 16:17:12,Positive,"The application needs to add functions (sections, sections, groups) to save learned conversations for easy practice.Please update soon, thank you"
ac9897b1-e2a5-470b-9af8-4094c88ac5ca,002,4,"đã mua app, lúc cần học thì lag, không nhận giọng nói. một thời gian sau app đã sửa được lỗi. nhưng thỉnh thoảng vẫn bị như cũ",2021-10-24 04:54:36,Positive,"Bought the app, when I need to study, it lags and doesn't recognize voice.After a while, the app fixed the error.but sometimes it still happens"
aea0ea4a-dd94-47d6-a4f6-4072954f0713,002,5,"app luyện kĩ năng nói rất kĩ, chuẩn từng âm tiết một, app có bản free sử dụng cũng tốt nhưng muốn hoàn thiện hơn thì mọi người nên mua gói học nha, mình đăng ký gói một năm tính ra mỗi ngày có hơn 3k vnd thui.",2021-10-23 05:37:09,Positive,"The app trains speaking skills very carefully, perfecting each syllable. The free version of the app is also good, but if you want to improve, you should buy a learning package. I signed up for a one-year package and it cost me more than 3k VND per day."
96095048-8569-4fcb-b611-124da5c935fc,002,5,"ứng dụng này rất thích hợp để các bạn mới bắt đầu học tiếng anh, luyện nghe luyện nói đều rất ok. tôi rất thích ứng dụng này, các bạn nên tải về để học",2021-10-22 02:06:38,Positive,"This application is very suitable for those who are just starting to learn English. Listening and speaking practice is very good.I really like this app, you should download it to learn"
050a0c81-9254-47f7-b0f5-3821f998c48b,002,4,"có nhiều âm phát âm rất kì, vd như máy đọc nối âm nhưng mình cũng nối âm thì bị chấm sai, nhiều từ phát âm như máy đọc thì ko đúng, phải đọc theo phiên âm, với bắt lỗi âm đuôi nhiều. nhưng mà tốt, nên mua bản pro về học, tính ra ngày chỉ 2-3k cho phí 1 năm",2021-10-21 08:36:28,Positive,"There are many sounds that are pronounced very strangely, for example, when the reader connects the sounds, but when I also connect the sounds, the pronunciation is incorrect. Many words are not pronounced correctly like the reader, so we have to read phonetically, with many errors in ending sounds.But it's good, you should buy the pro version to learn, it only costs 2-3k a day for a year's fee"
f4c1eb03-4dce-40ca-b7cc-8a7a386aae51,002,5,"em thấy app này hay và tiện , để mình nhận biết trình độ của mình ở mức nào và sửa chữa các lỗi phát âm",2021-10-18 00:40:49,Positive,"I find this app good and convenient, so I can know my level and correct pronunciation errors"
33ce66ad-74fe-4555-bcfa-7c94d88567a5,002,5,"em cảm nhận được sự tiến bộ. ứng dụng giúp em tự tin hơn khi nói tiếng anh. em rất thích ứng dụng nhưng còn lười học, nếu học chăm theo bài học elsa gợi ý thì em có thể phát âm tốt hơn.",2021-10-14 11:18:22,Positive,"I feel progress.The application helps me be more confident when speaking English.I really like the app but I'm still lazy to study. If I study carefully and follow the lessons Elsa suggests, I can pronounce better."
3b815467-4a99-4538-886d-fd8fa84858a7,002,4,sao e học xong chương trình mà vẫn không được update chương trình mới mà nó chỉ ghi là xem lại lịch sử chương trình thôi v ạ,2021-10-12 03:15:57,Positive,Why have I finished studying the program but I still can't update the new program? It only says to review the program history.
877d9bb1-19bf-4079-b67f-30b09df94bce,002,4,tôi cũng nghĩ là như khi lỡ xóa nhầm ứng dụng thì khi tải lại cũng phk có cho khôi phục lại chứ. tại s lại khi xóa đi là mất hết?,2021-10-11 08:55:34,Positive,"I also think that if I accidentally delete an application by mistake, when I download it again, it will restore it.Why is everything lost when deleted?"
82440200-f33a-44e2-940c-dedd80958080,002,4,tớ thấy có 1 bạn gửi tin nhắn bán code trọn đời 1tr2. app có gói này không? vì tớ thấy gói tháng quý năm thôi,2021-10-10 03:37:27,Positive,I saw a friend sent a message to sell a code for 1 million for life.Does the app have this package?Because I only see monthly and yearly packages
0287ffae-6d57-4998-b55e-1a902b990d80,002,5,"rất tốt, ai bắt đầu học như mk nên thử. mới bắt đầu và còn có giáo trình riêng nữa vô cùng tốt. tự tin lên hàng ngày",2021-10-09 11:33:18,Positive,"Very good, anyone starting to learn like me should try it.Just started and has its own curriculum which is extremely good.gain confidence every day"
310244d9-3c04-4e2d-b011-1cb928cd60d2,002,5,"bài tập thực hành, luyện phát âm rất chuẩn và dễ nghe. mỗi tôi mỗi ngày sẽ phải tự luyện lại nhiều lần nếu k sẽ quên cách phát âm",2021-10-02 14:16:59,Positive,"Practice exercises, pronunciation practice is very standard and easy to listen to.Every day I will have to practice many times or I will forget how to pronounce"
4f7ffcbe-1f76-4ff1-ba0f-b6bf223147ad,002,5,"app very good ạ cảm ơn app rất rất rất là nhiều app đã giúp mk cải thiện rất nhiều về phần phát âm, nhiều từ mk phát âm sai ngày trc k có ai sửa còn bh có app r. thank you very much 😍😍",2021-10-01 15:29:26,Positive,"Very good app, thank you very much. Many apps have helped me improve my pronunciation a lot. Many words I mispronounced before. No one corrected me, but you have the app.thank you very much 😍😍"
9c402705-d547-4c8b-b8e4-8ebf08b5cff7,002,5,"ờ mây zình gút chóp học tốt mà còn hiểu sâu nữa , cảm ơn người tạo ra phần mềm này từ trở đi tôi học giỏi",2021-10-01 12:11:47,Positive,"At rattan zinh gout chop, I study well and understand deeply. Thank you to the creator of this software. From now on I study well."
569a8a6f-2163-4893-972f-77017e1ffc09,002,5,mình học tiếng anh rất kém và cũng không thích học môn tiếng anh. nhưng vì idol mình (sơn tùng m-tp) dùng app này nên mình cũng sẽ dùng app.,2021-09-30 12:36:56,Positive,"I'm very bad at English and don't like studying English.But because my idol (Son Tung m-tp) uses this app, I will also use the app."
4a952e47-b749-4fd6-b92a-18f1280347d9,002,4,"quite good, but there are sentences that are pronounced correctly and exactly like a native speaker and are still not correct. studying for 1 day is a bit long",2021-09-27 07:13:03,Positive,"quite good, but there are sentences that are pronounced correctly and exactly like a native speaker and are still not correct.studying for 1 day is a bit long"
75d5cc08-0c11-4fd9-8cc5-9383dfe953b0,002,5,ôi các bạn nên tải về rất tốt tôi nghĩ nếu mình học elsa speak 1thang thôi là có thể cải tiên lại cách nói tiếng anh của mình rồi,2021-09-25 10:57:44,Positive,"Oh, you should download it. It's very good. I think if I learn Elsa Speak for just 1 month, I can improve my English speaking."
51a63bc9-6bb4-43b2-bb67-db8d5f4d9486,002,5,"mình thấy có rất nhiều bài đánh giá tiêu cực về elsa speak,còn riêng mình thì mình vô cùng thích luôn,nó giúp mình cải thiện được phát âm, phải nói là phât âm tốt lên rất nhiều luôn ý, bây giờ mình có thể phân biệt được khá nhiều từ có phát âm gần giống nhau,mình sẽ luôn ủng hộ app ạ♥️♥️",2021-09-23 03:06:09,Positive,"I see there are a lot of negative reviews about Elsa Speak, as for me, I really like it, it helps me improve my pronunciation, I must say my pronunciation is a lot better, now I can distinguish quite a lot of words that have similar pronunciation, I will always support the app♥️♥️"
c6518067-4a68-4a56-8c06-ae3a8b7d48de,002,4,tối hôm qua cập nhật thì elsa bị lỗi không nhận diện giọng nói. gỡ cài lại rồi vẫn không được. chỉ mình cách khắc phục với ạ,2021-09-20 06:51:49,Positive,"Last night when updating, Elsa had an error of not recognizing voice.Uninstalled and reinstalled and still doesn't work.Please tell me how to fix it"
b9318830-e503-4ca5-adfc-1a6b32dd201d,002,5,"ứng dụng rất hay , tui đã từng học bao nhiêu ứng dụng cũng chả hữu ích gì cả may nhờ elsa speak này làm cải thiện giọng nói của tôi tốt hơn đáng cho 5 sao.🥰🥰🥰🥰",2021-09-19 15:05:47,Positive,"Very good app, no matter how many apps I've learned, they're not helpful at all. Luckily, Elsa Speak has improved my voice so much that it's worth 5 stars.🥰🥰🥰🥰"
bd3edb66-d254-4ad9-bfac-055cd6fe13aa,002,5,app liên tục có những cải tiến rất tích cực và tạo hứng thú cho người học. rất xứng đáng với số tiền mua app để học.,2021-09-17 23:23:02,Positive,The app continuously has very positive improvements and creates excitement for learners.Well worth the money to buy the app to learn.
51675fc0-5497-4bbb-a044-acd8d1a64452,002,5,"ứng dụng học tốt thực sự. nhưng quan trong vẫn cần thời gian để quen dần, tiếp xúc nhiều mới nhớ lâu. khi học cũng không bắt buộc phải phát âm giống hoàn toàn người bản xứ 100%, người nghe nghe rõ và hiểu là được rồi. học 10p nhưng để học tốt 1 bài mất gần cả tiếng, tự tìm hiểu ghi chú phần phát âm, từng âm tiết và nhấn âm theo elsa và để ý sơ sơ phần từ vựng. biết sơ sơ rồi thì học rất nhanh. học nhiều quá khó tiếp thu mà cũng tùy mỗi người. phải kiên trì, có cố gắng ắt thành công!",2021-09-17 03:06:18,Positive,"Really good learning app.But it still takes time to get used to it, and after a lot of exposure, you'll remember it for a long time.When learning, it is not required to pronounce 100% like a native speaker, the listener can hear clearly and understand.It takes 10 minutes to learn, but it takes nearly an hour to learn a lesson well. Learn by yourself, take notes on pronunciation, each syllable and accent according to Elsa, and pay a little attention to the vocabulary.Once you know a little, you can learn very quickly.Learning too much is difficult to absorb, but it also depends on each person.You have to be persistent, if you try, you will succeed!"
6da09049-d823-4cf1-b103-801dd33d258a,002,4,app này dùng tốt nhưng có mỗi cái phát âm và nghe tôi mong nhà tạo ra ealsa có thể cho thêm nhiều chức năng nữa,2021-09-15 05:48:26,Positive,"This app is good but it only has pronunciation and listening, I hope the creator of ealsa can add more functions."
6661fe30-1093-45d5-b1b3-4e54316ce60b,002,4,áp phát âm rất chuẩn nhưng thời gian sử dụng thử thì hơi ít nên chưa cảm nhận rõ về việc cải thiện phát âm,2021-09-13 03:14:25,Positive,"The pronunciation is very standard, but the trial period is a bit short so I don't really feel the improvement in pronunciation"
25b63938-ddc6-435c-ba4c-88e9692829c2,002,5,"app sử dụng rất tuyệt vời, dịch vụ chăm sóc khách hàng, tư vấn rất tuyệt vời, học chưa được bao lâu nhưng thấy thái độ của nhân viên rất đáng khen và đủ để tin tưởng về lâu về dài 👌👌",2021-09-10 07:45:21,Positive,"The app is great to use, the customer service and consultation are great. I haven't been studying for long but I find the staff's attitude very commendable and enough to trust in the long run 👌👌"
64640867-191b-4efd-86be-3184f0f14ec6,002,5,"apps siêu chậm, mấy bài đầu còn nhanh, ok 5 sao, đóng tiền học tới bữa thứ 3, siêu chậm, ko nhận mic, ko thu âm đc giọng nói, chấm điểm, load lỗi từ sai siêu chậm,tuy nhiên support hỗ trợ tốt, ứng dụng quay lại trạng thái bình thường",2021-09-09 06:48:44,Positive,"The apps are super slow, the first few lessons are still fast, ok 5 stars, pay tuition until the 3rd meal, super slow, doesn't recognize mic, can't record voice, scoring, loading errors with wrong words is super slow, however support is good, app returns to normal state"
eca5574d-7290-4b75-afce-9edb582f7e6c,002,5,ứng dụng rất tuyệt vời đối với bạn nào muốn học tiếng anh. ứng dụng giúp tôi phát âm tiếng anh một cách chính xác ! ứng dụng sẽ chỉ ra chi tiết các lỗi sai của bạn. ứng dụng này giúp tôi phát âm tiếng anh như người bản xứ vậy !,2021-09-08 08:04:08,Positive,Very great application for anyone who wants to learn English.The application helps me pronounce English correctly!The application will show your errors in detail.This application helps me pronounce English like a native!
3ebaa9fb-4d33-4cde-9f9a-8977a7277298,002,4,lỗi đã được sửa nên em sửa lại đánh giá. nhưng còn hơi chậm và phần thu âm ko ổn định lắm nên 4 sao nhé.,2021-09-04 17:11:44,Positive,"The error has been fixed so I revised the review.But it's still a bit slow and the recording is not very stable, so 4 stars."
84ae14d3-af43-44b2-bdfe-7e325aa36a9f,002,5,phát âm của mình tốt hơn hẳn sau khi sử dụng app liên tục trong 30 ngày. kết quả tốt sẽ đến khi chúng ta kiên trì thực hiện việc luyện tập mỗi ngày.,2021-09-04 09:19:51,Positive,My pronunciation is much better after using the app continuously for 30 days.Good results will come when we persistently practice every day.
a2f55d4a-167f-4e39-b561-8a5e56a799f3,002,5,"ứng dụng này rất hay, nhưng hình như dạo này elsa bị sao thì phải. lúc đầu vô bài phải đợi một lát mới đọc được, còn khi tính điểm thì hơi lâu, khi tải, cập nhật... thì cũng tải lâu. mong nhận được phản hồi sớm nhất từ elsa. cảm ơn",2021-09-04 01:41:10,Positive,"This app is great, but it seems like something is wrong with Elsa lately.When I first load the card, I have to wait a while to read it. When calculating the score, it takes a while. When loading, updating... it also takes a long time to load.Hope to receive a response from Elsa as soon as possible.Thanks"
2c1da87c-d40f-411a-a4f6-65f90e9f641e,002,4,i see some page and communication sale elsa pro forever. so i want to know is this true? because i can't find that choice on the app.,2021-09-02 10:35:03,Positive,i see some page and communication sale elsa pro forever.so i want to know is this true?because i can't find that choice on the app.
77367b73-09d6-4b7b-b17b-e99f78369d2d,002,5,"chuẩn giải thích cách chỉnh lưỡi , cách cử chỉ âm giọng khi phát ra cho thấy ứng dụng như 1 người thầy cô vậy",2021-08-28 01:22:07,Positive,"The standard explains how to adjust the tongue and how to gesture the voice when emitting, showing the application like a teacher"
16a6aacd-4820-48ec-b012-2ff9526c3c9d,002,4,app phát hiện những lỗi sai của người học và chỉnh sửa lại. nhưng cần chỉnh sửa lại phiên âm vài từ như epidemiologist /¸epi¸di:mi´ɔlədʒist/ (đúng) mà app lại ghi /¸epə¸di:mi´ɔlədʒist/,2021-08-25 13:48:54,Positive,The app detects learners' mistakes and corrects them.but need to correct the transcription of a few words like epidemiologist /¸epi¸di:mi´ɔlədʒist/ (correct) but the app records /¸epə¸di:mi´ɔlədʒist/
c3c64557-098d-49a1-9a8c-ad35653d06c2,002,5,"elsa speak là một ứng dụng rất hữu ích, mình đã nói và nghe tiếng anh tốt hơn sau khi dùng elsa. các bài học rất tốt và hữu dụng.",2021-08-25 07:43:51,Positive,"elsa speak is a very useful application, I speak and listen to English better after using elsa.The lessons are very good and useful."
db96adbe-b3ab-4c36-94ab-b62328c1c488,002,5,em cảm thấy khá bổ ích.elsa speak đã giúp em cải thiện tiếng anh rõ riệt.và từ đó em đã chủ động giao tiếp tiếng anh.thank you so much,2021-08-24 14:12:50,Positive,"I find it quite useful. Elsa Speak has helped me improve my English significantly. Since then, I have actively communicated in English. Thank you so much."
2034ed41-94c6-4364-a21f-a8cebccc62b0,002,5,"biết đc app qua a sơn tùng m-tp. phải nói app rất được, học rất tốt. app rất thích hợp cho những ai mới học, bân rộn ko có time đi học ở trung tâm, các b hssv dùng cũng rất oke nhé. app dễ dùng, có nhiều cấp độ, nhiều mục giúp mk cải thiện được khả năng phát âm và vốn từ mở rộng hơn... bạn nào có điều kiện nên đầu tư hẳn gói pro nhé dùng sẽ thích hơn nha",2021-08-23 05:20:32,Positive,"Learn about the app through a son Tung m-tp.I must say the app is very good, learning is very good.The app is very suitable for those who are new to studying and are busy and don't have time to go to the center. It's also very good for students to use.The app is easy to use, has many levels, many sections to help you improve your pronunciation and expand your vocabulary... If you have the means, you should invest in the pro package. You will enjoy it more."
655f066d-1bd8-4318-8598-d4ae0487fc1c,002,4,app hay và dễ sử dụng. tuy nhiên nếu app cập nhật được những nội dung mới cho cả tài khoản mới và tài khoản cũ thì hay quá ạ! em lấy nhầm gmail cũ đk học 1 năm mà tiếc muốn xỉu :((,2021-08-17 02:01:40,Positive,"Good app and easy to use.However, it would be great if the app could update new content for both new and old accounts!I mistakenly used my old gmail to study for 1 year but I'm so sorry I'm about to faint :(("
c309688f-9778-4a81-9520-f4151efcea52,002,4,app khá thú vị khi để người dùng trải nghiệm speak - listen chính voice của mk. hy vọng app phát triển nhiều nữa và bớt tính phí lại! cảm ơn đội ngũ,2021-08-16 03:37:41,Positive,The app is quite interesting as it lets users experience speaking - listening to the artist's own voice.Hope the app develops more and charges less!Thank you team
33e4997a-fd58-44e4-a328-5bf3f811b536,002,4,"mình nghĩ elsa nên ghi thêm thông tin loại từ (danh từ, tính từ, động từ,...) thì sẽ tốt hơn, giúp mình dùng từ tốt hơn, cũng vì 1 số từ giống nhau, nhưng nhấn trọng âm khác nhau sẽ là loại từ khác",2021-08-15 16:01:16,Positive,"I think Elsa should write more information about word types (nouns, adjectives, verbs,...), it would be better, it would help me use words better, because some words are the same, but with different accents, they will be different types of words."
0b4f8926-b9e8-4c2e-94ab-f19d9ca9fb0b,002,4,nên cập nhật thêm cách phát âm của schwa như cách người bản xứ thường sử dụng hằng ngày và thêm phần lưu từ cho tất cả các phần luyện tập.,2021-08-15 10:56:13,Positive,You should update the pronunciation of schwa to the way native speakers often use it every day and add word storage to all practice sections.
09687d8e-6e2f-4524-bd1a-1f255b764cb0,002,4,"một số từ chưa phiên âm đúng , đọc mỏi mồm :)) . nhưng cơ bản tạm được. nếu có bản offline cho mình học đc thì tốt vì mình ko thường xuyên có mạng",2021-08-14 16:55:02,Positive,"Some words are not transcribed correctly, reading is tiring :)).but basically it's okay.If there is an offline version for me to study, it would be good because I don't often have internet access"
a6e70e31-8446-4a57-85a5-09650c1f500a,002,4,"app thích hợp cho ai muốn luyện phát âm từ cơ bản đến nâng cao. app có nhiều tính năng đa dạng giúp cho người luyện nói có lộ trình học tốt hơn. tuy nhiên, lâu lâu app sẽ bị mắc lỗi về mạng sau khi update.",2021-08-10 14:25:03,Positive,"The app is suitable for anyone who wants to practice pronunciation from basic to advanced.The app has many diverse features to help speaking practitioners have a better learning path.However, occasionally the app will have network errors after updating."
4a917815-b038-4a4f-95f0-19ba577be501,002,5,app rất hay và cải thiện phát âm rất tốt. mình từ 1 người phát âm chưa bao giwof đc 80 giờ cũng luyện đc lên trên 90 rồi. nhưng vào câu vẫn chưa đc hoàn thiện. và mình sẽ cố gắng trải nghiệm và sd app để cải thiện hơn nữa việc phát âm của mình.,2021-08-10 13:55:14,Positive,"The app is very good and improves pronunciation very well.From a person whose pronunciation never reached 80, I have now practiced it to over 90.but the sentence is still not complete.And I will try to experience and use the app to further improve my pronunciation."
b9e2a5ab-a050-4d0a-b053-8f5c803fe302,002,5,ứng dụng học tốt nha. lâu lâu bị mad không load đc giọng mìn. đợt này version mới update khá đầy đủ. có hình minh hoạ nữa thì tuyệt vời.,2021-08-04 14:49:18,Positive,Good learning app.Sometimes I can't load my voice.This new version is quite fully updated.Having illustrations would be great too.
a202d347-3fe4-4c3c-96e8-a816be0c8fbc,002,5,trong khi ở nhà chống dịch tôi sẽ học tiễng anh nhiều thêm để tôi giao tiếp với bạn bè tôi cảm ơn nhà sản xuất ra ứng dụng này😊😊😊😊,2021-07-29 08:56:44,Positive,"While staying at home to fight the epidemic, I will learn to say goodbye more so I can communicate with my friends. Thank you to the manufacturer of this application😊😊😊😊"
a4b23559-08a1-47a0-ab8a-ceee66b00086,002,5,"lần 2 mình sửa lại đánh giá, sau khi phản hồi phần lỗi của phần mềm, esla đã khắc phục ngay sau đó và ứng dụng trở lại như ngày trước, 1 app phù hợp để cải thiện khoản nói. 5saoo",2021-07-27 02:39:38,Positive,"The second time I revised the review, after responding to the software error, Esla fixed it immediately and the application returned to how it was before, a suitable app to improve speaking.5 starsoo"
33f0d39a-2604-4e53-9f51-4a4561ba01d3,002,5,app đã giúp ích cho học sinh như mình rất nhiều trong viẹc cải thiện phát âm và học thêm rấtt nhiềuuu từ vựng mớii ạ! thanks elsa!,2021-07-26 15:27:30,Positive,The app has helped students like me a lot in improving pronunciation and learning a lot of new vocabulary!thanks elsa!
06f6cbeb-310a-4b70-9537-1b20ba178c12,002,5,app rất tốt ạ. nhma mong app có thể cập nhật thêm nhiều nghĩa của một từ đó luôn để học từ vựng khỏi cần phải qua tra từ điển rất mất tg ạ. và cách mà người bản xứ sử dụng nó nữa.,2021-07-26 14:42:50,Positive,"the app is very good.I hope the app can update more meanings of a word to learn vocabulary without having to look up the dictionary, which is very laborious.and how the natives use it."
714d4911-d704-4cf1-b2d5-9db2306e9192,002,5,mọi người ơi dạo gần đây mỗi loại máy là 1 phiên bản khác ạ? gđ em 3 dòng máy 3 cấu hình khác nhau😂,2021-07-23 12:29:01,Positive,"Everyone, lately, is there a different version for each device?My family has 3 models with 3 different configurations😂"
6022643b-3c61-4fda-ad37-61079e3582a1,002,5,mình rất hài lòng về app mình chuẩn bị đăng kí elsa pro nhưng có 1 vài khúc mắc nhỏ là sao elsa lại muốn khách hàng đưa stk như thế sẽ rất nguy hiểm cho tài khoản khách hàng bởi vì khách hàng mới chưa toàn hoàn tin tưởng. mong admin của app hãy cung cấp cho mình hotline để trao đổi 1 số vấn đề. hãy phản hồi mình nhanh nhất có thể nhé,2021-07-22 14:28:55,Positive,"I'm very satisfied with the app. I'm about to register for Elsa pro, but I have a few small problems: why does Elsa want customers to give us stk like that? It's very dangerous for customer accounts because new customers don't fully trust it.I hope the admin of the app will provide me with a hotline to discuss some issues.Please respond to me as quickly as possible"
4aa99a37-577e-4bfd-bd89-388a83f91b04,002,5,ứng dụng này rất tuyệt nó cho mình có thể luyện tiếng anh mỗi ngày luôn ấy nhưng lại không hề tẻ nhạt một chút nào,2021-07-16 02:03:14,Positive,"This application is great, it allows me to practice English every day but it is not boring at all"
e4e56196-57bd-4ccf-a4f1-11a5ce08e17b,002,5,"mình thấy app khá hay , chỉ rõ những chỗ mình phát âm sai , nhưng nếu thêm phần phụ đề tiếng việt thì hay hơn nữa",2021-07-16 01:18:29,Positive,"I think the app is quite good, it clearly points out my mispronunciations, but it would be even better if Vietnamese subtitles were added."
405a19ec-f224-47ae-a086-be4ec2c462fe,002,5,"app dạy rất kĩ và chi tiết, sửa từng lỗi phát âm cho đến khi chuẩn chứ không qua loa 1, 2 lần rồi cho qua. thiết kế đẹp mắt và những video luyện âm cực kì độc đáo. mình rất thích",2021-07-14 18:36:17,Positive,"The app teaches very carefully and in detail, correcting each pronunciation error until it is correct, not just going through the motions once or twice and then letting it go.Beautiful design and extremely unique music practice videos.I like it very much"
0d87e1c1-63ba-4feb-9e02-b42a2c3a7027,002,5,tôi rất thích app này vì nó phát âm rất chuẩn và còn chỉ ra được từng lỗi sai của mình và còn đánb giá được mức độ phát âm giống người bản xử của mình đến đâu nữa . 😚😊😊,2021-07-14 14:02:30,Positive,I really like this app because it pronounces very accurately and can also point out every mistake I make and also evaluate how much my pronunciation resembles a native speaker.😚😊😊
361e3f3b-ccf7-4aea-bb59-c31ef448fff4,002,5,"ứng dụng rất tốt sửa từng lỗi sai cho mình,nhiều từ mình nghĩ mình phát âm ok rồi nhưng dùng app mình mới biết mình phát âm quá sai rất tốt việc luyện nói.",2021-07-13 13:39:40,Positive,"The app is very good and corrects every mistake for me. I thought I was pronouncing many words ok, but using the app I realized I was pronouncing them too wrong. It's very good for practicing speaking."
8d799b6e-cfd9-4602-a8ef-594756d6e16e,002,5,đánh giá cao thì cho xuất hiện còn cho 1 sao là nó ẩn luôn. nói sao lượng sao app nay cao kinh thật. cho năm sao vì cú lừa tiền ngoạn mục dùng thử 7 ngày tự động gia hạn 1 năm nha mội người gần 1tr hà xem kỷ hả sử dụng nha. nó chỉ gửi câu xin lỗi rồi thôi đó chứ tiền thì không ói ra đâu! điểu!,2021-07-12 09:22:46,Positive,"If you rate it highly, it will appear, but if you give it 1 star, it will be hidden.How can I say that the star rating of this app is really high?Five stars for the spectacular money scam. Try it out for 7 days and automatically renew for 1 year. If you're close to 1 million, please consider using it.It just sent an apology and that's it, but the money won't come out!bird!"
fcb48d98-96d9-41bf-927c-7cab8f52dcf8,002,5,wow. chỉ test thôi mà thấy ok á. đáng dùng. đang chần chừ ko biết có nên nạp tiền khóa học ko. xin phụ mẫu thử,2021-07-07 18:23:39,Positive,wow.Just tested it but it seems ok.worth using.I'm hesitating whether I should pay for the course or not.Please give me a sample to test
9be3deef-c972-418a-a7a5-dd45b8ff738a,002,5,nhiều từ mk ns nhg elsa k nghe thấy dù đã ns lại nhiều lần và cho 0%. nhg dù sao đây là cx là 1 app học tập tốt nên sử dụng,2021-07-02 05:08:03,Positive,"Many words that Elsa didn't hear even though she repeated them many times and gave her 0%.But anyway, this is a good learning app that you should use"
ccfeab26-a711-4a56-bbd3-c5e60c5cff66,002,4,"ứng dụng khá tốt, nhưng chưa thật sự nhiều chủ đề dù mình đã mua gói pro nhưng số chủ đề hầu như không thay đổi so với khi dùng bản giới hạn. ngoài ra, hi vọng nhà phát triển sẽ thêm bộ chủ đề về it giúp mình thì tốt quá hihi",2021-06-27 16:22:52,Positive,"The application is quite good, but there aren't really many themes even though I bought the pro package but the number of themes is almost unchanged compared to when using the limited version.In addition, I hope the developer will add a set of themes about it to help me, which would be great"
b34cba09-a641-4495-a16f-02e7a9674d07,002,5,this is amazing app which help you practice english in your own. thank you for esla team that make a good app for many people like me.,2021-06-26 08:54:37,Positive,this is amazing app which helps you practice english in your own.Thank you for esla team that make a good app for many people like me.
ea8a5dee-98be-4f44-aedc-0efcf1195b8a,002,4,"1. load chấm câu còn chậm, thường xuyên bị đơ máy. 2 nên bổ sung phân tích từ loại n,v,adv... còn lại thì khá ok, giúp cải thiện phát âm khá tốt",2021-06-22 15:15:56,Positive,"1. Punctuation loading is slow and the computer often freezes.2 should add analysis of n,v,adv... the rest is quite ok, helps improve pronunciation quite well"
76f6e909-2092-4435-ae16-713439d5bb9a,002,5,"ứng dụng học tốt, tuy nhiên toi thấy còn rất nhiều người bán trôi nổi tài khoản elsa trọn đời chỉ với giá rất thấp, như bạn có acc facebook tên @huy phạm chỉ bán với giá 180k mong nhà sản xuất hãy có biện pháp đối với những bạn đó ạ.",2021-06-19 11:14:16,Positive,"Good learning application, however I see there are still many people selling Elsa accounts for life at a very low price, like you have a Facebook account named @huyanh only selling for 180k, I hope the manufacturer will take measures against those people."
167ca19f-cfb5-4375-9188-ac1dd994cb2a,002,5,"ứng dụng rất tốt, chỉ qua học thử cũng đã khiến mình cảm thấy cải thiện rất nhiều. khi đăng kí qua pro, được bộ phận chăm sóc khách hàng hướng dẫn rất nhiều.",2021-06-16 03:20:42,Positive,"The application is very good, just by trying it out, I feel like I have improved a lot.When registering through pro, you will receive a lot of guidance from the customer service department."
446233b5-583d-420f-adac-1e8f355a7e7e,002,5,sơn tùng m-tp quảng cáo app này nên mình down về xem thử. bất ngờ là sau 5 ngày trình độ tiếng anh của mình cải thiện rõ. app rất tuyệt ạ!,2021-06-14 13:00:34,Positive,"Son Tung m-tp advertised this app so I downloaded it to try it out.Surprisingly, after 5 days my English level improved clearly.the app is great!"
e994c78e-e568-4c52-b09d-388ec58ce0f4,002,5,ứng dụng này hay quá tôi mới học lần đầu đã cảm thấy rất thích thú lần đầu tôi học còn rất e de nhưng vào học lại cảm thấy thích thú rất đáng giá 5 sao,2021-06-14 12:06:30,Positive,"This app is so good. I just learned it for the first time and I felt very excited. The first time I learned it, I was very shy, but after learning it, I felt very excited. It's worth 5 stars."
bd5e38aa-9069-4236-9b28-0b514b0313f1,002,4,"bị lỗi font chữ nên không thấy được phần phiên âm t_t ai biết sửa không ạ? chứ học phát âm mà không thấy được phiên âm thì học bằng niềm tin luôn, cứ báo sai mà chả biết phải sửa thành kiểu gì.",2021-06-14 09:15:50,Positive,"There's a font error so I can't see the transcription t_t, does anyone know how to fix it?If you learn pronunciation without being able to see the pronunciation, you learn by faith. You keep reporting errors but don't know how to correct it."
a465ee0a-e85e-4713-beb3-7a36334e8d45,002,5,như mình đã nói ở trên nhưng cần lời khuyên từ nhà phát triển ạ xin cảm ơn nhiều ạ mình không có động lực học luon á,2021-06-13 18:08:12,Positive,"As I said above, but I need advice from the developer. Thank you very much. I have no motivation to learn."
c800fed2-9681-45b6-a481-36585bfe878d,002,4,"app rất tốt nhưng mà ko lịch sử số lần mình vừa đọc từ tra đó vd từ lark , tôi muốn xem cách đó lúc trước của t thì hiện ko có , như vậy mình sẽ bit đc cách đọc của mình như thế nào khi lúc nãy",2021-06-13 03:56:03,Positive,"The app is very good, but it doesn't have a history of how many times I've read that word, for example lark. I want to see how I used to read it, but it doesn't exist now. That way I'll know how I read it before."
e6c739d9-ba2c-4f3c-b2dc-f5c675d7c3df,002,5,trò chơi này chưa từng chơi bao giờ gặp sếp ơi em xin sếp cho em về quê e có cái đám ma bà e bà nội e. giờ em về trưa mai em lên sếp nhé e cảm ơn sếp ah🤩🤩🤩🏖️🏖️⛱️🌅⛅🌅🍦🍩,2021-06-12 14:03:30,Positive,"I've never played this game before. Boss, please let me go back to my hometown. I have my grandmother's funeral.Now I'm back tomorrow afternoon, I'll go to the boss, thank you boss 🤩🤩🤩🏖️🏖️⛱️🌅⛅🌅🍦🍩"
7568fed3-91b1-4415-9bc5-afabbb14bc49,002,5,"hỗ trợ học viên chi tiết và nhanh chóng qua email, phần mềm nhận diện rất chính xác và có đa dạng bài học. khá đáng tiền :>",2021-06-11 12:17:40,Positive,"Detailed and quick student support via email, very accurate recognition software and a variety of lessons.quite worth the money :>"
a0be02f2-5e7f-4304-addb-57716aa1cc07,002,5,"ứng dụng hay cực kỳ, trong vòng chưa đầy 1 tháng mà kĩ năng speaking của mình cải thiện được rất nhiều, cảm ơn elsa nhé 😘 app còn có bộ phận tư vấn tận tình và chuyên nghiệp vô cùng, rất đáng để bỏ tiền ra học nhé.",2021-06-06 04:24:14,Positive,"The app is extremely good, in less than 1 month my speaking skills have improved a lot, thank you Elsa 😘 the app also has an extremely dedicated and professional consulting department, it's worth spending money to learn."
c2355467-b3de-4dc4-9ce8-358caf536c55,002,4,"tôi rất thích app này nhưng có một điều tôi không thích ở app là mỗi lúc mà tập vd call thì video sẵn của app hay bị lag kiểu cà giựt.vì vậy mỗi lúc ghi âm thì tiếng phát ra không rõ làm cho lúc nghe cảm thấy ồn ào không nghe được tiếng mình nói, dẫn đến app chấm điểm sai. mình mong rằng alo có thể sửa lại lỗi này từ các vd call nhé!",2021-06-04 03:50:33,Positive,"I really like this app, but one thing I don't like about the app is that every time I practice calling, the app's built-in video often lags. So every time I record, the sound is unclear, making it feel noisy when I'm not able to hear what I'm saying, leading to the app scoring wrongly.I hope that hello can fix this error from the call examples!"
4cf6ce62-0a7e-4ff5-be47-e4b5ce86cee6,002,5,"ứng dụng rất hay và có lộ trình học dựa vào trìng độ cá nhân khá hiệu quả, sửa từng lỗi nhỏ, đáng để học",2021-06-02 13:50:36,Positive,"The application is very good and has a very effective learning path based on individual level, correcting every small error, worth learning"
904e0b01-b288-40df-9159-c5cf1e04a4cd,002,5,"thank you so much! i've just used this app. this application is really useful for english learner. because it is really easy to understanding. elsa, my assistant, she (maybe) is so wonderful, she seems understandingly my mistakes and helps me to repairing. that is a perfect choice to improve the pronunciation. fantastic! thank your application again. 😍😍😍yêu yêu.hihi",2021-05-29 15:34:02,Positive,"thank you so much!i've just used this app.this application is really useful for english learners.because it is really easy to understand.elsa, my assistant, she (maybe) is so wonderful, she seems understandingly my mistakes and helps me to repairing.that is a perfect choice to improve the pronunciation.fantastic!Thank you for your application again.😍😍😍love love.hihi"
226070e7-5029-4c71-8d57-2b196651a3f2,002,5,tôi cảm thấy elsa speak rất hay vè bổ ích cảm ơn elsa đã cho tôi học được những từ mới nghe tốt hơn và nói tốt hơn,2021-05-26 04:42:55,Positive,I feel Elsa Speak is very good and useful. Thank you Elsa for letting me learn new words to listen better and speak better.
b398d78a-89fc-480f-9e01-2a1b4b0dbf03,002,5,"làm sao để tôi kích hoạt mã khóa học đã mua trên ứng dụng mới cập nhật này. tôi đã tìm mà không thấy ""tôi đã có mã"" theo như link elsa gửi sms cho tôi",2021-05-24 16:06:04,Positive,"How do I activate the purchased course code on this newly updated application?I searched but couldn't find ""I already have the code"" according to the link Elsa sent me via sms"
723595ac-9cf3-4caf-9928-13090099917f,002,5,"mình không có tiền để theo lộ trình học của app,nhưng qua 7 ngày trải nghiệm thì mik thấy app rất thiết thực và có rất nhiều tiện ích lợi ích! các bạn muốn nỗ lực học tốt tiếng anh đặc biệt phát âm thì mik nghĩ nên down ngay app về trải nghiệm liền!",2021-05-23 14:46:25,Positive,"I don't have the money to follow the app's learning path, but after 7 days of experience, I found the app to be very practical and has many useful utilities!If you want to try your best to learn English well, especially pronunciation, I think you should download the app right away to experience it!"
6a9f736c-565c-425c-a46b-3bbafc40f1e4,002,5,tuyệt vời. phát âm luôn là thứ mk tự ti trong quá trình học tiếng anh nhg nhờ app mk đã tiến bộ rất nhiều. thanks!,2021-05-23 03:41:41,Positive,"Great.Pronunciation was always something I felt self-conscious about while learning English, but thanks to the app, I've improved a lot.thanks!"
095567c4-809e-4f1c-b1c1-f7169e078339,002,5,khá tốt ứng dụng phát âm chuẩn và nhiều tính năng học tiếng anh tuyệt vời nhưng tại sao trong từ điển chỉ có anh sang việt mà ko có việt sang anh????,2021-05-21 22:48:23,Positive,Pretty good app with standard pronunciation and many great English learning features but why is there only English to Vietnamese in the dictionary and not Vietnamese to English????
911ab2a5-1b08-4243-9ee0-4793cd99f837,002,4,"mong ai ngày càng hoàn thiện. mình đọc sai thì nó cho là đúng, và ngược lại. đọc xong lâu rồi mà vẫn còn thu âm. phần học nhanh sao mình đọc bị báo đỏ mà vẫn được tính là đúng(có chụp ảnh màn hình luôn)",2021-05-19 15:18:13,Positive,"I hope everyone becomes more and more perfect.If I read it wrong, it thinks it's right, and vice versa.I finished reading it a long time ago but I'm still recording it.Why did I read the quick learning section with a red flag but it was still counted as correct? (I took a screenshot too)"
02b3f04d-2804-4083-a6fd-bd55821f7c39,002,5,"mik rất ưng ứng dụng này của chị khánh vy giới thiệu nha, rất hay và thú vị sửa cho mik cả lỗi phát âm. nói chung tuyệt vời. 💞💕💕💕",2021-05-17 23:56:53,Positive,I really like this application introduced by Khanh Vy. It's very good and interesting. It also corrects my pronunciation errors.overall great.💞💕💕💕
7dac8a42-be14-4c3e-b3d4-65bd436bf37c,002,5,"app này sửa từng lỗi sai từ nghe đến nói, giúp chúng ta có thể nghe và nói như người bản xứ. học bằng elsa speak không mất tiền nếu học gói thường và cũng cho mình làm bài test nữa 😍",2021-05-16 08:10:06,Positive,"This app corrects every mistake from listening to speaking, helping us listen and speak like a native speaker.Learning with Elsa Speak is free of charge if you learn the regular package and also allows you to take the test 😍"
a8f7534a-c157-46aa-8961-07f8bf38c8d0,002,5,"elsa xử lý cực kì nhanh gọn và chuyên nghiệp, mình không vào được mã kích hoạt và elsa đã hỗ trợ mình rất nhiệt tình",2021-05-12 06:26:59,Positive,Elsa handled it extremely quickly and professionally. I couldn't enter the activation code and Elsa supported me very enthusiastically.
b51342ae-99ac-40be-9b2f-0f43fda0db2d,002,5,"một ứng dụng hay có thể giúp mình học tiếng anh giao tiếp rất tốt! vì trước đây mình học tiếng anh khá tồi và rất ít giao tiếp với người nước ngoài. nhờ có elsa speak giúp mình nên mình đánh giá ,5 sao nhá! 😊😊",2021-05-06 13:06:55,Positive,"A good application that can help me learn English communication very well!Because before, I learned English quite poorly and rarely communicated with foreigners.Thanks to Elsa Speak helping me, I rate it .5 stars!😊😊"
d82579b1-7087-4db2-8198-67fb983b4ba5,002,4,cho mình hỏi là elsa chỉ đc sử dụng miễn phí trong 7 ngày thôi hò. còn nếu muốn học nữa thì phải trả phí,2021-04-29 14:23:52,Positive,"Let me ask, Elsa can only be used for free for 7 days.If you want to study further, you have to pay a fee"
672950d6-380b-43da-95cb-2b3313f16651,002,4,"app rất hữu ích trong việc học phát âm nhưng chỉ có giọng anh-mỹ. hy vọng app hỗ trợ thêm ipa, cách phát âm và kt phát âm cho giọng anh-anh nữa",2021-04-28 13:13:02,Positive,"The app is very useful in learning pronunciation but only has American-English accents.Hope the app supports more ipa, pronunciation and pronunciation kt for English accent"
1faf8e00-1e5e-4583-9178-0434fa9ca1c9,002,5,"ứng dụng để học phát âm rất tốt nha ! nhưng ở phần tạo bộ bài học có thể cho thêm tính năng xóa từ và sắp xếp các từ theo thứ tự a, b, c không ?",2021-04-25 10:11:44,Positive,"Very good app to learn pronunciation!But in the lesson creation section, can we add the feature of deleting words and arranging words in order a, b, c?"
12ab0f38-9950-437b-8cd4-ee79850dac39,002,5,"mình chưa học gói pro lâu, nhưng ấn tượng đầu tiên về dịch vụ là tư vấn viên rất nhiệt tình hỗ trợ khi mình gặp vấn đề khó giải quyết về tài khoản học. rất vui vì có một app học tốt như vậy ạ!",2021-04-21 11:07:57,Positive,"I haven't studied the pro package for a long time, but my first impression of the service is that the consultants are very enthusiastic and supportive when I encounter difficult-to-solve problems with my study account.I'm so happy to have such a good learning app!"
5a3d06dd-211b-4527-9c91-fe8d65134a44,002,4,"mới sử dụng, nói chung là tốt, hỗ trợ phát âm và kiểm tra, tuy nhiên bug phần xem người khác thực hàng (video) câu chứa từ đc ví dụ không hiển thị, có thể lỗi ui nhưng khi thao tác trên màn hình thì có xuất hiện chớp nhoáng và bật cửa sổ mới (từ điển). nói chung chữ thi nằm đó tương tác được nhưng ko cho nhìn thôi. ps là app cực kỳ đáng sử dụng",2021-04-20 17:12:25,Positive,"Just started using it, in general it's good, supports pronunciation and checking, but there's a bug in watching other people practice (videos). Sentences containing words, for example, are not displayed. It may be a UI error, but when operating on the screen, a flash appears and a new window (dictionary) appears.In general, the text is there and can be interacted with, but it's not visible.ps is an extremely worth-using app"
5bf4c0ca-c939-4a13-a59d-c1805185c82e,002,5,"ứng dụng học phát âm rất tốt, giúp mình nhận ra những lỗi phát âm có tính hệ thống của bản thân để cải thiện. tuy nhiên phần nhận dạng âm thanh có đôi lúc chưa chính xác lắm, đọc đủ kiểu cũng báo ko đúng!",2021-04-19 23:46:11,Positive,"The pronunciation learning application is very good, helping me recognize my own systematic pronunciation errors to improve.However, the sound recognition part is sometimes not very accurate, every time I read it, it says it's incorrect!"
8bb8fc8e-aabd-4a2f-9e03-f18fabbe2f86,002,5,"quá hay,có cat video nhỏ nhỏ sưu tầm trên mạng để đọc lại từ vừa học,được nfhe nhiều ngữ cảnh,giọng nói khác nhau để vô thực tế không bỡ ngỡ.i love elsa at the first time i've learnt.",2021-04-13 15:45:00,Positive,"It's so good, there are small videos collected online to reread the words you've just learned, and you can listen to many different contexts and voices so you don't get confused in reality. I love Elsa at the first time I've learned."
9397651d-d93a-4442-b27d-a63252b80531,002,5,mới học bài đầu nhưng tôi tin rằng app là một lựa chọn đúng đắn để học tiếng anh chỉ cần chúng ta cố gắng và thật sự có quyết tâm,2021-04-10 10:00:36,Positive,Just learned the first lesson but I believe that the app is the right choice to learn English as long as we try and are really determined.
fec750f9-eb4a-4882-a712-fcc6cc9d3bca,002,4,"""bạn hãy chú ý đọc đủ các từ để mình có thể tính điểm cho bạn "". cái này là bug hay tính năng thế ? tôi đọc đủ nhưng do môi trường hoặc do mic bị lỗi thì làm sao học ? sao càng làm càng tệ vậy ? tôi trả tiền không phải để học kiểu này.",2021-04-04 11:18:30,Positive,"""Please pay attention to reading enough words so I can calculate your score.""Is this a bug or a feature?I read enough but how can I study due to the environment or faulty mic?Why does it get worse?I didn't pay for this type of study."
a0757bb6-1201-42d6-b1ed-4d07fc47e0a2,002,5,"từ ngày luyện phát âm vs elsa thì kỹ năng nghe của mình được cải thiện đáng kể. công nghệ giúp thay thế cho việc học giao tiếp offline một cách hiệu quả hơn nhiều. elsa phát triển luôn app reading + writing thì tốt. và tối ưu luôn luyện thi toeic, ielts...thanks you",2021-04-04 00:21:40,Positive,"Since practicing pronunciation with Elsa, my listening skills have improved significantly.Technology helps replace learning to communicate offline in a much more effective way.It would be good for Elsa to develop a reading + writing app.and always optimally practice for TOEIC, IELTS... thank you"
d236671d-6933-470f-8bfd-e3fc4016bdac,002,5,"tuyệt vời nhưng có một số thứ cần phải trả tiền thì mới học được, những cái như vậy thì những học sinh tiểu học hoặc thcs khó có.",2021-04-03 13:30:04,Positive,"It's great, but there are some things that need to be paid to learn, things like that are hard for elementary or high school students to have."
6b0505f5-2d27-4679-b445-4456ae43f5bf,002,4,ứng dụng hữu ích. tuy nhiên rất hay xảy ra tình trạng k nhận diện đc giọng nói. tôi có kiểm tra mic thu âm trên ứng dụng khác thì k sao. cho đến khi restart điện thoại thì ứng dụng mới hoạt động bình thường. tuy nhiên gây cảm giác bất tiện! các bạn nên ktra khắc phục lỗi này sớm. tks,2021-03-25 14:18:01,Positive,"Useful application.However, it is very common for people to not be able to recognize voices.I checked the recording mic on another app and it's okay.Until the phone is restarted, the application will work normally.However, it causes inconvenience!You should try to fix this error soon.tks"
69837241-42ff-41ed-aecf-1e3d91d7c0c6,002,5,nên chăng ... và sẽ tuyệt vời hơn khi có thêm phần nghe. ý tôi muốn nghe một lecture .... điều này giúp cho người học có cơ hội học thêm nhiều từ mới và từ ngữ văn chương chứ không phải từ dùng để đối thoại!,2021-03-23 06:08:10,Positive,"Should it be... and it would be even better if there were more listening parts.I want to listen to a lecture.... this gives learners the opportunity to learn many new words and literary words, not words used for dialogue!"
ad6006e3-57ed-40b0-b3fa-abedd1d31f70,002,4,"tôi cần tương tác sinh động hơn, và phù hợp với cv tôi làm theo chủ đề, tôi làm ngành thực phẩm, tôi dùng thử sau đó sẽ quyết định mua.",2021-03-17 15:50:19,Positive,"I need more lively interaction, and it is suitable for my CV based on the topic, I work in the food industry, I will try it out and then decide to buy."
b7aa8543-44db-4ebd-917f-e93cc2de7012,002,5,"luyện phát âm quá chuyên nghiệp. nhờ app mà từ một học sinh ở vùng nông thôn không có điều kiện học trung tâm như mình có thể phát triển thêm về trình độ nói tiếng anh. mỗi tội phần miễn phí có một chút, còn lại toàn là premium.",2021-03-16 13:31:33,Positive,"Pronunciation practice is too professional.Thanks to the app, a student in a rural area like me who does not have the conditions to study at a center can further develop his English speaking proficiency.Each part is free, the rest is all premium."
53b2fb55-3cdc-4b80-919a-8ca8272c4f92,002,5,"app dùng rất tuyệt những ng lần đầu học tiếng anh nên thử và khám phá nhé, có cả chỗ dịch nghĩa và tra từ, khuyên các bạn tìm hiểu kĩ tính năng của nó nha. chúc các bn học tốt 👍",2021-03-07 09:13:51,Positive,The app is great to use. People who are learning English for the first time should try it and explore. It also has a place to translate meanings and look up words. I recommend you learn its features carefully.Wish you all good studies 👍
8fda8f6d-3ecb-4d53-904e-15ca3c6c896a,002,4,app này rất hay nhưng có 1 lỗi kà tự nhiên tôi đang học thì nó lại văng ra vui lòng sửa app nhé admin,2021-03-05 12:21:13,Positive,"This app is very good but there is an error, suddenly while I was learning it crashed, please fix the app admin"
a8355989-a6b9-4a9b-a56e-d22b15f72088,002,5,"ứng dụng thực sự rất tốt nhưng mình không hiêut sao nó rất hay bị lỗi, lúc nào cũng bảo đang cập nhập dữ liệu, đến đăng xuất cx k được nữa. mong nhà phát triển khắc phục",2021-03-01 13:30:29,Positive,"The app is really good, but I don't understand why it crashes so often, it always says it's updating data, and I can't even log out.Hope the developer fixes it"
44fc676b-c690-48c6-90c2-c239e58b0cf1,002,5,"mình thấy luyện nói vs ai rất hiệu quả trong việc cải thiện phát âm, trôi chảy và ngữ điệu. còn để cải thiện vốn từ và ngữ pháp thì nên cố gắng học các từ mới và tham khảo hội thoại nâng cao trên elsa. elsa có rất nhiều bài học và đa dạng lộ trình, nếu kiên trì luyện mỗi ngày trong nửa năm các bạn sẽ thấy cải thiện nhiều luôn á :d. ncl các bạn học nói elsa mà muốn tiến bộ thật sự thì cần chú ý đến các từ mình học và hội thoại mẫu, chứ k chỉ đơn thuần là đọc theo (cố luyện vs bạn bè nữa nhé :v)",2021-02-27 03:45:03,Positive,"I find speaking practice with ai to be very effective in improving pronunciation, fluency and intonation.To improve vocabulary and grammar, you should try to learn new words and refer to advanced conversations on Elsa.Elsa has many lessons and diverse paths. If you practice persistently every day for half a year, you will see a lot of improvement :d.If you want to really improve when you learn to speak Elsa, you need to pay attention to the words you learn and sample conversations, not just simply read along (try practicing with friends too :v)"
fb682502-1322-4353-ae15-7d304ffa0112,002,5,"ứng dụng tốt, không bị lag hay quảng cáo. nhưng mà mình không chắc có thật cứ luyện mãi độc thoại với cái máy thế này thì có giỏi đc ko... vì ko gì bằng thực tế trải nghiệm mà nhỉ? :)",2021-02-25 14:17:06,Positive,"Good app, no lag or ads.But I'm not sure if I can really get good at practicing monologues with a machine like this... because there's nothing like real experience, right?:)"
d390ce7f-5901-4874-b6dd-f52e5fefbb72,002,4,cần nâng cấp tài khoản thành pro mới dùng được các chức năng còn gần như là bình thường k giống như trước đây tôi sử dụng !,2021-02-23 04:46:59,Positive,"I need to upgrade my account to pro to use the functions, which are almost normal, unlike what I used before!"
2f58891a-3d3c-4875-9fb1-115a007d5693,002,5,"mình cực kì thích app,cảm giác như hok tiếng anh thú vị hơn rất nhiều ,app đã cải thiện giúp mình rất nhìu trong việc phát âm",2021-02-21 03:39:17,Positive,"I really like the app, I feel like learning English is much more interesting, the app has improved my pronunciation a lot."
879c11cf-969a-4045-96e9-27e76b06250b,002,5,"trong phần hội thoại. phần mềm chưa phân biệt được từng từ do người dùng phát âm khi mình nghe lại từ đó. ví dụ như câu ""is this register open"". khi nghe lại phần phát âm từ register của người dùng, thì phần mềm phát từ ""open"" chẳng hạn",2021-02-20 15:59:45,Positive,"in the conversation section.The software cannot distinguish each word pronounced by the user when we listen to that word again.for example the sentence ""is this register open"".When listening back to the user's pronunciation of register, the software plays the word ""open"", for example"
2d8e67e3-8d28-48ed-98ef-58e1555563c3,002,5,"mình dùng 1 ngày xong ngày hôm sau vào nó bị đơ, máy không thu giọng nói mình. mk không biết bị vấn đề gì vậy ạ?",2021-02-19 15:25:15,Positive,"I used it for 1 day and the next day it froze, the device didn't record my voice.I don't know what the problem is?"
b54f073c-1d41-488d-8dfc-b45dc6636410,002,5,"app này đã giúp em nói tiếng anh rất chuẩn , và khi gặp người tây thì em đã đến bắt chuyện cùng họ rất thãnh thơi không phải như trước là em gặp người tây nào cưng sợ sệt !",2021-02-16 09:32:02,Positive,"This app has helped me speak English very well, and when I meet Westerners, I come and talk to them very comfortably, not like before when I meet Westerners and get scared!"
3b0cc0bb-994b-4367-a2df-6e8498f58bee,002,5,app rất hay. có tính năng phân tích kĩ càng lỗi phát âm và độ phát âm bản xứ bao nhiêu để duy trì luyện tập.,2021-02-16 05:27:22,Positive,very good app.Has the ability to carefully analyze pronunciation errors and native pronunciation levels to maintain practice.
468b6d8a-ec81-4f9c-91b4-d7bb3729b7ad,002,5,"lúc đầu tôi rất yếu tiếng anh nhưng từ khi tôi học elsa pro, tôi đã tiến bộ rất nhanh. hiện nay tôi là học sinh giỏi tiếng anh cấp thành phố.",2021-02-16 04:13:35,Positive,"At first, my English was very weak, but since I learned Elsa Pro, I have improved very quickly.Currently, I am an excellent English student at the city level."
405e126e-4b3b-45ab-bd30-915b53ddd804,002,5,mình thấy ứng dụng này rất tốt cho những người ko phát âm chuẩn tiếng bản xứ đc hay là những người bị mất gốc tiếng anh.theo mình nghĩ các bạn nên tải ứng dụng này về dùng thử đi,2021-02-15 08:04:13,Positive,"I think this app is very good for people who can't pronounce their native language correctly or who have lost their English roots. In my opinion, you should download this app to try it out."
2acecab4-f52a-436d-b741-f8a3d223a62c,002,5,tính tương tác cao. rất dễ học. phần mềm thiết kế thông minh. giúp người học nâng cao được khả năng nói và kiểm soát được quá trình học.,2021-02-13 12:06:24,Positive,High interactivity.very easy to learn.intelligent design software.helps learners improve their speaking ability and control the learning process.
8b75ecd4-ff6f-4075-9fea-41d7493a20d9,002,5,"thật sự là mik học ko được tốt về tiếng ngoại ngữ , nhưng từ khi có ứng dụng này mik cảm thấy mik đã tiến bộ hơn rt nhiều.😁",2021-02-13 10:48:09,Positive,"Actually, I'm not good at learning foreign languages, but since having this app, I feel like I've improved a lot.😁"
538a3f8e-866c-4a70-a4d6-c55df051d7c5,002,5,"phải tải elsa pro mới được học phần tiếp theo,mình nghĩ nên học free cho các bạn nhỏ vì lỡ bạn ấy học riêng máy sao,làm sao có tiền trong tài khoản đóng!",2021-02-06 00:55:48,Positive,"You have to download Elsa Pro to learn the next part. I think we should learn it for free for the kids because if they learn it separately, how will they have money in their closed account?"
8515dd4e-041d-44ab-8c7b-13592bfa7a57,002,5,tuyệt vời nhờ elsa mà mik cải thiệt được cách phát âm và nó giúp chomik nhận ra những lỗ hỏng trong phát âm của mik. râts tuyệt!,2021-02-05 13:17:52,Positive,"Thanks to Elsa, mik improved his pronunciation and it helped chomik realize the flaws in his pronunciation.very cool!"
9dfb7995-f358-4b3d-ad65-be5c0786b32f,002,5,"app mình cho điểm tổng quan là 8,5 điểm. - phần hội thoại thì tất nhiên chỉ là ai nên máy nói rất khô. - phần phát âm nhiều chữ máy còn rất cứng nhắc, đọc rát cổ vẫn không được, đưa từ điển cambridge đọc cũng chỉ đc 7-80%. nhất là âm [j] đầu hay [ge] cuối như judge, challenge kể cả từ điển cũng bị elsa chấm điểm cam chứ ko được màu xanh. người học không nên ăn thua đủ với elsa bằng cách đọc chậm, rõ từng âm để được điểm cao nhưng không đúng với thực tế. người học cần linh động hơn app...",2021-02-04 04:51:38,Positive,"I give the app an overall score of 8.5 points.- The dialogue is of course just people so the voice is very dry.- Pronunciation of many machine words is still very rigid, reading is still not possible, using Cambridge dictionary can only read 7-80%.Especially the first [j] or last [ge] sounds like judge, challenge, even in the dictionary, Elsa scores orange, not blue.Learners should not lose enough with Elsa by reading each sound slowly and clearly to get a high score but it is not true to reality.Learners need to be more flexible than the app..."
5f0f5b3d-3eb1-4958-ac76-3c58fdee61e8,002,4,"hi elsa! ứng dụng của bạn rất thú vị, nhưng tôi không thể học bởi vì những lesson của tôi đã bị khóa và chúng bắt tôi phải trả tiền bây giờ tôi phải làm sao để học miễn phí? mong bạn sớm trả lời câu hỏi của tôi.",2021-02-02 03:51:32,Positive,"hi elsa!Your app is very interesting, but I can't learn because my lessons are locked and they force me to pay, now how can I learn for free?Hope you answer my question soon."
80c4574e-9e07-4825-b5ab-b0a6a14000d8,002,5,rất tuyệt luôn. mỗi tội là nếu học miễn phí thì chỉ giới hạn đến 1 bài nào đó thôi. nch là những bài học học rất hay,2021-01-31 15:32:00,Positive,"very cool.The problem is that if you study for free, it is limited to only one lesson.nch are very good lessons to learn"
ee51f45a-8b1c-48e2-afe5-331512171311,002,5,"cảm nhận ban đầu mình cũng hơi nản về phần luyện phát âm luyện mãi vẫn bị sai, nhưng sau đó kiên trì thì cũng cải thiện được .cảm ơn đội ngũ elsa đã tạo ra một app hay cho người dùng về cải thiện phát âm ..",2021-01-30 16:21:47,Positive,"At first, I felt a bit discouraged about the pronunciation practice and I kept getting it wrong, but after persevering I was able to improve. Thank you Elsa team for creating a good app for users to improve pronunciation.."
2b1018f2-a0a0-431f-b552-ea7835ba05fa,002,5,"học elsa từ năm 2019 đến giờ vẫn ưng, học từ cái hồi elsa chả có cái mọe gì ngoiaf mấy bài phát âm, giờ thì triển thêm nhiều bài mới, giao diện cxng đẹp hơn.",2021-01-27 16:04:01,Positive,I've been learning Elsa since 2019 and still enjoy it. I've been learning since Elsa didn't have anything except pronunciation lessons. Now it's developed many new lessons and the interface is even more beautiful.
3649230f-9d11-4897-8792-7ed2eb7d63cd,002,5,"ứng dụng rất tốt, rất dễ học, có nhiều lựa chọn học cho người dùng, mong nhà phát triển phát triển thêm ứng dụng này",2021-01-26 13:12:01,Positive,"Very good application, very easy to learn, there are many learning options for users, hope the developer develops more of this application"
97c73ca8-ac96-46bc-8c39-36a86455f55b,002,5,thật tuyệt mặc dù lúc đầu tui rất bực mk vì ko nói đc nhx đây là ứng dụng nói ta mà tui thì nhất thực sự cảm ơn nhà sáng lập nha,2021-01-25 15:13:29,Positive,"It's great, although at first I was very annoyed because I couldn't speak, but this is a speaking app and I like it the most. Thank you to the founder."
07879ebc-b608-40ca-a5f7-5ebf092ca5b7,002,5,"tuyệt vời hơn cả khi mình học với giáo viên, vì khi đọc từ có cả phiên âm và cách sử dụng từ để hướng dẫn khẩu hình miệng để đọc rất dễ hiểu",2021-01-24 14:07:11,Positive,"It's even better than when I study with a teacher, because when reading words, there are both phonetic transcriptions and how to use words to guide mouth movements so reading is very easy to understand."
94052757-4d7b-44fc-b08c-9336d7cfc2b0,002,5,tuyệt vời nhưng lúc tải thì khó khăn qué tra trên goole h nhìn thấy này zô đọc (lúc đó còn nhu zề tiến anh) kết quả vài ngài sau học tốt hản cô giáo còn khen phát âm chuẩn mừng vl😂,2021-01-20 12:12:08,Positive,"It's great but when downloading, it's difficult to look it up on google. I saw this and read it (at that time I still needed to advance). The result was that after a few students, the teacher even praised the pronunciation so well. 😂"
35ba09ee-6dce-4e54-8ff5-147d264b1138,002,5,elsa là một ứng dụng tuyệt vời để bạn luyện phát âm. chỉ cần chăm chỉ mỗi ngày thì chỉ vài tháng sau mình đã thấy kĩ năng phát âm của mình đã tiến bộ rõ rệt.,2021-01-16 02:01:44,Positive,"elsa is a great app for you to practice your pronunciation.If I just work hard every day, just a few months later I will see my pronunciation skills have improved significantly."
321ae6d7-6af9-4a74-9ca0-ae76f40c4487,002,5,app cực tốt luôn. nó có thể làm 1 bài test nhỏ để bt tôi yếu về phần nào và cũng biết sắp xếp lộ trình học cho tôi nữa rất tuyệt,2021-01-14 03:31:11,Positive,"the app is extremely good.It can do a small test to find out which areas I'm weak in, and it also knows how to arrange a learning path for me, which is great."
32175ef0-af3a-4a20-b9c3-bcc576aa3f5f,002,5,vừa trải nghiệm bài test và được gợi ý lộ trình học. mình thấy rất thú vị và bổ ích. mình sẽ tiếp tục học theo elsa,2021-01-11 14:30:22,Positive,Just experienced the test and was given a suggested learning path.I find it very interesting and useful.I will continue to learn from Elsa
aedabb08-661c-4cf4-903d-72db1ddcf975,002,4,"elsa nó sai do lỗi lập trình . đọc đúng cho sai đọc phiên âm trước rồi đọc từ mới cho đúng. special đọc đại nanimo cho tuyệt vời .... . . . . . . . . . .. . . . . . . . ., . . ........ . . . . . . . . . .. .. . . . . . . . .. ............ .. . . . . .. . . . .. . . .. . . . . . . .. . . . . ... .. . . . . .. . . . . . . . . . . .. . . . . . . . . . . . . . . . . . . . . . . . . . . . . . . . . . . . . . . . . . . . . . . . . . . . . .. . . . . .",2021-01-11 12:54:41,Positive,"Elsa is wrong due to a programming error.Read correctly and incorrectly, read the phonetic transcription first, then read the new word correctly.special read great nanimo for great .... ..................., ............ ........... .. ......... ............ .. .............................. ... ............................................................................."
9c33f275-6848-4a69-ae03-a0976712d9f1,002,5,thấy cũng ok đó nhưng học được hay không là do đầu óc của mỗi người nó phát triển khác nhau. tiếp thu nhanh hay chậm,2021-01-06 15:34:21,Positive,"I think it's ok, but whether we learn or not depends on each person's mind developing differently.absorb quickly or slowly"
d1a7d1a9-a10c-411c-a18f-d57f29a4ea25,002,4,app học rất hay nhưng có 2 vấn đề là hơi lag ở bộ bài học và nếu ko mua mà truy cập hạn chế thì bị khoá khá nhiều 8điểm,2020-12-30 23:39:25,Positive,"The learning app is very good, but there are 2 problems: it's a bit laggy in the lesson set and if you don't buy it and have limited access, it will be locked quite a lot 8 points."
52f09473-8937-43c2-aced-9d11a872bf7b,002,5,game này rất hay có thể học tiếng anh mỗi ngày và đọc tiếng anh chuẩn hơn mình rất thích mình rất thích chương trình này mình rất thích mình rất thích👌,2020-12-20 07:19:55,Positive,"This game is very good, you can learn English every day and read English more accurately. I really like it. I really like this program. I like it a lot. I like it very much👌"
7a0f00a5-a911-421d-bc81-b4f47efd540d,002,4,"a excellent app actually i don't really really need to hear "" mountain tung's voice"" ( tung mtp) ok could y help me fix that that voice is making me crazy thanks",2020-12-16 07:53:45,Positive,"a excellent app actually i don't really really need to hear ""mountain tung's voice"" (tung mtp) ok could y help me fix that that voice is making me crazy thanks"
f9bd8600-ce27-437d-b4b4-006868a93bb1,002,4,áp là một ứng dụng rất tốt.theo ý kiến riêng của tôi thì áp nên mở rộng phần học dành riêng cho những người không nạp tiền vào ứng dụng,2020-12-15 15:03:05,Positive,"It's a very good app. In my opinion, it should expand the learning section specifically for people who don't deposit money into the app."
a08143d6-13b5-4004-ac28-c2befece1662,002,4,we are launching an exciting updates with this version. we are adding a new game to let you practice linkage of different sounds! this will improve your speaking fluency and helps you sound more natural. give it a try!,2020-12-11 12:52:11,Positive,we are launching an exciting updates with this version.we are adding a new game to let you practice linkage of different sounds!this will improve your speaking fluency and help you sound more natural.give it a try!
bcceaa92-81fb-4ab3-b81d-8ed13860f4a2,002,5,thích nhất là phần xem mọi người phát âm thế nào của elsa. giúp mình hiểu được từ đó được phát âm trong hoàn cảnh nào nên việc thuộc và áp dụng cũng dễ hơn,2020-12-11 08:48:35,Positive,"My favorite part is seeing how people pronounce Elsa.Helps me understand in what context the word is pronounced, so memorizing and applying it is easier"
75c7fd11-ff4f-441e-b55e-224be2408527,002,5,"tôi rất thích, nó giúp tôi cải thiện cách phát âm, cho tôi thêm nhiều từ vựng, nếu tối đa là 1000 sao thì cho luôn đó, yêu ❤❤",2020-12-09 12:11:57,Positive,"I really like it, it helps me improve my pronunciation, gives me more vocabulary, if the maximum is 1000 stars then give it, love ❤❤"
3060e045-7628-4ba9-83f7-03ba0de73b8f,002,5,tiện lợi. ứng dụng tuyệt vời cho việc luyện phát âm. bài học đa dạng. được thiết kế hoàn toàn dựa trên năng lực hiện tại. i love elsa speak.,2020-12-03 17:03:50,Positive,convenient.Great app for pronunciation practice.Diverse lessons.designed entirely based on current capacity.i love elsa speaks.
ceb10a6a-bf56-4296-9630-8c4eaa82b18b,002,5,ứng dụng rất hữu ích giúp mình cảm thấy tự tin hơn về vốn từ vựng cũng như khi giao tiếp với người ngoại quốc,2020-12-02 16:14:34,Positive,Very useful application to help me feel more confident in vocabulary as well as when communicating with foreigners
928cde43-61c5-4240-84ab-7e0365c97a39,002,5,đối với tôi thì elsa là một ứng dụng học tiếng anh rất tốt tôi nghĩ các bạn nên dùng thử một lần tiếng anh của tôi đã được cải thiện rất nhiều tôi mong nhà sản xuất của elsa có thể làm nhiều ứng dụng học tiếng anh như thế này nữa xin cảm ơn,2020-12-02 11:33:27,Positive,"For me, Elsa is a very good English learning application. I think you should try it once. My English has improved a lot. I hope Elsa's manufacturer can make more English learning applications like this. Thank you."
fb2225ff-5b49-4348-89e9-8eb4737439e0,002,5,"ứng dụng quá tuyệt vời, các bạn thử tải về học nhé . nó giúp mình cải thiện lại tiếng anh cách pháp âm 🧏‍♀️",2020-12-02 04:57:30,Positive,"The app is so great, please try downloading it and learning.It helps me improve my English pronunciation 🧏‍♀️"
e7cc85fd-1c24-45be-bee3-b1f2c818f401,002,5,app rất hay ban đầu mình không biết tiếng anh và hay bị bạn bè trêu gẹo nhưng khi biết app này thì mình đã cải thiện về việc nói tiếng anh và mình rất vui khi biết app này,2020-11-29 13:05:58,Positive,"Very good app, at first I didn't know English and was often teased by my friends, but when I learned about this app, I improved my English speaking and I'm very happy to know this app."
b2e09a74-16c3-4ada-8faf-6396279da774,002,4,không vào được ứng dụng. elsa cần kiểm tra hộ cái. vào quá chậm. nhưng thấy nhiều người ủng hộ nên cho 4 sao để tiếp tục phát huy.,2020-11-28 02:25:39,Positive,"Can't access the application.Elsa needs to check on her family.entered too slowly.But seeing that many people support it, I give it 4 stars to continue promoting."
50618dff-ffc4-4e1e-97d3-e72188ac51cd,002,5,học cùng elsa là 1 điều cực kỳ tốt đối với các bạn nào có trình độ tiếng anh kém . cảm ơn elsa nhiều ạ 😙😙,2020-11-27 02:31:10,Positive,Studying with Elsa is an extremely good thing for those who have poor English skills.Thank you very much Elsa 😙😙
a3c0c583-c7e6-4e70-adb6-d5595956f5e6,002,5,tôi là sơn fan của anh sơn tùng và tôi rất muốn giống anh ấy nên tôi học tiếng anh để được như anh ấy 🤟🤟🤟🤟🤟😎😎😎😎😎🐺🐺🐺🐺🐺,2020-11-26 07:14:44,Positive,I'm Son Tung's fan and I really want to be like him so I learn English to be like him 🤟🤟🤟🤟🤟😎😎😎😎😎🐺🐺🐺🐺🐺
5639b5d0-fb59-47fe-b380-6bebf8f39bbc,002,4,"về nội dung mình ko chê gì, chỉ bực là sau khi dùng bản dùng thử thì rất ổn, nhưng lúc bỏ tiền để mua gói 1 năm thì vừa chậm, hay bị đơ khi khi học thật sự rất bực mình vì phải chờ đợi.😤",2020-11-24 16:27:46,Positive,"Regarding the content, I don't criticize anything, I'm just upset that after using the trial version it's very good, but when I spend money to buy the 1 year package it's slow, often freezes when learning, I'm really annoyed because I have to wait.😤"
45af3b48-6d22-4592-83b8-86d1fee3a509,002,5,thực sự mình rất thích ứng dụng này nhưng vì còn đi học và ba mẹ không dán đóng nộp học cho elsa nên không thể học đc mong một ngày nào đó ứng dụng thể đc miễn phí,2020-11-22 15:21:51,Positive,"I really like this app, but because I'm still in school and my parents don't pay Elsa, I can't study. I hope one day the app can be free."
51fdcb83-5215-488d-a411-59d17c653945,002,5,ung dung elsa speak nay rat tuyet voi . ươc gi toi co the cho ưng dung elsa speak nay 1000... sao thi hay biêt mây,2020-11-22 12:55:08,Positive,This Elsa Speak app is really great.I wish I could use Elsa Speak today 1000... how can I know clouds?
6a4d6db3-8b36-46ac-80e0-9e21cc40fb1b,002,5,ứng dụng này rất hay và tốt và còn nhiều bài học rất hay và bổ ích và được học chung vs sơn tùng m-tp nữa mik khuyên mn nên tải ứng dụng này về bởi vì phát âm rất chuẩn và ứng dụng này cũng rất bổ ích,2020-11-22 12:46:57,Positive,This application is very good and good and has many very good and useful lessons that can be learned together with Son Tung m-tp. I recommend everyone to download this application because the pronunciation is very accurate and this application is also very useful.
20e92714-5149-4625-8ec1-a60bab1826ce,002,5,"so good! tôi thấy ứng dụng thật tốt khi chúng ta có thể luyện nghe, nói, đọc, viết, kể cả giao tiếp. ứng dụng thật tuyệt vời. tôi nghĩ mọi người nên tải về và luyện mỗi ngày! nó giúp chúng ta rất nhiều!",2020-11-22 01:59:09,Positive,"so good!I find the application very good as we can practice listening, speaking, reading, writing, even communication.the app is awesome.I think everyone should download and practice every day!it helps us a lot!"
279c28ad-b899-4359-9836-ae15ffe78c0f,002,5,"sau 1 thời gian học, phát âm mình cải thiện nhiều nhưng mình có 1 mong muốn mong bộ phận thiết kê app lưu ý. phần ui ux + phần tra cứu từ sao lại có nút onl/off. bạn có thể bỉ hẳn đó (user chỉ cần vuốt qua trái hoặc phải để tra cứu => nó sẽ tiện hơn)",2020-11-21 13:55:46,Positive,"After a period of studying, my pronunciation has improved a lot, but I have one wish that the app design department will pay attention to.ui ux part + word lookup part why does it have an on/off button.You can completely ignore it (users just need to swipe left or right to look up => it will be more convenient)"
63c316fa-4edd-455b-ad93-629a72555896,002,5,cảm ơn nhà phát hành đã tạo ra app học tiếng anh này cho cả nước. nhờ app mà tất cả mng trong nước đều học được tiếng anh một cách dễ dàng. xin chân thành ckảm mkơm nhà phát's hành's,2020-11-20 10:25:55,Positive,"Thank you to the publisher for creating this English learning app for the whole country.Thanks to the app, all people in the country can learn English easily.Sincerely thank the publisher"
a9c0d791-be93-4a60-94ed-5073033d6484,002,5,"ứng dụng này chỉ dành cho người đã biết tiếng anh rồi tải về luyện khẩu ngữ thôi, còn những đứa mất gốc ấn thì tịt mù nhá",2020-11-20 00:33:51,Positive,"This application is only for people who already know English to download and practice speaking, but those who have lost their Indian roots are completely ignorant."
c735e2b0-e532-4428-8f65-d6d849800eb1,002,5,ứng dụng rất tuyệt vời chúng ta có thể phát âm cực chuẩn và tôi là một người phát âm tệ sau khi học qua elsa specking tôi thấy tôi phát âm tốt hơn,2020-11-14 13:35:45,Positive,"The application is very great. We can pronounce very well. I am a bad pronunciation person. After learning Elsa Specking, I found that my pronunciation is better."
cdd06558-c115-4aac-9ee1-925111748d77,002,5,tôi học rất là thích elsa speak này là ứng dụng học tiếng anh tốt hơn và phát luyện âm tiếng anh tôi đánh giá 5 sao cho elsa speak này!,2020-11-14 02:54:57,Positive,I really like Elsa Speak. It's an app to learn English better and practice English pronunciation. I rate Elsa Speak 5 stars!
1e30c280-ceec-4253-bbfc-63d00c6c82c9,002,5,"i had been fighting with my journey to learn english for a long time, when i encounter elsa app. it helps me a lot of things such as pronunciation, itonation. i highly recommend this app for beginners who desire to have a great pronunciation.",2020-11-13 15:30:43,Positive,"i had been fighting with my journey to learn english for a long time, when i encountered elsa app.it helps me a lot of things such as pronunciation, itonation.i highly recommend this app for beginners who desire to have a great pronunciation."
c9928437-85f8-47c6-b2aa-80384b4f3e33,002,4,ứng dụng rất hay và bổ ích khi học tiếng anh. tuy nhiên cấu tạo vòm họng người châu á và người châu âu khác nhau lên có nhiều âm vực người ngoại quốc họ hiểu nhưng phần mềm báo sai.,2020-11-10 13:18:08,Positive,"Very good and useful application when learning English.However, the structure of the palates of Asians and Europeans is different, there are many sounds that foreigners understand but the software reports them incorrectly."
931b379e-c084-4fa4-bce8-aa6e21260968,002,5,"ứng dụng này xài rất tốt , nó giúp mình luyện được cách phát âm . ngày trước mk phát âm ko tốt lắm nay có elsa speak lo j mà ko làm đc 😝😝",2020-11-10 12:03:42,Positive,"This app is very good, it helps me practice pronunciation.Before, my pronunciation wasn't very good. Now I have Elsa Speak but I can't do it 😝😝"
8e83aa96-2b33-49c8-8d93-d45ee2db9bf0,002,5,tốt cố gắng ra nhiều câu nói thường dùng nữa là ok bây quá tốt r mong nhà phát triển phát triển mạnh hơn nữa,2020-11-10 04:17:06,Positive,"Well, try to come up with more commonly used sayings. Okay, now that's great. I hope the developer develops further"
dcee6429-8afc-4446-a8c1-721c84c1318d,002,5,mình là có lần nói kiểm tra mà không nói được nhờ có ứng dụng elsa speak mà mình nói tốt và nhanh nữa l love elsa speak,2020-11-08 12:45:31,Positive,"I once took a test but couldn't speak thanks to the elsa speak app, I spoke well and quickly l love elsa speak"
c2505645-136f-4067-89df-0d905b50c97a,002,4,"mình kiểm tra trình độ speaks, cảm thấy không ổn nên có bấm ghi âm lại. nhưng bị lỗi, cứ mỗi lần ghi âm lại là bị lỗi. nên mình chẳng muốn ghi âm lại nữa 😔 đọc 1 lần cho xong luôn :(( chán ghia",2020-11-08 02:42:12,Positive,"I checked my speaking level and felt it wasn't right so I pressed record again.but there is an error, every time the recording is recorded there is an error.So I don't want to record it again 😔 read it once and be done :(( Boring"
d9a1ade4-3251-4fbf-a712-ff10eeba5aac,002,5,ứng dụng rất rốt giúp tôi có một giọng nói rất chuẩn tây giờ đây tôi không ngại giao tiếp nữa cảm ơn nhà sản xuất thanks so much,2020-11-07 11:14:44,Positive,"Very good application that helps me have a very western speaking voice. Now I'm not afraid to communicate anymore. Thank you, producer. Thanks so much."
e8406a0f-a07e-413c-bb2b-9a783f36fa8f,002,5,thực sự mà nói đây là một ứng dụng dạy tiếng anh phải nói là tốt nhất từ trước tới giờ mà tôi từng sử dụng,2020-11-06 16:09:04,Positive,"Honestly, this is the best English teaching app I've ever used"
c7762551-5513-46fe-9d3b-920bd746af2e,002,5,mik thấy elsa rất hay và bổ ích nó giúp mik phát âm chuẩn hơn và mik tự tin hơn khi giao tiếp với người nước ngoài,2020-11-06 04:23:21,Positive,I find Elsa very interesting and useful. It helps me pronounce more accurately and I feel more confident when communicating with foreigners.
49c728b5-08f2-44d1-824f-27cd3a42517d,002,5,ứng dụng rất hữu ích cho những người mới học và cái hay nhất là còn giúp sửa lỗi và cho bản thân người học biết mình đang ở mức độ nào.,2020-11-06 03:45:18,Positive,The application is very useful for beginners and the best part is that it also helps correct errors and let the learner know what level he or she is at.
327130c7-f7cd-460e-8d97-f342fa5582be,002,5,"mình biết app này qua quảng cáo, thấy mọi người học trên app có thể nói được tiếng anh như gió thông qua cái app này cho nên mình cũng tò mò tải về học thử. sau quá trình học được vài phút, mình cảm thấy app này cũng khá là thú vị!!",2020-11-04 14:32:14,Positive,"I knew about this app through advertising. I saw that people studying on the app could speak English like the wind through this app, so I was curious to download it and try it out.After learning for a few minutes, I feel this app is quite interesting!!"
506f5327-e2c8-477a-a24d-8ec0136181d1,002,5,lúc đó tui ko biết tiếng anh nhưng bạn giới thiệu tui biết tải về học rất tốt bây giờ tui đã biết tiếng anh cho 5🌟🌟🌟🌟🌟,2020-11-04 13:23:42,Positive,At that time I didn't know English but you introduced me to it so I could download and study very well. Now I know English for 5 years🌟🌟🌟🌟🌟
7db9fe73-fc7a-4740-a2bf-d9f4a65480c2,002,5,"ứng dụng rất tuyệt vời. nếu bạn muốn phát âm chuẩn, giống người bản xứ thì đây chính là lựa chọn hàng đầu dành cho bạn.",2020-11-03 10:54:56,Positive,"very great app.If you want to pronounce correctly and like a native speaker, this is the top choice for you."
b7075f81-da2a-4603-baf5-3f93bb6e5472,002,5,"tôi cực kì thích app này vì có thể cho cả trẻ em học, và người lớn cũng học được 😊m.n hãy tải app này về nhé, ngày trước thì mik cực kì ghét tiếng anh nhưng khi tải app này về thì chỉ trong 3 tháng mik đã vượt lên, mik rất thích app này vì nó có thể học từ vựng và ngữ pháp rất hay app này do bn cùng lớp với mik chỉ app này và mik đã cải thiện được tiếng anh trong 3 tháng cảm ơn else speak rất nhiều 😊",2020-11-02 04:48:26,Positive,"I really like this app because it can let both children learn, and adults can also learn 😊m.n please download this app, in the past, mik absolutely hated English but when I downloaded this app, in just 3 months I was able to surpass it. I really like this app because it can learn vocabulary and grammar very well. This app was taught to me by a friend in the same class as me and I have improved my English in 3 months. Thank you very much else speak😊"
1fce40cc-4f7c-4f08-8cbd-21ea3f0fb47d,002,5,nó đã giúp tôi phát triển anh văn vậy tôi rất học yếu môn này bây giờ tôi đã hoặc trung bình tôi cảm thấy áp này xài rất tốt không bị gì tôi đánh giá 5 sao tôi cũng gửi lời cảm ơn app elsa đã giúp tô phát triển hơn cảm ơn,2020-11-02 03:46:45,Positive,It has helped me develop my English so I am very weak in this subject now I am good or average I feel this application is very good to use without any problems I rate it 5 stars I also thank Elsa app for helping me develop better thank you
57f357a1-a4bf-418f-b15c-a30037a7b678,002,5,"quá tốt dành cho người muốn tự học, thậm chí còn tốt hơn khi đi học thêm, chưa chắc học thêm đã có thể sửa việc đánh vần đến mức cặn kẽ đến như vậy, vốt 5 sao ko nói nhiều",2020-11-01 15:06:20,Positive,"Very good for people who want to self-study, even better when taking extra lessons, not sure if extra lessons can correct spelling to such a thorough level, 5 stars is not saying much."
de2f5b85-d3cc-4685-a7e4-cfe92e72135d,002,5,mình ko thể tin là elsa speak lại tuyệt thế này. mk cũng chỉ biết qua quảng cáo thôi nhưng ko ngờ nó lại mang đến hiệu quả tuyệt vời hơn mong đợi của mk😀💜💚💛🧡❤ thanks elsa,2020-10-31 14:22:07,Positive,I can't believe Elsa speak is this great.I only knew about it through advertising but I didn't expect it to bring better results than I expected😀💜💚💛🧡❤ thanks elsa
7534f5d2-9638-4b3b-bd5a-b9acec40824b,002,5,trãi nghiệm tốt . rất có ích cho những người mất góc anh văn cũng như nhưng người học anh văn nhưng muốn phát âm giống người bản sứ.,2020-10-31 11:00:16,Positive,good experience.Very useful for people who have lost their English skills as well as those who study English but want to pronounce like native speakers.
f9c2e8bd-5dda-4a23-9b3a-a2758af5fa07,002,5,mình mong mk sẽ phát âm tốt hơn trong thời gian tới :3 và mình cũng thích giọng của tùng sẽ giúp mình có động lực hơn :3 thank you🥰 cố gắng lên nào mọi người ơiii🤤🤤,2020-10-30 23:54:33,Positive,"I hope you will pronounce better in the future :3 and I also like Tung's voice, it will help me be more motivated :3 thank you🥰 keep trying everyone🤤🤤"
c005d7a2-344c-4958-b804-58ba63fd2e2c,002,5,trình độ học ta của tôi giờ cũng khá tiến bộ là nhờ ứng dụng elsa này. cảm ơn đã giúp tôi trong học tập . mong elsa giúp đỡ,2020-10-30 13:50:53,Positive,My English learning level is now quite advanced thanks to this Elsa application.Thank you for helping me in my studies.Hope Elsa can help
3adceb9d-90c8-46a3-a0d0-36621fd35963,002,5,ứng dụng cực kì tốt luôn. nhờ có ứng dụng phát âm của tôi đã tốt hơn nhiều so với trước kia. mong ứng dụng sẽ càng phát triển tốt hơn nữa.,2020-10-27 03:35:02,Positive,Extremely good application.Thanks to the app my pronunciation is much better than before.Hope the application will develop even better.
5f5d0330-b6a6-4f15-88d7-13829b9e5825,002,5,"ứng dụng rất hiệu quả, chỉ rõ cụ thể những lỗi phát âm và giúp người học cải thiện lỗi hiệu quả hơn.♡♡♡♡♡ 5 tim luôn",2020-10-26 12:24:12,Positive,"Very effective application, specifically pointing out pronunciation errors and helping learners improve errors more effectively.♡♡♡♡♡ 5 hearts"
9fe69319-8d29-4898-bed3-0722be714237,002,5,"toi thay ung dung nay rat hay , toi muon chia se ung dung nay ra cho tat ca moi nguoi dieu hoc tieng anh gioi hon . luc dau toi thay nguoi ta quan cao hoc tieng anh rat gioi nen toi tai ve choi thu ,toi khong ngo ung dung nay rat hay nho no ma toi vua phat am chuan tang them kien thuc cho toi . toi mong moi nguoi doc duoc bai nay thi hay tai ngay di nha moi nguoi ban nao hoc tieng anh kem thi hay tai ung dung nay nha",2020-10-26 07:22:52,Positive,"I think this application is very good, I want to share this application with all people who learn English better.The first time I changed my relationship with a high school student, learning English was so important that I downloaded the game, I didn't forget that this app was so good that it made me a king to increase my knowledge of reality.I hope everyone can read this article and take the test right away. If you want to learn English, take the test or use this app."
26983b92-269d-4419-9474-18501a5fc6d7,002,5,ứng dụng rất tốt nó sẽ giúp mình nâng cao tiếng anh mặc dù mình chưa nâng cao đc trình độ tiếng anh nhưng mỗi ngày 20' sẽ giúp đc mình,2020-10-26 01:13:32,Positive,"Very good app, it will help me improve my English even though I haven't improved my English yet, but 20 minutes a day will help me."
05f62d10-7ebd-40d4-a4e9-ff3a84b7e68f,002,5,"mới học đã thấy thú vị,đánh giá của app về trình độ của mình có lẽ chưa chính xác lắm,vì thực ra mình tệ hơn nhiều( bài test có những từ chưa biết cứ đọc đại đi! - mà tiếng anh cứ đọc đại đi thì sui rất nhiều hên rất ít!)...có một điểm chưa rõ là đến phần chọn 2 ô phát âm có icon loa phát sóng giống nhau thì mình chọn đại vì không biết ô nào đúng!-đề nghị adm giải thích.cảm ơn!",2020-10-24 12:11:49,Positive,"I just started learning and found it interesting. The app's assessment of my level is probably not very accurate, because in fact I'm much worse (the test has unknown words, just read it out loud! - but in English, if you read it out loud, you'll have a lot of luck!)... one unclear point is that when it comes to selecting 2 pronunciation boxes with the same broadcast speaker icon, I choose the random one because I don't know which box is correct! - please explain admin. Thank you!"
86e93122-eec6-45f5-a2b0-0eabe063810e,002,5,"trước kia mình đọc tiếng anh rất tệ. nhưng từ khi mình biết ứng dụng này, mình độc tiếng anh tốt hơn rất nhiều, đọc như người bản sứ. nên mình thấy ai biết ứng dụng học tiếng anh này nên học thử nhé.",2020-10-23 13:00:37,Positive,"Before, I was very bad at reading English.But since I learned about this application, I read English much better, reading like a native speaker.So I think anyone who knows this English learning app should try it out."
7c42e1a8-084f-4dae-950a-77a4723bc221,002,5,rất tốt cho những người còn phát âm chưa đúng như tôi. elsa sẽ cải thiện cách nói và nghe của tôi cho tương lai sau này,2020-10-22 01:27:09,Positive,Very good for people like me who still don't pronounce correctly.elsa will improve my speaking and listening for the future
3f77e6ea-a6c0-4f48-8115-2b173803b8bb,002,5,"•ưu điểm : rất là hay mình học phần nâng cao xem lại thấy chỉ số tiếng anh mình ngày càng lên, có có nơi lưu trữ từ vừng tiếng anh để mình học, hồi ấy mình chỉ học tiếng anh người việt và qua đây mình mới cảm thấy được tiếng anh người nước ngoài thật sự khác và bây giờ kĩ năng nghe của mình đã cải thiện không còn sợ phải đối mặt với cái máy nghe rè rè trong trường, hãy tải về vì nó rất đáng mặt tiền, nó giúp bạn thành thạo kĩ năng tiếng anh •nhược điểm : dễ bị văng ra ngoài chưa có nói viết",2020-10-19 06:30:58,Positive,"•Advantages: It's really good. I took the advanced course and looked back to see that my English score is getting better and better. There is a place to store English words for me to learn. At that time, I only studied Vietnamese English and through here I feel that foreign English is really different. Now my listening skills have improved and I'm no longer afraid of having to deal with the noisy speaker in school. Please download it because it's worth it. It helps you master your English skills. •Disadvantages: easy to get confused.thrown out without saying or writing"
c47ee943-9a97-44d4-9534-1bba2e620c24,002,5,mình nghe nói elsa rất bổ ích.nhưng sao máy của chị mình ko cần trả tiền mà máy.của mình phải trả tiền vậy elsa.mong elsa trả lời giúp nhé,2020-10-19 06:03:49,Positive,"I heard that Elsa is very useful. But why doesn't my sister's phone need to be paid for? I have to pay for my phone, Elsa. I hope Elsa can answer."
5bf38c0c-c251-4ce4-9eed-8a2cabc7800a,002,5,"mình dùng elsa pro và nó rất hữu ích nhé, phát âm của mình hay và chuẩn hẳn ra, mình cũng tự tin hơn khi nói. mình vẫn chăm chỉ hằng ngày nè. các bạn cũng cố gắng lên nha. keep fighting!!",2020-10-18 13:03:22,Positive,"I use elsa pro and it's very useful, my pronunciation is better and more accurate, I'm also more confident when speaking.I still work hard every day.You guys also try your best.keep fighting!!"
9ccd069f-fdc9-4209-9b53-82023890bb80,002,5,5* ứng dụng tiếng anh hay nhất mình từng thử. nếu có thêm các bảng xếp hạng bạn bè như doulingo thì nhiều động lực hơn.,2020-10-18 05:50:35,Positive,"5* best English app I've ever tried.If there were more friend rankings like doulingo, it would be more motivating."
6ce17f42-874e-405e-b078-35abe2120720,002,5,"ứng dụng thật sự rất tốt . giúp mình cải thiện rất nhiều trong kĩ năng phát âm , mình thật sự cảm thấy rất phù hợp với trình độ của mình . cảm ơn rất nhiều .",2020-10-18 05:30:57,Positive,"The application is really very good.Helps me improve a lot in my pronunciation skills, I really feel it is very suitable for my level.Thanks a lot ."
37f95a63-bae1-4e7f-a27f-3e12b32a9627,002,5,"ứng dụng luyện phát âm tốt nhất mà tôi từng thấy. lúc trước cứ nghĩ ứng dụng cũng như mấy ứng dụng khác, chỉ là quảng cáo cho có. ai ngờ khi thử mới biết được. đúng là không nên nhìn mà bắt hình dong, cảm ơn ứng dụng rất nhiều. mọi người ai muốn học tiếng anh thì không thể thiếu ứng dụng này được !",2020-10-17 02:46:56,Positive,"Best pronunciation practice app I've ever seen.At first, I thought the app was just like any other app, just advertising.Who would've known if you tried it?It's true that you shouldn't look at it and get the picture, thank you very much for the application.Anyone who wants to learn English cannot do without this application!"
99ddeca2-2aa3-4b94-a353-dcd341b3a6ad,002,5,"tôi thấy ứng dụng nàu thật tuyệt ,nó có thể giúp chúng ta học và phát âm tốt . bạn cũng có thể bỏ ra 1 ít thời gian để luyện đọc , nói tiếng anh qua ứng dụng này. theo tôi nó xứng đấng được 5 sao. còn bạn",2020-10-17 02:26:33,Positive,"I think this application is great, it can help us learn and pronounce well.You can also spend a little time practicing reading and speaking English through this application.In my opinion, it deserves 5 stars.And you"
ecbd7eae-430a-4c89-bf2e-cbea3127ed13,002,4,"ứng dụng hay. tuy nhiện giọng thằng sơn tùng nghe ngứa tai quá, đề nghị bổ sung lựa chọn về giọng mặc định của app",2020-10-16 15:42:11,Positive,"nice app.However, Son Tung's voice sounds too itchy, please add an option to the app's default voice"
a9bf19ef-5cb1-4711-a10d-f02f6db20b66,002,5,"tốt, hữu ích, nhưng nên thêm phần từ điển khi bấm vào câu ví dụ. ví dụ : có 1 câu ví dụ nhưng user không biết nghĩa của 1 từ trong câu mà không có từ điển bên cạnh nên hơi bất tiện. mong elsa tạo ra khả năng khi mà user bấm và giữ vào từ đó thì sẽ hiện ra nghĩa và cách sư dụng. à ngoài ra còn thêm vào mỗi từ kí hiệu để biết đó là tính từ, danh từ, trạng từ...",2020-10-16 15:18:46,Positive,"good, useful, but should add a dictionary when clicking on the example sentence.For example: there is an example sentence but the user does not know the meaning of a word in the sentence without a dictionary nearby, so it is a bit inconvenient.I hope Elsa creates the ability that when the user clicks and holds on a word, the meaning and how to use it will appear.In addition, each word is added with a symbol to know whether it is an adjective, noun, adverb..."
150bfd54-8822-4115-9f79-1a9ecd82f83d,002,5,việc nghe và lắp lại máy đọc rất chuẩn xác. chị trợ lý ảo đọc rất rõ. rất dễ nghe. dịch từ sát với ngữ cảnh. rất là học thêm đc nhiều từ vựng,2020-10-16 12:56:37,Positive,Listening and reinstalling the reader is very accurate.The virtual assistant reads very clearly.very easy to listen to.Translate words close to context.It's great to learn a lot of vocabulary
9fefc168-7ed4-40e4-afeb-1e7946e9ddfb,002,5,"mình thực sự thấy ứng dụng này rất tốt , luyện cho mình kỹ năng nói sao cho chuẩn và điều chính đó là có sơn tùng m-tp :333 mình là sky và được nghe tùng nói tiếng anh và khen mình thì thật là thích luôn ý .",2020-10-15 16:34:30,Positive,"I really find this application very good, it helps me train my speaking skills properly and the main thing is that there is Son Tung m-tp :333, my name is sky and hearing Tung speak English and compliment me is really nice."
94fbc08e-53df-48d2-8629-fa08321c506a,002,5,tôi rất thích app này. vì app giúp tôi phát âm chuẩn 👌. lí do tôi học app này là thấy sếp tùng học hiểu được mà tôi lại là fan cứng. tóm lại sếp học cái gì tôi học cái nấy . 😂,2020-10-15 15:24:44,Positive,"I really like this app.because the app helps me pronounce correctly 👌.The reason I learned this app is because my boss understands it and I'm a die-hard fan.In short, whatever the boss learns, I learn.😂"
052fbb4f-d3dd-4311-a0a1-1dd6ae46e5f7,002,5,những bào học rất hữu ích. nhưng nên cho thêm hình ảnh mô tả những từ vựng hoặc câu để người học xem được hình ảnh sẽ ghi nhớ lâu hơn và dễ hình dung nghĩa của từ hoặc câu văn đang học.,2020-10-15 14:24:54,Positive,"very useful lessons.But you should add images depicting vocabulary or sentences so that when learners see the images, they will remember them longer and easily visualize the meaning of the words or sentences they are learning."
ea08c350-2066-4a5e-a376-8798ce0ce1df,002,5,"ứng dụng học ta elsa speak này rất hay mà lại rất tốt nữa. phù hợp cho mọi lứa tuổi, từ khi mk học ta của ứng dụng này mk đã cảm thấy mk tiến bộ hơn so vs đợt trc. ns chung rất là tiện lợi luôn, đi đâu cg có thể học đc. giúp chúng ta ko những hiểu bt nhiều về ta mà còn thuộc từ rất nhanh nữa!!",2020-10-15 13:02:27,Positive,"This application to learn Elsa speak is very good and very good.Suitable for all ages, since I started learning this application I feel like I have improved compared to the previous time.The common password is very convenient, wherever you go you can learn.Helps us not only understand a lot about ourselves but also memorize words very quickly!!"
5406bb30-d82a-4b42-8870-d96ac13f076c,002,5,"thật tuyệt nếu mình đọc cũng chuẩn ưd phát thì tốt quá..... nhưng mình nói địa phương , lên cũng rất khó phát âm chuẩn , nhưng nó cũng dc cải thiện rất nhiêu c. ơ 😊😊😊😊😊",2020-10-15 05:54:54,Positive,"It would be great if I could read and pronounce correctly, that would be great..... but when I speak in the local area, it's very difficult to pronounce correctly, but it's also improved a lot c.oh 😊😊😊😊😊"
5059274e-a26d-4414-ace8-0ed9c129852f,002,5,"tôi biết elsa speak qua thần tượng của tôi sơn tùng m- tp tôi thấy app này bắt lỗi khá chặt chẽ lúc đầu tôi phát âm sai app hướng dẫn tôi đến khi chuẩn thì mới qua , tôi cảm thấy rất vui",2020-10-14 16:06:00,Positive,"I know Elsa speak through my idol Son Tung m-tp. I found this app to catch errors quite closely. At first, I mispronounced the app. The app guided me until it was correct. I felt very happy."
6128dfe0-8e9b-4d11-a349-84e087fbb3d1,002,5,mẹ bé thích chú sơn tùng nên dỗ bé học. ngỡ bé phát âm tốt rồi nhưng hóa ra ngữ điệu tốt nhưng trọng âm cần rèn luyện thêm. khá thú vị.,2020-10-13 14:58:49,Positive,"The baby's mother liked Uncle Son Tung so she coaxed the baby to study.I thought my child's pronunciation was good, but it turns out the intonation was good but the accent needed more practice.quite interesting."
84f450cd-ae30-4b94-9dce-7a6d5486d8ce,002,5,"cái này hay lắm mn ,nó có nhắc nhở đến h học nữa ,rồi phát âm coi mình phát âm chuẩn chưa :3 tuiii nghĩ là mn nên tải về đi tuyệt lắm đấy :3",2020-10-13 14:23:31,Positive,"This is very good, it reminds you to study, then check your pronunciation to see if you pronounce it correctly :3 I think you should download it, it's great :3"
70ee132d-5d3c-416c-b716-2633956b171e,002,5,"cái này rất tốt với tôi , tôi là 1 người mất gốc tiếng anh cái này rất hợp với ai mất gốc như tôi",2020-10-13 09:08:38,Positive,"This is very good for me, I am a person who has no English roots, this is very suitable for someone who has no roots like me"
23902468-e944-4b1e-8207-561d0897a541,003,5,"ứng dụng tuyệt vời nhất. không phí, không quảng cáo, học từ dễ lên dần, có hình ảnh video người hàn nói mỗi từ và có lặp lại từ, sắp sếp từ rất đơn giản lại hiệu quả và dễ nhớ.",2026-02-22 03:37:41,Positive,"The most amazing app.No fees, no ads, easy to learn words gradually, there are video images of Koreans saying each word and repeating words, the arrangement of words is very simple, effective and easy to remember."
9c4fed55-0e7a-465a-b5fd-83cb696de337,003,4,"[!]to enhance the user experience, we propose improving video display quality and refining the design of buttons and interfaces. concurrently, optimizing colors, display modes, and integrating features such as vocabulary testing and cross-level assessments will represent significant advancements. we also recommend incorporating practice vocabulary lists tailored to appropriate english proficiency levels to address diverse learning requirements.",2025-11-25 07:09:07,Positive,"[!]to enhance the user experience, we propose video display quality and refining the design of buttons and interfaces.concurrently, optimizing colors, display modes, and integrating features such as vocabulary testing and cross-level assessments will represent significant advancements.We also recommend incorporating practice vocabulary lists tailored to appropriate English proficiency levels to address diverse learning requirements."
e5c32044-759a-4ffc-8b3c-3e86337b7d93,003,4,"why don’t you combine the community courses with the new programs? that way, you can retain your existing user base while still delivering the new programs to a wider audience.",2025-09-28 06:54:26,Positive,"why don’t you combine the community courses with the new programs?That way, you can retain your existing user base while still delivering the new programs to a wider audience."
79629a96-3b24-4ee1-a9b7-0afd1cb71cb2,003,5,"app này vừa học cụm từ vừa học từ lại còn học theo người bản sứ nữa, khỏi phải nói tôi cho 10 điểm.khác với app khác là app này đầu tư và học rất khó chán, video cũng rất hay. mọi người nên tải về và học nha.",2025-09-07 11:01:58,Positive,"This app learns both phrases and words and also learns from native speakers. Needless to say, I give it 10 points. Different from other apps, this app is very difficult to invest in and learn, and the videos are also very good.Everyone should download and learn."
c6539ada-2329-483d-af9f-54de1c587914,003,4,"các bạn không còn tôn trọng khách hàng nữa. các khóa học cộng đồng rất quý giá nhưng lại bị bỏ đi, phải qua web để học, rất bất tiện. lý do tôi dùng app là vì có khóa học cộng đồng. bây giờ không còn khóa học cộng đồng nữa, nên tôi sẽ gỡ cài đặt app. thất vọng!",2025-08-14 15:02:54,Positive,"You guys don't respect customers anymore.Community courses are very valuable but are being thrown away, having to go online to study, which is very inconvenient.The reason I use the app is because there is a community course.Now there is no more community course, so I will uninstall the app.disappointed!"
6319d44c-0125-4620-aa99-318ceb9a2727,003,5,"qua hay luôn được học cái app tuyệt vời nhất từ trước đến nay nó miễn phí và rất thú vị ko như những app trước đây tôi đã học, xứng đáng 5 sao",2025-08-12 02:39:31,Positive,"I always learn the best app ever. It's free and very interesting, unlike the previous apps I've learned. It deserves 5 stars."
e4105337-660a-4c84-a6d8-cfe2984aeba2,003,5,"hợp lắm luon vs ng mới bắt đầu hoawhc vừa oh , trình độ cao nhiều từ hay thông dụng , hay gặp trong các kỳ thi ,ktr, giao tiếp.",2025-06-12 13:58:48,Positive,"Very suitable for beginners or intermediate oh, high level many common words, often encountered in exams, KTR, communication."
0c9d29f3-6bd7-4dba-b52e-a7c2210ae7fe,003,5,"tốt cho vc học từng mẫu nhỏ, tuy ko hợp với tôi hiện tại (về mặt sử dụng, có lẽ do chưa dùng đủ nhiều)",2025-06-01 12:32:40,Positive,"Good for learning small patterns, although not suitable for me at the moment (in terms of usage, probably because I haven't used it enough)"
ea052ef0-36ae-41e9-9a00-e673d0ab5c3f,003,5,"rất dễ học . không biết từ gì memrise sẽ ôn lại nhiều lần , biết rồi thì không ôn lại nhiều lắm. cảm ơn memrise đã giúp tôi học từ vựng",2025-05-11 03:00:48,Positive,"very easy to learn.If you don't know a word, memrise will review it many times. Once you know it, you won't review it much.Thank you memrise for helping me learn vocabulary"
b2347337-36f9-4bfe-8189-dcc9f304e495,003,5,"mình tải và đã dùng thử đợt hè r , thấy hc hiệu quả nha, mỗi ngày mình dành 30p để hc thôi cũng đủ r",2025-02-11 07:13:19,Positive,I downloaded it and tried it during the summer. I found it effective. I spent 30 minutes learning every day and that was enough.
a59f8979-42df-4434-a511-5ac7f9de2bd4,003,4,thấy ok lắm luôn mà sao mấy nay nó bị đơ đơ lag lag kiểu gì á đang học cái bị đứng hình tưởng wifi lỏ nhma không phải mà là do app bị đơ 🥲,2024-12-05 06:34:32,Positive,"It seems to be ok, but why has it been freezing lately? What kind of lag is it when I'm studying? I think the wifi is broken. It's not, it's because the app is frozen 🥲"
4bbdd2b5-0846-40da-bb0d-fa7cb3914883,003,5,"luyện từ vựng, xem phát âm người bản ngữ và chat với ai đều rất tuyệt. nhưng phần xem video thì không có liên quan mấy với phần từ vựng mà mình đã học nên rất khó nắm bắt nghĩa của câu chuyện",2024-12-04 06:58:29,Positive,"Practicing vocabulary, seeing native speakers' pronunciation, and chatting with someone are all great.But watching the video doesn't have much to do with the vocabulary I've learned, so it's very difficult to grasp the meaning of the story"
f154c0cb-a973-4b69-aa08-13d73fc68d8b,003,4,"cách lặp đi lặp lại từ vựng giúp dễ nhớ. nhưng quảng cáo quá nhiều, thêm nữa ""chọn người mất gốc"" mà mới học 5 buổi từ vựng thì gợi ý chat với ai. làm sao hiểu ai đang chat gì? nói chung cách học từ vựng dễ nhớ hơn app dolingo. nhưng dolingo lại hay hơn ở chổ ít quảng cáo và dạy nhiều câu trong giao tiếp hơn ( song song với từ vựng )",2024-10-19 01:43:00,Positive,"Repeating vocabulary makes it easy to remember.but there are too many ads, plus ""choose someone who has lost their roots"" and has only learned 5 vocabulary sessions, who should they suggest to chat with.How to understand who is chatting and what?In general, the way to learn vocabulary is easier to remember than the dolingo app.But dolingo is better because it has less advertising and teaches more sentences in communication (in parallel with vocabulary)."
9be9059c-5898-4a2b-85a6-44721785ec92,003,5,"mình thấy app này cực tốt,mình mới học đc vài ngày thôi nhưng cực hiệu quả.nhưng mình muốn app có thêm chức năng luyện nói thù tốt",2024-08-28 15:28:53,Positive,I think this app is very good. I've only learned it for a few days but it's very effective. But I want the app to have more good speaking practice functions.
1c9a5665-ac58-49ca-8d2d-a5d399c53c5b,003,5,"app này tuyệt. nó học bằng giọng người bản ngữ, từ thông dụng và đặc biệt là free =)). thế nên mình nghĩ mọi người nên thử trãi nghiệm. tuy mình thấy nó còn nhiều hạn chế (bạn sẽ thấy sau khi sử dụng) nhưng mình đang dùng phần free và tất cả những gì nó đang có đã vượt qua kì vọng của mình, thế nên 5⭐.",2024-08-18 15:02:56,Positive,"This app is great.It learns with native speakers, common words and especially free =)).So I think everyone should try it out.Although I find it has many limitations (you will see after using it), I am using the free part and everything it has has exceeded my expectations, so 5⭐."
312cd1e2-1f6a-41d7-9ded-bc12bcd1d9e0,003,4,"app rất hay,rất bổ ích nhưng mình nghĩ nên thêm ipa dưới mỗi từ vựng hoặc làm cái bảng ipa và dạy phát âm thì sẽ phát triển được ứng dụng và người học để giúp họ hiểu hơn về ipa và cách phát âm sao cho chuẩn",2024-08-13 11:56:46,Positive,"The app is very good, very useful, but I think we should add ipa under each vocabulary or make an ipa board and teach pronunciation. This will help develop the application and learners to help them better understand ipa and how to pronounce it correctly."
c66313bd-dbe2-432c-bcf7-36944d9cec48,003,5,"hi vọng app có thể dùng nhiều cụm từ để cho người học thích thú và dễ nhớ, em xin cảm ơn toàn thể các anh chị đã tạo ra app ạ",2024-08-06 01:43:46,Positive,Hopefully the app can use many phrases to make it interesting and easy for learners to remember. Thank you all for creating the app.
079dbf07-fde2-42ea-b5b3-552446748603,003,4,"học khá cuốn, giải thích dễ hiểu vs có cả ai tạo tình huống để mình tập dùng ngôn ngữ nữa và cx sửa lỗi sai cho mình luôn, cơ mà mình nghĩ học kèm thêm app khác thì sẽ hiệu quả hơn",2024-07-29 01:48:43,Positive,"The learning is quite interesting, the explanations are easy to understand and there's even someone who creates situations for me to practice using the language and also corrects my mistakes, but I think tutoring with another app would be more effective."
51a66434-1a70-422d-9c53-8374aa78550f,003,4,"tạm ổn, nhưng có lẽ đây là ứng dụng phù hợp cho các bạn đang muốn giao tiếp, nhắn tin bằng tiếng anh với ai, thật tuyệt vời! nhưng chỉ vài ngôn ngữ và rất nhiều thông báo.",2024-07-26 08:05:48,Positive,"It's okay, but maybe this is the right application for those of you who want to communicate and text in English with someone, it's great!but only few languages ​​and lots of notifications."
770ff4d1-e87f-44f3-8e06-0c6d5f3d4403,003,5,"ứng dụng này hoàn toàn free nha ,kh có quảng cáo,mà có cả hc từ ms,luyện viết vs ai ,r đc nghe các video. rất okeee nha mn nên tải.❤",2024-07-24 11:37:00,Positive,"This application is completely free, no ads, but also includes learning from ms, practicing writing with ai, and listening to videos.It's very ok, you should download it.❤"
0ffe48dd-e908-43f3-a3b3-6aea9f1efa2e,003,5,"app hay nha , rất hay luôn á . ban đầu tui còn ko biết gì về tiếng anh luôn mà giờ tiến bộ hơn nhiều",2024-07-23 05:58:44,Positive,"Nice app, very good.At first, I didn't know anything about English, but now I've improved a lot"
4e04e28d-0aa9-4ed5-bfac-a41b20c59f19,003,5,memrise thật sự rất tuyệt vời. mình đã có trải nghiệm tốt với việc thực hành nói và học từ vựng thông dụng trong nhiều chủ đề thực dụng.,2024-07-13 14:23:18,Positive,memrise is truly amazing.I have had good experiences with practicing speaking and learning common vocabulary in many practical topics.
c918357f-5f63-4804-bede-3b1235c620ad,003,5,"app này chia ra rất nhiều chủ đề cho các bạn lựa chọn và từ vựng cơ bản đến nâng cao nhé . mình học rất dễ hiểu và không hề áp lực gì, mỗi lần học mình đều rất phấn khởi, nó như kiểu là vừa học vừa chơi đấy. các bạn nào còn mới học tiếng anh và không biết bắt đầu từ đâu thì nên thử app này nhé, cực kỳ hiệu quả. cảm ơn memrise đã tạo ra những bài học thú vị cho người dùng , mong rằng đội ngũ của bạn ngày càng phát triển và mang đến cho người dùng những trải nghiệm mới nhé! . ♥️♥️♥️",2024-06-18 03:51:03,Positive,"This app is divided into many topics for you to choose from, from basic to advanced vocabulary.I learn very easily and without any pressure. Every time I study I am very excited, it's like learning while playing.If you are new to learning English and don't know where to start, you should try this app, it's extremely effective.Thank you memrise for creating interesting lessons for users. I hope your team continues to grow and bring users new experiences!.♥️♥️♥️"
066270cc-33b1-474f-9955-3ba05f5e7461,003,5,"hi memrise team, i understand that you guys have to improve the app for better benefits. but please pay attention on your core values which have been built in our mind. before update, in your app, especially in web experience, we can choose and manage whatever lesson/ chapter/ circumstance that we want to learn from memrise or from other users, even play a very helpul speed review... but now, after update, it's all gone, what a shame! please consider to keep web experience as before, thanks!",2023-12-22 06:03:25,Positive,"hi memrise team, i understand that you guys have to improve the app for better benefits.but please pay attention on your core values ​​which have been built in our mind.before update, in your app, especially in web experience, we can choose and manage whatever lesson/ chapter/ circumstance that we want to learn from memrise or from other users, even play a very helpful speed review... but now, after update, it's all gone, what a shame!please consider to keep web experience as before, thanks!"
ef28bfd6-ee99-49e4-b365-185a68b242e0,003,5,"app dễ học từ vựng nhưng mà vô khoá học của app r về trang khoá học của ngkh rất khó tìm ko ra, nên design lại",2023-12-11 07:42:31,Positive,"The app is easy to learn vocabulary, but it's hard to find the app's course page on the app's course page, so it should be redesigned."
a8501e73-de18-4bfa-bbdf-6df10a1a91ee,003,4,bu7 7đ ơi .c.. .7đ em t vê 8 h 77.bịu bmw.minhnnnnnnnn bhhyh h h. h.b. h b b h. b. b. h. y b6hyhy. h h bb.b.h.b...b. n. . mjnk. 99,2023-11-24 23:27:20,Positive,bu7 7d oh .c.. .7d I'll go back to 8h 77.buu bmw.minhnnnnnnn bhhyh h h.h.b.h b b h.b.b.h.y b6hyhy.h h bb.b.h.b...b.n..mjnk.99
8404dbca-ccba-46e9-ac47-5f9168b82cc0,003,4,ứng dụng dạy học rất dễ hiểu. tuy nhiên cần chèn thêm phiên âm quốc tế dưới từ mới để người dùng học cách phát âm đúng. vì nếu chỉ nghe và đọc lại thì sẽ không chuẩn cách phát âm của từ đó.,2023-10-14 22:47:37,Positive,"The teaching application is very easy to understand.However, it is necessary to insert international phonetic transcriptions under new words so that users can learn how to pronounce them correctly.Because if you just listen and read again, the pronunciation of that word will not be correct."
3a1993c9-36e3-455f-a41b-9970af30a384,003,5,mk thấy có nhiều post nói rằng memrise phí tgian. mk ko đồng ý với ý kiến này. rõ ràng là do mn tìm kiếm thứ ko có ko hợp vs nhu cầu của bản thân thì mới review như vậy. chứ với ng có nhu cầu và chắc chắn memrise đáp ứng rất tốt là việc học từ vựng thì memrise quá ổn là ổn rồi. các bạn có thể tìm đc list app nào mà bản free cx dùng mướt mườn mượt thế này ko :) dạo gần đây memrise có chèn ad vào. cx khá sad đó nma khi dùng bản web thì mk ko hề thấy có ad nào đâu. nên nếu có pc thì mn nên ghé web,2023-09-28 17:37:59,Positive,"I see a lot of posts saying that memrise is a waste of time.I don't agree with this opinion.Obviously, it's because you're looking for something that doesn't fit your needs that's why you review like that.But for those who have a need and certainly memrise meets the needs very well, learning vocabulary, memrise is too good and that's fine.Can you find a list of apps that the free version can use so smoothly? :) Memrise recently added ads.That's quite sad, but when I use the web version, I don't see any ads.So if you have a PC, you should visit the website"
835d709f-0793-4709-b601-a524ecf785d1,003,5,"sau khi sử dụng app khá ổn và thú vị, tuy nhiên theo mình là còn hơi lag một chút và các từ mới app cân chỉnh thêm hình minh hoạ và phiên âm cho học 🫶.",2023-09-15 16:51:11,Positive,"After using the app, it's quite good and interesting, but in my opinion, it's still a bit laggy and for new words, the app calibrates and adds illustrations and transcriptions for learning 🫶."
985790cc-d31d-4f83-888f-82b0d23d0a87,003,5,"đối với tôi thì memrise rất tuyệt. một ngày tôi đã học được rất nhiều từ mới và nó rất dễ nhớ. nó là cứu tinh của tôi. và sử dụng app rất cuốn, nó làm tôi muốn học mãi thôi.",2023-09-02 06:54:34,Positive,"for me memrise is great.one day I learned a lot of new words and it was very easy to remember.it is my savior.And using the app is so fun, it makes me want to learn forever."
584f269b-4bbf-4def-add7-c82779732d2e,003,5,"sao tôi thanh toán gói 1 năm qua ví shopee mà không được, trong khi trong ví còn tiền mà cứ báo không đủ tiền vậy",2023-08-20 23:33:35,Positive,"Why can't I pay for the 1-year package via Shopee wallet, even though I still have money in my wallet but it keeps saying there's not enough money?"
a9407274-53da-423d-a289-e9d1e6a6b272,003,5,tuyệt vời. mua bản pro của memrise là lựa chọn đúng đắn. bản beta cải tiến rất nhiều. nếu có hình ảnh cho sinh động thì càng tuyệt hơn,2023-06-24 00:49:48,Positive,"Great.Buying the pro version of memrise is the right choice.The beta version is much improved.If there are vivid images, even better"
a4def50f-a202-408e-be8d-557cc4b735f2,003,5,"rất tốt để cho những bạn yếu tiếng anh như mình nha . và có thể học nhiều thứ tiếng khác như hàn , trung ,nhật,... nói chung là nên tải nha",2023-06-18 03:20:20,Positive,"Very good for those who are weak in English like me.and can learn many other languages ​​such as Korean, Chinese, Japanese,... in general, you should download it"
b390bc12-18a9-4524-aeac-6226517fc0ff,003,5,"sau 2 tuần trải nghiệm thì mình thấy ứng dụng sẽ giúp học và ôn tập hiệu quả. hỗ trợ ôn lại sau những lần học có khoa học để tránh quên từ. dù tên ứng dụng là học tiếng anh, hàn nhưng mình vẫn có thể học được tiếng pháp nữa nghen",2023-04-21 02:07:54,Positive,"After 2 weeks of experience, I find that the application will help study and review effectively.Supports scientific review after studying to avoid forgetting words.Even though the application name is to learn English and Korean, I can still learn French"
456dbbce-2ad5-4f80-9164-9923f828ff69,003,5,"app tốt nha, từ vựng dựa vào sách top notch để liệt kê ra, rất dễ học đối vs người học sách này như mình",2023-04-18 15:04:04,Positive,"Good app, vocabulary is based on the top notch book to list, very easy to learn for people like me who study this book."
d1402866-57ae-46fb-8896-fc82107fadd8,003,5,ứng dụng này học từ vựng hay lắm kiểu mình thấy là trong này nó có nhiều khóa học với lại nếu mà mọi người học học free thì tính năng cũng đáp ứng đủ nhu cầu cho mọi người r,2023-04-17 05:11:28,Positive,"This application is very good for learning vocabulary. I think it has many courses and if everyone learns for free, the features will meet everyone's needs."
d5d2d386-a0c1-4777-8bd5-9ffd16693431,003,4,"app chán k biết mô tả sao. méo bao giờ đồng bộ với với web về mục tiêu, setting số lượng từ học mỗi phiên... tui đang học web chuỗi hơn 1 tháng tự dưng dùng app cái mất mịa chuỗi, cay.",2023-02-27 07:06:25,Positive,"The app is so boring, I don't know how to describe it.Never synchronized with the website about goals, setting the number of words to learn per session... I've been studying the website for more than a month and suddenly using the app I've lost all my progress, it's crazy."
dade5b8d-2423-41f4-884f-a0e55087c676,003,5,"hay và phù hợp cho sinh viên hơn duolingo vì học được những từ quan trọng nếu học đúng khoá học. duolingo thì dành cho tiểu học hơn. mà thấy trên web thì tốc độ nhanh tốt hơn là trên app, trên app tốc độ học mỗi từ hơi chậm, còn tiện ích app rất tốt",2023-02-13 03:25:09,Positive,"It's better and more suitable for students than duolingo because you can learn important words if you take the right course.duolingo is more for elementary school.But on the web, the speed is faster than on the app. On the app, the speed of learning each word is a bit slow, and the app utility is very good."
ad92ff3f-c9cc-48b0-a944-cd6eb99e1ae6,003,4,học từ khá tốt. nên có thêm thư mục lưu từ đã học để tự kiểm tra. phần nghe với người nước ngoài nhiều câu bị lặp lại nhiều lần. nên cải thiện điều này!,2022-12-06 13:05:48,Positive,"learn words quite well.There should be an additional folder to save learned words for self-testing.In the listening section with foreigners, many sentences are repeated many times.Should improve this!"
ac56faf4-9c07-4f58-885d-692e3e504285,003,5,đáng trải nghiệm gói pro theo năm thêm khuyến mãi thì rẻ nhưng dịch một số chỗ chưa hợp lý lắm và ví rất nhiều ngôn ngữ để học nhé,2022-11-21 05:20:49,Positive,"It's worth experiencing the annual pro package with promotions. It's cheap, but some translations aren't very reasonable and there are a lot of languages ​​to learn."
c053b66f-bca3-4b9a-be71-9dd52d03f4b3,003,4,ứng dụng rất hay vì ngoài việc nghe ai nói ra thì bạn cũng có thể nghe người bản xứ trung quốc nói mà chỉ có điều là bạn ko thể nói để thử bạn nói đúng hay không thôi,2022-11-14 01:21:47,Positive,"The application is very good because in addition to listening to what someone is saying, you can also listen to native Chinese speakers speak, the only thing is that you cannot speak to test whether you are right or not."
71a6afb5-5e25-4c1c-8e4b-6f2b119ef322,003,5,tại sao khi học trên điện thoại lại không thể load đc các file ảnh trong các bài học mà tôi đã tạo vậy( trong khi đã cấp đủ quyền cho app rồi) . mặc dù tôi đã mua khoá 1 năm rồi,2022-10-27 15:46:20,Positive,Why can't I load the image files in the lessons I created when studying on my phone (even though I've given the app enough permissions).Even though I bought the key 1 year ago
7b2609ed-5609-431f-9896-9d416af83085,003,5,hay nha các bạn nên tải vì đc free ko thua j quilezt đâu nhé vì quilezt thu phí nên các bạn chuyển sang app này là hợp lí nhaaa😍😘,2022-08-28 11:10:54,Positive,"It's good, you should download it because it's free, not worse than j quilezt because quilezt charges a fee so it's reasonable for you to switch to this app😍😘"
51262430-c433-4fd9-919c-8b27773aa5b4,003,4,lúc bấm chọn nghe dễ nhấn nhầm thành chọn đáp án có vài từ phát âm hơi khác nhưng không có chỗ báo cáo lỗi,2022-08-04 12:56:10,Positive,"When you click select, it's easy to mistakenly select an answer with a few words pronounced slightly differently, but there's no place to report errors"
74f3ebc8-1fe5-4e18-bfa4-75d00326c027,003,5,"app vô cùng hữu ích đối với việc học tiếng anh của tôi. đã giúp tôi dễ dàng học tập, thực hành tiếng anh. thanks",2022-07-22 23:41:05,Positive,The app is extremely useful for my English learning.helped me easily study and practice English.thanks
46cb9f61-6c92-410e-b176-6b3437b617ae,003,5,ứng dụng tuyệt vời nhưng em chỉ mong muốn nhà sản xuất cho nhiều cái free nữa đi vì lứa tuổi học sinh bọn em không có tiền 😢,2022-07-19 05:47:37,Positive,Great app but I just wish the manufacturer would give more free apps because we students don't have money 😢
2b2ab9b1-97b6-46aa-90d2-40e62a15371b,003,5,tuyệt vời lắm luôn á nấy bồ. lần đầu học được nhiều voca như vậy á. học xong ôn lại rất tiện. nhờ app mà vô thi dịch nghĩa trơn tru hơn nhiều luôn. 10 đỉm,2022-06-29 05:21:51,Positive,"It's so great, my friend.First time learning so much vocab.Reviewing after studying is very convenient.Thanks to the app, the translation is much smoother.10 nights"
f1ada288-7517-4d1d-bfe1-d6723360106b,003,5,"awesome! ứng dụng đã làm tôi chủ động làm bạn với ngôn ngữ mà tôi thường e dè, sợ hãi. ngoài học ra, memrise còn có phép màu đánh bại sự trì hoãn trong tôi. bạn hãy trải nghiệm thử nhé! tôi tin chắc bạn sẽ hài lòng!",2022-06-02 04:33:40,Positive,"awesome!The application has made me proactively make friends with the language that I am often shy and afraid of.Besides studying, memrise also has the magic to defeat procrastination in me.Please experience it!I am sure you will be satisfied!"
e7da4a53-e3a8-44b2-acb5-bc1541e835e3,003,4,không hiểu phần mềm mình dùng bị vấn đề gì mà lúc ôn tập không có kiểu dịch từ anh sang việt mà chỉ có từ việt sang anh,2022-05-31 07:38:21,Positive,"I don't understand what's wrong with the software I'm using, but when I was studying, there was no translation from English to Vietnamese, only from Vietnamese to English."
8594cc3b-22eb-4883-b689-e370b0f0b4dc,003,4,"tôi sẽ đánh giá 5 sao sau khi tôi trải nghiệm hết app, trước tiên tôi thấy app rất tốt, cần phát triển thêm những tính năng hay hơn nữa. thanks❤",2022-05-30 00:22:48,Positive,"I will rate 5 stars after I fully experience the app. First of all, I think the app is very good, needs to develop more good features.thanks❤"
7fd3a0cb-57a4-4876-9e87-bd79d5aeb95b,003,5,"rất tuyệt tôi thi được 1 và 2 điểm tiếng anh nhưng lướt top top thấy ngưỡng mộ những người biết nói. học ở trường quá khô khan nên tìm app học tiếng anh cho phù hợp và trùng hợp thay tìm thấy ứng dụng này tôi đã trải nghiệm nó và cảm thấy rất tuyệt vời vì những giá trị nó mang lại ,mong nhà phát triển cố gắng duy trì phong độ bà cải thiện . lời nói từ tận đáy lòng kẻ dốt tiếng anh.",2022-05-25 15:21:50,Positive,"It's great. I got 1 and 2 points in the English exam, but when I browse the top, I admire people who can speak.Studying at school was too dry, so I looked for a suitable English learning app and coincidentally found this app. I experienced it and felt great because of the values ​​it brings. I hope the developer will try to maintain her improved performance.words from the bottom of the heart of someone who is ignorant of English."
bc41a33e-728c-48aa-9ad5-5e9a8d112585,003,5,i used memrise 4 years ago and i liked it so much. now you have upgraded the version of your app but i prefer the older version because it was free and had more courses to improve my english language skills.,2022-05-23 14:14:46,Positive,i used memrise 4 years ago and i liked it so much.now you have upgraded the version of your app but i prefer the older version because it was free and had more courses to improve my english language skills.
d3338711-f69d-4346-8dd0-8cf2ae26fbe0,003,5,"học trên ứng dụng này chỉ say đắm tiếng anh thôi ạ. rất tuyệt vời luôn😍😍, từ phát âm đến từ vựng và luyện tập.",2022-05-14 12:23:42,Positive,"Learning on this application is only passionate about English.very great😍😍, from pronunciation to vocabulary and practice."
1db9b390-729a-47e7-8ae2-e7d57e99439a,003,4,"ứng dụng hỗ trợ rất tốt phần ôn tập nếu có cập nhật yooi mong rằng phần phát âm sẽ tốt hơn, có thể để phiên âm hoặc ôn tập phần phát âm cho người dùng",2022-04-21 10:50:40,Positive,"The application supports review very well. If there is an update, yooi hopes that the pronunciation will be better, maybe to transcribe or review the pronunciation for users."
aa731f48-91a6-4b40-8008-e197b8facdcf,003,5,tôi học app này chỉ trong vòng 5 tuần tôi đã có thể chỉ cần nhìn nghĩa là biết được ngay là từ tiếng anh là gì rồi.xin cảm ơn .,2022-04-17 13:10:07,Positive,I learned this app in just 5 weeks and I was able to immediately know what the English word was just by looking at the meaning. Thank you.
1b7e41e3-c109-40f7-b379-4afd6c4ba412,003,4,"app không có dạy ngữ pháp cho khóa học tiếng anh, đặc biệt hơn là ở trên app nó không đầy đủ tính năng như ở trên web, mong app cải tiến.",2022-04-04 07:47:35,Positive,"The app does not teach grammar for English courses, especially on the app it is not as fully featured as on the web. I hope the app will improve."
8f242f1a-9ebe-4788-869c-033cf30b74f7,003,4,cách sử dụng rất tốt tuy nhiên để học với người ngoại quốc hay là luyện nói thì lại phải xem mong app cải tiến miễn phí ạ,2022-03-30 22:51:09,Positive,"It's very good to use, but to study with foreigners or practice speaking, I have to see if the app improves for free."
8869948c-43e4-437a-a543-f490acacef7c,003,5,"mình cảm thấy ứng dụng này cũng rất tốt, nên thử các bạn nhé, từ vựng đa dạng nhiều bài tập. học cùng người bản xứ rất thú vị, app giúp bạn luyện tiếng anh ngay cả khi mất gốc, app đều dạy lại những thứ cơ bản nhất. nói chung là app very well 😘🎉🌸 nhưng chỉ đứng sau duolingo thôi 😅 !",2022-03-19 13:37:22,Positive,"I feel this application is also very good, you should try it, the vocabulary has a variety of exercises.Learning with native speakers is very interesting, the app helps you practice English even if you lose your roots, the app teaches the most basic things.In general, the app is very good 😘🎉🌸 but only second to duolingo 😅!"
ff0bc859-4499-4fa6-a2a0-6a4a25ef6469,003,5,"giao diện chưa bắt mắt hấp dẫn lắm, phần chọn từ trong 4 ô nên tạo khung, hay thêm màu sắc để gây hứng thú học hơn.",2022-03-17 11:12:28,Positive,"The interface is not very eye-catching and attractive. The word selection in the 4 boxes should be framed, or add colors to make learning more interesting."
e7a80b6d-4703-48ea-af18-5c28d80309ff,003,5,tôi thấy các dễ ghi nhớ từ. mới tải và học được ít ngày nhưng tôi nhận diện từ âm khá chuẩn. song tôi tải thêm các app khác để học đa dạng bài hơn,2022-03-11 01:00:10,Positive,"I find the words easy to remember.Just downloaded and studied for a few days, but I recognize the sounds quite accurately.However, I downloaded other apps to study a wider variety of lessons"
31435c2a-13b8-4d3b-b695-a6d5f4033888,003,5,ứng dụng rất tốt dễ ghi nhớ từ mới nhưng mong nhà phát triển cho phép người dùng tải offline để học mà không cần phải nộp phí để tải offline,2022-02-26 09:49:57,Positive,"Very good application, easy to remember new words, but I hope the developer allows users to download offline to study without having to pay a fee to download offline."
8f25f989-c2da-477b-a3cb-00f77926207e,003,5,ứng dụng memrise này sài rất tốt. khi học ứng dụng này tôi đã học hỏi được thêm rất nhiều từ vựng ta. cảm ơn,2022-02-10 00:17:57,Positive,"This memrise application is very good.When studying this application, I learned a lot of new vocabulary.Thanks"
d70dfcef-6bef-457d-ada9-a53d7dda94f0,003,5,"tôi đã trải nghiệm nó hơn 1 tháng và tôi thấy nó rất tốt, nó cho tôi thêm kiến thức và cách giao tiếp của ng bản sứ, còn đc thấy cách họ nói chuyện nữa mn nên tải nhoa. hay lm đó (😃❤👍👍)",2022-01-22 14:57:49,Positive,"I have been experiencing it for more than a month and I find it very good, it gives me more knowledge and communication methods of native people, and I also get to see how they talk so I download it.That's great (😃❤👍👍)"
147ed1b8-ab64-4a5f-a7cd-fa2b45ae3f1b,003,5,"một ứng dụng vô cùng tuyệt vời, dành cho tất cả mọi người, đặc biệt tốt cho những người mới bắt đầu hoặc mất gốc như mình. học trên app này là cách nhanh nhất để học tiếng anh đối với mình. mình hi vọng các giáo viên nên kết hợp với app này để dạy học sinh, mình nghĩ sẽ có hiệu quả rất cao",2022-01-15 13:13:18,Positive,"An extremely great application, for everyone, especially good for beginners or beginners like me.Learning on this app is the fastest way to learn English for me.I hope teachers should combine this app to teach students, I think it will be very effective"
4005fa69-d6aa-44b1-a83d-fc9bcbe3c73b,003,5,ứng dụng tốt. mình chưa sử dụng hết các chức năng nhưng cảm thấy rất hiệu quả trong việc học từ vựng. cảm ơn nhà phát triển.,2021-12-25 08:40:48,Positive,"good application.I haven't used all the functions yet, but I feel it is very effective in learning vocabulary.Thank you developer."
47338e82-0b3a-4167-bcf7-092457a85626,003,5,app này hay lắm mình cảm thấy vui khi học nó nó cực kì thú vị liên tục có bài mới học ko kịp bỏ mứa bài luôn. mình nghĩ nghĩ app này đáng 5 sao mình mong app này sẽ thịnh hành. nghe họ đọc là biết người bản xứ,2021-12-18 02:35:34,Positive,This app is very good. I feel happy when learning it. It's extremely interesting. There's always a new lesson to learn. I can't keep up with it.I think this app deserves 5 stars. I hope this app will be popular.Listening to them read is knowing the natives
bd3fb02b-4518-4211-88a6-55bab26af408,003,5,ứng dựng hay và thú vị. bạn được học và ôn tập hằng ngày mọi lúc mọi nơi. đây là 1 ứng dụng hữu ích giúp bạn học ngoại ngữ mỗi ngày. thank you very much.😊⚘😊,2021-12-16 09:19:27,Positive,"Good and interesting application.You can study and review every day, anytime, anywhere.This is a useful application that helps you learn foreign languages ​​every day.thank you very much.😊⚘😊"
7eca6322-2db1-4bc2-87f0-38e18f202f41,003,5,"tôi nghĩ memrise nên cho pinyin làm phần phụ phía dưới hán tự chứ không phải học pinyin là chính, nên cho người học được nhìn cả hai cùng lúc, như nhiều app học tiếng trung khác đã làm và thêm chức năng tắt pinyin khi người học đã nhớ cách đọc của hán tự đó và không cần pinyin nữa!! vì khi học pinyin trong suốt quá trình học và không thường xuyên nhìn hán tự sẽ dễ quên cách đọc của hán tự đó khi gặp lại, tôi đã quen học bằng hán tự nay học bằng pinyin tôi lại thấy hơi khó khăn trong việc đọc.😅",2021-12-05 15:01:41,Positive,"I think memrise should let pinyin be an extra part below the kanji, not the main way to learn pinyin. It should let learners see both at the same time, like many other Chinese learning apps have done, and add the function of turning off pinyin when the learner has remembered how to read that kanji and no longer needs pinyin!!Because when learning pinyin during the learning process and not seeing the kanji often, it's easy to forget how to read that kanji when you see it again. I'm used to learning with kanji, but now when I learn with pinyin, I find it a bit difficult to read.😅"
7862d014-10b3-4193-a6ff-009bcf5f6469,003,5,appp hay lắm có kỹ năng luyện giọng để ko bị phát âm sai chuẩn đúng kiểu mik thik còn có 2 tiếng nc ngoài mà mik thik nx,2021-12-02 12:46:43,Positive,The app is very good and has voice training skills to avoid mispronunciation in the correct mik thik style. It also has 2 foreign languages ​​that mik thik nx
5f34e4c8-17d6-4686-890c-99d208069041,003,5,"app rất hay, miễn phí, mình học và ôn tập được rất nhiều từ vừng ạ. cảm ơn nhà phát triển đã tạo ra app để chúng em được học tập và chia sẻ kiến thức lẫn nhau ạ.",2021-12-01 14:31:04,Positive,"Very good app, free, I learned and reviewed a lot of sesame words.Thank you developer for creating the app so we can learn and share knowledge with each other."
ce3481a7-19ad-4aea-97cd-54b8aee1bf41,003,5,khá hữu ích có điều giao diện lúc đầu vô sử dụng hơi rắc rối tí nhưng cỡ một hai lần là quen à miễn phí nên cũng ko đòi hỏi j thêm,2021-11-30 03:34:19,Positive,"It's quite useful, but the interface is a bit confusing at first, but after a couple of times you get used to it. It's free, so you don't need anything else."
08ef0ea6-d61d-4624-ae74-2e3f54f009c5,003,5,"hiệu quả đối với người mất gốc học , mình đã và đang học cảm thấy rất hứng thú .... bh cho 5 saooo lunnnn",2021-11-27 04:26:11,Positive,"effective for people who have lost their learning roots, I have been learning and feel very interested.... bh give 5 starsoo lunnnn"
b05c4a62-ef31-4262-a27a-fa614d5bc3f1,003,5,"mình mới học buổi đầu, nhưng cũng thấy rất oki, rất dễ học, các bạn cũng hãy thử nhé. rất phù hợp cho những bạn mới bắt đầu bập bẹ như mình. hihi",2021-11-14 14:57:20,Positive,"I just took the first lesson, but I found it very good, very easy to learn, you guys should try it too.Very suitable for beginners like me.Hihi"
033feecb-08ce-4518-89f4-a8c48c127f35,003,5,app giúp ôn luyện mỗi ngày nên nhớ rất lâu. còn có tính năng đặt mục tiêu nữa như vậy thì có động lực để học rồi ☺️☺️☺️☺️☺️,2021-11-07 03:56:42,Positive,The app helps you practice every day so you can remember it for a long time.There is also a goal setting feature so you will be motivated to learn ☺️☺️☺️☺️☺️
18c3d7fb-15ec-4d1f-869d-cbad0548735b,003,5,"học rất ok luôn , hồi đó toàn học trên lap bây h mới biết tới app này thấy rất tiện luôn tuy quảng cáo liên tục ko thích lắm",2021-11-03 14:05:27,Positive,"Learning is very good. At that time, I only studied on the laptop. Now I know about this app and find it very convenient, although I don't like the constant ads."
28ba9207-0750-4333-befd-a8c980164a92,003,5,ứng dụng tốt . hay lặp lại các từ để nhớ sâu hơn . mấy bạn não cá vàng học cái này là ko bao giờ quên nha . tại vì nó cứ lặp lại quài à . có phần ôn tập lại . chỉ có điều là nếu muốn học thêm nhiều nữa thì mua bản pro thôi .,2021-11-02 03:38:06,Positive,"good application.Or repeat words to remember more deeply.If you have a goldfish brain, learn this and you'll never forget it.Because it keeps repeating.There is a review section.The only thing is that if you want to learn more, buy the pro version."
71d7ddf4-aec3-464c-9cde-954574f5b824,003,5,"app này rất tốt cho người mới bắt đầu như mình. mình có thể học theo bài và app có cách viết, cách đọc và nghĩa đôi khi có cả ảnh minh hoạ học oke cực!.!",2021-11-02 02:52:18,Positive,"This app is very good for beginners like me.I can learn according to the lesson and the app has how to write, read and mean sometimes even have illustrations. Learning is very good!.!"
34b8f6f6-071e-438d-babb-8f799d6a1d69,003,5,đây là ứng dụng đầu tiên tôi vẫn duy trì học đến hiện tại.các ứng dụng khác tôi chỉ sử dụng trong thời gian ngắn sau đó thì luôn dừng lại rất nhanh.ứng dụng khiến tôi rất thích thú khi học. thank you so much.,2021-10-27 09:16:20,Positive,This is the first application that I still continue to study until now. The other applications I only use for a short time then always stop very quickly. The application makes me very excited when learning.thank you so much.
09088de2-a127-45c8-a4ca-10fd364529b6,003,5,"đó giờ mình học nhiều app, nhưng cảm nhận học với memrise là oke nhất có nghe nói đọc viết kết hợp đầy đủ, app cho học từ lẻ rồi ghép lại thành một câu dài, có cả ôn lại bài lúc vừa bắt đầu nữa. rất hay. mình rất hài lòng",2021-10-14 12:16:51,Positive,"At that time, I studied many apps, but I felt that learning with memrise was the best. I heard that reading and writing was fully integrated. The app allowed me to learn odd words and combine them into one long sentence, and also reviewed the lesson I just started.very nice.I'm very satisfied"
e6e9925c-23da-4010-93af-4f0b975f59fe,003,5,"dành cho những người có ý định học tiếng nhật để coi anime giống mình. học trên memrise giúp mình ""thấm"" hơn, đỡ nhọc hơn học kanji, nếu hiragana và katakana học cỡ 4 ngày nhớ mặt thì kanji chắc học cả đời. mình coi anime 5-6 năm trời không bằng học trên app 4 bữa 🤔, nếu bạn chỉ coi anime thì không biết nó nói gì, còn học câu trên memrise thì vừa coi anime vừa học được câu mới luôn (nhiều khi là câu ""cũ"" mà đó giờ coi không để ý tới nó vì đọc sub)🐥. vì một tương lai coi anime, cố lên.",2021-10-09 20:27:23,Positive,"For those who intend to learn Japanese to watch anime like themselves.Learning on memrise helps me ""absorb"" more and is less tiring than learning kanji. If hiragana and katakana are learned in 4 days and memorized, then kanji will probably last a lifetime.Watching anime for 5-6 years is not as good as studying on the app for 4 days 🤔. If you only watch anime, you won't know what it says. But if you study sentences on memrise, you can watch anime and learn new sentences at the same time (sometimes it's ""old"" sentences but now you don't pay attention to it because you read the subs)🐥.For a future watching anime, fighting."
bc62254c-9ac6-469e-9afa-28ed338f50e4,003,5,"app thích, xịn, nhiều học phần cho mình lựa chọn. toàn sử dụng app để học thôi, download bao nhiêu app rồi cuối cùng vẫn quay lại app này",2021-10-03 10:48:36,Positive,"I like the app, it's good, there are many modules to choose from.I only use the app to study, download many apps and always come back to this app"
cc3431f6-f1d5-48d3-b0a3-aca2428fe46c,003,5,"app có giao diện dễ thương, video hướng dẫn kĩ, có cả ngữ cảnh cho câu nữa. vừa học viết, vừa học nói được luôn.",2021-09-25 14:27:39,Positive,"The app has a cute interface, detailed video instructions, and even context for the sentences.Learn to write and speak at the same time."
1f556918-91f9-4a35-bf43-5af3cf6b54a2,003,4,"đã học thử cả 3 ngoại ngữ thì thấy rằng, tiếng trung vs tiếng anh thì đều ko đc dạy cách đọc phiên âm và cách phát âm, nói chung là ko có căn bản. tiếng hàn cũng y chang nhưng bảng chữ cái tiếng hàn dễ vậy mà cũng ko thấy hiện,mà chữ hán khó vậy mà lại thấy hiện , khó hiểu. ko biết bài học mua mất phí thì ntn nhưng bản học thử đã thấy ko trau chuốt như vậy thì làm sao ng học có thể yên tâm bỏ tiền ra mua bản học lâu dài",2021-09-23 10:07:24,Positive,"Having tried studying all 3 foreign languages, I found that neither Chinese nor English are taught how to read phonetic transcriptions and pronunciation, and in general there is no basis.Korean is the same, but the Korean alphabet is so easy but it doesn't appear, but the Chinese characters are difficult but it appears, making it difficult to understand.I don't know if the lesson costs money to buy, but the trial version seems to be so unpolished, how can learners feel secure in spending money to buy a long-term version?"
4460b776-209f-4289-8124-6e94fa118114,003,5,tuy mất phí để nâng cấp khoá học nhưng học cũng okee nhá nên tải. mỗi ngày học chăm chủ là có thể giao tiếp cơ bản được bây giờ tiếng anh là thứ ai cũng phải biết nên phải học tiếng trung và tiếng anh ngay. mà bây giờ rất khó để tìm được app học miễn phí như thế này.,2021-09-12 02:28:25,Positive,"Although there is a fee to upgrade the course, it's ok so download it.Study diligently every day to be able to communicate basicly. Nowadays, English is something everyone must know, so you must learn Chinese and English right away.But nowadays it is very difficult to find a free learning app like this."
a0f68834-5280-473e-8f12-7f3ac79bf3ce,003,5,"trời ơi tui nói tiếng anh ko đc chuẩn nhx học app này rất dễ nhớ và phát âm cx chuẩn hẳn thật sự rất thích nhx còn phải học đi học lại 1 chủ đề ms nhớ thực sự chính xác nha , app này học hiệu quả lắm mọi ng nên sử dụng đó",2021-09-11 12:59:05,Positive,"Oh my gosh, I can't speak English very well, but learning this app is very easy to remember and pronouncing cx correctly. I really like it, but I still have to study a topic over and over again. I remember it really accurately. This app is very effective for learning, everyone should use it."
c159f285-6bea-42d6-866e-72b277d8e09d,003,5,mình đang có vấn đề khi kích hoạt gói pro. giờ muốn thanh toán qua hình thức chuyển khoản nhưng k được. mong ad phản hồi giúp đỡ nhanh chóng ạ,2021-09-10 04:08:40,Positive,I'm having trouble activating the pro package.Now I want to pay via bank transfer but I can't.I hope you will respond quickly and help me
72dfcdf8-ceb0-4781-b48d-26e4de7f0f30,003,5,rất hay tôi tiến bộ lên rất nhiều nhờ vào app này. trước tôi học app khác rất khó hiểu cho đến khi tôi học app này rất dễ dàng hiểu hơn ạ. tôi cảm ơn!,2021-09-06 23:59:25,Positive,"Very good, I have improved a lot thanks to this app.Before, I learned another app that was very difficult to understand until I learned this app, which is much easier to understand.Thank you!"
31fbb16a-1425-4531-8d34-16cfd92e6d3c,003,5,app rất là hữu ích cho người muốn hk ngoại ngữ app rất dễ hk và có sự ôn lại từ nên rất dễ nhớ,2021-09-05 10:28:42,Positive,The app is very useful for people who want to learn foreign languages. The app is very easy to learn and has word review so it's easy to remember
6a88963a-b82d-4171-9566-4193b00ef5ae,003,5,"rất tốt và hay nữa nhưng làm sao để tải học thêm tiếng hàn khi mình đã chọn tiếng trung,ai đó giúp mình biết vs",2021-09-05 09:34:56,Positive,"very good and interesting, but how can I download and learn more Korean when I have chosen Chinese? Can someone help me know?"
8abdb5ed-6227-44f2-9732-7163720e7afc,003,5,"mình đã học qua nhiều app rùi ý, không hiểu sao mà học app này nó nhớ từ vựng dai hơn mấy app kia mình học, nói chung là bạn nào học qua app thì nên tải app này thực sự là app sử dụng những từ ngữ rất sát với giao tiếp bên nc ngoài với lại có do có người bản xứ nói nên rất là ok nhé, đây là đánh giá thật lòng của mình <3",2021-08-31 06:28:09,Positive,"I've learned through many great apps. I don't understand why, when learning this app, it remembers vocabulary better than the other apps I've learned. In general, anyone who learns through the app should download this app. It's really an app that uses words that are very close to foreign communication. Plus, it's spoken by native speakers, so it's ok. This is my honest assessment <3"
8a4f933e-77d3-42fa-a887-cbc607ac2064,003,5,"ad cho em hỏi, em đã thanh toán gói 1 năm nhưng sao em vẫn không click được vào phần phát âm của mục giao tiếp ạ. em học tiếng hàn. mong được phản hồi sớm từ ad, em cảm ơn.",2021-08-30 17:11:51,Positive,"Admin, I've paid for the 1-year package but I still can't click on the pronunciation section of the communication section.I study Korean.Looking forward to hearing from you soon, thank you."
55a82752-5e8d-4dbf-abbb-215765321566,003,5,có thể tăng từ trong 1 tiết ôn tập lên dc ko ạ. lựa chọn chỉ tới mức 50 với 150 là ít quá :((((,2021-08-29 11:32:52,Positive,Can I increase it from 1 review period to DC?The choice is only up to 50 and 150 is too little :((((
e2c546c9-3585-43fb-a07b-0cc35d3c2881,003,5,"mình vừa mới tập tành, dạy 1 cách đơn giản hóa, giúp dể ghi nhớ hơn đối vối mấy bạn đã bỏ học lâu năm",2021-08-28 12:50:52,Positive,"I just started practicing, teaching in a simplified way, making it easier to remember for those who have dropped out of school for a long time."
3baafaff-0430-45c4-99c3-9406d2b43a7e,003,5,"mình nghĩ ứng dụng sẽ hay hơn nếu được tạo khoá học ngay trong app, chứ phải vào web mới tạo khoá học được thì hơi rắc rối xíuu",2021-08-27 14:09:21,Positive,"I think the app would be better if you could create a course right in the app, instead of having to go to the website to create a course, which is a bit complicated."
0589b384-c29c-4c11-89ba-10c0648d130d,003,4,app còn lỗi dịch tiếng anh - tiếng việt. ví dụ từ gymnastics là môn thể dục dụng cụ nhưng lại dịch thành thể dục thẩm mỹ. và cho mình hỏi accent tiếng anh trong đây là gì thế ạ?,2021-08-21 14:58:09,Positive,"The app still has errors in translating English - Vietnamese.For example, the word gymnastics is gymnastics but is translated into aerobics.And may I ask, what is the English accent here?"
21813c04-6779-4edd-9361-0691abd8813d,003,5,ứng dụng rất hay. phù hợp với những bạn đã có căn bản tiếng anh và muốn học thêm/ôn lại từ và cụm từ mới.,2021-08-16 16:22:39,Positive,very good application.Suitable for those who have basic English and want to learn/review new words and phrases.
698d147d-9c09-4976-89b3-ba94f60053c6,003,5,"ok lắm các,bn aj . lặp đi lặp lại từ và mở rông vocab rất hữu ichs mà dung lượng cũng khả thi . nếu muốn nâng cấp các bn chỉ bỏ tầm hơn 200k là đc 1 năm ruif ai có nhu cầu thì học nhé không thì cưs sử dụng miễn phí như mik",2021-08-15 05:47:02,Positive,
42fc548b-08fe-439e-813f-8e2097f94ac4,003,5,"ứng dụng rất hay, nên tải về học. có trên pc nữa, mà dùng điện thoại lại thích hơn. có các gói, mua để được học nhiều hơn nhé. cảm ơn memrise ^^",2021-08-14 16:47:56,Positive,"Very good app, you should download and learn.It's available on PC, but I prefer using it on my phone.There are packages, buy them to learn more.Thank you memrise ^^"
152654a2-0fce-474a-9682-9189e0577350,003,5,"ứng dụng hay, lặp lại từ khó nhiều lần giúp chúng ta nhớ lâu hơn. học với người bản xứ và dịch sát nghĩa giúp học cách phát âm chuẩn và chính xác cấu trúc. cảm ơn apps nhìu lắm",2021-08-12 04:25:43,Positive,"Good application, repeating difficult words many times helps us remember them longer.Studying with native speakers and translating literally helps you learn correct pronunciation and structural accuracy.Thank you very much apps"
c3f68d05-6cfa-4481-b27d-d3ead4272ea6,003,5,"app hay cho người mất gốc , mấy app nổi kia mình học mà nó khá khó , app này học và nói cảm thấy tự tin , học cả tiếng mà thấy không chán chút nào . cảm thấy rất tuyệt ❤❤❤",2021-08-10 03:26:23,Positive,Good app for people who have lost their roots. I learned the other popular apps but they were quite difficult. This app makes me feel confident when learning and speaking. I studied for an hour and didn't feel bored at all.feels great ❤❤❤
c401208f-0d15-43e1-adab-bc9f5c8c75bc,003,5,"ứng dụng dễ học, ôn lại từ mình từ mình vừa sai và kiểm tra, phát âm tốt, dễ nghe, nói chung ứng dụng rất tốt để học!🥰",2021-08-08 02:45:30,Positive,"The app is easy to learn, review the words you just made wrong and check, good pronunciation, easy to listen to, overall a very good app to learn!🥰"
dd816f8e-c795-4748-8be3-0c5dafe1e7c2,003,5,"ứng dụng khá hay nhé,muốn học nhiều hơn thì m.n đki phí nhé cho những ai chưa biết là muốn học nhiều hơn thì m.n lên google gõ memrise tiếng...(mình muốn học) rồi tìm kiếm sẽ thấy rất nhiều khoá học khác nhau do người khác tạo ra nhé",2021-08-03 04:52:43,Positive,"The app is quite good. If you want to learn more, you can pay for it. For those who don't know, if you want to learn more, go to Google and type memrise in English... (I want to learn) and then search and you'll see a lot of different courses created by other people."
72b773cd-90e5-4010-bb3c-7ecd19a9b727,003,4,"4sao là vì muốn tìm những khoá học khác nhg ko tìm thấy. kiểu khoá học ko phải của memrise tạo ra mà của cả những ng khác tạo ra. có thể tôi ko biết để mở hay gì đó, ai chỉ tôi với!",2021-08-02 15:40:36,Positive,"4 stars is because I wanted to look for other courses but couldn't find them.This type of course is not created by memrise but by other people.Maybe I don't know how to open it or something, can someone tell me!"
a2540379-b5a4-4fc4-96a6-e3af111c5120,003,5,"đây là app miễn phí học tiếng anh, hàn mình thích nhất từ trước đến giờ, mặc dù free nhưng vẫn rất ok và dễ hiểu nhea, ngoài ra cũng có thể nâng cấp pro lên, mình thấy giá cả cũng khá rẻ 1 tháng sd cho hs, sv",2021-07-29 05:40:55,Positive,"This is my favorite free app to learn English and Korean so far. Even though it's free, it's still very good and easy to understand. In addition, you can also upgrade to pro, I think the price is quite cheap for 1 month of use for students and students."
3e04f804-4b91-4c53-a8f7-e807a635677a,003,5,"tuyệt vời, mình dùng bản free cũng thấy ổn, nếu có khóa học tiếng anh mỹ thì tốt hơn nữa, mình k thích tiếng anh quốc",2021-07-28 13:27:11,Positive,"Great, I use the free version and it's fine. If there is an American English course, it would be even better, I don't like American English."
094b4e61-597b-4875-b472-7a348b664582,003,5,"vì em còn nhỏ chưa có tiền nên ko mua vip đc, chỉ học mấy cái chức năng nhỏ nhỏ thôi.nhưng vẫn hay lắm ạ",2021-07-18 12:14:56,Positive,"Because I'm still young and don't have money, I can't buy VIP. I only learn a few small functions. But it's still very good."
2197ac95-67ba-4a07-98fa-f11bb40eedfb,003,5,"app rất tuyệt vời cho mấy bạn muốn nhớ từ vựng đó, và cả khả năng nghe hay nhấn âm. vừa nghe vừa nhìn làm khả năng ghi nhớ tốt hơn, và cả việc memrise còn hay giúp mình ôn tập củng cố kiến thức nữa.",2021-07-16 17:30:54,Positive,"The app is great for those who want to remember that vocabulary, and also have the ability to listen and emphasize sounds.Listening and watching at the same time makes memorization better, and memrise also helps me review and consolidate my knowledge."
77ca8e26-d61d-4825-a075-cf646cfd20c4,003,5,ứng dụng rất tuyệt vời ! nếu các bạn đang chán nản với việc học tiếng anh thì nên thử ứng dụng này nhaaaaaaaa ☺️,2021-07-08 16:41:45,Positive,"Very great application!If you are bored with learning English, you should try this app ☺️"
e0bbf97b-957f-4fa4-bcb1-2ffeb7eeaf2e,003,5,"mình thấy rất oke bởi vì khum tốn tiền đăng kí mà vẫn có thể học , vý nó rất phù hợp với những người lười như mình :3",2021-07-07 09:47:23,Positive,"I find it very good because I don't have to pay to register but I can still learn, because it's very suitable for lazy people like me :3"
406d1952-46d5-40d8-9788-49b0712841db,003,5,"ứng dụng rất hay luôn nha mọi người, với e là 1 người hay chán nản học từ vựng lắm nhờ có app này mà e học tích cực hơn luôn, nên tải về máy nha ❤",2021-07-05 05:10:12,Positive,"This app is very good, everyone. I'm a person who often gets bored learning vocabulary. Thanks to this app, I study more actively, so download it ❤"
a0b0b813-d1d6-4a8d-9554-41657ba59f85,003,5,"rất tốt. rất recomment cho các bạn mới bắt đầu học tiếng anh. hay cần luyện nghe, đọc và hiểu . hi vọng app càng ngày càng phát triển và luôn miễn phí cho người dùng vì sự hữu ích của nó đến cộng động. xin cảm ơn rất nhiều",2021-06-16 15:44:26,Positive,"Very good.Highly recommended for those who are just starting to learn English.or need to practice listening, reading and understanding.Hopefully the app will continue to grow and remain free for users because of its usefulness to the community.Thank you very much"
4a4d3b05-73b8-4ad8-8881-598f4a4c018c,003,4,"ứng dụng khá hay cho việc học từ vựng nhưng nó có phí trong khi đối tượng sd app là hs, sinh viên nên không phải ai cũng có điều kiện.",2021-06-15 17:03:43,Positive,"The app is quite good for learning vocabulary but it has a fee and the target audience for using the app is students, so not everyone can afford it."
6b9cee91-3424-49b2-ae10-d62de920f052,003,5,tuyệt. giúp mình ôn lại từ vựng tiếng anh để không bị quên. tăng cường thêm chức năng luyện phát âm thì sẽ tốt hơn nữa.,2021-06-08 03:53:04,Positive,great.Help me review English vocabulary so I don't forget it.Adding the pronunciation practice function would be even better.
63558dcb-a8e1-4ed6-89b0-33312fd42b19,003,5,"o k , v e r r r r r r r r r r r r r r y , t h a n k , y",2021-05-29 10:57:32,Positive,"o k , v e r r r r r r r r r r r r r r r y , t h a n k , y"
edfa0436-bcad-41cf-86e2-8af9eb07b809,003,5,em mới trải nghiệm thấy ứng dụng có nhiều cách để minhf hc và ôn lại kiến thức. e thấy đây là app mọi người nên thử sd trải nghiệm xem sao trong quá trình học từ vựng,2021-05-28 05:08:43,Positive,I just experienced that the application has many ways to demonstrate and review knowledge.I think this is an app that everyone should try and experience in the process of learning vocabulary
0cce58e3-f8d1-4d39-8d71-6baeb028dbeb,003,5,"trong tát cả ứng dụng học english , đây là app làm cho tôi hài lòng nhất . quá tuyệt vời , học dễ mà còn thuộc lâu nữa . pefect",2021-05-27 15:50:03,Positive,"Out of all the English learning apps, this is the app that makes me the most satisfied.so wonderful, easy to learn and memorize for a long time.perfect"
6bdc7805-cc18-4968-ad55-bdaaebefd7b7,003,5,"tui được 1 người bạn chỉ sử dụng học app rất hiệu quả, nên tui đã thử tải app và đặc biệt tui thấy rất dễ học",2021-05-26 16:46:47,Positive,"I had a friend who used the app to learn very effectively, so I tried downloading the app and especially I found it very easy to learn."
383f5ab1-bd17-4f34-b763-f803a40d1e0c,003,5,"app rất hay..nhưng tại sao tiếng hàn, tiếng anh thì có rất nhiều khoá học từ cơ bản đến nâng cao, riếng tiếng trung lại chỉ có 3 khoá...mình học đã đến trình độ trung cấp nên rất muốn đc học cao lên..muốn đóng tiền học mà chỉ có đến khoá 3 là hết..thật sự mình mong app ra thêm các khóa cao hơn nữa ạ..",2021-05-17 11:44:12,Positive,"The app is very good..but why do Korean and English have so many courses from basic to advanced, but Chinese only has 3 courses...I have studied at intermediate level so I really want to study further..I want to pay for tuition but only have to go to course 3..I really hope the app releases more advanced courses.."
8518b50b-8284-4f66-a617-6a1008566ef8,003,5,một ứng dụng để học tiếng anh tuyệt vời. tôi còn có thể học tốc ký tiếng việt nữa. tốt lắm. chúc cho memrise phát triển tốt.,2021-05-05 15:59:37,Positive,A great app to learn English.I can also learn Vietnamese shorthand.very good.Wishing memrise good development.
bfde830b-7040-4826-9508-7cf0520d13f8,003,4,"app dùng rất tốt, giúp vốn từ tiếng anh của vững và thông dụng hơn. với ngôn ngữ trung và hàn thì nếu cải thiện được phần dịch nghĩa sẽ càng ok hơn",2021-04-25 10:35:37,Positive,"The app is very good to use, helping your English vocabulary become stronger and more common.With Chinese and Korean languages, if the translation can be improved, it will be even better"
6c0ec1de-ad13-4021-aff6-af1b35366901,003,5,"bài học dễ học và thú vị. vừa học từ vựng, mẫu câu vừa học phát âm chuẩn, ngữ điệu hay. tuy nhiên không được chọn từ vựng theo chủ đề mình muốn.",2021-04-18 04:36:31,Positive,"Lessons are easy to learn and fun.Learn vocabulary and sentence patterns while learning standard pronunciation and good intonation.However, you cannot choose vocabulary according to the topic you want."
a9d67279-c7b3-41b3-a401-ecef91e8f927,003,5,học rất trực quan tiếc là tiếng việt chưa được cập nhật nhiều thứ tiếng lắm nên mình đang học tiếng tây ban nha với vai trò là một người biết tiếng anh,2021-03-20 17:04:47,Positive,"Learning is very intuitive. Unfortunately, Vietnamese has not been updated in many languages, so I am learning Spanish as an English-speaking person."
2a6bd7a2-d34c-4663-bd02-a2a0899daf83,003,5,"rất tuyệt vời nha mn,nó giúp mk nhớ đi nhớ lại những gì mk đã học.mặc dù mới học nhưng nhưng mình thấy rất okie.",2021-03-18 14:24:15,Positive,"It's great, it helps me remember what I've learned over and over again. Even though I've just learned it, I find it very good."
3ee1a89f-a1e2-4655-9c0e-4543801a8b8a,003,4,"mặc dù là dùng bản free nhưng vẫn muốn đóng góp ý kiến để app được tốt hơn ạ. mong ad sủa lỗi của bộ câu hỏi, có câu thì cả 4 đáp án giống nhau, có từ thì bị lỗi không nghe được, còn cả bài nghe nữa cái nào chọn thứ 3 auto đúng",2021-03-04 09:50:31,Positive,"Even though I'm using the free version, I still want to give feedback to make the app better.I hope the admin will correct the errors in the set of questions. For some questions, all 4 answers are the same. For some words, there are errors that cannot be heard. There are also listening exercises. Whichever one chooses 3rd is automatically correct."
2ac4498c-0985-4ae9-81e6-0362b066b3da,003,5,"ứng dụng hay, nhắc nhở học từ vựng mỗi ngày và có cả phần luyện phát âm. rất ổn và nên sử dụng để học.",2021-03-03 13:38:55,Positive,"Good app, reminds you to learn vocabulary every day and includes pronunciation practice.Very good and should be used for studying."
c4ee8a28-f6f7-4452-998b-6b35565f972f,003,5,"lần đầu tiên mình chi một app học ngoại ngữ 5 sao =))) app này siêu đỉnh luôn mng huhu, có level nên kiểu thấy vừa học vừa chơi, có điểm để tranh nhau nữa, đỉnh lắm mng",2021-02-27 10:39:48,Positive,"This is the first time I've spent a 5-star foreign language learning app =))) This app is super awesome, it has levels so it feels like learning while playing, there are points to compete for, it's great."
7ca64f4f-de86-4a43-a783-240c61904e13,003,5,rất tốt bạn là người mới bắt đầu học tiếng anh lại từ đầu thì đây là một ứng dụng rất thích hợp cho bạn giống như tôi congratulations ❤️,2021-02-25 07:23:27,Positive,"Very good, if you are a beginner learning English from scratch, this is a very suitable application for you like me congratulations ❤️"
437cf665-1682-4db2-92d5-6753c165563c,003,5,ứng dụng tuyệt vời lun ạ. nhưng sẽ tuyệt hơn nếu ở phần lặn sâu khi xem video xong và thoát ra vào lại để xem sẽ là những video tiếp theo chứ không phải lặp lại từ đầu ạ❤,2021-02-23 15:10:32,Positive,"Great app lol.But it would be better if in the deep diving part, after watching the video, log out and re-enter to see the next videos, not repeat from the beginning❤"
14c842ab-0c11-4adc-87ce-4d45cf428762,003,5,"mik hc cái này cũng gần 1 tuần r mik cảm thấy tiến bộ lên hẵng về phần nói,nghe,ngữ pháp ai bị mất căn bản như mik thì đây là ứng dụng tốt nhất nên tải về",2021-02-23 06:56:20,Positive,"Mik has been studying this for almost a week and I feel like I've improved a lot in speaking, listening, and grammar. Anyone who has lost the basics like me, this is the best app to download."
660549d5-acc9-4d7c-82e6-ee59ced2af9a,003,4,"cho minh hỏi, minh cài lên đt sony xz2 thì ko sử dùng phát âm của phần mềm được, không nghe được. các ứng dụng học khác thì ko sao... do phần mềm hay đt vậy ạ.",2021-02-22 18:05:42,Positive,"Let me ask, when I installed it on my Sony xz2 phone, I couldn't use the software's pronunciation, I couldn't hear it.Other learning applications are okay... because the software is so good."
5b3140cc-8475-49ac-b26d-a4046491944f,003,5,sau mỗi câu hỏi chương trình sẽ tự động phát âm nhưng nhiều lúc âm thanh bị ngắt quãng hoặc không phát. mong sớm khắc phục.,2021-02-16 13:57:18,Positive,"After each question, the program will automatically pronounce, but many times the sound is interrupted or does not play.hope to fix it soon."
fcc6157f-1c05-46ef-a265-3d981147a925,003,5,sao tôi không đăng ký được gói cước. tôi nhấn vào đăng ký thì viettel bị vô hiệu. mọi người chỉ giúp mình với nhé. xin cảm ơn,2021-02-07 12:19:41,Positive,"Why can't I register for the package?When I click on register, Viettel is disabled.Everyone please help me.Thank you"
fb9d6694-37e4-41ba-8f5c-78c13b18f1ee,003,5,"rất hữu ích, việc học từ vựng nhanh và thú vị hơn rất nhiều so với cách học truyền thống. ngoài ra, còn có các chế độ học khác đem lại nhiều hữu sự lựa chọn cho người dùng. cảm ơn nhà phát triển ứng dụng trên.",2021-02-07 06:50:42,Positive,"Very useful, learning vocabulary is much faster and more interesting than traditional learning methods.In addition, there are other learning modes that provide many useful choices for users.Thank you to the above application developer."
45726c99-19d3-493d-a8fe-1c9329c1fb96,003,5,khá thik mỗi từ học đều có video ng ngoại quốc ns để mk nghe phát âm cho đúng .ban đầu còn sai sai sau dần nghe hoài phát âm cx ok. khá thik,2021-02-05 10:56:35,Positive,"I really like that each word to learn has a video from foreign speakers so you can listen to the correct pronunciation. At first there were mistakes, then gradually you kept hearing the pronunciation cx ok.quite like"
5b99cae2-3e2b-4828-9f81-b6a1ff158adf,003,5,"the app didnt move to the next word after choosing a right answer. i tried to reinstall, cleared cache and data, but i didnt work. the only solution is to turn off the audio in setting. something is wrong with audio sync edit: if you got the same problem, turn off the audio in setting for few days. in the mean time the problem will fix itself.",2021-01-13 23:54:56,Positive,"the app didnt move to the next word after choosing a right answer.i tried to reinstall, cleared cache and data, but i didnt work.the only solution is to turn off the audio in settings.something is wrong with audio sync edit: if you get the same problem, turn off the audio in setting for a few days.in the mean time the problem will fix itself."
af209e19-988d-49e1-9b8a-cea68476d924,003,5,"mình đã tìm giữa một rừng app học từ vựng tiếng anh, thử qua nhiều app nhưng app này mới khiến mình hài lòng nhất: thiết kế giao diện dễ dùng, không quảng cáo quá nhiều và các phần học từ vựng khiến mình rất dễ nhớ và không nhàm chán.",2021-01-07 03:34:08,Positive,"I searched through a forest of apps to learn English vocabulary, tried many apps, but this app made me the most satisfied: the interface design is easy to use, there are not too many ads, and the vocabulary learning parts are easy to remember and not boring."
75abcd1a-a353-443c-abdb-7ee5e6644bac,003,5,"ứng dụng xài rất tốt. học rất mau nhớ, nếu có thêm phần luyện phát âm nữa thì tuyệt cú mèo luôn. mỗi ngày app luôn nhắc nhở mình học tập đúng lúc và ko sợ quên buổi nào . hihi mong app sẽ phát triển thêm phần luyện kỹ năng nói nữa.",2020-12-07 16:51:38,Positive,"The application works very well.Learns very quickly and remembers. If there was more pronunciation practice, it would be great.Every day the app always reminds me to study at the right time and not be afraid of forgetting any lesson.hihi I hope the app will develop more speaking skills training."
b4a1a552-c4af-4c77-9f7f-83f69551ca9a,003,5,tôi sử dụng cũng mới ngày 26/11/2020 nó rất thú vị nó cho mình học xong cái này rồi mới được học cái khác và mong app sẽ cho thêm nhạc vào để thú vị hơn nữa.❤❤❤❤❤❤❤❤❤❤❤❤❤❤❤❤❤❤❤❤❤❤❤❤❤❤❤❤❤,2020-11-26 03:51:26,Positive,"I just started using it on November 26, 2020. It's very interesting. It lets me finish learning one thing before learning another. I hope the app will add music to make it more interesting.more.❤❤❤❤❤❤❤❤❤❤❤❤❤❤❤❤❤❤❤❤❤❤❤❤❤❤❤❤❤"
3f09bf78-1331-45f0-a9dc-0b64fd61a1ca,003,5,"mình thích memrise ở chỗ nó giúp mình cân bằng giữa việc học cái mới và ôn tập, giao diện nhìn ko bị nhàm chán nữa",2020-11-21 05:34:53,Positive,"I like memrise because it helps me balance learning new things and reviewing, the interface doesn't look boring anymore."
d66f1042-6b7b-404c-a2f7-232ae2dda3a7,003,5,ứng dụng rất hay nhưng mình nghĩ cần có thêm phần để mình có thể kiểm tra phần phát âm sau khi học thì thật tốt,2020-11-17 14:38:23,Positive,"The application is very good, but I think it would be great if there was an additional section so I could check the pronunciation after studying"
fda313be-a015-4656-935d-a502b70cfa1c,003,5,họ nói chuyện gì mà không thấy tăm hơi mệt chút thôi mà có ai đó sẽ về nhà là nơi dừng chân trước hàng về,2020-11-15 21:11:11,Positive,"They talk about nothing but feel a little tired, but someone will go home and stop before the return line"
0684796a-0533-4368-9a1e-44e7aa2a850a,003,5,"học rất có hiệu quả , mỗi khi sai từ gì memrise đưa vào phần từ khó để ôn tập lại, có nhiều thứ tiến khác nhau . có phần ôn tập nhanh để nhận biết từ nhanh hơn . nhớ đánh giá memrise 5 sao nha mọi người",2020-11-13 14:12:21,Positive,"Learning is very effective, every time a word is wrong, memrise puts it in the difficult words section to review, there are many different ways to improve.There is a quick review section to recognize words faster.Remember to rate memrise 5 stars, everyone"
b7042352-e6f2-4f07-b700-7b628422ce7c,003,5,lần trước đăng lên bảo ko biết dùng nhưng bây giờ mới xem hết phần mềm nên mình thấy dễ dùng hơn và mình nói cũng tốt hơn. thanks merise very much😘😘😘😘,2020-10-14 11:45:05,Positive,"Last time I posted, I said I didn't know how to use it, but now that I've seen the entire software, I find it easier to use and I speak better.thanks merise very much😘😘😘😘"
bfa22afc-0b96-4651-b316-4defec02b970,003,5,tôi đang sử dụng app để học tiếng đức nhưng hiện tại tôi không tảo được tiết học trong khi đường truyền mạng của tôi vẫn ổn định,2020-10-13 16:57:58,Positive,"I'm using the app to learn German, but I can't take classes right now while my internet connection is still stable."
0609b4d7-078f-4aa3-a817-56f969583b4b,003,4,phần 1 có 9 bài thì làm sao để mở được bài 2 vậy ạ ? học xong bài 1 r k tìm đc phải ấn sáng phần 2 học ? ad chỉ cách cho em với,2020-10-09 14:06:46,Positive,"Part 1 has 9 lessons, how can I open lesson 2?After studying lesson 1, I can't find it, so I have to click to read part 2?Admin please show me how"
7dfe386f-64d9-47ae-bcf8-6f4e40532bb3,003,5,"hay , tôi đang tìm 1 ứng dụng ( mà ứng dụng đó đọc mà cho viết và đây lả ứng dụng tôi thấy tốt nhất )",2020-10-08 10:12:10,Positive,"good, I'm looking for an application (that reads and writes and this is the best application I find)"
152d9f19-7c57-4f2d-9157-2ac29767e74d,003,5,mong cac bạn dev tạo phần viết lại từ xuất hiện nhiều hơn. còn phần chọn từ tiếng anh đúng nghĩa thì có thêm phần ngược lại là chọn từ tiếng việt đúng nghĩa,2020-10-07 10:31:47,Positive,"I hope the devs make word rewrites appear more often.As for choosing the correct English word, there is the opposite part of choosing the correct Vietnamese word"
ae3e7634-3da7-4120-8a12-3a3e518ef3bf,003,5,thú vị. dễ tiếp cận. các từ mới từ đơn giản đến phức tạp đều được ôn tập kĩ lưỡng rồi mới bắt đầu từ vựng mới. 😍,2020-09-23 13:08:38,Positive,interesting.easy to access.New words from simple to complex are thoroughly reviewed before starting new vocabulary.😍
8afef426-afc3-46d4-b8ee-ef4c43257841,003,4,ứng dụng này mình dùng cách đây mấy năm rồi mà lúc trước giao diện dễ nhìn hơn. bây h nâng cấp lên r hơi khó nhìn . mà sao trong như mô tả trên gg thì có thể hoc 16 ngôn ngữ trên ứng dụng này mà sao mình thấy chỉ có 3 ngôn ngữ ?,2020-09-21 12:59:59,Positive,"I used this application a few years ago, but before the interface was easier to see.Now that I've upgraded to r it's a bit hard to see.But why, as described on Google, you can learn 16 languages ​​on this application, but why do I see only 3 languages?"
9fa5ee27-466e-4e8b-b4fa-fd58d9362f03,003,5,ứng dụng này học av khá hay. không nhàm chán như các app khác. mn có tk có thể lên web memrise học. cách học khá sinh động dễ nhớ từ vựng,2020-09-18 09:47:08,Positive,"This application is quite good for learning AV.Not boring like other apps.If you have an account, you can go to the website Memrise to learn.The learning style is quite lively and easy to remember vocabulary"
18f28f25-7c3c-47d1-8c79-9de8f766ba59,003,4,không đồng bộ giữa app ứng dụng và app web về số ngày liên tục. lỗi ngày liên tục bị giậm chân tại 13 ngày.,2020-09-16 14:11:27,Positive,There is no synchronization between the app and the web app for a consecutive number of days.The daily error was continuously stalled for 13 days.
aa8260a6-d400-4e41-bb51-1e19bb2b0348,003,5,"học ứng dụng này thì kỹ năng nhớ từ nhiều. nhưng không thích phần phát âm cho lắm, kiểu hơi chung chung chứ không đánh giá được phần phát âm",2020-09-11 15:42:36,Positive,"Learning this application will help you remember more words.but I don't like the pronunciation very much, it's a bit general and can't rate the pronunciation"
bdc27c33-7254-4d5d-bbb4-534a3bd2db69,003,4,"thiết kế bài học rất hay, rất bổ ích và tạo cảm giác thích thú khi học tập. cảm ơn ad đã viết phần mềm học tiếng anh quá hay cho người học. nếu phần mềm được nâng cấp không bị treo máy thì sẽ rất tuyệt vời . mong rằng ad khắc phục được lỗi này thì tôi tin rằng rất nhiều người sử dụng.😍😍😍",2020-09-09 12:59:01,Positive,"The lesson design is very good, very useful and makes learning enjoyable.Thank you admin for writing such good English learning software for learners.If the upgraded software doesn't crash, it will be great.I hope the admin can fix this error, I believe many people will use it.😍😍😍"
f1f2a5cf-5c08-4f82-9608-ae5563c28735,003,5,cảm ơn app nhé chỉ cần tập trung và chút ít thời gian thì đã học được từ mới rồi mọi người nên tải nhé vừa thú vị vừa hữu ích nữa chứ lần nữa cảm ơn app nhiều lắm,2020-08-21 02:50:42,Positive,"Thank you for the app. Just focus and spend a little time to learn new words. Everyone should download it. It's both interesting and useful. Once again, thank you so much for the app."
66115e95-96b7-48b6-a0ae-e8aa883d15bd,003,5,"ứng dụng rất hay và tôi rất yêu thích ứng dụng này , và tôi nghĩ các bạn nên tải ứng dụng này về học sẽ rất hiệu quả tốt",2020-08-20 14:34:05,Positive,"The application is very good and I love this application very much, and I think you should download this application to study, it will be very effective."
8ea79f32-a973-4f88-b333-9b4873d04a1d,003,5,"ứng dụng rất hay, rất đáng sử dụng, app có học free và các gói để trả phí học giúp học từ mới và nhớ từ lâu hơn đồng thời còn giúp luyện nghe nữa. cảm ơn đã tạo ra app này ❤",2020-08-20 11:15:13,Positive,"Very good app, very worth using, the app has free learning and paid learning packages to help learn new words and remember words longer while also helping to practice listening.Thank you for creating this app ❤"
3319e7d8-3fb2-4177-a29d-78c85d84d4d2,003,5,ứng dụng này rất tốt nó giúp tôi học giỏi english hơn hẳn ko có quảng cáo tôi học một thời gian cảm thấy mình học giỏi tiếng anh hơn lúc trước nó dễ học hơn các ứng dụng dụng khác dễ học mà học khoảng 2 đến 3 tuần là giỏi english thật tuyệt vời 😇😇😇😇😇😇👍👍👍👍👍 mọi người nên tải về học ứng dụng này dễ học hơn các ứng dụng khác nhanh hiểu 😇😇😇👍👍👍👍👍 mọi người nên tải về học nhaaa👍👍👍👍👍👍👍👍👍👍👍👍👍👍👍👍👌👌👌👌👌👏👏👏👏👏👍👍👍👍👍👍👍,2020-08-19 04:03:15,Positive,"This app is very good, it helps me learn English better without ads. I studied for a while and feel like I'm better at learning English than before. It's easier to learn than other apps. It's easy to learn. It takes about 2 to 3 weeks to learn English and it's great. It's great. 😇😇😇😇😇😇👍👍👍👍👍 Everyone should download and learn. This app is easier to learn than other apps.Other applications are quick to understand 😇😇😇👍👍👍👍👍 everyone should download and learnnhaaa👍👍👍👍👍👍👍👍👍👍👍👍👍👍👍👍👌👌👌👌👌👏👏👏👏👏👍👍👍👍👍👍👍"
0fb8c5d5-b4b2-46ad-a7c0-0c794867b210,003,5,"ứng dụng rất tiện ích, có thể học trên máy tính và cả điện thoại và đưa vào trung tâm tiếng anh tôi đang học",2020-08-10 14:39:34,Positive,"The application is very useful, can be studied on computers and phones and is included in the English center I am studying"
0c29707f-458a-4ea7-b865-2d1176cfa74f,003,5,ứng dỵng giúp đỡ rất nhiều trong quá trình học từ vựng. sẽ tốt hơn nếu ứng dụng có tính năng ôn tập theo bài. cảm ơn đội ngũ phát triển,2020-07-29 08:02:50,Positive,The application helps a lot in the process of learning vocabulary.It would be better if the application had a lesson review feature.Thank you development team
26352824-ac23-4fbf-88ad-e827ddb246c2,003,5,"rất tuyệt vời. ứng dụng này giúp cho những người nhàm chán về môn tiếng anh có thể sử dụng để học tiếng anh. chúng ta có thể ôn đc rất nhiều từ, đôi khi chỉ bt có 1 nghĩa của từ đí thoii, nhưng khi đến với memrise thì chúng ta lại bt đc thêm nhiều nghĩa để dễ dàng hơn trong những bài thi đọc. ngoài ra sau khi học xong những từ này chúng ta có thể ôn lại hoặc kiểm tra lại những từ đã học. nói chung ứng dụng rất tuyệt.",2020-07-15 14:32:27,Positive,"very wonderful.This application helps people who are bored with English to use it to learn English.We can review a lot of words, sometimes only understanding one meaning of the word, but when we come to memrise, we learn many more meanings to make it easier in reading tests.In addition, after studying these words, we can review or retest the words we have learned.Overall the app is great."
c35e44f7-9601-4d8e-8fc1-e0b978fb7207,003,4,thực sự giúp cải thiện tiếng anh với những khoá học hiệu quả! có những khoá học phải mất tiền nhưng các bạn có thể chọn những khoá khác để cải thiện vốn từ vựng của mình,2020-07-15 08:41:21,Positive,"Really helps improve English with effective courses!There are courses that cost money, but you can choose other courses to improve your vocabulary"
287204bc-2296-425f-8abd-d27b8ff7a317,003,5,ứng dụng rất tốt nhưng ngôn ngữ học còn bị hạn chế. nếu thêm nhiều thứ tiếng nữa hơn là tuyệt vời ạ. em muốn học tiếng pháp nhưng lại không học được ở đây:(,2020-07-15 08:19:22,Positive,The app is very good but the linguistics are limited.It would be great if more languages ​​were added.I want to learn French but I can't learn it here :(
26a5bbb3-3cfb-4709-820c-9ce3924d94f2,003,4,ứng dụng giúp học từ rất tốt giúp người dùng nhớ lâu. tuy nhiên nên có thêm chức năng học bảng chữ cái và cách viết,2020-07-10 03:16:39,Positive,"The application helps users learn words very well, helping users remember them for a long time.However, there should be more functions to learn the alphabet and how to write"
218f307c-3242-4877-b683-03177ba36c06,003,4,"ứng dụng khá hay, nhưng còn kiến thức khá đơn giản, nó là một ưnga dụng tốt cho người mới bắt đầu học tiếng anh",2020-07-08 14:38:24,Positive,"The application is quite good, but the knowledge is quite simple, it is a good application for beginners to learn English."
e89c3b73-626c-427e-8324-a66bc4803a8b,003,5,"ứng dụng tiến bộ cho việc học vocabulary. có âm thanh, hình ảnh rõ ràng, có thể bổ sung thêm thông tin hoặc từ tạo flashcard. năng cấp lên cha sẽ có nhiều thứ hay ho hơn. mình sẽ thiết trải nghiệm thêm",2020-06-18 08:48:11,Positive,"Progressive app for learning vocabulary.has clear sounds and images, can add additional information or words to create flashcards.Leveling up your skills will give you more interesting things.I will try to experience more"
fbfb3070-e16b-435e-862d-c9cf83357159,003,5,"ứng dụng học ngoại ngữ rất hữu ích, tôi đã bắt đầu học tiếng nhật trên ứng dụng này từ năm 2014. đến nay cũng hơn 5 năm và vẫn đang sử dụng.",2020-06-07 06:13:00,Positive,Very useful foreign language learning application. I started learning Japanese on this application in 2014. It's been more than 5 years now and I'm still using it.
520d3ce9-187a-46bc-8398-0bc0e2c8ed08,003,5,ứng dụng cực kỳ đáng yêu và khiến tôi thấy hứng thú trong học từ. tôi đã mua gói pro. hy vọng nhiều trải nghiệm tốt với nó,2020-05-31 02:20:46,Positive,The app is extremely adorable and makes me excited about learning words.I bought the pro package.Hope many good experiences with it
ea4a821c-a681-422d-badf-8a4e789d7432,003,5,"mình thắc mắc sao bảng xếp hạng trong app chỉ mỗi mình mình. có lúc mình thấy được nhiều nick khác nhưng giờ lại không thấy ạ bs: ""đã..đã có thây ma tận thế chưa?.."" những câu trong app ý có nghĩa là gì thế?",2020-05-26 03:11:42,Positive,"I wonder why the rankings in the app are just me.There was a time when I could see many other nicks but now I don't see them. BS: ""Is there a zombie apocalypse yet?"" What do the sentences in the app mean?"
c402c19f-5318-448e-b0cb-6272252d0376,003,5,"ứng dụng rất tốt, có phần phát âm bình thường của người bản ngữ dễ học dễ thuộc. khi mình nhớ nhầm có thể sửa ngay lỗi giúp mình.",2020-05-26 01:54:33,Positive,"Very good application, with normal pronunciation by native speakers, easy to learn and memorize.When I remember wrong, you can immediately correct the error for me."
88f74b8f-b35a-452d-83a9-dbf43bb55310,003,5,"tạo thói quen học tiếng anh rất tốt. bên cạnh nhiều khóa học tiếng trung, hàn,... cho các bạn. mình thích phần nói của bản ngữ rất thực tế. trải nghiệm app mượt, có tích điểm, vị trí thăng hạng. nếu bạn chưa có học tiếng anh liên tục thì app là lựa chọn hàng đầu vì tính năng nhắc nhở trên điện thoại, có 3 phần nghe, nói, nhập từ để ghi nhớ từ vựng. thanks for team memrise! thanks a lot!",2020-05-20 00:52:40,Positive,"Create a very good habit of learning English.Besides many Chinese, Korean,... courses for you.I like the fact that the native speakers speak very realistically.Smooth app experience, points accumulated, position promoted.If you have not studied English continuously, the app is the top choice because of the reminder feature on the phone, with 3 parts: listening, speaking, and entering words to remember vocabulary.Thanks for team memrise!Thanks a lot!"
6ffc517d-30de-444e-af59-1cf716423721,003,5,app rất tốt. mong các bạn phát triển thêm tính năng đánh dấu từ đã thuộc. nhiều từ dễ cứ bị lặp lại gây nhàm chán,2020-05-05 22:50:42,Positive,"the app is very good.I hope you will develop more features to mark memorized words.Many words are easily repeated, causing boredom"
8171b150-dd00-4a94-a1ca-9a3860228879,003,5,"cho mình hỏi là mình xong cái bệ phóng thì mình qua cái làm người, thế cho mình hỏi mở nó bằng cách nào ạ, hay là mình phải mua gói pro mới trải nghiệm được ạ, chỗ nãy mình không rõ lắm ???",2020-04-29 14:16:22,Positive,"Let me ask, once I've finished the launcher, I'll go to the human mode, so can I ask how to open it, or do I have to buy the pro package to experience it? I don't really understand the previous part???"
bcd50cfd-562a-4d9c-bdea-a41357801613,003,5,tài khoản trên app và laptop không sync với nhau. tôi đã load lại app điện thoại nhưng vẫn không lưu bài đã học trên laptop (laptop và điện thoại có kết nối internet bình thường).,2020-04-21 01:14:15,Positive,Accounts on the app and laptop do not sync with each other.I reloaded the phone app but still can't save the lessons I learned on my laptop (laptop and phone have normal internet connection).
a8766cdf-5af1-4157-b278-f1ab5da8067e,003,5,ứng dụng có tính mở rất thú vị phục vụ cho cả người dạy và người học. chỉ cần tìm đc khoá học hay thì rất ham học,2020-04-19 01:42:02,Positive,"Very interesting open application that serves both teachers and learners.As long as you find a good course, you'll be eager to learn"
12d82052-2531-479a-a504-e003f75e23f0,003,4,ứng dụng dạy nghe nhớ khá tốt nhưng cần có mục ghi lại phát âm của người học để sửa chi tiết lỗi của họ.,2020-04-18 04:27:38,Positive,"The listening and memory teaching application is quite good, but there needs to be a section to record learners' pronunciation to correct details of their errors."
9246b325-8339-4cb3-860c-e87d6563044c,003,5,app này rất hữu ích cho những người nào muốn học ngoại ngữ như mình . mình đang học song ngữ anh - đức cực kì tốt mình mong rằng app sẽ phát triển thêm những tính năng hay ho . có 3 app học ngoại ngữ mình hài lòng là 1. busuu 2. memrise 3. doulingo,2020-04-16 05:46:43,Positive,This app is very useful for those who want to learn foreign languages ​​like me.I'm learning English and German very well. I hope the app will develop more cool features.There are 3 foreign language learning apps that I am satisfied with: 1. busuu 2. memrise 3. doulingo
5e61e2fa-e7da-43bd-9300-8b64ae2218c4,003,5,"một ứng dụng rất tốt để học từ vựng tiếng anh. tuy nhiên đây là uk chứ không phải us nên mình không đề cao phần phát âm của app vì học sinh, sinh viên vẫn luôn học us.",2020-04-14 09:15:22,Positive,"A very good application to learn English vocabulary.However, this is UK, not US, so I don't appreciate the pronunciation part of the app because students always learn US."
cf5fbe32-ddf9-48ae-aeab-0505bb2aa3b0,003,5,app rất hay nhưng cho tôi hỏi là tại sao tôi học xong phần 1 rồi đến phần 2 để học từ vựng mà cứ hiển thị phải nạp tiền và các kiểu là s vậy ạ,2020-04-08 07:02:21,Positive,"The app is very good, but may I ask why I finished part 1 and then went to part 2 to learn vocabulary but it kept showing that I had to recharge and so on?"
1680cd92-401d-402e-bf03-a2549bd46e11,003,4,"memrise ngày xưa vui hơn, dạy rất nhiều ngôn ngữ, cảm giác như kiểu dạy gần gết các ngôn ngữ trên tg luôn r. nma h chỉ có anh hàn trung thôi. nhớ ngày xưa mới bập bẹ học tiếng hàn xong rảnh rảnh lướt các khóa học thấy hay quá tham lam học thêm pháp :))",2020-04-03 14:17:39,Positive,"Memrise used to be more fun, teaching so many languages, it feels like it teaches almost all the languages ​​in the world.nma h is only Han Trung.I remember the old days when I first started learning Korean and then had free time to surf the courses and found it interesting so I was greedy to learn more dharma :))"
ea2c69b8-7230-4746-a939-ee34d8e318e0,003,5,ứng dụng rất tốt rất hữu ích tôi rất thích vì tôi rất khó tiếp thu môn này nhưng nhờ ứng sụng cũng đã học được 1 phần thank you,2020-03-30 10:01:46,Positive,"Very good application, very useful. I really like it because it is very difficult for me to learn this subject, but thanks to the application, I have learned a part, thank you."
31518d62-6f0a-4d02-87dd-23d0bdeb3091,003,5,ứng dụng rất tốt rất thích hợp cho những bạn lười và ko yêu thích tiếng anh nhưng lại có hứng thú khi dùng ứng dụng để học và rất là tiện lợi,2020-03-29 13:44:34,Positive,"Very good application, very suitable for those who are lazy and do not like English but are interested in using the application to learn and it is very convenient."
b01414a3-2402-4983-bd48-e6ca89de1d2d,003,4,"ứng dụng khá hữu ích cho những người vừa bắt đầu học ngoại ngữ để nắm bắt kiến thức cơ bản, nhưng về phần lớp học tiếng hàn chỉ có dạy cách phát âm bằng cách phiên âm từ ra, sẽ tốt hơn nếu có thêm câu bằng kí tự tiếng hàn song song bên dưới",2020-03-28 02:55:26,Positive,"The application is quite useful for those who have just started learning a foreign language to grasp basic knowledge, but as for Korean classes, they only teach pronunciation by transliterating words, it would be better if there were more sentences with parallel Korean characters below."
ec079b96-331e-4375-9a53-fd86983368a0,003,5,mình mong ở mỗi từ sẽ có cả phiên âm (với tiếng anh) nữa! như vậy chúng mình sẽ đọc được từ đó chuẩn hơn 🥰,2020-03-27 02:43:28,Positive,I hope each word will have a phonetic transcription (in English) too!That way we will be able to read the word more accurately 🥰
d823618f-6bff-45a1-9d4a-dec7e3029ca3,003,5,update: thanks for reply fast. why take money without my permission? i do not study french but charge the french package? please refund auto payment.,2020-03-23 13:27:17,Positive,update: thanks for quick reply.why take money without my permission?i do not study french but charge the french package?please auto refund payment.
53dccee8-dd00-456a-b9b5-09228d13a0f7,003,4,ứng dụng đọc tiếng anh chuẩn giọng bản ngữ. rất thích nghe. bây giờ khi học cả tiếng hàn cũng thấy rất ổn. nhưng nếu có thêm tiếng nhật nữa thì quá tốt ạ,2020-03-22 04:00:44,Positive,"English reading application with native accent.really enjoyed listening.Now, learning Korean also feels very good.But if there was more Japanese, it would be great"
ce0009ff-e577-43ff-ab63-5751e4a9d0de,003,5,mk thấy hk cũng ok..cơ mà từ mới phải thêm 1 2 nấc nữa để coi như thuộc..chủ yếu là nhìn chọn vẫn chưa thể thuộc được..phải viết được mới được app hay..thank ad,2020-03-22 03:16:47,Positive,I think hk is ok..but new words have to add 1 or 2 more steps to be considered memorized..mainly just looking and choosing still can't memorize..you have to be able to write to have a good app..thank admin
b3e599ab-883f-465e-8f70-0b56c34768d0,003,5,"mình rất là muốn nói tiếng pháp, nhưng mình đã dùng những ứng dụng trước rồi nhưng chẳng ok tí nào. cuối cùng mình đã tải memrise và ....tuyệt vờiiiiiiiiiii!👍👍👍👍👍",2020-03-16 09:56:24,Positive,"I really want to speak French, but I have used previous applications but they are not good at all.I finally downloaded memrise and....awesome!👍👍👍👍👍"
4ed26f2b-04ca-4942-abbb-55c3d26a304b,003,5,tôi đang áp dụng cách học của app này rất tốt. cảm ơn các anh chị tổ chức thành lập app thuận lợi và vui vẻ này cho những người kém ngoại ngữ như tôi ! thực sự tuyệt vời hơn khi mỗi ngày tôi được ôn lại tất cả các từ và cụm từ mà tôi đã học !!! chân thành cảm ơn !!!,2020-03-13 14:49:03,Positive,I am applying the learning method of this app very well.Thank you for organizing the establishment of this convenient and fun app for people who are poor at foreign languages ​​like me!It's really great when every day I get to review all the words and phrases I've learned!!!Sincerely thank you!!!
d03fa33d-68b4-4092-aa19-9a0fc4d0fc5e,003,5,"app học từ vựng rất hiểu quả. thích nhất là có thể tự tạo ra các bài học theo nội dung muốn học, add được âm thanh, hình ảnh",2020-03-11 06:52:37,Positive,"Vocabulary learning app is very effective.What I like best is being able to create my own lessons based on the content I want to learn, adding sounds and images"
df7fe619-fcb4-4116-ba1f-d31a7b56babc,003,5,giúp mình nhớ từ vựng rất tốt. nhưng thỉnh thoảng app hay bị đơ đơ k nhảy từ. thoát ra vào lại là dc nhé,2020-03-08 07:27:02,Positive,"Helps me remember vocabulary very well.But sometimes the app freezes and doesn't jump from word to word.Exit, exit and re-enter and you'll be fine"
284b5790-4780-4040-832a-b9e24aa984c4,003,5,1 ứng dụng rất hữu ích cho nhu cầu học tiếng với những bài học rất đơn giản nhưng lại cực kỳ hiệu quả. giao diện đẹp và tiện lợi.,2020-03-06 11:20:08,Positive,A very useful application for language learning needs with very simple but extremely effective lessons.Beautiful and convenient interface.
f193afa3-3883-4fb7-b08c-64393f90c1dd,003,5,"rất tuyệt vời, đa dạng chủ đề và môn học, dù chỉ dùng tài khoản miễn phí 🤤 sau này có điều kiện hơn sẽ mua để ủng hộ đội ngũ phát triển!",2020-03-06 02:42:36,Positive,"Very great, diverse topics and subjects, even if you only use a free account 🤤 in the future, if you have more money, you will buy to support the development team!"
97c2331e-1ece-4090-893c-9def7e7120c3,003,5,"cực kì dễ học luôn á :3 từ nào không nhớ sẽ được lặp đi lặp lại đến khi ngấm vào đầu thì thôi, hơi tiếc là không free nhưng trên đời chả có cái gì miễn phí :>",2020-03-02 11:20:01,Positive,"It's extremely easy to learn: If you don't remember 3 words, you'll have to repeat them over and over again until they get stuck in your head. It's a shame it's not free, but nothing is free in this world :>"
a51d5b66-5510-4822-969c-6c9e12fe33d7,003,5,ứng dụng rất hữu ích giúp mình nhớ từ vựng dễ dàng trong khi 5 năm ben hàn minh mua đủ các loai sach xem phim no kia van ko tài nào nhớ nổi,2020-02-29 12:27:48,Positive,"Very useful application that helps me remember vocabulary easily, while after 5 years of buying all kinds of books and watching movies there, I still can't remember it."
8e63571a-4a33-4250-8df7-935aaeffa8e3,003,5,ứng dụng này rất tốt. tôi là 1 người mất căn bản về tiếng anh. nhưng từ khi tôi tải app này về tôi nói tiếng anh khá hơn lúc trước. tôi sẽ chia sẻ app này với bạn bè. cảm ơn nhà sản xuất đã sản xuất ra app học tiếng anh hay như thế này !,2020-02-20 03:30:40,Positive,"This app is very good.I am a person who has lost basic knowledge of English.But since I downloaded this app, I speak English better than before.I will share this app with my friends.Thank you to the manufacturer for producing such a good English learning app!"
6ad15361-ef7b-4f05-a55f-bf1395ec546a,003,4,⭐⭐⭐⭐app hay. giúp mình rất nhiều trong việc học từ mới. học từ mới trên này thú vị hơn so với việc học từ mới trong sách. ⭐ giá mà lúc học từ mới mà có thêm phần nghe kèm theo thì tuyệt vời,2020-02-16 06:17:13,Positive,"⭐⭐⭐⭐good app.Helps me a lot in learning new words.Learning new words here is more interesting than learning new words in books.⭐ If only when learning new words there was an accompanying listening section, it would be great"
edbb24b2-dd25-44d0-bd8c-336090f54a7c,003,5,học trên máy tính ok hơn đt nè. luyện oánh máy tiếng anh luôn. mình k biết cách tạo flash card bằng memrise. add hỗ trợ mình nhé,2020-02-14 12:54:43,Positive,Learning on the computer is better.Practice typing in English.I don't know how to create flash cards with memrise.Please add to support me
684134dd-f8a1-46ba-acfe-dcdde1a33a4e,003,4,nếu có nhiều từ đồng nghĩa với nhau phải nhớ luôn thứ tự sắp xếp các từ theo thứ tự ban đầu thấy không linh hoạt. ứng dụng hiểu ích cho các bạn hay quên từ vựng.,2020-02-13 13:44:39,Positive,"If there are many words that are synonymous with each other, you must always remember to arrange the words in the original order, which seems inflexible.Useful application for those who often forget vocabulary."
0f45fa0a-4c74-449d-8a9f-2f7ab130c690,003,5,"một ứng dụng học tiếng anh tuyệt vời. ôn luyện từ vựng liên tục. lại có bảng điểm xếp hạng kích thích người học.nếu biết ứng dụng này sớm, tôi đã có hứng thú học anh văn hơn.cám ơn kim nhung toiec đã giới thiệu ứng dụng này cho tôi!!!",2020-02-13 01:59:32,Positive,"A great English learning app.Continuously review vocabulary.There is also a ranking scoreboard that stimulates learners. If I had known about this application early, I would have been more interested in learning English. Thank you Kim Nhung Toiec for introducing this application to me!!!"
2e5c287e-15f9-41f1-8e6b-1554990162ca,003,4,app rất là tiện ích cho việc học tiếng anh nhất là ở phần cụm từ ấy nhưng mà ad có thể chỉ cho mình cách nâng cấp lên pro mà chỉ cần thông qua mã cào đt đc ko ạ mấy cách kia phức tạp vs mình quá mình ko biết làm thế nào hết á,2020-02-12 16:29:04,Positive,"The app is very useful for learning English, especially in the phrase section, but can you show me how to upgrade to pro without just using the scratch code? The other ways are too complicated for me, I don't know how to do it."
78f29850-4d17-49bb-a9f2-852e63573584,003,5,"quá tuyệt, mà chi phí hợp túi tiền thanks to memrise group who are working really really hard to improve this app. it's damn great!",2020-02-11 14:27:11,Positive,"so great, but the cost is affordable thanks to memrise group who are working really really hard to improve this app.it's damn great!"
6842547e-5dd9-4af4-999d-949f5bc2baa3,003,5,this is a great app for people who wanna learn other languages. it make you can easily store new words in your memory and use it by automatic system. great!!!,2020-02-08 04:42:30,Positive,this is a great app for people who want to learn other languages.it makes you can easily store new words in your memory and use it by automatic system.great!!!
8f29b24d-d132-4305-87fc-3ce2fd65cb3f,003,5,"ứng dụng rất bổ ích, rất hợp cho những người mong muốn cải thiện từ vựng kể cả cho giao tiếp hay toeic. ví dụ minh họa rất hay, rất dễ hiểu. tuy nhiên có một vài từ còn bị lỗi nhưng ko sao. mong ứng dụng có thể ngày càng có những chức năng tốt hơn nữa! ❤❤",2020-02-06 03:10:18,Positive,"Very useful application, very suitable for those who want to improve vocabulary, even for communication or TOEIC.Very good illustrative example, very easy to understand.However, there are a few words that are still wrong but that's okay.Hope the application can have better and better functions!❤❤"
3b92a984-6461-4b1c-a9f5-ad454314f196,003,5,"rất tốt,ứng dụng này không sử dụng cách chép bài để nhớ mà nó đem lại cho chúng ta một cách học thoải mái nhất,khi bắt đầu một bài học mới,chúng sẽ ôn lại một chút kiến thức về bài cũ.ngoài ra còn có rất nhiều chức năng khác,rất tốt,tôi thích nó",2020-01-30 15:48:09,Positive,"very good, this application does not use copying to remember but it gives us the most comfortable way to learn. When starting a new lesson, they will review a little knowledge of the old lesson. There are also many other functions, very good, I like it"
5c063d23-2c70-4311-9a02-7d72bfb60f79,003,5,"thời gian rảnh có thể tranh thủ học. ứng dụng khá hữu ích, hi vọng ứng dụng sẽ ngày càng được cải tiến tốt hơn nữa để mọi người có trải nghiệm tuyệt vời.",2020-01-30 13:29:10,Positive,"You can take advantage of your free time to study.The application is quite useful, hopefully the application will be improved more and more so that everyone has a great experience."
0def89cf-d183-4232-9e6a-0fc9563d7392,003,5,sử dụng rất tuyệt. có thể học đc 3 ngôn trung hàn anh thoải mái chỉ là thoải mái nhất là cần đăng ký vip,2020-01-30 09:10:38,Positive,"Great to use.You can learn 3 Chinese, Korean and English languages ​​comfortably. The only thing you need to do is sign up for VIP"
8ba20e9c-edd7-4714-878a-409c2328d7eb,003,4,"ứng dụng hay nhưng hơi thất vọng vì không có phần phiên âm ipa cho mỗi từ vựng, hy vọng trong tương lai không xa sẽ có.",2020-01-28 11:44:23,Positive,"Good app but a bit disappointing because there is no ipa transcription for each vocabulary, hopefully in the near future there will be."
a958d0bd-8715-47ed-ac73-d1e9cd9f4265,003,4,"25/1 đầu năm âm lịch, mình đăng ký gói khuyến mãi năm 350k. nhưng cứ thanh toán bằng ví momo lại ko được. chẳng thể hiểu nổi. trong khi mình vừa nạp qua momo 500k để đăng kí. rồi qua tết bình thường lại thì giá lên lại. haiz.",2020-01-25 01:11:29,Positive,"On January 25, the first lunar year, I signed up for the annual promotion package of 350k.But I can't pay with momo wallet.can't understand.While I just deposited 500k with momo to register.Then when Tet returns to normal, the price goes up again.haiz."
b37084d6-e99e-4c19-9263-f83e6798ddf3,003,4,giao diện không được đẹp lắm. còn lại oke. cũng nên cho người test xem trình độ đến đâu rồi. chứ mỗi lần đăng ký phải học lại thì hơi phiền.,2020-01-08 23:50:53,Positive,The interface is not very nice.the rest is ok.You should also let the tester see what your level is.But having to retake the course every time I register is a bit annoying.
da146ecd-8fc1-4df4-bcc1-353b8894f8be,003,5,"memrise học rất tốt. sau khi học xong phát âm kĩ lưỡng, mình được học kĩ năng nghe, rồi viết. mình rất thích chế độ ôn tập siêu tốc, giúp mình phản xạ nhanh và ghi nhớ được lâu. nhờ có memrise mà tiếng hàn của mình cũng ổn rồi, cần học kết hợp giáo trình là oke ngay. 감사합니다 맴라이스. p/s: nhỡ đâu mình có vt sai hai từ trên thì bỏ qua nha",2020-01-03 15:00:11,Positive,"memrise studies very well.After learning pronunciation thoroughly, I learned listening skills and then writing skills.I really like the super-speed review mode, which helps me react quickly and remember for a long time.Thanks to memrise, my Korean is fine, I need to study in combination with the curriculum and it's ok.감사합니다 맴라이스.p/s: In case I wrote the above two words wrong, please ignore them"
6a97506f-3187-4697-8292-e997cd275f20,003,4,tôi thích memrise. nhưng tôi ghét ở một chỗ sao nó cứ tự nhảy sang memrise beta hoài. có cách nào khắc phục nó không,2020-01-01 23:04:25,Positive,I like memrise.But I hate that it keeps switching to memrise beta all the time.Is there any way to fix it?
e0426b44-90eb-424a-be4f-17f96df593e0,003,5,"dễ gây hứng thú và cảm giác gần gũi vì học từ audio người thật nói, cách track bằng cách cho nở bông hoa cũng rất dễ thương :))",2020-01-01 01:12:56,Positive,"It's easy to create excitement and a feeling of closeness because you can learn from audio of real people speaking, and tracking by making flowers bloom is also very cute :))"
86bd4497-2094-4ddb-8924-fd3552f5f4df,003,5,"rất rất tuyệt vời, đây là ứng dụng hay nhất tôi từng gặp, vô cùng hữu ích cho học ngoại ngữ,,nên tải và sử dụng, mình đã mua bản pro",2019-12-20 14:09:49,Positive,"very very great, this is the best application I've ever come across, extremely useful for learning foreign languages, should download and use, I bought the pro version"
8ae7e4f6-64c4-4207-a8e4-11e10389a2e5,003,4,"sau khi cập nhật quá trình tải bài học rất lâu, dù có gỡ ra cài lại vẫn thế đó ạ, nhờ bên đó xem xét giùm e",2019-12-10 16:21:29,Positive,"After the update, the lesson download process takes a long time, even if I uninstall and reinstall it, it's still the same. Please look into it for me."
1bdc1e52-8629-4b5f-8ea4-f2e3972123fb,003,5,"mình có mua pro sao cứ một hay hai hôm và nó cứ cập nhật bản beta xong rồi vào là lỗi cứ mất công xoá đi tải lại là sao, mong ad giúp đỡ, còn các cái khác thì 5 sao hết á. thanks.",2019-12-05 22:58:36,Positive,"I bought the pro, but every day or two it keeps updating the beta version and then I get an error. I have to delete it and download it again. I hope you can help me, but the other ones are all 5 stars.thanks."
dc6c2957-a16c-4314-b71a-72156667397a,003,5,"thật sự rất thích app luôn. mình đang tìm 1 app để tự học tiếng trung, memrise tổng hợp rất nhiều kĩ năng, vốn từ vựng các cấp độ với mỗi ngày đều ôn tập lại rất tốt. nhiều khóa học khác lại nữa, tạo cảm giác rất hứng thú. học tốt hơn khi vừa kết hợp giữa web và điện thoại, nhất là việc đồng bộ tài khoản trên nhiều thiết bị, mình rất thích. cảm ơn rất nhiều ❤",2019-11-29 11:56:11,Positive,"really like the app.I'm looking for an app to self-study Chinese, memrise synthesizes a lot of skills and vocabulary at all levels with very good review every day.Many other courses, creating a very exciting feeling.Study better when combining web and phone, especially synchronizing accounts on multiple devices, I really like it.Thank you very much ❤"
50511874-3170-4f86-96fe-f2a924bad8d8,003,4,mục: học vs người bản ngữ => phần nghe người bản ngữ nói trong video ngắn rồi ghép từ mà gõ mãi ko đc😡 1 số video ở các bài học cũng bị lỗi ko mở đc😡 nói chung là rất bực mình😡 mong ad sớm khắc phục!,2019-11-25 10:47:13,Positive,"section: learning vs native speakers => listening to native speakers speak in short videos and then combining words but unable to type😡 Some videos in the lessons also have errors that cannot be opened😡 in general, very frustrating😡 hope admin will fix it soon!"
d43806f8-5e64-4391-8cc1-3dca3577b73d,003,5,ứng dụng khá hay nhưng sẽ rất khó khăn với người không biết tiếng anh nên mình nghĩ cần có cả tiếng việt để mọi người dễ học hơn,2019-11-25 08:26:32,Positive,The app is quite good but it will be very difficult for people who don't know English so I think it needs to include Vietnamese to make it easier for everyone to learn.
d941fccf-7752-4d02-b7a7-c9fa7255bf34,003,4,"học tốt, nhưng không hiểu làm sao sau 1 thời gian dùng thì bị đổi giao diện thành màu xanh và không load được bài học, mong sẽ được fix lỗi",2019-11-13 07:19:14,Positive,"Learning well, but I don't understand why after a period of use, the interface changed to blue and the lesson cannot be loaded. I hope the error will be fixed."
f3eb5587-4c88-44af-b12a-6c7ece2baf02,003,5,"ứng dụng giúp học thuộc từ mới râts tốt, tuy nhiên còn một số hạn chế số với bản pc, tức là khả năng cộng điểm khá ít, và chọn đáp án đúng khá nhàm chán, mình thường dùng ôn tập nhanh thay vì ôn tập thông thường",2019-10-31 16:25:44,Positive,"The application helps memorize new words very well, however there are some limitations with the PC version, that is, the ability to add points is quite small, and choosing the correct answer is quite boring, I often use quick review instead of regular review."
8e42e658-b53f-43d4-b131-990d1367657a,003,5,"thực sự ứng dụng rất tốt nhưng tôi khá phiền vì quảng cáo cần nạp tiền để học trong khi tôi đang ở tiến độ học tiếng hàn 1 . nó khá khó cho tôi việc nạp tiền bởi vì tôi còn là 1 học sinh , mong nhà phát triển có thể giúp cho những học sinh muốn học ứng dụng bằng cách mở chế độ riêng cho học sinh , vì là học sinh nên chúng tôi sẽ mở ứng dụng rất ít vì bận học nên tôi nghĩ chế độ học sinh - sinh viên rất cần thiết . cảm ơn nhà phát hành vì ưnga dụng tuyệt vời như thế .",2019-10-13 14:21:27,Positive,"The app is actually very good, but I'm quite annoyed because the ads require me to recharge to learn while I'm in the process of learning Korean 1.It's quite difficult for me to recharge because I'm still a student. I hope the developer can help students who want to learn the application by opening a separate mode for students. Because as students, we will open the application very little because we're busy studying, so I think the student mode is very necessary.Thank you to the publisher for such a great application."
658995b8-e617-4826-985a-a191c857ce40,003,5,"không hiểu sao từ hôm kia đến giờ, app đều bị đơ, ko load dc sang các phần khác. mình bị cả trên 2 điện thoại khác nhau. âm thanh của từ vựng không nghe được. mình đã cập nhật rồi nhưng vẫn bị. các bạn có thể kiểm tra lại được không",2019-10-10 17:38:32,Positive,"I don't know why, from the other day until now, the app has been frozen and can't load other parts.I have the problem on 2 different phones.The sound of the vocabulary is inaudible.I have updated but still the problem.Can you check again?"
90cfe12c-988d-41d2-aee3-f190a72ad9ab,003,4,"có những từ thu âm với hình người thì nói đúng còn thu âm ko thì có video ngắn thì nói sai. ví dụ như ""for"" và ""four"". cách đọc khác nhau hẳn hoi mà phần mềm thì đọc chẳng khác mấy. khá khá từ viết sai nghĩa nữa",2019-10-09 07:33:31,Positive,"There are words that are recorded with audio and a human image, which is correct. If recorded without a short video, it is incorrect.for example ""for"" and ""four"".The way of reading is completely different, but the software reads the same.Quite a few misspelled words too"
9ca5b26c-c6e4-4ce5-bec3-6600bdd20793,003,5,"rất tốt tôi có thể học hỏi những từ vựng mới tôi rất mong có thể học thuộc hết tất cả từ vựng của mem rise cảm ơn và kính chúc mem rise sẽ được mọi người biết đến,nhiều thành công hơn,giúp cho tôi học giỏi tiếng nước ngoài nhiều hơn nửa thank you i like you so much",2019-10-09 05:42:24,Positive,"very good, I can learn new vocabulary. I really hope to be able to memorize all the vocabulary of mem rise. Thank you and I wish mem rise will be known to everyone, have more success, help me learn foreign languages ​​better. thank you i like you so much"
ae2a6aba-a7ea-4291-8bbc-e9fc2ebded51,003,4,"1/ mình suggest là nên có thêm phiên âm. 2/ nên có thêm ví dụ đặt câu và hình anh cho dễ ghi nhớ từ vựng. anyway, thanks admin",2019-10-06 13:19:55,Positive,"1/ I suggest that there should be more transcription.2/ There should be more sentence examples and pictures to make it easier to remember vocabulary.anyway, thanks admin"
e3638d93-828f-486f-81de-52d7343c977d,003,5,tuy mình mới bắt đầu làm quen với tiếng anh . nhưng mình thấy rất thích. nếu có thể làm đọc chậm lại một chút thì tốt.vì cũng 40 tuổi rồi mới làm quen với tiếng anh. lên cũng hơi khó nhớ và phù hợp với những người mới bắt đầu làm quen với tiếng anh như mình,2019-09-25 15:57:09,Positive,"Although I just started getting used to English.but I really like it.If you can slow down your reading a bit, it would be good because I'm 40 years old before I get used to English.Up is a bit difficult to remember and is suitable for those who are just starting to get acquainted with English like me"
754e3e9f-5735-41b9-8bcb-b8522d1aa187,003,5,"giúp học từ vựng nhớ lâu và dễ dàng cho những ai khó học được trên sách vở và hay mất tập trung như mình 💜 nhưng có 1 vấn đề mới là mình mới cập nhật và khi mình học từ mới, mình muốn nghe lại phát âm từ đấy nhiều lần. nhưng ấn vào nút loa để đọc thì không thấy đọc mà phải chuyển sang từ sau loa mới đọc từ trước. tại sao vậy ???",2019-09-19 19:02:22,Positive,"Helps learn vocabulary to remember long and easily for those who have difficulty learning from books and are often distracted like me 💜 but there is a new problem: I just updated and when I learn new words, I want to hear the pronunciation of the word many times.But when I press the speaker button to read, I don't see the reading, I have to switch to the speaker from behind to read from the front.Why so ???"
411f81c1-019b-4b5e-9b85-7d1d27503d38,003,5,ứng dụng tốt để học ngoại ngữ. nếu bạn nào muốn học nhiều ngoại ngữ hơn nên chọn tiếng anh để học nha. có điều giá để mua mắc quá 😢😢😢,2019-09-18 13:50:01,Positive,"Good app to learn foreign languages.If you want to learn more foreign languages, you should choose English to learn.But the price to buy is too expensive 😢😢😢"
44070ca7-18b8-4987-a46f-724124cb6ae4,003,5,"thanks for let me know about the dark mode, i love it. i'm studying french and spanish with memrise every day and i'm not completely satisfied with this app. i hope you don't get me wrong, memrise is a great app for learning languages during coffee break but there are one part still not complete, it's 'grammar pratice'. i hope you will upgrade about that soon. but in a whole i like it. thanks for providing such a great app like this for language learners like me. keep up the good work!",2019-09-16 10:08:12,Positive,"thanks for letting me know about the dark mode, i love it.i'm studying french and spanish with memrise every day and i'm not completely satisfied with this app.i hope you don't get me wrong, memrise is a great app for learning languages ​​during coffee break but there is one part still not complete, it's 'grammar practice'.i hope you will upgrade about that soon.but in a whole i like it.thanks for providing such a great app like this for language learners like me.keep up the good work!"
30cd83bb-41fd-45fa-8154-a2963e84017a,003,5,"học từ vựng rất ổn nhưng sao hai hôm nay e k thể học đc, có bê ta bức tường danh vọng gì đó là sao ạ?",2019-09-07 05:10:34,Positive,Learning vocabulary is very good but why haven't I been able to learn it for the past two days? Is there a wall of fame or something?
226bd165-0b1f-4191-b7a4-8d8955f14aae,003,5,"t chưa bao giờ nghĩ rằng mình có một ngày lại yêu thích môn tiếng anh , t nhờ nó mà có thể học từ vựng một cách nhanh chóng great . nhưng nếu ứng dụng có thêm phần chat vs bạn bè cùng học thì sẽ hấp dẫn hơn rất nhiều đó .",2019-08-29 12:13:33,Positive,"I never thought that one day I would love English, thanks to it I can learn vocabulary quickly and great.But if the application had a chat section with friends studying together, it would be much more attractive."
2409fd5f-121a-4756-ad5d-4692980e4623,003,5,"mk mới thử app đc 5 phút. woa. thật sự rất tuyệt vời. phần nghe nói rất rõ ràng, từ vựng cũng dễ hiểu , mk sẽ thử app này để học và thông báo kết quả cho mọi người sau",2019-08-25 04:36:53,Positive,"I've only tried the app for 5 minutes.wow.really great.The listening and speaking part is very clear, the vocabulary is also easy to understand. I will try this app to study and inform everyone about the results later."
97aac147-e8c6-415a-927b-369d69640ac9,003,4,"mới bắt đầu học ứng dụng này buổi đầu tiên. thấy ứng dụng rất tốt có thể luyện nghe những câu ngắn bởi người bản ngữ, học từ vựng, cụm từ, luyện ngữ pháp. rất thích ứng dụng này.",2019-08-18 12:13:02,Positive,"Just started learning this app for the first time.I find the application very good for practicing listening to short sentences by native speakers, learning vocabulary, phrases, and practicing grammar.really like this app."
4f84caf9-9f6f-4834-9ff2-e4a489de0ab4,003,4,"mục ôn siêu tốc thì nên để câu hỏi là tếng anh, câu trả lời là tiếng việt sẽ tốt hơn. bởi vì khi nhìn vào chữ t.anh thì sẽ cho ra được nghĩa luôn, còn khi nhìn vào chữ tiếng việt thì phải nhìn cả vào đáp án xem đó là chữ nào trong 4 đáp án đo... như vậy rất mất thời gian và không hiệu quả lắm. nhanh gây chán cho người học",2019-08-14 10:58:51,Positive,"In the speed review section, it is better to leave the question in English and the answer in Vietnamese.because when looking at the word t.anh, the meaning will always be found, but when looking at the Vietnamese word, you have to look at the answer to see which word it is out of the 4 answers... so it's very time consuming and not very effective.quickly causes boredom for learners"
83aa9579-2592-4f14-bb65-96dda7554154,003,5,app rất hữu ích. các bạn nên tải vì khả năng nhớ từ tăng khá tốt. đến đứa não cá vàng như t còn học được 100 mới / ngày mà 😆. góp ý với nhà phát triển: t thấy phần giảm âm lượng của app khác như youtube để có thể nghe rõ từ hơn l là khá tốt. các bạn có thể để hẳn 1 phần cài đặt là giảm âm lượng app khác khi đang mở app này không? cảm ơn các bạn rất nhiều. have a good day <3,2019-08-13 02:22:32,Positive,very useful app.You should download it because your ability to remember words increases quite well.Even a goldfish brain like me can learn 100 new things/day 😆.Suggestion to the developer: I think the volume reduction feature of other apps like YouTube to be able to hear words clearly is quite good.Can you leave a setting to reduce the volume of other apps while opening this app?Thank you very much.have a good day <3
cf794f71-178a-478c-a28f-d4de911509ff,003,5,i am really a big fan of memrise. because it is so great and useful for me to learn a new language. thank you so much 😍,2019-08-12 14:42:18,Positive,i am really a big fan of memrise.because it is so great and useful for me to learn a new language.thank you so much 😍
afb485a8-d5f4-4199-9511-64887030e7f1,003,4,where can i find the course 22000 words for ielts? it used to be in my app but now i cant find it to countinue learning.,2019-08-11 08:01:39,Positive,where can i find the course 22000 words for ielts?it used to be in my app but now i cant find it to countinue learning.
bed5d50b-7580-4c59-b5e1-d84a13de0f7b,003,4,"ứng dụng học rất tốt, có xào lại các từ trước giúp người đọc nhớ hơn. tuy nhiên phần phát âm không thu được giọng, cứ bị xảy ra lỗi ._. ... mong nhà phát hành xem xét sửa lỗi. xin cảm ơn",2019-08-11 05:26:18,Positive,"The learning application is very good, repeating previous words helps readers remember better.However, the pronunciation doesn't record the voice, errors keep happening ._.... hope the publisher considers fixing the error.Thank you"
e773c36d-2a06-4920-9134-e5fb009c284d,003,5,ứng dụng rất tốt cho việc học từ vựng. các bạn có thể mua các gói rất linh hoạt cho việc học. nếu thực sự muốn nghe và học tốt tiếng anh hãy luyện công bằng từ vựng đầu tiên nhé. chúc các bạn ôn luyện thật tốt.👍,2019-08-10 08:53:13,Positive,"Very good app for learning vocabulary.You can buy very flexible packages for studying.If you really want to listen and learn English well, practice vocabulary first.Wishing you good practice.👍"
5c027422-28d6-4952-995f-bfd89cc868f4,003,5,"ứng dụng hay và bổ ích, phù hợp với người mới bắt đầu. nhà phát triển hài hước, đọc tính năng mới cập nhật sẽ giúp bạn yêu đời hơn :))))",2019-07-31 15:34:30,Positive,"Good and useful application, suitable for beginners.Humorous developer, reading newly updated features will help you love life more :))))"
d57675c0-fe0a-44b1-83ea-23b982c576a4,003,4,app rất hay. nhưng tại sao tôi chỉ đc học miễn phí 1 bài duy nhất 😭 nếu ko mua gói thì ko đc học tiếp,2019-07-29 15:33:35,Positive,"very good app.But why can I only learn 1 lesson for free? If I don't buy the package, I can't continue learning."
cdbbcfe9-d024-407b-94f2-91052598ce99,003,5,lần đầu tiên có app mà mk sử dụng và vào đánh giá 5* cảm ơn bộ phận admin đã tạo ra app cho các member bọn mk :>,2019-07-25 00:53:13,Positive,This is the first time I have an app that I use and rate it 5*. Thank you admin for creating the app for our members :>
3c503d42-d8bd-470a-bf14-ec084ea1f6c9,003,5,🤓 cách dạy học rất thú vị và đưa ra nhiều câu cơ bản trong giao tiếp (ở phần nâng cao) giúp ta nhớ lâu hơn và không cảm thấy nhàm chán (đua thứ hạng) 🤩 tiền nào của nấy nhé!💪,2019-07-23 02:55:25,Positive,🤓 The teaching method is very interesting and gives many basic sentences in communication (in the advanced part) to help us remember longer and not get bored (race for rankings) 🤩 you get what you pay for!💪
5a554b0b-c26b-45a4-ae1b-70cfc18a1cc1,003,5,mình học cái này rất hay có thể biết thêm được những tiếng của nước khác nữa cái này cho triệu triệu sao luôn thật sự rất tuyệt mà mình học ko nhớ lâu cho lắm nhưng dù sao app này tuyệt vời lắm cảm ơn ad đã tạo ra app hay này thanks you😘🇰🇷🇰🇷🇰🇷😚🤩😙,2019-07-19 15:21:36,Positive,"I learned this very well. I can learn other languages. This gives millions of stars. It's really great. I can't remember it for a long time. Anyway, this app is great. Thank you admin for creating this great app. Thank you😘🇰🇷🇰🇷🇰🇷😚🤩😙"
5c0d775a-d2ca-4446-a632-b5a2527c74b7,003,4,"ứng dụng hay, giao diện đẹp tuy nhiên, mình nghĩ các từ nên để theo phiên âm tiếng hàn quốc và chữ hàn quốc thì dễ học hơn. đặc biệt với nngười mới học",2019-07-12 02:00:22,Positive,"Good app, nice interface, however, I think the words should be in Korean phonetic and Korean characters are easier to learn.especially for new learners"
eeace43f-114d-4a27-82d1-f07a3f85f0a1,003,5,"app học tốt nha. nhưng ai muốn giỏi thì phải chịu khó tìm thêm tài liệu từ nguồn khác với xem nhiều phim để nghe cho quen tiếng chứ chả có app nào học xong mà nghe, nói, đọc viết như người bản xứ đâu",2019-06-26 12:18:19,Positive,"Good learning app.But those who want to be good at it have to work hard to find more materials from other sources and watch a lot of movies to get used to the language. There is no app where after studying, you can listen, speak, read and write like a native."
37cc2c38-a1bb-465c-9225-b654bcf82ff0,003,5,1 cái ứng dựng vô cùng thú vị. học ko biết chán. như chơi game vậy. recommend cho bạn nào muốn học nè. mình đã mua app này để cả nhà cùng học luôn. con mình cũng thích.,2019-06-26 07:46:23,Positive,An extremely interesting application.Studying is not boring.like playing a game.Recommended for anyone who wants to learn.I bought this app so the whole family can learn together.My child also likes it.
b825dbd7-3e94-41ce-8458-fe22640f72da,003,4,"hay , dễ học . nhưng khi vào bằng laptop trang web hay bị treo, số điểm khi ôn tập trên điện thoại và laptop có sự chênh lệch khá lớn.",2019-06-25 14:22:16,Positive,"good, easy to learn.But when accessing on a laptop, the website often crashes, and the score when reviewing on the phone and laptop is quite different."
56753440-7772-43ac-929a-5826d53d487c,003,5,app rất hay. có phần phát âm của người nước ngoài phù hợp vs trường hợp nx. nên dùng app vừa học từ vừa học cụm thông dụng,2019-06-20 13:18:53,Positive,very good app.There is a foreigner's pronunciation that is suitable for the nx case.You should use the app to learn both words and common phrases
f6976034-e40a-420f-8aaa-aca44a991a76,003,5,rất hay cho những ai học phần 1500 advanced english words những phần cơ bản cũng rất hữu ích ko thua kém doulingo hay lingodeer nha,2019-06-20 06:30:20,Positive,"Very good for those who study 1500 advanced English words, the basic parts are also very useful, not inferior to doulingo or lingodeer."
fe158996-dc16-4607-a354-227a5b2152a8,003,5,"tuyệt vời !! đây thật sự là ứng dụng hỗ trợ cho việc học của tôi tốt nhất từ trước tới nay. từ việc dễ sử dụng đến giao diện trực quan, sinh động!!!thật tuyệt vời",2019-06-13 01:23:01,Positive,"Great !!This is truly the best application to support my learning ever.From the ease of use to the intuitive, vivid interface!!! it's amazing"
124eb85e-449c-46d9-8ce7-8f28932cf076,003,5,"tôi đã chọn hủy mem pro, nhưng hệ thống vẫn tự động gia hạn và trừ tiền vào tài khoản mobifone của tôi tự động mà không cần hỏi hay xác nhận gì của tôi cả.",2019-06-10 01:55:05,Positive,"I chose to cancel mem pro, but the system still automatically renewed and deducted money from my mobifone account automatically without asking or confirming anything from me."
cbb6c35a-a9d6-4059-afa2-b3e157b20f6b,003,4,học rất tốt nhưng mà đến cấp độ 6 là phải đóng tiền rồi mà học phí cũng khá cao buồn ghê lại phải tìm app khác,2019-06-07 04:23:33,Positive,"Studying very well, but at level 6 you have to pay and the tuition is quite high, so sad that you have to find another app"
27db1723-d934-400b-9189-1889e58c20d5,003,4,hi support team i have a question. if i get upgrade to pro version can i use one account for both platforms android and ios thank you,2019-05-30 10:02:24,Positive,hi support team i have a question.if i get upgrade to pro version can i use one account for both android and ios platforms thank you
622d2549-4f96-4276-9952-e0c3d32f0880,003,5,"phần mềm bị lỗi ở chổ khi học từ mới. khi có 1 từ mới,mà muốn nghe nhiều lần mà khi bấm vào cái loa thì nó k phát lại",2019-05-28 23:08:47,Positive,"The software has an error when learning new words.When there is a new word, I want to hear it many times, but when I click on the speaker, it doesn't play again"
183034d7-bec1-4db9-831a-23b55db4974a,003,5,mình mới mua gói 1 năm và cảm thấy cực hài lòng hơn là mua các khóa học online khác. khi có được cơ bản của nhiều ngôn ngữ ở memrise thì mua các khóa học trung tâm hay online khác sẽ hiệu quả hơn nhiều ^^,2019-05-27 13:21:28,Positive,"I just bought a 1-year package and feel extremely satisfied than buying other online courses.When you get the basics of many languages ​​at memrise, buying other center or online courses will be much more effective ^^"
92c4e793-5740-408d-9896-0cea2aaf8aa6,003,5,"tôi đã được học tiếng anh ở trường và cũng đã thành thạo và giao tiếp tiếng anh khá tốt. nhưng tôi muốn được học không chỉ tiếng anh mà còn được học các ngôn ngữ khác nữa. thế nên tôi đã tìm trên ch play và tôi đã tìm thấy memrise. trong phần mềm memrise, tôi có thể được học một loại ngôn ngữ khác là tiếng hàn. thế nên tôi đã tải memrise về để học thêm ngôn ngữ này và cũng mong muốn rằng mình sẽ học thành thạo thứ tiếng này khi được học trên memrise. thank you !👍👍👍👍👍😊😊😊😊😊😊😊😊😊😊",2019-05-24 10:34:26,Positive,"I have learned English at school and have become fluent and communicate quite well in English.But I want to learn not only English but also other languages.so i searched on play store and i found memrise.In memrise software, I can learn another language, Korean.So I downloaded memrise to learn more about this language and also hope that I will learn this language fluently when studying on memrise.thank you!👍👍👍👍👍😊😊😊😊😊😊😊😊😊😊"
45159c64-919b-4d13-b983-6d117660cdf6,003,5,siêu hài lòng với các gói từ vựng mở rộng của ứng dụng này. lười mấy thì lười mỗi ngày học hoặc ôn tập 5 từ là từ đó tự động được in vào trí nhớ luôn.,2019-05-14 14:31:46,Positive,"Super satisfied with this app's extensive vocabulary packages.No matter how lazy you are, learn or review 5 words every day and those words will automatically be imprinted in your memory."
3c8161c1-94d3-4db7-9643-5e0e7709a819,003,5,phần mềm rất hay. nếu ai muốn bồi dưỡng thêm tiếng anh cho mk hay rèn luyện thêm cách phát âm thì hãy dowload phần mềm này nha,2019-05-09 09:26:54,Positive,"Very good software.If anyone wants to improve their English or practice pronunciation, please download this software"
5d1da7f6-f201-4490-91d0-c06cef52f6e0,003,5,ứng dụng rất tốt trong học từ mới. nếu bổ sung thêm hình ảnh mô tả cho nghĩa của từ thì sẽ hiệu quả hơn.,2019-05-07 15:43:14,Positive,"Very good application for learning new words.If you add an image to describe the meaning of the word, it will be more effective."
2015a938-9c9d-436b-89cd-c2517527df87,003,5,"học nhiều ngôn ngữ lại học nhiều thứ xã hội kiki ... cảm ơn các add ạ tháng 5/2019 : hôn qua tôi mới cài lại ứng dụng thấy thay đổi nhiều quá. tôi không thể tìm thấy nhiều các khóa học khác nữa. huhuhu... khi nhập vào học tiếng hàn hay anh hay trung, nhật... chỉ có vài khóa học cơ bản... tôi phải làm sao?",2019-05-02 14:01:27,Positive,"learning many languages ​​and learning many social things kiki... thank you, adders May 2019: I just reinstalled the application yesterday and see a lot of changes.I couldn't find many other courses.huhuhu... when I enroll in Korean, English, Chinese, Japanese... there are only a few basic courses... what should I do?"
db37ba47-0a08-49ae-920d-bb0030158179,003,5,"từ vựng hay, các ví dụ vs ng bản ngữ đơn giản và dễ hiểu dễ nhớ. nhân vật trong video gương mặt thân thiện dễ gần",2019-05-02 03:10:59,Positive,"Good vocabulary, simple examples with native speakers, easy to understand and remember.The character in the video has a friendly, approachable face"
fb3c8621-dc19-4d46-8743-80639443ff07,003,5,học ổn mình nghĩ bạn nên cho khoá học tiếng nhật vào nhé tại mình thấy ngoài anh quốc thì chỉ có tiếng trung và hàn . mong bạn thêm vô nhé đó là ý kiến của mình xin cám ơn vì đã lắm nghe 😍😍,2019-04-29 03:31:51,Positive,"Learning is good. I think you should add a Japanese course because I see that outside of the UK, there are only Chinese and Korean languages.I hope you'll add it in. That's my opinion. Thank you for listening 😍😍"
019481fa-0aaf-4d72-851f-94f147fc80ef,003,5,"mình đã cải thiện rất nhiều từ memrise, bỏ qua những sai sót nhỏ nhưng đối với mình đây là ứng dụng học tiếng anh tuyệt vời, hãy cố gắng học đều đặn mỗi ngày, trình độ tiếng anh cũng như vốn từ vủa bạn sẽ được cải thiện nhanh chóng. cảm ơn memrise !!",2019-04-28 17:32:07,Positive,"I have improved a lot from memrise, ignoring the small mistakes, but for me this is a great English learning application, try to study regularly every day, your English level and vocabulary will improve quickly.Thank you memrise!!"
2331b821-55ed-42f5-bb0b-433d21fda1d3,003,5,"giao diện mới màu sắc xinh lắm, pastel nhẹ nhàng, nhìn nó hiện đại hơn, có điều nên thay màu nền trắng thành màu khác thì sẽ đỡ trống hơn",2019-04-27 15:18:45,Positive,"The new interface has very pretty colors, gentle pastels, it looks more modern, but you should change the white background color to another color, it will be less empty."
1861ac4e-e59e-4546-ae6d-f67920b047d1,003,5,không có gì để chê về sự tiện ích khi học tiếng anh của memrise ❤❤❤ p/s: nhưng vẫn thích giao diện cũ của memrise hơn :((,2019-04-26 17:51:00,Positive,There's nothing to criticize about memrise's convenience when learning English ❤❤❤ p/s: but I still prefer memrise's old interface :((
0f36fa58-4025-4317-a6d0-8a37db4372f7,003,4,such a helpful app for learn vocabularies. i used this app since i studied english 6 years ago. and now still use it for learning korean and chinese.,2019-04-18 11:36:55,Positive,Such a helpful app for learn vocabularies.i used this app since i studied english 6 years ago.and now still use it for learning korean and chinese.
265f5546-cf90-446b-9ecc-ca91cfcab45a,003,4,sao cập nhật xong e lại thấy nó có nhiều cái không thuận tiện nhue cái cũ ạ. e thấy bản cũ tốt hơn.huhu.muốn vào hk từ ms trên ứng dụng trên điện thoại mà k đk cứ phải vào bằng lap ms đk. thế này mỗi khi đi đâu ra ngoài xa cái lap sao hk đk ạ,2019-04-16 23:42:41,Positive,"After updating, I see that it has many things that are not as convenient as the old one.I think the old version is better. Huhu. I want to access hk from ms on the phone app but no, I have to log in using ms laptop.Like this, every time I go somewhere far away, how can I fix my lap?"
e5cf78a7-90fb-489f-b966-47864d969db7,003,5,"phương pháp học rất hay, luyện tập và ôn tập xen kẽ, khiến người học nhớ lâu hơn. một vài từ khi bạn sai, mem cũng giúp bạn ôn lại tức khắc và kiểm tra từ đó nhiều hơn.",2019-04-15 16:24:21,Positive,"Very good learning method, alternating practice and review, makes learners remember longer.If you make a mistake on a few words, the meme also helps you review them immediately and check that word more."
1e48bdf4-700e-4eda-afa3-3751d94b3e9a,003,5,đây là một ứng dụng học ngoại ngữ cực kì tốt cho nhg ai muốn học thêm thứ tiếng thứ 2. mong ứng dụng sẽ ngày càng có nhiều chức năng hay hơn nữa!!!!,2019-04-15 15:24:10,Positive,This is an extremely good foreign language learning application for those who want to learn a second language. I hope the application will have more and more great functions!!!!
db990967-e165-4ead-8c43-86fc6d35a0a0,003,5,"sao mình dùng trên điện thoại thì không thể thêm ngôn ngữ khác vậy ad ? toàn để tiếng anh, trung , hàn thôi . có cách nào để thêm ngôn ngữ khác như nhật, pháp không ad ? thân",2019-04-11 10:46:36,Positive,"Why can't I add another language if I use it on my phone?It's all in English, Chinese, and Korean.Is there any way to add other languages ​​like Japanese and French?close"
c61183a4-b2a6-4a8e-8691-beec5c3af53c,003,4,ứng dụng khá hay. nhưng khi học từ mơi hay ôn tập không có tính năng hổ trợ nghe.mình ko rõ là do ứng dụng như thế hay là do mình chưa mua thêm phần nghe.😅😅,2019-04-04 06:10:15,Positive,"Pretty good app.But when learning new vocabulary or reviewing, there is no listening support feature. I'm not sure if it's because the app is like that or because I haven't bought the listening part yet.😅😅"
2faade3f-ba37-4751-a9e8-dba7ae0ad05b,003,5,"học từ vựng tuyệt vời không có gì tuyệt vời hơn khi mỗi ngày mình đạt mục tiêu 5 từ vựng, sau một khoảng thời gian thì vốn từ của mình sẽ ngày một tăng. ứng dụng này đáp ứng mọi yêu cầu về việc học từ mới và ôn lại ngững từ đã học",2019-03-29 23:34:28,Positive,"There is nothing better than learning great vocabulary than when you reach your goal of 5 vocabulary words every day. After a period of time, your vocabulary will increase day by day.This application meets all requirements for learning new words and reviewing learned words"
8c1ed192-ed2b-4629-a1bd-9dd2f1fa00c3,003,5,it really wonderful. i'm actually lazy learn vocabulary. but when i'm download memrise i usually learning vocabulary. so thanks app!! love app very much ^^ hope app will maintain and development !!!! ♡♡♡♡,2019-03-22 01:46:03,Positive,it's really wonderful.i'm actually lazy learn vocabulary.but when i'm download memrise i usually learn vocabulary.so thanks app!!love the app very much ^^ hope the app will maintain and develop !!!!♡♡♡♡
59c7fdf1-7b9c-42a7-a50f-f7418334c2c6,003,5,"ai muốn học tiếng thì đây là một ứng dụng 5sao nên học nha ,dạy dễ hiểu,học cực kì tốt nói chung là xuất sắc mình rất vui khi dk biết tới ứng dụng này😍",2019-03-19 00:16:43,Positive,"Anyone who wants to learn a language, this is a 5-star application that they should learn, easy to understand teaching, extremely good learning in general, excellent. I'm very happy to know about this application😍"
2f857c30-4339-4f1f-9aef-020f81730e25,003,5,"tôi thấy nó rất hay, bạn học càng giỏi thì thú cưng trong ứng dụng của bạn sẽ càng lên cấp. tôi khuyên mọi người nên tải về vì nó rất thú vị !",2019-03-17 06:29:15,Positive,"I find it very interesting, the better you study, the more your pet in the app will level up.I recommend everyone to download it because it's very interesting!"
4cc08a11-2bf1-4edd-8e92-37859e6e37d1,003,5,nice! ứng dụng này học từ vựng tốt lắm! những ai muốn học từ vựng hay luyện kĩ năng nghe cũng tốt cả nhé. cảm ơn admin ❤,2019-03-17 02:04:08,Positive,nice!This app is great for learning vocabulary!It's also good for those who want to learn vocabulary or practice listening skills.Thank you admin ❤
a2f2debe-5352-4e42-be19-042d53fddd87,003,5,lỗi từ date và day à cả 2 đều là ngày vậy khi đưa chữ ngày ra ko thể biết đang yêu cầu chử nào cả,2019-03-09 09:25:57,Positive,"The error is from date and day. Both are dates, so when you give the word date, you can't know which word you're asking for."
4f642722-311d-47fa-a637-e5f9fe238dfb,003,5,"rèn luyện học tập ngoại ngữ rất tốt ạ>< mọi người nên thử dùng. rất dễ dùng mà học dễ, nhất là học tiếng trung",2019-03-09 05:37:43,Positive,"It's very good for learning foreign languages.>< everyone should try it.Very easy to use and easy to learn, especially learning Chinese"
067d95b5-c975-4502-93bd-7d7aa8f0bff3,003,5,app thật sự rất hay nhưng ad ơi phần tiếng anh là anh anh mình muốn đổi sang anh mỹ thì có cách nào kh ạ?? vì hiện tại mình học anh mỹ nên thấy có hơi bất tiện,2019-03-01 16:30:41,Positive,"The app is really good, but admin, the English part is English. I want to change it to American English. Is there any way?Because I'm currently studying American English, I find it a bit inconvenient"
905a0c94-59c9-43fb-abe0-e69c630dce9b,003,5,"rất hay. vừa học được nhiều ngôn ngữ vừa không chỉ học từ vựng mà còn có các cụm từ, giao diện đẹp, dễ nhớ, cách học hiệu quả. rất cảm ơn memrise",2019-03-01 02:49:04,Positive,"very nice.Learn many languages ​​and not only learn vocabulary but also phrases, beautiful interface, easy to remember, effective way to learn.Thank you very much memrise"
2a636cc0-2c7c-4ef3-b228-8ac62e5dedb0,003,5,rất hay.. mn nên học bởi vì n miễn phí. mh có những lúc bỏ cả tháng nhưng vào lại học vẫn tiếp tục và test lại các nội dung đã học. sát hơn cả giáo viên dạy. vs ng lười như mh thấy rất là ok!,2019-02-25 15:21:25,Positive,"very good.. you should learn it because it's free.There are times when I miss a whole month but come back to study and continue testing the content I have learned.closer than the teacher.For lazy people like me, I think it's very ok!"
16727f3f-1095-4588-b6d7-361d00ef7dd5,003,4,hiện tại học ứng dụng rất ok. có phần cho tiếng nhật không tìm trong ứng dụng được mà phải lên máy tính mới thêm vào được.,2019-02-25 15:03:03,Positive,Currently learning the application is very good.There is a section for Japanese that cannot be found in the application and must be added on a computer.
6afb766f-c18d-4ed7-a9a9-f6dc31fa0ce4,003,5,"học tiếng anh với app thực sự có hiệu quả, nó giúp mình nhớ từ vựng lâu một cách dễ dàng không bị áp lực. giống như vừa học vừa chơi vậy. tuy nhiên một điểm trừ cho app vì mk k thể tải phần ngoại tuyến về máy. điều này khá bất tiện.",2019-02-24 02:52:03,Positive,"Learning English with the app is really effective, it helps me remember vocabulary for a long time easily and without pressure.It's like learning while playing.However, there is a minus point for the app because you cannot download offline parts to your device.This is quite inconvenient."
badf7c50-bf5b-4199-8851-0679fa8148b1,003,5,it's very good for me. i think we should have some speaking test to improve it. i am very like it. thank you so much,2019-02-16 12:58:36,Positive,it's very good for me.i think we should have some speaking test to improve it.i am very like it.thank you so much
95e660c6-f7fe-4be2-95d3-e196d353b273,003,5,mình thuộc loại không ngồi bàn học và học nghiêm túc được nên có ứng dụng này thì dễ vào dễ học mà vui hơn nhiều. many thanks à phần tiếng trung có cả người trung đọc nghe hay phết,2019-02-09 08:14:55,Positive,"I'm the type who can't sit at a desk and study seriously, so having this app makes it easier to learn, easier to learn, and much more fun.many thanks. The Chinese part has Chinese people reading it, it sounds good"
b38e367d-6b98-4f19-8199-2ca5c1ebc207,003,4,"thêm ngôn ngữ tiếng anh để dễ đọc hơn , vì nghe ko sẽ khó phát âm . thêm mặt chữ tiếg hàn là ok",2019-01-29 11:00:26,Positive,"Add English language to make it easier to read, because if you don't listen, it will be difficult to pronounce.Adding Korean text is ok"
00444625-d14d-4c08-894e-191e97d230de,003,5,bị lỗi tính năng luyện nghe. tk memrise pro rồi nhưng phần luyện nghe luôn báo phải học thêm mấy từ nữa. mà mình học đc một nửa khóa học rồi. nph ktra lại sớm giúp,2019-01-23 00:19:12,Positive,Listening practice feature error.I signed up for memrise pro but the listening practice always says I have to learn a few more words.I have already learned half of the course.nph ktra will come back soon to help
27607a45-ccef-46c6-af74-0e7ddd4cc9c9,003,5,"tôi rất thích ứng dụng này. nó giúp tôi học tốt hơn rất nhiều, nó còn giúp tôi luyện nghe nữa. tôi xin chân thành cảm ơn nhà đã tạo ra ứng dung học tiếng anh này. thank you very much",2019-01-17 09:23:33,Positive,"I really like this app.It helps me study a lot better, it also helps me practice listening.I would like to sincerely thank you for creating this English learning application.thank you very much"
3bf2fef9-38a0-42d8-a36e-eda71c267224,003,5,tôi ko có thời gian để học nên đã thử dùng và nó giúp tôi rất nhiều đến việc học tiếng anh cửa mình . cảm ơn ứng dụng này rất nhiều,2019-01-17 06:44:34,Positive,I didn't have time to study so I tried it and it helped me a lot in learning English.Thank you very much for this application
d33b640f-dbc2-4694-b34d-514627242896,003,5,"rất hay, ứng dụng thân thiện dễ xài, mình rất lười việc học tiếng anh nhưng nhờ ứng dụng này giúp mình siêng hẳn lên, việc học trở nên nhẹ nhàng hẳn ko bị áp lực khi học giống như những ứng dụng khác, cảm ơn tác giả!",2019-01-16 02:43:15,Positive,"very good, friendly application, easy to use, I'm very lazy when learning English but thanks to this application, it helps me be more diligent, learning becomes easier, no pressure when studying like other applications, thank you author!"
844352c6-f302-45f0-8f03-f33b4ac8674c,003,5,"mình vừa dùng nhưng đã thấy app giúp mình đc!! app rất hay! mình mong có thể cải thiện đc môn ngoại ngữ của mình nhiều hơn trong tương lai, mơn app! ^^",2019-01-14 13:23:08,Positive,"I just used it but found the app to help me!!very good app!I hope to be able to improve my foreign language skills more in the future, thanks for the app!^^"
4d528881-3b40-4a91-b7e7-43b8fc193ef8,003,5,tôi học tiếng anh ko ra gì và ưa cầm máy nên khi tui sd app này thì tiện hơn là cầm máy giết thời gian,2019-01-12 01:58:57,Positive,"I'm not good at English and like to hold a phone, so when I use this app, it's more convenient than holding a phone to kill time."
837e939c-d7a0-46e1-ab4a-6560f16c72d1,003,5,cả nhà ơi. nếu ko có thẻ visa thì mua như thế nào ạ. em chỉ mua 1 năm. vậy làm sao để khi hết hạn ko trừ tiền của em nữa. cả nhà có ai biết tư vấn giúp em với.,2019-01-10 06:28:50,Positive,"everyone.If I don't have a visa card, how can I buy it?I only bought it for 1 year.So how can I stop my money from being deducted when it expires?Does anyone in the family know how to advise me?"
79dd4343-4bad-4c97-a90a-e86074f2692a,003,5,"ứng dụng này rất hay , người phát âm rất chuẩn và dễ nghe lúc trước mình lười tiếng anh lắm , cũng tải 1 số app về từ vựng học tiếng anh mà mình thấy cách học hơi dài dòng, không hiệu quả. khi mà tải app này về màu sắc và âm thanh mình thấy rất là thích. và mình quyết tâm học tiếng anh .một ngày mình có thể học thuộc hơn 10 từ đấy , đơn giản mà dễ nạp vào đầu. mình chia sẻ thật lòng đấy nếu không thì không rảnh rỗi để ngồi viết vậy đâu. mấy bạn cứ thử tải về học đi. ứng dụng này thật tuyệt .",2018-12-31 02:54:12,Positive,"This app is very good, the pronunciation is very accurate and easy to listen to. Before, I was very lazy with English. I also downloaded some apps to learn English vocabulary, but I found the learning method to be a bit lengthy and ineffective.When I downloaded this app, I really liked the colors and sounds.And I'm determined to learn English. One day I can memorize more than 10 words, simple and easy to put in my head.I'm sharing this honestly, otherwise I wouldn't have the free time to sit down and write like that.Please try to download and learn.This app is great."
e4db5c9d-5d7c-40f2-95c2-1a34872e1b3c,003,5,nó rất thú vị ! phương pháp học nhanh thuộc. chỉ cần chăm chỉ dành thời gian cho nó thì vốn từ vựng của bạn sẽ được nâng cao,2018-12-31 00:38:03,Positive,it's very interesting!quick learning method.Just spend time diligently on it and your vocabulary will improve
e86979d9-3b6d-44d4-a8e2-d17270af7641,003,5,ứng dụng này có phương pháp học rất hay + thêm sự chăm chỉ nữa thì khả năng từ vựng sẽ tiến bộ rất nhiều.🤗🤗,2018-12-27 22:45:46,Positive,"This application has a very good learning method + with more diligence, vocabulary ability will improve a lot.🤗🤗"
b5338989-23a8-46ab-87d3-0a5c56ac4ea1,003,5,"add ơi, sao một số bài học của mình bị mất, không có trong danh sách học nữa. add có cách nào lấy lại được không?",2018-11-19 09:28:38,Positive,"Hey add, why are some of my lessons lost and not in the learning list anymore?Is there any way to get it back?"
1bdc5ba3-b5ff-4bbd-85d8-dbe629e15437,003,4,"i can't type any letters in these exercises of the part ""study with foreigner"". the pity is that this app doesn't have pronunciation symbols. anyway, your app are very useful and interesting.",2018-10-31 05:51:31,Positive,"i can't type any letters in these exercises of the part ""study with foreigner"".the pity is that this app doesn't have pronunciation symbols.anyway, your app is very useful and interesting."
03af43e2-f677-4e57-950b-1614bcc9b460,003,5,"ứng dụng tốt, tải lâu , học cx nhiều r thật sự muốn đăng kí học với người bản xứ và nhiều mục khác nhưng... 😔",2018-10-30 14:16:40,Positive,"Good app, takes a long time to download, learns a lot and really wants to sign up to study with native speakers and many other things but... 😔"
4c590e98-a175-460c-bee2-035dd5606e8b,003,4,mình nghỉ ứng dụng này cũng được nhưng bị hạng chế là nếu muốn sử dụng thì phải trả phí khoảng 400k/năm. sorry vì tạm thời mình chỉ biết vậy vì chưa mua vip nên mình vẫn chưa học được gì cả. nhưng mình đang sử dụng #duolingo free và mình thích duo hơn...,2018-10-21 09:12:09,Positive,"I can quit this app, but the limitation is that if I want to use it, I have to pay about 400k/year.sorry because I only know that for now because I haven't bought VIP yet so I haven't learned anything yet.but I'm using #duolingo free and I like duo better..."
abc79547-651d-46f1-9b7a-69c12635a483,003,5,"ứng dụng tốt nhưng mới dô hay bị đứng, từ này phát âm từ khác, không phát âm. mong nhanh chóng sửa lại ứng dụng rất hoàn hảo",2018-10-09 14:47:12,Positive,"The app is good, but it's new and often crashes, this word is pronounced differently, not pronounced at all.Hope to quickly fix the perfect application"
d056625d-7038-41d4-96cf-f5dd445bb20b,003,5,mình rất thích học từ bằng memrise vì mem rất tiện. nhưng dạo nàyminhf rất khó chịu vì như kiểu mem bị lỗi vậy. có ai giống mình ko? đang dùng thì tự dưng phần mềm im luôn. ko hoạt động và cũng ko phát phần nghe luôn.,2018-10-09 14:45:30,Positive,"I really like learning words using memrise because memrise is very convenient.but latelyminhf is very upset because it seems like the meme is corrupted.Is there anyone like me?While using it, the software suddenly shuts down.Doesn't work and doesn't play the listening part either."
8fbb2ddc-720a-499a-8905-c3f9771ae194,003,5,mình cực thích ứng dụng này. giới thiệu cho rất nhiều bạn bè. hiện đang học tiếng nhật bằng memrise song song với học sách. học từ vựng trên memrise dễ nhớ hơn nhiều 😎,2018-10-05 01:37:20,Positive,I really like this application.recommend to many friends.Currently learning Japanese using memrise in parallel with studying books.Learning vocabulary on memrise is much easier to remember 😎
b6a83abc-f349-4830-a0b0-88cf6373cdb7,003,5,"i think it's really helpful. well-designed and cool learning technique. give many thanks to the developer of this app. but i have one more suggestion. it will be definitely better if you allow us to create our own list of words to study. we can add sound, picture, examples. it will boost the enthusiasm of student learning with this app and will alter with each specific people which will make many people like it.",2018-09-28 15:38:09,Positive,"i think it's really helpful.well-designed and cool learning technique.give many thanks to the developer of this app.but i have one more suggestion.it will be definitely better if you allow us to create our own list of words to study.we can add sound, picture, examples.it will boost the enthusiasm of student learning with this app and will alter with each specific person which will make many people like it."
139a0c18-917b-48ac-b7b1-652b18650c79,003,5,"rất có ích cho các bạn khi học tiếng anh , nó có chức năng hoc cách phát âm của người bản sứ , và cách sắp xếp các từ phù hợp. good luck to you",2018-09-28 13:21:53,Positive,"Very useful for you when learning English, it has the function of learning native pronunciation, and how to arrange words properly.good luck to you"
48a89b05-1611-45cd-8399-31ff4d2a03cb,003,5,"quá tuyệt vời! học theo 1 trình tự rõ ràng k hề chán chút nào. nếu mà các tính năng kia dc miễn phí thì còn j bằng ,oh best",2018-09-26 13:48:22,Positive,"so wonderful!Learning in a clear order is not boring at all.If the other features were free, it would be better, oh best"
c0b53146-c38b-4db3-847d-7562f870c59f,003,5,quá tiện! ước gì các chức năng kia ko tính phí thì tuyệt vời trên cả tuyệt vời! mình sẽ giới thiệu cho bạn bè và gia đình biết về app này <3,2018-09-25 13:03:00,Positive,"so convenient!I wish the other functions were not charged, it would be amazing!I will introduce this app to my friends and family <3"
7f83667b-cb49-49b2-b692-5b3629b0200c,003,5,thật tuyệt. app giúp tôi cảm thấy rất thích thú khi học ngôn ngữ mới. very good!!! nếu có thêm ngôn ngữ nhật bản nữa thì càng tốt ạ. hihi ^^,2018-09-24 03:34:25,Positive,"So great.The app helps me feel very excited when learning a new language.very good!!!If there is more Japanese language, even better.hihi ^^"
2906e657-6d20-4b6d-928e-c06d1d44ec52,003,5,mong nhà phát hành phát triển thêm tính năng giao tiếp kết hợp với cả từ điển thì sẽ tốt hơn thank you very much,2018-09-22 07:38:17,Positive,"I hope the publisher develops more communication features combined with dictionaries, it would be better, thank you very much"
8454f12c-c634-4818-b6cd-eb08a590427b,003,5,this application is good but the application should not make the learner purchase the memrise pro package which should run out of the best feature,2018-09-22 05:44:31,Positive,this application is good but the application should not make the learner purchase the memrise pro package which should run out of the best features
a96493c3-7063-4662-9bd0-731684a97cfd,003,5,học tiếng hàn thì phải hiện ngôn ngữ tiếng hàn nó mới dễ hiểu học theo kiểu chữ lating khó viết khó học lắm. đó là lí do mik đã k dùng app này mặc dù app rất tốt. mong muốn được sửa đổi học ngôn ngữ nào thì hiện và viết ngôn ngữ đó. vd như cảm ơn là 고맙다 chứ ko phải cô map ta 😊😊😊,2018-09-11 10:19:45,Positive,"To learn Korean, you have to show the Korean language to make it easy to understand. Learning in the lating font is very difficult to write and difficult to learn.That's why I don't use this app even though it's very good.If you want to change which language you want to learn, select and write that language.For example, thank you is 고맙다, not the map girl 😊😊😊"
6f913302-5d36-48e2-bb1b-012386aaa884,003,4,cho mình hỏi app h chỉ hỗ trợ học 3 thứ tiếng hay sao vậy. ngày trước mình có học tiếng nhật giờ vào tìm bài học không thấy nữa,2018-09-09 07:24:09,Positive,"Can I ask if app h only supports learning 3 languages ​​or what?I learned Japanese the other day, but now I can't find the lesson anymore"
59216196-53ff-48b4-a604-5a2cfa123337,003,5,"dạo này dùng apps thường xuyên bị treo, click loa mà hoài ko phát âm, đến khi thoát ra dùng ứng dụng khác làm việc thì loa ms đọc từ lên :)) còn phần ôn tập cấp tốc cũng rất hay treo, mất vài phút để mở. tiện thể apps nên sửa lỗi đọc từ khi đó là cụm từ, ko thấy loa phát âm cụm. còn lại thì app đã rất tốt r.",2018-09-06 13:39:59,Positive,"Lately when using apps I often freeze, I click on the speaker but no sound is heard. When I exit to use another application, the speaker reads the words :)) and the quick review section also hangs very often, taking a few minutes to open.By the way, apps should fix the word reading error when it is a phrase, the speaker cannot pronounce the phrase.Otherwise, the app is very good."
aaa3a3d5-c5cb-4632-b48e-1cdc0d702a3d,003,5,đây là một ứng dụng tốt. nó giúp cho tôi tiết kiệm thời gian để học. những bài học dễ tiếp thu. mong nhà phát triển sẽ tiếp tục làm ra những ứng dụng như thế này để giúp đỡ tôi trong học tập.,2018-09-04 15:40:38,Positive,this is a good app.It helps me save time to study.Lessons that are easy to absorb.I hope the developer will continue to make applications like this to help me study.
d04180c2-bef2-4dfa-b5ce-592703326033,003,5,"this app is very helpful and easy to use. a person with short-term memory 
like me can remember vocabulary longer by using this app. its interesting 
as well.",2018-08-18 01:42:03,Positive,"this app is very helpful and easy to use.a person with short-term memory
like me can remember vocabulary longer by using this app.its interesting
as well."
50f0edf0-e88c-40cc-b789-375cbce7b9f9,003,5,"ứng dụng này giúp mình cảm thấy học english thoải mái. không có cảm giác bị 
gò bó và hơn hết là không có cảm giác nhàm chán. vừa chơi vừa học. nice!",2018-08-16 11:28:56,Positive,"This application helps me feel comfortable learning English.no feeling of being
Restrictive and above all, no feeling of boredom.play and learn at the same time.nice!"
adb86155-4f25-462f-aef3-148a2f04e937,003,5,"lâu rồi không sử dụng mà giờ sử dụng lại chỉ còn tiếng anh, hàn, trung. lần 
trước có rất nhiều ngôn ngữ cơ mà, mong nsx sẽ ra thêm những ngôn ngữ khác",2018-08-07 09:26:50,Positive,"Haven't used it for a long time but now only use English, Korean, Chinese.times
There were many languages before, but I hope NSX will release more languages"
8059460e-80e0-437d-a7c0-83b12d8b737c,003,5,"phần mềm tốt. tuy nhiên cần thêm phiên âm từ để biết trọng âm và để phát âm 
dễ dàng hơn. à cái này là về phía người tạo khóa học nhỉ..",2018-08-04 06:44:55,Positive,"good software.However, it is necessary to add phonetic transcription to know the stress and pronunciation
easier.Well, this is for the course creator.."
2575fe4c-082f-43bf-9946-7513e39cb947,003,5,"tôi nghĩ nên có thêm phiên âm để đọc dễ hơn vì khi nghe người ta đọc ko có 
phiên âm tôi hay đọc sai",2018-07-31 13:20:09,Positive,"I think there should be more transcription to make reading easier because when listening to people read it, it's not there
I often misread the transcription"
dcb61419-4c60-4ac2-967a-6a7cdc3419e8,003,5,"ứng dụng thật tuyệt. nó giúp tôi bổ sung thêm được nhiều từ vựng tiếng anh. 
cảm ơn mọi người đã tạo ra app này.",2018-07-29 04:48:34,Positive,"The app is great.It helps me add more English vocabulary.
Thank you everyone who created this app."
2303f51d-534a-48d4-bc20-97a2ad2d3ec3,003,4,"tại sao cập nhật rồi thì không còn các khóa học về tiếng nhật hay phrasal 
verb nữa vậy???? huhuhu.... someone help me!! các bài học hay đã biến mất 
rồi",2018-07-25 18:12:41,Positive,"Why are there no more Japanese or phrasal courses after the update?
verb again????huhuhu.... someone help me!!The good lessons are gone
then"
c2efb136-79a5-4eb0-b76f-0b73f438a818,003,5,"s e la thanh vien pro r nhưng ma hk thay chỗ de su dung tinh năng chat box 
với bot ngữ pháp z. giúp vsss",2018-07-19 00:19:58,Positive,"She is a pro member but has not replaced her to use the chat box feature
with z grammar bot.help vsss"
17be0670-3afc-4821-bf5a-f4836dc43ee0,003,4,"tại sao phần ôn tập thông thường( phần nghe từ và chọn vào cái đúng ) của 
memrise lại bị lỗi, cái kết quả đúng thì nó cứng ngắc 0 bấm vào đc trong 
khi kết quả sai cho bấm vào.còn việc có 2 đáp án đúng trong 1 từ, bấm vào 1 
cái nó chỉ sai ( tức cái còn lại đúng) như vậy thì biết đường nào mà 
lần.còn việc thứ 3 là tìm khóa học trong memrise, mình tìm tiếng anh, nhưng 
mà khóa học quá ít,lúc trước mình thấy rất nhiều khóa ielts, toeic,giao 
tiếp,...nhưng mà bây giờ chỉ có 7 khóa tiếng anh ( anh quốc),còn lại tất cả 
các khóa học kia đều mất. mong ứng dụng trả lời sớm lời nhắn phản hồi.",2018-07-15 14:45:04,Positive,"Why is the usual review part (listening to words and choosing the correct one) of
memrise error again, the correct result is stiff and cannot be clicked in
When the result is wrong, click on it. If there are 2 correct answers in 1 word, click on 1
What it points out is wrong (that is, the rest is right), so you know which way to go
times. The third thing is to search for courses in memrise, I searched for English, but
but the courses are too few, before I saw a lot of ielts, toeic, and communication courses
Next,...but now there are only 7 English courses (UK), all that's left
All other courses are lost.I hope the application will respond to the response message soon."
803f6040-9828-4f39-b4c1-49265810df0b,003,5,"tuyệt vời ông mặt trời. tôi chỉ học trong 1 tháng mà tôi đã có thể giao 
tiếp tiếng anh thành thạo với người bản ngữ đc rồi. cảm ơn người đã sản 
xuất ra lớp học ngoại ngữ này",2018-07-15 13:33:40,Positive,"wonderful Mr. Sun.I only studied for 1 month and I was able to deliver
Can communicate fluently in English with native speakers.Thank you to the person who produced it
Export this foreign language class"
19bf37d5-969b-493b-a31d-6e9d8783f4c5,003,5,"ứng dụng hay. nên tải về để học. nó giúp tôi học từ vựng nhanh hơn rất 
nhiều và cách ôn tập lại của app rất hay. một ứng dụng nên có khi học ngôn 
ngữ mới",2018-07-15 12:24:15,Positive,"nice app.You should download it to study.It helps me learn vocabulary much faster
a lot and the app's review method is very good.A must-have app when learning a language
new language"
71951a9f-0fde-4598-b4f6-67af4038fc7d,003,5,"woa,... very good! tìm mãi mới thấy ứng dụng dạy học hay như vậy á..k những 
dạy từ mà còn tập cho mk nghe nx và lặp lại các từ đã dạy!",2018-07-11 05:59:53,Positive,"wow... very good!I've been searching forever to find such a good teaching application..but
teaches words but also trains children to listen and repeat the words taught!"
5893b33a-b00e-45f5-b2b2-15b27ed054a2,003,5,"add ơi sau dùng tai nghe maximum volume mà âm lượng chỉ bằng 1/3 so với tai 
nghe bluetooth????? đã kiểm tra tai nghe khi nghe nhạc thì bình thường.",2018-06-29 07:54:01,Positive,"Add, then use maximum volume headphones but the volume is only 1/3 of my ears
listen to bluetooth?????I checked the headphones while listening to music and it's normal."
1d99e263-7d2d-4c46-a73e-e5dd9e0b4a1d,003,5,"rất bổ ích cho người mới học và cải thiện vốn từ ngày một nhiều hơn :)) quá 
hay và rất hữu ích cho những ai mất gốc hay học dở tiếng annhhh :)) nhanh 
nhanh cài đặt không thì sau này các bạn sẽ phải hối hận :))",2018-06-20 12:46:11,Positive,"Very useful for beginners and improves vocabulary more and more :)) too
Good and very useful for those who have lost their roots or are bad at learning English :)) quickly
Install quickly or you will regret it later :))"
4557ebb6-758f-4231-8e8e-a254f4133879,003,4,"muốn thêm ngôn ngữ thì làm ntn ạ. của e có mỗi tiếng anh; tiếng hàn và chữ 
hán ạ. e càn học tiếng nhật",2018-06-13 08:10:05,Positive,"If you want to add a language, please do so.Mine only has English;Korean and letters
Han.I need to learn Japanese"
0e3d5ec2-349e-471b-bfb0-2231c28c6d23,003,5,"học các từ cơ bản - kiểm tra - được nghe phát âm của người bản ngữ => rất 
tốt cho người mất gốc muốn học lại từ đầu",2018-06-04 13:12:11,Positive,"learn basic words - test - hear native speakers' pronunciation => very
Good for those who have lost their roots and want to learn from the beginning"
b95c9175-5fe3-486f-9b71-44989e5d665f,003,4,"ứng dụng khá hay...nhưng ko hiểu sao tôi dùng app trên oppo f1s thì bị khóa 
chức năng học từ mới. ai biết xin giải đáp. tks",2018-06-04 03:38:45,Positive,"The app is quite good...but for some reason, when I use the app on oppo f1s, it is locked
New word learning function.If anyone knows, please answer.tks"
fae3aac7-0565-4930-83c1-df4d157b8af9,010,5,"app rất hữu ích, giúp tôi tiếp cận được những thông tin thiết thực, kiến thức và cải thiện khả năng nghe, nói tiếng anh của tôi",2024-10-28 09:09:24,Positive,"The app is very useful, helping me access practical information, knowledge and improve my English listening and speaking skills."
c7f792d7-eaf1-4380-8f1f-26a614a26c88,010,5,"it's a pity that my podcast session won't update so i must have listened to the june podcasts like 10 times already. at this point, i can tell the exact words coming out of a random playing audio from june.",2024-10-22 18:09:36,Positive,"it's a pity that my podcast session won't update so i must have listened to the june podcasts like 10 times already.at this point, i can tell the exact words coming out of a random playing audio from june."
612100ec-fcd8-4299-94ab-667367635d68,010,5,"có thể nghe khi tắt màn hình, học được nhiều kiến thức mới và cũng như cải thiện khả năng nghe tiến anh rất tốt",2024-06-28 16:26:11,Positive,"You can listen when the screen is turned off, learn a lot of new knowledge and also improve your listening ability very well"
8e945222-79e0-4f69-a509-a676cde54cd9,010,4,"where are the previous functions? vietnamese subtitle, english subtitle, pausing,etc. it looks strange and difficult to use, it makes my head explode when using the new version.",2022-03-12 09:02:41,Positive,"where are the previous functions?vietnamese subtitle, english subtitle, pausing, etc.it looks strange and difficult to use, it makes my head explode when using the new version."
58719630-1acb-4706-845c-a68b7e2cff9a,010,5,"chương trình rất bổ ích, nó vừa nâng cao trình độ tiếng anh của mình, vừa nâng cao ý thức giá trị bản thân, và lại còn mình có thêm tầm hiểu biết nhiều sự việc 😇",2022-01-08 15:37:14,Positive,"The program is very useful, it both improves my English level, enhances my sense of self-worth, and also gives me more understanding of many things 😇"
b714badd-b5e4-4f95-a998-42168ad90a28,010,5,"app luyện nghe tiếng anh hay lắm ạ, nhưng chỉ dành cho các bạn nghe tốt thôi chứ cũng khá khó nghe vì nói nhanh lắm",2021-04-27 22:32:17,Positive,"The app to practice listening to English is very good, but it's only for people who can listen well, it's quite difficult to listen because they speak very fast"
3ee5e764-a498-492f-8a77-9b53630a3835,010,4,"theo tôi, nhà sản xuất nên thêm chế độ transcript. bởi vì chúng rất cần thiết đối với những người học tiếng anh qua video như chúng tôi. cảm ơn.",2021-04-12 13:39:53,Positive,"In my opinion, the manufacturer should add transcript mode.Because they are very necessary for those who learn English through videos like us.Thanks."
06e0ce6a-1bbd-4df4-852c-3e67b09f5710,010,4,"podcast không có transcript thì học sao đây ạ?? thanks for this app, it's really good for people who want to improve listening skill. but as a foreign learner, i wonder how can i improve my listening without transcript for each podcast? please fix this as soon as possible",2020-11-25 17:14:41,Positive,"How can I study if a podcast doesn't have a transcript??thanks for this app, it's really good for people who want to improve listening skills.but as a foreign learner, i wonder how can i improve my listening without transcript for each podcast?please fix this as soon as possible"
8e5aaaa1-6fe6-47bb-80d6-bab43385f1c0,010,5,thật sự là có rất nhiều bài đàm phán cảm hứng rất tích cực cho người đọc cũng như người nghe. ngoài ra còn có thể cải thiện khả năng nghe hiểu tiếng anh nữa ạ 🤗,2020-10-09 13:24:08,Positive,"There are actually many inspirational talks that are very positive for readers and listeners alike.In addition, you can also improve your ability to listen and understand English 🤗"
fd79200e-0d5f-40cc-900e-6e04db8dfac0,010,4,"-ứng dụng hay giúp cải thiện khả năng nghe tiếng anh , điều chỉnh được tốc độ . - không có transcript như trên web khó khăn trong việc hiểu nội dung mong sớm có thêm tính năng này .",2020-10-06 14:47:32,Positive,"-Good application to help improve English listening ability, adjust speed.- There is no transcript like on the website, making it difficult to understand the content. Hope to add this feature soon."
68713e1c-c4d4-48a3-b39d-8fcf34a4a14b,010,5,"app rất hay, vừa luyện nghe tiếng anh, vừa giúp hiểu biết thêm kiến thức mới, với nhiều chủ đề như giáo dục, khoa học, nghệ thuật, thiết kế,... để mình nghe thoải mái hơn với chủ đề mình thích. ngoài ra, mọi người có thể lựa chọn ngôn ngữ cho phụ đề bằng tiếng mà mình muốn xem.",2020-10-03 02:56:42,Positive,"The app is very good, both practicing listening to English and helping to understand new knowledge, with many topics such as education, science, art, design,... so I can listen more comfortably to the topics I like.In addition, people can choose the language for the subtitles in the language they want to watch."
be187ada-0029-4e70-94bc-1b522add644e,010,5,mặc dù không có phần transcript nhưng mình rất thích kiểu vừa có tiếng việt vừa có tiếng anh thế này. giúp mình luyện nghe cũng như có thể học cách diễn đạt của người nước ngoài theo từng câu. tuy nhiên thì còn thiếu khá nhiều bài. mong apps sớm hoàn thiện hơn ạ!,2020-04-17 00:44:22,Positive,"Although there is no transcript, I really like the way it has both Vietnamese and English.Helps me practice listening as well as learn how foreigners express each sentence.However, there are still quite a few missing articles.I hope the apps will be more complete soon!"
f63066bf-5fb0-4753-8731-ac4f5b5f2f6f,010,4,"ứng dụng có nhiều tốc độ đọc phù hợp với nhiều trình độ. tuy nhiên ko có văn bản, không có tính năng lặp lại toàn bộ video.",2019-11-15 23:46:50,Positive,"The application has many reading speeds suitable for many levels.However, there is no text, no ability to repeat the entire video."
fc89e58f-d938-4093-83c8-a5f14a9e81cb,010,4,cần khắc phục thêm chữ màu phù hợp với nền trong video và có thêm điều chỉnh về tốc độ phát (0.5 0.25) để cho dễ học tiếng anh hơn...,2019-08-31 07:14:03,Positive,Need to fix the text color to match the background in the video and adjust the playback speed (0.5 0.25) to make it easier to learn English...
543628c4-e2fd-4c6f-9c9a-4f55b6658760,010,5,"e nghe app này giúp học ta rất tốt, nhưng e muốn hỏi là đối với người có trình độ tiếng anh như thế nào thì dùng app này mới đạt hiệu quả ạ, mù chữ mà đọc thánh hiền thì cũng như ko thôi anh chị ạ",2019-08-12 17:09:40,Positive,"I heard that this app helps people learn very well, but I want to ask, for people with what level of English can using this app be effective? If you're illiterate and reading saints, it's the same."
03c94e80-4ddb-4f74-bfdd-54993d0b9b56,010,5,chia sẽ cho những bạn nào không bt thì đây cũng là nơi để cho chúng ta học nghe tiếng anh cực kì hiệu quả😊,2019-08-10 10:57:36,Positive,"Sharing for those of you who don't know, this is also a place for us to learn English listening extremely effectively😊"
59f86a52-c79d-43d8-9cfb-c4d6e3e1c0b6,010,5,có vietrans giọng nói hay nội dung phong phú cực kì ý nghĩa đặc biệt còn đc tải về đề nghe off tôi ước gì có thể biết ứng dụng này sớm hơn 😍,2019-08-06 13:58:40,Positive,"Vietrans has voice, rich content, extremely meaningful, especially downloadable to listen to offline. I wish I could know about this application sooner 😍"
a6059b92-1a3e-4bf0-a51f-4d18fbc38e04,010,5,i want to give my attitude to admin. thank you so much because my listening skill has been improved after a long time i use this application. i hope producer will make more and more useful english speaking video like this.,2019-07-06 02:03:25,Positive,i want to give my attitude to admin.thank you so much because my listening skill has been improved after a long time i used this application.i hope producer will make more and more useful english speaking videos like this.
52334078-33a8-4f2a-b7a1-2580054e8df8,010,4,"very great application. however, when i listen to a video i want to know the content to understand and listen to the unheard of places like when i use it on the web. i look forward to making further improvements in the future. thanks again, very much, ad",2019-01-21 12:58:55,Positive,"very great application.however, when i listen to a video i want to know the content to understand and listen to the unheard of places like when i use it on the web.i look forward to making further improvements in the future.thanks again, very much, admin"
14a2e90d-424b-4f53-9874-1aa94e6a000d,010,4,"i love ted app but why it doesn't contain a whole transcipt like the one in website? i hope that app contain transcipt either, especially ted talks daily podcasts. thank you!",2018-12-02 03:19:53,Positive,"i love ted app but why it doesn't contain a whole transcript like the one in website?i hope that app contains transcript either, especially ted talks daily podcasts.thank you!"
e317a53a-25a4-43e6-8dbf-ace003940ecc,010,5,"this app is very useful, especially for one who have intermediate eng level. but i hope there are more short interesting video about 5 min, cause i cant acquire a large amount of vocabulary and knowledge in a time.",2018-12-02 01:02:56,Positive,"this app is very useful, especially for one who has intermediate eng level.but i hope there are more short interesting videos about 5 min, cause i cant acquire a large amount of vocabulary and knowledge in a time."
54ccb5c4-3a26-49d7-a39b-b1f0ebe29674,010,4,ứng dụng này khá hay nhưng tôi muốn trong lúc đang xem video( sub english) phải có nguyên một bài nói( vietnamese) phía dưới để có thể dễ theo dõi và dễ học tiếng anh hơn! 😊😊,2018-11-03 12:06:15,Positive,"This application is quite good, but I want while watching the video (subtitled in English), there must be a whole speech (Vietnamese) below so that it can be easier to follow and learn English!😊😊"
d100155b-223e-4a5d-80d8-cdf2baba5008,010,5,con đã học nghe tiếng anh và đọc theo trên ted này rất cảm ơn bây giờ con có thể tự học tiếng anh nghe được mộ chút,2018-10-20 15:33:09,Positive,I learned to listen to English and read along on this ted. Thank you very much. Now I can learn a little English by myself.
b51e70c4-457f-405c-b0ae-2aeaf31d3bb1,010,5,"rất thích hợp cho những người muốn nâng cao trình độ tiếg anh, vừa có thể luyện khả năng nghe lại có thể học thêm được nhiều từ mới, đây là một ứng dụng rất tuyệt vời, nhờ nó mà khả năng nghe của tôi tốt hơn ☺",2018-10-18 11:34:32,Positive,"Very suitable for people who want to improve their English skills, practice their listening skills and learn many new words. This is a great application, thanks to it my listening ability is better ☺"
7b7a36f9-4e01-4c78-a06b-1e44cbe6a691,010,5,app này sao em ko thấy transcrip tiếng anh giống như trên web mọi người nhỉ. ai biết xem phần trascrip trên app hướng dẫn e với ạ,2018-10-17 14:19:25,Positive,"In this app, why don't I see English transcription like on everyone else's website?Does anyone know how to see the trascrip section on the tutorial app?"
ce0d6a6b-f16f-44dd-b85b-e2d5d6827476,010,5,ứng dụng rất hay . rất phù hợp cho bạn nào muốn luyện nghe tiếng anh lại vừa đem lại kiến thức cho bản thân,2018-10-16 09:34:10,Positive,very good application.Very suitable for those who want to practice listening to English while also gaining knowledge for themselves
7387a224-8e4c-4ad9-97e5-824d746a1283,010,5,app này có thể xem tiếng việt nếu hok hiểu nghĩa. còn nếu bạn nào muốn nâng cao thì hok cần vietsub chỉ để tiếng anh là đc . ưng app này nhất ^^,2018-10-15 11:25:52,Positive,"This app can be viewed in Vietnamese if you don't understand the meaning.If you want to improve, you don't need to vietsub just in English.I like this app the most ^^"
512b7a42-6ead-4a64-839b-c802d462f7d9,010,4,"mọi người cho em hỏi ngoài tiếng anh thì làm cách nào để em có thể tìm 
video các thứ tiếng khác nữa ạ? ( chẳng hạn tiếng pháp)",2018-08-16 03:00:22,Positive,"Can anyone please tell me how I can find it besides English?
Videos in other languages too?(eg French)"
ddf73086-100f-4cd6-b27c-312ad6a93ee7,010,5,"có sẵn app này không cần phải vào youtube, chất lượng tốt, speakers thuyết 
trình và nêu ý kiến rất hay, dành cho các bạn muốn nghe, nói và học từ vựng 
tiếng anh mới tốt, app tuyệt vời lắm ạ",2018-07-01 16:18:31,Positive,"This app is available, no need to go to YouTube, good quality, speakers talk
Very good presentation and ideas, for those who want to listen, speak and learn vocabulary
English is good, the app is great"
14cdbdd0-38ba-4fbd-8f56-28c265b4a509,010,5,"thấy app này hiện lên hoài đâu cũng gặp mà tiếc nếu biết thì tải về sớm để 
rèn luyện tiếng anh và biết thêm những bài học thú vị",2018-06-25 16:30:19,Positive,"I see this app popping up all the time, but I'm sorry if I knew about it, I would have downloaded it as soon as possible
Practice English and learn more interesting lessons"
7b1d9a30-2138-46a6-87bd-f793f598abbc,010,4,"ted is such a place to enhance my knowledge. i love ted. btw i usually 
watch ted-ed on facebook and i prefer watching animations or cartoon videos 
like those. i am looking forward to animated videos on ted app. thank you",2018-05-01 11:24:07,Positive,"ted is such a place to enhance my knowledge.i love ted.btw i usually
watch ted-ed on facebook and i prefer watching animations or cartoon videos
like those.i am looking forward to animated videos on ted app.thank you"
d9c12bc5-3f8a-46b6-8ef5-067101bdabfd,010,5,tôi đánh giá rất cao về ứng dụng này. nó gồm như video hết sức là bổ ích về tất cả các vấn đề. đặc biệt kà ní còn được dịch sang nhiều ngôn ngữ và hỗ triự lưu lại các video để xem khi không có internet,2018-04-13 06:31:20,Positive,"I highly appreciate this application.It includes extremely useful videos on all topics.In particular, it is also translated into many languages ​​and supports saving videos to watch when there is no internet"
a60482a2-f4af-4401-ba8a-3c62bac16794,010,4,"mình ko rõ tại sao khi chọn vietsub rồi mà sub vẫn ko xuất hiện hoặc lúc có lúc không, tìm các bài trong mục vietnamese subtitle cũng thế. mong dc giải đáp",2017-03-28 14:50:52,Positive,"I don't know why, after selecting vietsub, the sub still doesn't appear or sometimes doesn't appear, and it's the same when searching for articles in the vietnamese subtitle section.Looking forward to your answer"
6d0ed787-68fc-46dd-b02a-976e154d5564,010,4,"i'm happy with background playback and fullscreen mode but i still feel uncomfortable with shrinking screen when i touch to it, a little bit annoyed. can you improve it thanks so much",2016-09-17 09:28:39,Positive,"i'm happy with background playback and fullscreen mode but i still feel uncomfortable with shrinking screen when i touch it, a little bit angry.can you improve it thanks so much"
d9436389-d329-4f45-8fef-82b092dcf287,010,4,nó giúp tui rất nhiều trong kỹ năng nghe nhưng tui nghĩ nó cần phải có sub bằng tiếng anh để người mới học vừa nghe và vừa hiểu nó nói gì!!,2016-06-26 05:51:00,Positive,"It helps me a lot with my listening skills, but I think it needs to have English subtitles so that beginners can both listen and understand what it's saying!!"
c11d4735-b90d-407c-a15e-a7ef498498f5,010,5,các bạn muốn tìm sub thì vào all talks bên trên rồi nhấn vào language rồi tìm ngôn ngữ mà bạn muốn sub sẽ thấy những video đã sub,2016-06-02 02:46:59,Positive,If you want to find sub then go to all talks above then click on language then find the language you want to sub in and you will see the subbed videos.
7f520f96-b2cf-4887-8e22-30dfc1f0467f,010,4,"everytime i want to watch the video from 2006 or '07,'08, i have to scroll down so deep to find it. you should make a sort list by year. and when i watch a video from 200x, if my screen turn off, it automatically switch to 201x video, that's very annoying, i have to scroll down again",2015-12-08 06:42:51,Positive,"everytime i want to watch the video from 2006 or '07,'08, i have to scroll down so deep to find it.you should make a sort list by year.and when i watch a video from 200x, if my screen turn off, it automatically switches to 201x video, that's very annoying, i have to scroll down again"
e4149fd2-4669-4f49-8667-d4a9c14ab5c7,010,5,cảm ơn các bạn vì ứng dụng rất tốt. tôi có ý kiến rằng bạn có thể thêm chức năng điều chỉnh tốc độ của bài nói được không? vì tôi là người đang học tiếng anh và chưa nghe được chính xác hết script của bài nói.  nên tôi muốn giảm tốc độ và học tiếng anh thông qua bài đọc. xin cảm ơn.,2015-02-28 05:56:17,Positive,Thank you for the very good application.I was wondering if you could add a function to adjust the speed of the speech?Because I'm learning English and haven't heard the entire script of the speech correctly.so I want to slow down and learn English through reading.Thank you.
12a651e5-aa2c-4d82-91c4-2605be1a35be,010,5,it is really good for my listening skill and vocabulary. i can learn english in my tablet any time. thank you for this interesting app,2014-12-17 03:23:18,Positive,it is really good for my listening skill and vocabulary.i can learn english in my tablet any time.thank you for this interesting app
b9fcec98-595d-4063-a42e-03f8fd349a27,010,4,"ứng dụng rất tốt, cài đặt nhanh, có điều video tải về lại bị mất dòng phiên dịch phía dưới. mong tác giả sớm khắc phục",2013-10-26 05:57:51,Positive,"Very good app, quick installation, but the downloaded video lost the translation line at the bottom.Hope the author fixes it soon"
f9cfeb7d-ba2b-4ccc-a24e-b13554c61771,009,5,"cảm ơn game free của quizlet đã giúp mình biến việc học từ vựng thành 1 trò chơi giải trí , mình đã thật sự tận dụng tính năng của app trong những lúc bận rộn để đạt đc hiệu quả học tập tối ưu , cảm ơn nhà sáng tạo rất nhiều 🫶💓",2026-03-05 10:04:45,Positive,Thank you for Quizlet's free game for helping me turn learning vocabulary into an entertaining game. I have really taken advantage of the app's features during busy times to achieve optimal learning efficiency. Thank you very much to the creator 🫶💓
cbbd94cc-4d93-456f-85ad-722e6be346f1,009,5,"rất tốt,giao diện đẹp,dễ dùng,có thể học thông qua chơi,có rất nhiều trò chơi như ghép thẻ,block,blast,..., vừa chơi vui vừa ôn tập kiến thức thì tại sao lại ko đánh giá 5☆ nhỉ",2026-02-27 06:28:35,Positive,"very good, nice interface, easy to use, can learn through playing, there are many games like card matching, block, blast,..., it's fun to play and review knowledge, so why not rate it 5☆?"
07a429d2-f893-4e83-a271-279828fbeea5,009,5,"mình gợi ý nên thêm thao tác tạo hình nền cho mỗi thư mục ạ, sau đây là lợi ích mà nó mang lại: - giúp những người ngựa như mình cảm thấy thỏa mãn vì sở thích cá nhân và cảm thấy có động lực vì mình để hình chồng mình tạo cảm hứng học tiếng anh ạ ( ex: phuwin, junior,...) - giúp dễ phân biệt các thư mục từ vựng một cách nhanh chóng vì thay vì đọc tên thư mục thì mình thích nhìn mặt mấy th chồng của mình hơn - giúp tăng tính "" cá nhân hóa"" cho người dùng vì tính mình khá thích có điểm nhấn riêng",2026-02-19 12:24:32,Positive,"I suggest adding the operation of creating a background image for each folder. Here are the benefits it brings: - helps people like me feel satisfied because of my personal interests and feel motivated because I let my husband's picture inspire me to learn English (ex: phuwin, junior,...) - helps to quickly distinguish vocabulary folders because instead of reading the folder names, I prefer to see the faces of my husbands - helps increase ""personalization"" for users because of theI quite like having my own highlight"
22b1654f-e988-4936-a588-c8a110a5fd08,009,5,"app hay, dùng để học và ôn từ vựng rata tốt tuy nhiên khi tạo học phần đã đổi chỗ thuật ngữ và định nghĩa rồi nhưng trên flashcard vẫn giữ nguyên vị trí ban đầu",2026-02-08 12:53:35,Positive,"Good app, good for learning and reviewing vocabulary. However, when creating the module, the terms and definitions were changed, but the flashcard still retains its original position."
60139405-fc11-4beb-afc7-e8eeb5d29da9,009,5,"rất hiệu quả,mặc dù chưa thể nhớ được chỉ trong thời gian ngắn,nhưng khi kết hợp thêm nhiều bài tập luyện thì em đã nhớ hầu hết khoảng 25 từ mỗi ngày.chỉ vài phút thôi cũng đã thấy hiệu quả rõ rệt hơn so với học theo cách truyền thống.em vẫn ủng hộ cách truyền thống và cách học trên quizlet! em xin cảm ơn;☺️☺️☺️❤️❤️❤️",2026-02-08 09:38:53,Positive,"very effective, even though I can't remember it in just a short time, but when combined with more exercises, I remember most of about 25 words a day. Just a few minutes can see a more obvious effect than studying in the traditional way. I still support the traditional way and the way of learning on quizlet!Thank you;☺️☺️☺️❤️❤️❤️"
0540b222-ea29-45cf-b542-b1882d4f6247,009,5,khá ok ấy đký tiền chắc ok mà tôi xài free nchung là tốt 5s kiểu vừa học từ mới có thể lưu lại kiến thức bla bla và vui,2025-12-12 04:33:47,Positive,"It's quite ok. Sign up for money, it's ok. I use it for free. It's good. 5 seconds like learning new words can save knowledge bla bla and have fun."
36c62191-3a76-4400-b7f7-eeb17a9dfc08,009,4,hayyyy💖💖nhưng 4⭐ vì lượt sử dụng tính năng học với kiểm tra ít quá t cần 2 cái đêys thêm lượt đi các đại ka phát hành,2025-12-07 10:51:49,Positive,"goodyyy💖💖but 4⭐ because the number of times to use the learning and testing feature is too few, no need for 2 more times, release agents"
783212ac-5ead-486c-b3ca-e751e2aa44b1,009,5,"i have been using the free version of quizlet and i have to say, this application is truly amazing! i deeply appreciate that quizlet provides unlimited access to core study modes like flashcards and game modes like match. these foundational tools are essential and help me familiarize myself with and review vocabulary incredibly effectively at no cost. ​although some advanced features, such as test mode or in-depth customization, are reserved for the plus version, the tools provided in the free",2025-11-23 08:15:39,Positive,"i have been using the free version of quizlet and i have to say, this application is truly amazing!i deeply appreciate that quizlet provides unlimited access to core study modes like flashcards and game modes like match.These foundational tools are essential and help me familiarize myself with and review vocabulary incredibly effectively at no cost.​ although some advanced features, such as test mode or in-depth customization, are reserved for the plus version, the tools provided in the free"
4193104b-e2e7-40a5-8d88-acf5cbf4d3bf,009,5,"học rất dễ thuộc,dễ đăng kí,phần ghép thẻ mình khá là thích mình chơi và học thuộc từ sau vài ngày mình có thể phản xạ nhanh hơn và nhìn phát có thể bt từ đấy có nghĩa là gì,mình đã top 1 một vài lần,cảm ơn vì app này rất đáng để sử dụng",2025-11-20 13:12:13,Positive,"It's very easy to memorize, easy to register, I really like the card matching part. I played and memorized the words after a few days. I can react faster and see what the word means. I've been top 1 a few times. Thank you because this app is worth using."
472c1b72-149e-4a1d-bfb2-1e0d3c2f198b,009,5,"quizlet gần đây có thêm nhiều game thú vị ghê, mk đang dùng free nên nhiều chế độ giới hạn vẫn okela, sau này chắc chắn sẽ thử up pro",2025-11-13 13:04:14,Positive,Quizlet has recently added a lot of interesting games. I'm using it for free so many limited modes are ok. I'll definitely try upgrading to pro in the future.
a681d809-886b-45d7-90f0-9eb04daf038d,009,5,"mình thấy app rất ok luôn. nếu mà app có thêm chế độ học ngắt quãng từng từ (kiểu như chua từ nào nhớ, nhớ vừa với ko nhớ như anki) thì mình chắc chắn rằng app sẽ đc sử dụng rộng rãi luôn á",2025-11-10 12:19:42,Positive,"I find the app very good.If the app had a mode to learn each word intermittently (like remembering each word, medium memory or no memory like Anki), I'm sure the app would be widely used."
7e0e6346-ba49-430d-a803-62691a475f68,009,5,"tốt nha , nói chung là mình tận dụng được nhiều thứ và học được nhiều thứ sau một thời gian cx khá dài sử dụng quizlet . mọi người muốn đánh giá khách quan hơn thì tải về sự dụng nha, riêng mình thấy app ổn, nhiều cách học đỡ nhàm chán, nhiều kiến thức để mình học tập",2025-11-08 15:58:38,Positive,"Well, in general, I've been able to take advantage of a lot of things and learn a lot after using Quizlet for quite a long time.If you want a more objective review, please download and use it. Personally, I find the app to be good, with many ways to learn to make it less boring, and a lot of knowledge for me to learn."
74c970ea-5402-4d20-aa85-61edd5b993ba,009,5,tạ ơn vì biết đơn con app này đã giúp mình học từ vựng trong 15 p chứ kp 45 như trước nữa tính năng ok nm phải nạp tiền mới có thể sd một số tính năng qtr khác nm theo mình thì mình thấy free cũng khá ok và đủ với mình r,2025-10-27 14:07:05,Positive,"Thank you for knowing that this app has helped me learn vocabulary in 15 minutes, not 45 minutes like before. The features are ok. You have to recharge to be able to use some other qtr features. In my opinion, I think free is quite ok and enough for me."
d4dd3b81-282d-450c-9cd6-89beddf4b6b8,009,5,"tốt để học, và tôi nghĩ nên cập nhật tính năng đọc ngôn ngữ tiếng việt để tôi vừa làm vừa học, đồng thời thêm chức năng tạo nhiều thư mục bên trong một thư mục để tôi có thế sắp xếp kiến thức một cách có trật tự hơn.",2025-10-18 02:25:51,Positive,"good for studying, and I think I should update the Vietnamese language reading feature so I can study while working, and add the function of creating multiple folders inside one folder so I can arrange knowledge in a more orderly way."
cdf5741e-f65e-4f3c-91ad-61f6231933a7,009,5,"ban đầu học từ vựng khó nhớ, học trước quên sau nhưng từ khi tải app này thì dễ học tiếng anh hẳn luôn. học xong xem lại giúp nhớ từ lâu hơn. m.n nên tải về dùng nhé",2025-10-04 13:53:57,Positive,"At first, learning vocabulary was difficult to remember, learning it first and forgetting it later, but since downloading this app, it's been easier to learn English.Reviewing after studying helps you remember the word longer.You should download it and use it"
44ba06f9-4def-4954-822b-02a345ee0d0e,009,5,"học từ vựng rất hiệu quả đáng để trải nghiệm tuy nhiên vẫn có lỗi ở phần trò chơi là điền sai vẫn cho là đúng, cần cải thiện",2025-09-26 10:55:40,Positive,"Learning vocabulary is very effective and worth experiencing, but there is still an error in the game: filling in incorrectly is still considered correct, needs improvement."
c019c34f-7379-43e6-9a3f-868b48cfe974,009,5,"app tốt, hay, nhưng hay bị lỗi, trò chơi block bị lỗi phần đáp án, nhập đúng vẫn báo sai. good application, useful, but often faulty. block game had an error of the answer, entering the correct answer was still wrong.",2025-09-24 18:35:14,Positive,"The app is good, good, but often has errors, the block game has an error in the answer section, entering correctly still shows errors.good application, useful, but often faulty.block game had an error of the answer, entering the correct answer was still wrong."
aca3d6c4-e9e8-4cf4-b9d8-eee511ea3a9d,009,4,cập nhật xong giờ tôi ko thể vào phần tự luận được xoá đi tải lại mấy lần mà vẫn vào ko đc gây khó khắn trong việc học,2025-09-20 14:43:06,Positive,"After updating, I can't access the essay section. I deleted it and redownloaded it several times but still can't access it, causing difficulty in studying."
b16ad552-daff-4867-a63f-7b8cac9fa984,009,5,"rất thích cách hc của app , nếu phần tiện ích của ứng dụng được đầu tư hơn nữa thì tuyệt hơn ,tính theo số ngày giống duolingo á ,nó tạo cảm giác thành tựu hơn , còn phải duy trì học nữa ,nhìn cũng ngầu hơn khi mà nhìn dô đt là biết mình đag hc đc mấy ngày và cũng nhắc nhở ngay là phải vô học ,chỉ cần cải tiến phần tiện ích là 10 điểm , có thể tăng user đáng kể á",2025-09-17 15:58:16,Positive,"I really like the learning method of the app. If the utility part of the application were invested more, it would be great. Calculating the number of days is like Duolingo. It creates a greater feeling of accomplishment. You also have to maintain learning. It also looks cooler. When you look at the phone, you know how many days you have been studying and also immediately remind you that you must not study. Just improve the utility part by 10 points. It can increase users significantly."
b3193a64-cdf6-438f-8dc0-43f07cd9d434,009,5,"app học tiện lợi lắm luôn , ngoài học tiếng anh ra còn học đc các môn khc như toán , lsđl , khtn . học flashcard là cách hc dễ nhớ nhất luôn , hiệu quả nữa chỉ có điều có vài cái như thêm hình ảnh vào là phải trả phí nhưng mih thấy k vđ gì qtrong hết , mn cx có thể tìm kiếm các lp hc có sẵn hoặc tự làm bộ phần hc . nói chung siu mê , càng hc càng ghiền nhaa",2025-09-14 00:16:25,Positive,"The learning app is very convenient. In addition to learning English, you can also learn other subjects such as math, LSDL, and khtn.Learning flashcards is the easiest and most effective way to learn, but there are a few things like adding images for a fee, but if you don't see anything, you can search for available classes or make your own.In general, I love it, the more I learn, the more I like it"
d14e261b-46f0-4c80-acb9-3b010779e78c,009,5,app rất hay mình thường sử dụng để học từ vựng trc sau đó thì viết ghi nhớ lại vào tập rất hiệu quả và app còn có nhiều cách hc khác nhau rất thú vị,2025-09-09 13:21:43,Positive,"The app is very good, I often use it to learn vocabulary first and then write it down to practice, it's very effective and the app also has many different interesting ways to learn."
12d7efec-d5d1-4465-bc6c-e3625cc325fb,009,5,"app xịn, tiện, có nhìu mini game vừa học vừa chơi rất hay nha, chỉ cần tra chủ đề môn học là có hết từ vựng đỡ vất vả cực kì. nói chung app đủ wow",2025-08-30 15:11:27,Positive,"Great app, convenient, has many great mini games to learn and play, just look up the subject topic to get all the vocabulary, making it extremely difficult.Overall, the app is wow enough"
aa476b3b-a69b-4bf6-9e13-1b76ebc73b2f,009,4,"có nhiều bộ từ vựng trong sách giáo khoa để mọi người có thể học ,tải xuống là học off đc luôn .nên tải thử để sử dụng (-1 sao vì ứng dụng tự động bắt xác mình không phải robot 🙂mà còn bị lỗi xác minh vào không được )",2025-08-28 15:10:24,Positive,There are many sets of vocabulary in textbooks for everyone to learn. You can download them and learn them offline. You should try downloading them to use (-1 star because the application automatically confirms that you are not a robot 🙂 and also has a verification error and cannot log in)
8f56cec2-b598-4a05-a878-bc15fa61ef1c,009,5,"phiên bản điện thoại còn nhiều thiếu sót, mong được cải thiện nhiều hơn. ví dụ như đánh dấu sao trên điện thoại không hoạt động, chuyển văn bản thành giọng đọc tiếng nhật trên máy tính có thể sử dụng nhưng điện thoại thì không",2025-08-20 08:33:58,Positive,"The phone version still has many shortcomings, hopefully it will be improved more.For example, star marking on the phone does not work, Japanese text-to-speech conversion on the computer can be used but not on the phone."
78a2b46f-c7bf-4d91-8d05-bc422b1de9ee,009,5,"quite convenient, although the app sometimes sends me numerous continuously superfluous human verifications that, over time, become fleetingly annoying. all in all, i would recommend the app to my friends.",2025-08-20 07:00:58,Positive,"quite convenient, although the app sometimes sends me numerous continuously superfluous human verifications that, over time, become fleetingly annoying.all in all, i would recommend the app to my friends."
b17a51b8-8c73-458b-bcb5-b4c53a9d2cd1,009,5,"phù hợp với phương pháp ""học mà chơi, chơi mà học"". có thể học theo mô hình ""học sâu nhớ lâu, ôn sâu nhớ kĩ"". nên thử nha",2025-08-11 00:00:55,Positive,"consistent with the ""learn to play, play to learn"" method.You can learn according to the model ""study deeply and remember long, study deeply and remember well"".you should try it"
92451cb1-1f41-420a-85ac-fc9c136fc203,009,5,"mình rất ít khi đánh giá một ứng dụng nào đấy, nhưng để mà phải đánh giá thì nó phải thật sự rất hiệu quả và tốt. ứng dụng giúp việc học từ vựng tanh trở nên dễ dàng hơn nhiều, tăng khả năng tập trung. ứng dụng dễ sử dụng, giúp người dùng tiếp cận một cách dễ dàng và nhanh chóng. nên tải và dùng thử.",2025-08-09 15:19:43,Positive,"I rarely rate an application, but in order to rate it, it must be really effective and good.The application makes learning vocabulary much easier, increasing the ability to concentrate.The application is easy to use, helping users access it easily and quickly.You should download and try it."
ce20e965-1e04-4bf4-a76e-ba64ceab8fe0,009,5,"ê app hay lắm í học từ nhanh một ngày mà thuộc hơn 30 từ là biet cỡ nào rồi, hối hận vì ko tải sớm hơn",2025-08-05 08:21:31,Positive,"Hey, this app is great. Learn words quickly in one day and know how much you know more than 30 words. I regret not downloading it sooner."
a879829b-31d8-48c0-9bbf-3aecf58f1c46,009,5,ê app hay vãii ý=))) free mà vẫn xịn ác cơ. mọi người vào tạo thẻ hoặc là lười thì xem bộ của ngkhac tiện cực nma cứ rcm mình tự tạo cho thuộc dai nhaa. app siu siu đỉnhh íii,2025-08-01 17:04:48,Positive,"Hey, this app is so cool =))) It's free but still really good.Everyone go create a card or if you're lazy, look at other people's sets, it's super convenient, just create your own to get familiar with it.The app is super cool"
72a132b5-aaec-4615-979d-0a4ecfa43807,009,5,"app có thể sử dụng miễn phí, có flash cards, minigame,...để phục vụ cho việc học từ vựng mới. có thể tự thiết lập từ mới hoặc sử dụng các bộ sưu tập có sẵn theo chủ đề nữa...tóm lại là khá hay và hiệu quả, tuy nhiên vẫn còn một vài lỗi nhỏ khác và nếu muốn nhiều tính năng hơn thì phải nâng cấp 💸huhuh..nhưng vì khá hữu ích nên cho shop 5⭐=))) 😊✨🔥🤠",2025-07-24 12:03:52,Positive,"The app can be used for free, has flash cards, minigames,... to help learn new vocabulary.You can set up new words yourself or use existing collections by topic...in short, it's quite good and effective, but there are still a few other small errors and if you want more features, you have to upgrade 💸huhuh..but because it's quite useful, I give the shop 5⭐=))) 😊✨🔥🤠"
235c5b17-ed53-45e5-8b4f-05f769740e1c,009,4,app rất ok nhưng khi học được 1 thời gian sẽ có 1 số thẻ bị lỗi không thể khởi động lại làm cho mình k thể ôn tập lại,2025-07-21 22:34:49,Positive,"The app is very good, but after studying for a while, there will be some errors that cannot be restarted, making it impossible for me to review again."
7c9767d4-c5bf-41fd-80d6-712c1602eafe,009,5,"có nhiều cách để học thuộc, 1 ngày học trên app này cũng hơn 100 từ vựng, dễ thuộc, dễ học. ai mà khó học thuộc từ vựng theo cách thồn thường thì nên học thử app này nha, sài ok cực",2025-07-20 09:21:16,Positive,"There are many ways to memorize, learning more than 100 vocabulary words in 1 day on this app, easy to memorize and learn.Anyone who has difficulty memorizing vocabulary in the usual way should try this app, it works very well"
465b194a-d0f9-4a05-9fd2-673c60a829da,009,5,nó rất tốt và có thể luyện nói hay là luyện từ vựng tạo class khác riêng hay là tải những bài test những cái bài đố khuyết riêng,2025-07-19 09:30:59,Positive,"It's very good and you can practice speaking or vocabulary, create your own class or download separate tests and quizzes."
96f621b8-2f9e-4de1-9618-d4167362e132,009,5,ứng dụng hữu ích trong việc học thuộc từ mới tiếng anh; cách học còn kết hợp với các trò chơi; thú vi.tuyêt vời 💕,2025-07-18 14:16:37,Positive,Useful application for memorizing new English words;The learning style is also combined with games;great fun 💕
4f9f74b3-6446-466a-b3e4-b64424c95624,009,5,"erm actually what an alternative to say, through this way i can revise the lexical sources and recheck my errors remaining. aside, i can observe other documentaries from any users also to reinforce, sounds so perfect",2025-07-18 04:25:00,Positive,"erm actually what an alternative to say, through this way i can revise the lexical sources and recheck my errors remaining.aside, i can observe other documentaries from any users also to strengthen, sounds so perfect"
543b6b63-f916-4206-8487-e74e50854b6d,009,5,app rất bổ ích cho các bạn học ngoại ngữ và vô cùng tuyệt vời nhé m mới dùng vài tháng nhưng mình thấy nó rất tuyệt cảm ơn các nhà sáng tạo và những người cống hiến ạ thanks,2025-07-17 20:54:08,Positive,The app is very useful for foreign language learners and is extremely wonderful. I've only used it for a few months but I find it great. Thank you to the creators and contributors. Thank you.
a5259ecc-4a3a-429b-b940-b18a53718cd9,009,4,"dear quizlet team, i’m a dedicated user of quizlet plus and truly appreciate the platform’s features, especially the ability to upload images and record audio directly. however, i would like to suggest an additional feature that i believe would benefit many users: the ability to upload custom audio files (e.g. .mp3, .wav) directly from our devices. this functionality would allow greater flexibility for language learners, teachers, and content creators who want to use professionally recorde",2025-07-16 08:59:04,Positive,"dear quizlet team, i'm a dedicated user of quizlet plus and truly appreciate the platform's features, especially the ability to upload images and record audio directly.however, i would like to suggest an additional feature that i believe would benefit many users: the ability to upload custom audio files (e.g. .mp3, .wav) directly from our devices.this functionality would allow greater flexibility for language learners, teachers, and content creators who want to use professionally recorded"
ac01c95a-414f-467a-a964-84af59cf64ca,009,4,app này khá ok cho việc học từ vựng tôi có rất nhiều từ vựng chz học mà app này thì lại rất tốt về mặt từ vựng bạn nào còn đg khó khăn trong việc học từ vựng thì app này là tuyệt vời nha còn mấy mặc khác thì tôi ko sài đc vì t muốn mua nhưng bà nào cần học từ vựng thì app này rất tốt vừa thuộc lâu hơn còn có thể phát âm nó nx thay vì học trên giấy thì này tốt hơn rất nhìu,2025-07-14 03:58:37,Positive,"This app is quite good for learning vocabulary. I have a lot of vocabulary to learn and this app is very good in terms of vocabulary. If you still have difficulty learning vocabulary, this app is great. I can't use it for other things because I don't want to buy it. But if you need to learn vocabulary, this app is very good. It takes longer to memorize and you can pronounce it. Instead of learning on paper, this is much better."
440906d9-95b7-4440-a7c0-ed1c4cd7e72d,009,5,"app tiện lợi nha, nếu lười làm flashcard thì tìm kiếm trên app có vài bộ theo chủ đề mình kiếm làm sẵn nha, quá ưng 👍",2025-07-06 12:39:51,Positive,"The app is convenient. If you're lazy to make flashcards, search on the app and there are a few ready-made sets based on the topic you're looking for. It's great 👍"
b6a02152-c2bb-4d63-b7da-b04a67cdff12,009,5,"giúp nhớ từ vựng siêu lâu, mà còn vui nữa, có rất nhiều trò chơi cần phải nhớ từ vựng để hoàn thành rất rất vuiiii, các bạn nên thử",2025-07-05 03:03:52,Positive,"Helps me remember vocabulary for a super long time, but it's also fun. There are many games that require you to remember vocabulary to complete. It's very fun. You should try it."
4a8618c7-e57a-4727-8fe7-10a198e5a7b7,009,4,rất hay và thú vị rất nên thử nếu sử dụng đều đặn thì việc tiếp thu từ vựng sẽ rất nhanh cho những ai khó học từ vựng,2025-06-29 13:56:49,Positive,"Very good and interesting, you should try it. If used regularly, vocabulary acquisition will be very fast for those who have difficulty learning vocabulary."
36ad66d8-a533-4ac7-8771-f015a5ba0db0,009,5,"tôi thấy nó rất hữu ích, có thể tự làm bài, chơi nhiều tựa game liên quan đến bài mình học, lại còn có thể tự tạo thư mục bài học nữa, thật sự rất ok la!",2025-06-26 05:45:17,Positive,"I find it very useful, I can do my own lessons, play many games related to the lessons I learn, and can even create my own lesson folders, it's really good!"
760c0b19-203c-4833-a823-76c2db46e4bd,009,5,đây là một dụng cụ học tập quá tuyệt vời nó không chỉ giúp bạn học và ghi nhớ thực sự nhanh hơn mà còn lâu hơn thậ sự tuyệt,2025-06-25 00:40:51,Positive,"This is such a great learning tool that it not only helps you learn and remember faster, but it also lasts really great."
23bf451d-d9c5-4619-a499-cb8f005fbb10,009,5,"vừa hc vừa chs vui lắm nha mn , dễ nhớ lắm lun . hơi tốn tg để tự tạo flashcard mà đổi lại vừa học vừa vui như này thì xứng đáng .nên thử",2025-06-23 09:20:48,Positive,"It's fun to learn and play at the same time, it's easy to remember.It's a bit expensive to create your own flashcards, but in return for learning and having fun like this, it's worth it. You should try it"
ac537320-caaf-4918-9e37-ce6dc3c95425,009,4,"ứng dụng thì rất tốt, học ổn nhưng giá dịch vụ premium thì quá mắc so với loại khách hàng hay gọi là nhóm tuổi sử dụng. hầu như các bạn dùng app này học đều ở độ tuổi học sinh, sinh viên nên khả năng chi trả thấp. vì vậy tôi góp ý nên giảm giá dịch vụ premium xuống chút để thu hút người sử dụng hơn trong đó có cả tôi. mong đội ngũ xem xét !",2025-06-22 15:46:11,Positive,"The application is very good, learning is good, but the premium service price is too expensive compared to the type of customer called the age group.Most of the people who use this app are of school age, so their ability to pay is low.Therefore, I suggest that the premium service price should be reduced a bit to attract more users, including me.Hope the team will consider!"
dc0ec3ee-a25a-43ef-9669-a137762d4f4d,009,5,"app hay , tuy chỉ mới tải nhưng thấy học rất hay , có nhiều thứ để học bao gồm cả các ngôn ngữ chỉ, gợi ý nghĩa cẩn thận",2025-06-21 14:01:58,Positive,"Good app, even though I just downloaded it, I find it very interesting to learn. There are many things to learn, including languages, and carefully suggest meanings."
86da90ca-5dfc-4745-9889-6b587a08c282,009,5,"app hay lắm.học vậy khoa học , quên thì ôn lại luôn. quá tuyệt để học ngoại ngữ hay bất cứ môn gì cần học thuộc",2025-06-19 07:59:16,Positive,"The app is very good. Learn it scientifically. If you forget, just review it.Great for learning a foreign language or any subject that needs memorization"
8e030e98-c854-4d5b-ac20-e6f3634a59b8,009,5,"app rất tuyệt. mình có thể học lại các từ vựng đó nhiều lần. việc lật flashcard nhiều lần khiến mình dễ nhớ hơn. quan trọng là bạn lặp lại nhiều lần, từ vựng sẽ vào đầu nhiều hơn. chúc chúng ta cùng học tốt",2025-06-18 13:18:02,Positive,"the app is great.I can relearn those vocabulary many times.Flipping the flashcard over and over makes it easier to remember.The important thing is that the more you repeat it, the more vocabulary will come into your head.Hope we study well together"
ea100b8d-6d84-48a2-9297-5da015d0d5f7,009,5,tốt lắm lun nha mn có thể học trog hè trc khi đi học ở trường nha cung cấp đầy đủ từ vựng lắm ạ 🤩,2025-06-15 14:57:48,Positive,"That's great, you can study in the summer before going to school. It provides a full vocabulary 🤩"
295e5b4d-bb88-4b26-9f94-07f111cbaf14,009,5,quizlet là một ứng dụng học từ vựng rất tuyệt vời. nó có cung cấp các diễn giải từ vựng bằng tiếng anh và có hỗ trợ phát âm từ vựng. nếu bạn thực sự muốn học từ vựng nhanh thì quizlet plus không tệ đâu.,2025-06-09 11:26:38,Positive,"Quizlet is a great vocabulary learning app.It provides vocabulary explanations in English and has vocabulary pronunciation support.If you really want to learn vocabulary quickly, quizlet plus is not bad."
e524a3f8-552f-4f26-bebe-bd707069419e,009,5,rcm mn tải app này nha siêu bổ ích dễ hc thuộc từ cực vừa học vừa chơi mà vẫn hc đc thì nên tải,2025-06-09 02:39:14,Positive,"rcm please download this app, super useful, easy to learn vocabulary"
6ee25146-5b2d-4678-bc65-671eac947627,009,5,"rất tốt nha tuy là có mấy cái chức nắng phải mua ấy nhưng hocn chay thì vẫn có đầy đủ mọi thứ cần để ôn luyện,nhờ app này mà tui có thể học 50 từ vựng 1 lúc và có thể sẽ tăng nhiều lên ấy rất tốt cho những bann tự học nhé?phù hợp cho việc ôn luyên từ vựng",2025-06-08 14:00:31,Positive,"It's very good, although there are a few functions that have to be purchased, but vegetarian learners still have everything they need to practice. Thanks to this app, I can learn 50 vocabulary at a time and can increase it. It's very good for self-study students, okay? Suitable for reviewing vocabulary."
ed222d63-c274-4ee1-9fef-ea343c7f7bff,009,4,"cũng ok á. mà cần nạp vô ms tận dụng tốt. free chỉ có chữ thôi k có hình🥲, ktra cx chỉ đc 1 lần. mà cx đáng dùng nhé💗",2025-06-05 07:46:07,Positive,"ok too.but need to be loaded, ms makes good use of it.Free only has text, no pictures🥲, check cx only once.but it's worth using💗"
b5321a31-fa2d-4648-b2c7-ee7a3d723632,009,4,"tôi hài lòng với ứng dụng này về cách học, tuy nhiên tôi lại không thể chia sẻ học phần của mình với người khác, mong nhà phát hành hướng dẫn giúp, nếu được tôi sẽ chỉnh lại 5 sao. hiện tại tôi 23 tuổi nhưng theo gmail xác nhận tôi chỉ có 5 tuổi thôi.",2025-06-04 09:30:14,Positive,"I'm satisfied with this application in terms of learning, but I can't share my lessons with others. I hope the publisher can guide me. If possible, I will give it 5 stars.I'm currently 23 years old but according to gmail, I'm only 5 years old."
76d36193-9d2c-4553-b688-e60a2aa8c063,009,5,"học như này dễ ghi nhớ hơn á,đây là ứng dụng mà t thấy dễ ghi nhớ,nên mới đánh giá 5sao á nha,chứ mấy cái app còn lại t toàn đánh giá 2 với 3 sao",2025-06-03 03:16:14,Positive,"Learning like this is easier to remember. This is an app that I find easy to remember, so I rate it 5 stars, but I rate the other apps 2 to 3 stars."
eea0aaa5-b815-4981-b904-159ab30c141c,009,5,the app is really good for learning many different vocabulary topics and also has tests for memorization. i only use it for learning english. it's ok👍,2025-06-01 14:36:22,Positive,the app is really good for learning many different vocabulary topics and also has tests for memorization.i only use it for learning english.it's ok👍
006cb7a3-8503-4ead-9a8a-95229241168c,009,4,"ai tận dụng tốt thì đây sẽ là app giúp các bạn có thể học tốt hơn thông qua phương thức flash card, nhưng muốn dùng nhiều phải up lên premium",2025-05-23 14:14:16,Positive,"If you use it well, this will be an app that will help you learn better through the flash card method, but if you want to use it a lot, you have to upgrade to premium."
784c6192-16c3-462a-9e59-8e9c3b952071,009,5,"đây là ứng dụng rất tốt. mình nghĩ nó có thể tốt hơn nữa bằng cách cho phép ngưòi học tags từng thẻ trong một bộ thẻ của mình, điều đó sẽ giúp cho việc đỡ phải chia ra nhiều bộ thẻ khác nhau của cùng một chủ đề phức tạp, đồng thời dễ tìm học hơn.",2025-05-17 23:06:51,Positive,"This is very good application.I think it could be even better by allowing learners to tag each card in their card set, that would help avoid having to divide into many different sets of cards on the same complex topic, and make it easier to find and learn."
fc3945f5-fecd-4462-a362-aa24bc58f775,009,5,"free được nhiều tính năng, mình sẽ sử dụng thêm một tgian để xem sao nhé. app học từ vựng hiệu quả + tiện vì có gợi ý định nghĩa, cho sẵn phiên âm.",2025-05-13 09:16:35,Positive,"Free has many features, I will use it for a while to see how it goes.Vocabulary learning app is effective + convenient because it has suggested definitions and available transcription."
dce963d9-a456-4e64-b2e4-1c521119bdaa,009,5,từ lúc dùng app việc học thuộc trở nên dễ hơn hẳn mong app có nhiều tính năng thú vị cho việc học tập nữa <3,2025-05-12 04:43:34,Positive,"Since using the app, memorizing has become much easier. I hope the app has many interesting features for learning <3"
d72d8851-affd-4659-bcce-b1eeafc39922,009,5,"nhiều tính năng, dùng để học từ vựng tiếng anh ổn lắm, mấy tính năng cơ bản là đủ dùng rồi á, có điều kiện thì mua bản pro xịn hơn, không thì học cũng okela lắm.",2025-05-08 14:15:46,Positive,"Many features, it's very good for learning English vocabulary, the basic features are enough to use, if you can afford it, buy the better pro version, otherwise it's ok to learn."
9c733ef1-e7b2-45a2-a494-f391d9aebb0f,009,5,"app này sẽ tính phí khi các bn hc nhé, nếu muốn có environment hc tập tốt hơn thì mua quizlet plus hc cho đã🤩. cách hc khiến mình rất dễ ghi nhớ và rất modern nè😝, phí hc nvay thì mình cx thấy khá hợp lý, nếu app giảm tiền hc xuống xíu thì sẽ siu phù hợp vs những anh/chị hssv nè💗",2025-05-07 13:08:13,Positive,"This app will charge you when you study. If you want a better learning environment, buy Quizlet Plus Hc🤩.The learning method is very easy for me to remember and very modern😝. I find the tuition fee to be quite reasonable. If the app reduces the tuition fee a little, it will be very suitable for students💗"
5333b11a-f8d3-46c2-8c70-082c5ab6b913,009,5,"chân ái khi học từ vựng của mình, 10 điểm không có nhưng ạ. cách học qua app này khiến mình cảm thấy thú vị, không nhàm chán chút nào tuy nhiên giá gói quizlet plus khá cao, mong rằng nhà sản xuất có thể giảm xuống đôi chút cho phù hợp với học sinh, sinh viên ạ.",2025-05-04 19:37:46,Positive,"Sincere love when learning my vocabulary, 10 points without but.Learning through this app makes me feel interesting, not boring at all. However, the price of the Quizlet Plus package is quite high, I hope the manufacturer can reduce it a bit to suit students."
24bb7aed-39ed-4f87-a899-90707a758b43,009,4,"ứng dụng rất tốt,cảm ơn nhà sáng tạo ứng dụng này giúp người học dễ dàng.tuy nhiên, vẫn có nhược điểm ở chỗ khi tôi thao tác vuốt lên xuống lại vô tình xoá đi các bài học mà tôi đã tạo ra 1 cách trình tự.việc nhà tạo cho thao tác vuốt bài học từ phải qua trái là xoá được học phần và không có nút để khôi phục.điều đó tạo ra sự khó chịu khi tôi đã tạo ra bài học rồi lại vô tình xoá đi và việc thêm vào lại cũng gặp nhiều khó khăn.rất mong nhà sáng tạo có thể khắc phục nhược điểm này.cảm ơn rất nhều",2025-04-28 07:08:25,Positive,"The application is very good, thank you to the creator. This application makes it easy for learners. However, there is still a drawback in that when I swipe up and down, I accidentally delete the lessons I have created in sequence. The task of creating a lesson by swiping from right to left is to delete the lesson and there is no button to restore. That creates discomfort when I create a lesson and then accidentally delete it, and adding it again is also very difficult. I really hope the creatorcan fix this drawback. thank you very much"
fdd1d2fa-4725-48f5-8d99-7f3cedf1a56d,009,5,"dùng học bài rất ôk, tiện lợi, giúp tui có thể học bài ở mọi lúc, mọi nơi. nhưng giao diện hơi chán, cho phép đổi màu đơn sắc khác miễn phí thì sẽ tốt hơn, chứ nhìn lâu 1màu sẽ bị chói mắt, ko muốn nhìn nữa.",2025-04-27 07:16:26,Positive,"Very good and convenient to use to study, helps me study anytime, anywhere.but the interface is a bit boring, allowing you to change to another monochrome color for free would be better, but if you look at one color for too long it will be dazzling and you won't want to look at it anymore."
48aa0ae3-8ac8-42a4-999e-55976e644b49,009,5,"đây là một ứng dụng cực kỳ tuyệt vời, nó đã khiến tôi đạt được điểm rất cao trong kỳ kiểm tra gần đây. tôi rất là thích điều đó khi tôi đạt được điểm cao... hy vọng quizlet có thể nâng cấp thêm nhiều chế độ mới hiệu quả cho việc học trở nên nhớ lâu hơn đồng thời cũng đạt điểm cao, và nhân tiện tôi là sinh viên y dược ☺️🔬",2025-04-23 05:15:55,Positive,"This is an extremely great app, it made me score very high in a recent test.I really like it when I get high scores... hopefully quizlet can upgrade more new and effective modes for learning to remember longer and also get high scores, and by the way I'm a medical student ☺️🔬"
f591a6ec-12f2-41b1-9ea6-d613baf32c10,009,5,tuyệt vc luôn í miễn phí hầu như tất cả chức năng học xong ghi nhớ sai lầm khi k bt đến ứng dụng này sớm hơn,2025-04-19 23:38:04,Positive,"It's great, it's free, almost all functions are learned, remember mistakes when not coming to this app earlier"
62584afd-da45-4f1d-8ab4-ec79d48c10c4,009,4,quá bị động nếu tôi điền hai từ đồng nghĩa vào nó sẽ nhận định tôi làm sai chỉ cần sai 1 chữ th cũng tính là sai vd: sự đa dạng sinh học tôi điền sự đa dạng về sinh học nó bảo tôi sai :),2025-04-18 11:26:33,Positive,"Too passive, if I fill in two synonyms, it will say I'm wrong, even if I'm wrong with just 1 letter th, it will count as wrong eg: biodiversity, I fill in biological diversity, it says I'm wrong :)"
11ee6142-3562-417f-a08e-4a0ddbfaa20b,009,5,app giúp mình học tốt hơn và tự bản thân có thể tự làm kiểm tra là 1đ công dành cho app xứng đáng 5 sao ạ,2025-04-16 12:22:33,Positive,"The app helps me study better and be able to take my own tests, which is a credit to the app that deserves 5 stars."
134ee5b1-177b-461b-8b9f-e5a3f8f3ecf2,009,5,"ê app tốt nha dễ học lắm lun ý nên tải cho các bạn nào muốn học tiếng trung,đài ,nhật ,hàn... nó dễ hiểu lắm ý",2025-04-12 17:43:35,Positive,"Hey, it's a good app. It's very easy to learn. I recommend downloading it for those who want to learn Chinese, Taiwanese, Japanese, Korean... it's very easy to understand."
845e8a0d-7c8f-4829-8266-429f9cde32e3,009,4,ủa cái trò blocks chơi lm sao v đọc cách chơi 1 lúc r mà vẫn ko bt cách kiểm tra đáp án như nào???,2025-04-10 13:28:09,Positive,How can I play this block game? I've read how to play it for a while but still don't know how to check the answer???
aa4b77a8-556b-4c85-938f-ab4c0abc2340,009,5,mọi người ơi ai chỉ tớ cách xài với tớ tải về rồi tớ thích bộ môn khoa học tự nhiên lắm nhưng mà vô mấy cái phần đó thì không có cái phần nào là tiếng việt cả với cả toàn mấy cái lạ quắc tớ muốn học giống như cái phần hình quảng cáo như là tìm ấy mà vô toàn chữ không là sao😭,2025-04-01 11:38:14,Positive,"Hey everyone, can someone show me how to use it? I downloaded it. I really like natural science, but in those parts, there's no Vietnamese part and all the strange things I want to learn, like the advertising image part like searching, but it's full of words, so why not?"
10962cad-4188-4c26-8afb-b6baf9087319,009,4,"học rất tốt luôn, nhớ từ lâu, có nhiều flashcard sẵn để học sau khi học một thời gian thì t thấy có một chút bất tiện về nghĩa của từ, phải viết đúng hoàn toàn .thêm nữa, có 2 phần minigame mới thì bị lỗi, vào phần cài đặt chọn ""chỉ học thuật ngữ có gắn sao"" nhưng ko đc, và khi nhập đúng nghĩa của từ thì lại cho sai.",2025-03-21 13:47:30,Positive,"Learning is very good, remembers for a long time, there are many flashcards available to study. After studying for a while, I found it a bit inconvenient about the meaning of the word, having to write it completely correctly. In addition, there are 2 new minigames that have errors, in the settings select ""only learn starred terms"" but it doesn't work, and when entering the correct meaning of the word it says wrong."
aa56b9b3-4763-4258-8af4-dfbcb241acf2,009,5,"app ổn nhé, lúc tải phần luyện tập hơi chậm chút mong app cải thiện sớm. chúc app càng ngày càng đc bt đến rộng rãi và tốt hơn từng ngày nhé 😊",2025-03-14 14:50:04,Positive,"The app is okay, the practice section is a bit slow when loading, I hope the app improves soon.I hope the app becomes more and more popular and gets better day by day 😊"
79c37102-461f-4703-8819-6b462a97def6,009,5,"app khá tốt để học thuộc từ vựng , nhưng nếu dùng app trên máy tính lâu sẽ bị lỗi ( khi ghép từ ) nên mong quizlet cải thiện ạ",2025-03-09 13:13:16,Positive,"The app is quite good for memorizing vocabulary, but if you use the app on the computer for a long time, there will be errors (when combining words), so I hope Quizlet improves."
86e8371b-dd60-445d-aba8-72becb4511f2,009,5,"rất ô kê , giúp tôi học tập rất tốt, thúc đẩy tôi học từ vựng , thứ duy nhất ng nghèo như tôi ko thích là premium :))))))",2025-02-20 01:57:18,Positive,"very cool, helps me study very well, motivates me to learn vocabulary, the only thing poor people like me don't like is premium :))))))"
f17ecbe7-d648-455f-ac85-f4e5f657ac6e,009,4,"app ok mỗi cái tạo flashcard hơi cực, mà có thể lưu để học học bộ từ xủa người khác luôn nè. nhiều game nữa, đáng thử nha!!!",2025-02-15 23:11:43,Positive,"The app is ok, creating flashcards is quite fun, but you can save them to learn other people's vocabulary.Many more games, worth trying!!!"
2439a708-e1e0-408a-bea2-6031cac06204,009,5,rất hay có thể học từ vựng miên phí nhưng mà có vài phần nếu ko mua gói thì có vài phần khóa chx hoàn toàn miễn phí .tóm lại thì tốt.,2025-02-15 11:52:11,Positive,"It's great to be able to learn vocabulary for free, but there are some parts that are completely free if you don't buy the package. In short, it's good."
3e9acfe5-5066-4871-b919-a976dd4f10ab,009,4,"in the learning section, there should be a separate part for the sound after choosing the answer instead of both, i use the answer by definition and the sound that is annoying",2025-02-13 04:21:50,Positive,"in the learning section, there should be a separate part for the sound after choosing the answer instead of both, i use the answer by definition and the sound that is annoying"
15ef3eae-ef01-43b1-bc5b-441c18838122,009,5,"hơn cả tuyệt vời ,mn ai cũng phải tải nha ,app học rất tốt ,hay ,phải đăng kí cũng đúng mn ạ do app tốt mà phải đăng kí thì mới đc học những cái tốt hơn ạ 🥰🥰😘",2025-02-10 13:28:47,Positive,"It's more than amazing, everyone must download it, the learning app is very good, good, you have to register, that's right, because the app is good, you have to register to learn better things 🥰🥰😘"
ae0524be-d35f-442e-81ff-ec4754eba669,009,5,"app giúp học thuộc bài nhanh gọn lẹ, mình chỉ cần 5 phút đã học thuộc, app đa dạng kiểu học khác nhau và nhiều mảng để học như: toán, khtn, ngôn ngữ, xã hội thông tin,... nên thử nhaaaaa",2025-02-05 13:31:12,Positive,"The app helps me memorize lessons quickly and easily. I learned it in just 5 minutes. The app has many different learning styles and many areas to learn such as: math, science, language, information society,... you should try it."
592805ac-72eb-4c02-8c12-4bfd0294eadf,009,4,"app tạm được hơi lag; lỗi khi thả ảnh vào; nên cho tính năng tùy chỉnh font chữ, kích thước; cần tối ưu hóa giao diện lại",2025-01-26 13:32:42,Positive,The temporary app is a bit laggy;error when dropping image;Should have the ability to customize font and size;Need to optimize the interface again
908eb85f-7fee-4867-ab48-a9c01bb83115,009,5,"ứng dụng hay lắm ạ, mình có thể duy trì bộ nhớ được đâu và rất dễ học thuộc từ vựng mới ạ rất đáng thử",2025-01-18 04:11:30,Positive,"The app is great, I can maintain my memory and it's very easy to memorize new vocabulary. It's worth a try"
97271d8c-53c6-4be1-ab46-45a8648a0989,009,5,"tôi nghĩ là ko nên khoá phần học vì đây là phần giúp tôi thuộc từ vựng rất nhanh, thuộc lâu. vì thế, mà có thể bỏ khoá phần này được ko???🥹🥹🥹",2025-01-12 02:28:04,Positive,"I think I shouldn't block the learning part because this is the part that helps me memorize vocabulary very quickly and for a long time.So, can you unblock this section???🥹🥹🥹"
68b1cf97-0e42-4ec7-8845-b25c9603c841,009,4,"e còn 500 tấm thảm xốp kt 1m x 1m cần xả ạ tránh trấn thương,êm ái vệ sinh lau trùi thoải mái k ngấm nước dày 2cm-2,4cm ship cod toàn quốc mua nhiều miễn phí shipp ib e nhé",2025-01-09 12:54:44,Positive,"I still have 500 1m x 1m foam carpets that need to be rinsed to avoid injury. They are soft and comfortable to clean and wipe down. They are waterproof, 2cm-2.4cm thick, ship with cod nationwide. Buy more for free. Inbox me."
6a537eab-be62-4531-86d7-89bf23dc2258,009,5,biết tới quizlet từ năm 2022 nhưng hôm nay tôi mới dùng thử. đang free 7 ngày. xong 7 ngày này tôi mới có đánh giá chính xác hơn nữa. hiện tại 5 sao cũng ok đó!,2025-01-07 04:11:04,Positive,I've known about quizlet since 2022 but I just tried it today.is free for 7 days.Only after these 7 days will I have a more accurate assessment.Currently 5 stars is ok!
ce6ff3f7-5dd4-4cfc-a862-d082f2d8292e,009,5,"mình học thấy khum có qc hoặc ít=)) thấy cũng hiệu quả á, mình hay học tiếng anh từ vựng nâng cao thấy ổn lúm",2025-01-04 05:29:01,Positive,"When I study, I find it has some quality or less =)) I find it effective, I often study advanced English vocabulary and find it okay."
7ad6c2aa-a9cd-4843-992e-c8e47e5969d2,009,5,"tốt <3 mong nhà sản xuất cho thêm hỏi tuổi để họ biết để họ mình học những thứ quan trọng hơn <) nhưng tôi vẫn yêu thích cái app này, bởi vì nó cho mình học những từ vựng mới mà giáo viên tiếng anh của mình chưa có dạy.",2024-12-26 12:53:01,Positive,"good <3 I hope the manufacturer will add age questions so they know so they can learn more important things <) but I still love this app, because it lets me learn new vocabulary that my English teacher hasn't taught me yet."
eae6dc7d-7cef-41a4-b611-a28ff7d69064,009,5,"app dùng tốt trong việc học và ghi nhớ , có thể làm đề cương cho các đa dạng môn luôn , hay và hữu ích , cảm ơn",2024-12-14 06:35:28,Positive,"The app is good for learning and memorizing, can make outlines for a variety of subjects, good and useful, thank you."
800b8af3-74ad-4f17-b6a4-d6080f1fc3b1,009,5,"nhà phát hành ơi xin hãy đọc coment này của tôi . tôi đánh gà ứng dụng rất hay và tốt , nhưng tôi mong muốn nhà phát hành tạo thêm mục phiên âm khi học tiếng anh tôi nghĩ như vậy sẽ hữu dụng hơn rất nhiều tôi xin hết ! xin chân thành cảm ơn nhà phát hành",2024-12-09 14:10:58,Positive,"Publisher, please read my comment.I think the app is very good and good, but I wish the publisher would add a phonetic transcription section when learning English. I think that would be much more useful. I'd like to thank you!Sincere thanks to the publisher"
04d74168-6eb9-4429-87ad-47abf153daf3,009,5,"rất tốt,tiện giúp mình từ 4đ anh thành 8đ anh nhờ app này!cho 5 sao liền nha mà còn rất nhẹ nx,mấy dung lượng ít rất thích nha",2024-12-06 13:12:35,Positive,"Very good, it helped me from 4 VND to 8 VND thanks to this app! Give me 5 stars right away, but it's also very light, I like the small capacity."
d7e6d260-ed49-4a75-8b94-d5210050d353,009,4,app rất bổ ích nhưng nếu chi phí nâng cấp rẻ hơn sẽ dễ tiếp cận đối tượng sử dụng hơn vì hầu hết các bạn sử dụng app này đều là hssv,2024-12-04 18:45:34,Positive,"The app is very useful, but if the upgrade cost is cheaper, it will be easier to reach users because most of the people who use this app are students."
7789e829-44cc-40df-9831-80d322ef9ec0,009,4,"tôi đánh giá cao sự kết hợp giữa học và chơi làm cho việc tiếng anh trở nên dễ dàng , nhưng sẽ thật tốt hơn nếu quizlet thêm tính năng mỗi lần học tiếng anh , hoặc kiểm tra thuộc bài sẽ được tăng level . có bảng xếp hạng giữa bạn bè và các người dùng, điều này sẽ làm tăng lên phần kích thích và thú vị hơn . tôi hy vọng sau khi bạn đọc xog có thể cái thiện nó",2024-12-03 05:38:54,Positive,"I appreciate the combination of learning and playing that makes learning English easy, but it would be better if Quizlet added a feature that each time you learn English, or if you test memorization, your level will increase.There are rankings among friends and users, which will increase the excitement and excitement.I hope after reading it you can improve it"
5c2f1388-fc21-4b92-89ab-1da83127244f,009,5,"app này quá tốt, đã giúp tôi rất nhiều trong việc học tập, cám ơn nsx nhìu, mong nsx sx nhiều app học hay và bổ ích như thế nữa nhé",2024-11-26 04:53:32,Positive,"This app is so good, it has helped me a lot in studying. Thank you so much, I hope you produce more good and useful learning apps like this."
44dfba33-f88d-4d02-8a9d-bfe58d5dbf11,009,5,"phần mềm này quá tốt tôi khuyên các bạn nên, bên cạnh đó nó còn có thể đọc từ vựng cho chúng ta giúp chúng ta ghi nhớ",2024-11-24 14:29:51,Positive,"This software is so good I recommend it, besides it can also read vocabulary for us to help us remember."
bd5f56dc-14d0-4071-822b-489b5b335b0d,009,5,"ứng dụng cung cấp tính năng học từ vựng bằng flashcard, giúp người học ghi nhớ từ vựng một cách hiệu quả và lâu dài.",2024-10-29 06:49:16,Positive,"The application provides vocabulary learning features using flashcards, helping learners remember vocabulary effectively and long-term."
d6e32427-ef29-4a30-9d5e-580eee6593da,009,5,"app này học bài rất tốt.học nhiều thì thuộc rất nhanh luôn . nhưng lâu lâu vô học thì cũng được, để nối chuỗi lâu dài.",2024-10-28 11:53:13,Positive,"This app is very good at learning lessons. If you study a lot, you will memorize it very quickly.But it's okay to be uneducated from time to time, to build a long-term chain."
ad1d6830-a48c-4764-bc18-d6f2aa34215b,009,5,"hi tôi cảm thấy học trên quizlet rất tốt nhưng vẫn mong nhà phát triển thêm tính năng nhập từ vựng trên web , chỉ cần nhập vào là các hình ảnh của từng tự đã có . vì tôi học rất nhiều và việc nhấp vào từng tự chọn ảnh thật sự rất mắt thời gian",2024-10-27 04:45:15,Positive,"Hi, I feel like learning on Quizlet is very good, but I still hope the developer will add the ability to import vocabulary on the web, just enter and the images of each word will appear.because I study a lot and clicking on each photo is really time-consuming"
1927b35e-790d-4336-bb4e-f872e72715c4,009,4,app rất tuyệt và đặc biệt không có quảng cáo nhưng nó có thể tuyệt hơn nếu như nó có thêm tính năng lập lại ngắt quãng,2024-10-26 12:33:12,Positive,"The app is great and has no ads, but it could be better if it had an interval repeat feature"
17ab8437-e71d-4bd9-b2c4-154ccdb2abf2,009,5,"mình đang học và thấy khá hiệu quả nha, trên này có nhiều nguồn tài liệu và bài học, học phần. phù hợp với nhiều đối tượng học ạ. giá để nâng cấp tk vip cũng không cao, hơn 100k mà học được nhiều nguồn kiến thức thì mình thấy thế là oke rồi. mình thấy học trên này tiện lắm á, tại chỉ cần tải 1 app mà có thể học nhiều môn học/học phần. vd như học ngôn ngữ, các môn tự nhiên hay là các môn xã hội, các học phần của các ngành trên đh có hết luôn trên app này, nên là mình thấy app rất oke ạ 😚",2024-10-23 19:38:14,Positive,"I'm studying and finding it quite effective. There are many resources, lessons, and modules on here.Suitable for many learners.The price to upgrade a VIP account is not high, more than 100k but I can learn from many sources of knowledge, then I think that's ok.I find studying here very convenient, because I only need to download one app and I can study many subjects/modules.For example, learning languages, natural subjects or social subjects, the modules of majors in the university are all available on this app, so I find the app very good 😚"
1e76a803-0f38-4f22-8b55-5869585215b6,009,5,cũng ok nhưng muốn thêm tính năng trong phần cài đặt là thêm số câu mình muốn chớ ôn bài cũ 30 mấy từ mà ôn đi ôn lại chỉ khoảng mấy câu cứ lặp đi lặp lại còn mấy câu khác thì ko thấy 🫠,2024-10-21 04:13:24,Positive,"It's ok but I want to add a feature in the settings to add the number of sentences I want, not to review old lessons of 30 words but review over and over again, only about a few sentences keep repeating and I don't see the other sentences 🫠"
930e8082-cd4e-405f-892e-767c76d1f0a2,009,5,"ứng dụng tốt, ui dễ hiểu, hình như mới có thêm phần bulk upload khá là tiện. tạo từng thẻ cũng nhanh hơn khi phần nghĩa được gợi ý ra sẵn ấy, không biết phần đó quizlet lấy từ những thẻ khác do những người khác tạo hay là lấy gợi ý từ gg dịch. nói chung là 10 điểm rất recommend.",2024-10-18 16:51:44,Positive,"Good app, easy to understand UI, seems like the new bulk upload section is quite convenient.Creating each card is also faster when the suggested meaning is available. I don't know if that part quizlet takes from other cards created by other people or if it takes suggestions from google translate.Overall 10 points highly recommended."
9adf6c4d-04c2-4458-9a9c-d6ad9db46db1,009,5,"ứng dựng tiện lợi mang lại cảm giác thik thú khi học trên app tăng khả năng nhớ từ vựng , ứng dụng rất thik hợp với các bạn học sinh,sinh viên.có nhiều khoá học vui nhộn hay và nhiều file tài liệu bổ ích .💓💓",2024-10-17 10:55:25,Positive,Convenient application brings a feeling of enjoyment when studying on the app to increase the ability to remember vocabulary. The application is very suitable for students. There are many fun and interesting courses and many useful document files.💓💓
e6acf9bd-282d-45d4-aaeb-034827dcb955,009,5,"khỏi phải nói, ứng dụng siêu xịn xò. mình dùng úng dụng để học ngoại ngữ, cảm giác dễ nhớ hơn so với việc mình chép truyền thống. dùng bản free nhưng nội dung rất đầy đủ. đánh giá 100 sao luôn nhé🤩",2024-10-12 12:50:23,Positive,"Needless to say, the application is super cool.I use the app to learn foreign languages, it feels easier to remember than traditional copying.Use the free version but the content is very complete.Rate it 100 stars🤩"
1c7c6ff5-a189-4e8b-92cb-197c6ee1f2bf,009,4,"có thể tự tạo và chia sẽ nó cho người khác được, bằng phương pháp lặp lại khiến não sẽ nhớ tốt hơn, làm bài tiếng anh là hết sảy .",2024-10-03 12:16:31,Positive,"You can create it yourself and share it with others. By using the repetition method, your brain will remember better. It's perfect for doing English exercises."
af843923-2dd2-47c7-8550-70528578bb19,009,5,"cảm ơn app nhiều ạ ,nhờ app mà em học từ vựng dễ dàng hơn đấy,mặc dù em mới học có 4 ngày nhưng em đã ko giữ được chuỗi của mình rồi 😹 haha em sẻ tập thói quen học app nhiều hơn ạ.chân thành cảm ơn app♡",2024-10-03 09:46:04,Positive,"Thank you so much for the app. Thanks to the app, I'm learning vocabulary more easily. Even though I've only been studying for 4 days, I can't keep my streak 😹 haha ​​I'll get into the habit of studying the app more. Sincerely thank you app♡"
655212dd-37f7-419a-bb30-22c181556973,009,5,"app rất hay tuy rằng thời gian mình trải nghiệm khá ngắn. nhưng mình thấy rất thú vị, nó giúp cho mình có thể nắm vững kiến thức bằng một cách rất dễ nhớ.",2024-10-01 03:32:50,Positive,"The app is very good, although the time I spent experiencing it was quite short.But I find it very interesting, it helps me master knowledge in a very easy to remember way."
95bce1bc-c905-4270-ae10-fc673e79aada,009,4,ok thì ok đấy nhưng nó cứ khùng khùng sao ấy. kiểu đáng sử dụng lưu thư mục hay thêm lớp học nhưng có lúc nó không chịu thêm rồi làm lại thì nó đứng luôn không lm j đc nữa hết. chỉ còn cách đóng app thôi. mong sớm khắc phục :)),2024-10-01 01:58:15,Positive,"ok that's ok but it's just crazy.It's worth using to save folders or add classes, but sometimes it refuses to add it and then when you do it again, it stops working and can't do anything anymore.The only way is to close the app.Hope to fix it soon :))"
5da546f6-79fc-47b1-9e20-dfbd5799a343,009,5,"một chương trình học tiếng anh cực kỳ hiệu quả cho cả người lớn và trẻ em. nếu bạn có một bộ thẻ hoặc học phần sẵn và bạn cần học thuộc thì rất nên dùng phần mềm này. trên pc có nhiều chức năng hơn là điện thoại. hay nhất là phần học - viết chính tả. mình sẽ nghe máy đọc và viết lại từ đó, nếu ai chưa nhớ hẳn thì có thể xem phần dịch. còn nếu ko chỉ cần nghe và viết. bản pc cũng có nhiều chế độ học và kiểm tra, cho con học và cho mình học cũng rất tốt. 5 sao cho ứng dụng này",2024-09-30 08:42:40,Positive,"An extremely effective English learning program for both adults and children.If you have a set of cards or modules available and you need to memorize them, you should use this software.PCs have more functions than phones.The best part is the learning part - spelling.I will listen to the machine read and rewrite the word. If anyone doesn't remember it completely, you can see the translation.If not, just listen and write.The PC version also has many learning and testing modes, so it's also very good for your children to study and for you to study.5 stars for this application"
d793bb0b-5e5c-4419-bc71-1f6c99ed498c,009,4,mới dùng thử thì thấy app học dễ thuộc từ vựng nhưng có khuyết điểm là phải mua gói 😔 nên - 1 sao nhé,2024-09-22 13:59:48,Positive,I just tried it and found that the app is easy to memorize vocabulary but has the disadvantage of having to buy a package 😔 so - 1 star.
38cca280-7c6e-454e-a556-ec63de8886a7,009,5,"app hayy lắm nè, phù hợp để trau dồi từ vựng giúp nhớ lâuu hơn, nên tải nha mn quizlet is great, thank you producer 💗",2024-09-13 05:59:10,Positive,"This app is very good, suitable for improving vocabulary to help remember it longer. You should download it. Quizlet is great, thank you producer 💗"
8ae05d7e-e075-4030-b129-c34d475a995f,009,5,"ứng dụng hỗ trợ mình nhiều trong việc học lắm á, có các bạn đã tạo vài phần học sẵn giúp tụi mik nữa đội ơn ứng dụng với các bạn nhiều lắm💓💓💓💋💋💋",2024-09-10 12:14:46,Positive,The app helps me a lot in studying. Some of you have created some pre-study sections to help us. Thank you very much for the app💓💓💓💋💋💋
742c130d-e9a8-495e-bc66-ca8f2a5f4f02,009,5,"cá nhân mình thấy ứng dụng rất tốt và phù hợp với mọi đối tượng từ đi học tới đi làm, đặc biệt là các bạn đang học tiếng anh, nhưng nếu miễn phí 100% thì có lẽ sẽ tuyệt vời nữa. dù sao thì cũng rất cảm ơn quizlet vì đã giúp cho việc học của mình hiệu quả và thú vị hơn, hi vọng nhà phát hành sẽ tiếp tục cải tiến cho ứng dụng trở nên có ích cho mọi người 🫶.",2024-09-06 05:37:32,Positive,"Personally, I think the application is very good and suitable for everyone from school to work, especially those who are learning English, but if it were 100% free, it would be great.Anyway, thank you very much to Quizlet for making my learning more effective and interesting. I hope the publisher will continue to improve the application to make it useful for everyone 🫶."
bf9086fa-afed-4221-b196-6b8f0f466b2c,009,5,"app rất hữu ích cho việc học tiếng anh và việc ghi nhớ từ vựng, app phù hợp cho mọi lứa tuổi mọi ngành nghề.theo tôi app có tác dụng để ghi nhớ",2024-09-04 08:46:06,Positive,"The app is very useful for learning English and memorizing vocabulary. The app is suitable for all ages and professions. In my opinion, the app is effective for memorization."
b7065b0d-db1f-4d3c-bb58-8b6ceacf7b0e,009,5,"app dùng khá hay, khá bất ngờ về tính năng hiện có, nhưng dành cho hs sv thì giá này hơi chát, với cả mong app sẽ ghêm tính năng cho phép viết các môn khóa học như toán.",2024-09-02 04:23:32,Positive,"The app is quite good to use, quite surprising about the available features, but for students, the price is a bit steep, and I hope the app will add features that allow writing courses like math."
87176db9-faeb-4645-98f8-d7377832d52b,009,4,rất hữu ích trong việc ghi nhớ. trừ 1 sao vì t đã ko bt sớm hơn nên bây giờ không được sài hàng free,2024-09-01 00:26:01,Positive,Very helpful in memorization.Minus 1 star because I didn't order it sooner so I can't use the product for free now
61330906-d9ae-411c-90ff-fe69b4d7658d,009,5,"theo tôi nghĩ, đây có thể là một ứng dụng giúp cho bạn hoàn thiện hơn về việc học tiếng anh. không những vậy, các bạn còn được học tập và chơi cùng với ngoại ngữ nữa. cùng nhau cố gắng học tập nhé!",2024-08-27 15:45:26,Positive,"In my opinion, this can be an application that helps you improve your English learning.Not only that, you can also learn and play with foreign languages.Let's try to study together!"
f09f3e16-816e-4b3b-a063-0ed14e90882b,009,5,"theo tớ, ứng dụng này rất hợp để giúp mọi người ghi nhớ lí thuyết và các công thức. đặc biệt là khi học các từ vựng tiếng anh, app rất sáng tạo về cách tạo câu hỏi trắc nghiệm lẫn tự luận để mọi người dễ nhớ lâu hơn. nói chung, app rất tuyệt vời và hợp với các bạn học sinh lắm ấy nha❤️❤️❤️",2024-08-25 06:44:42,Positive,"In my opinion, this application is very suitable to help people remember theories and formulas.Especially when learning English vocabulary, the app is very creative in creating multiple-choice and essay questions to make it easier for people to remember longer.Overall, the app is great and very suitable for students❤️❤️❤️"
4f43b7d3-13a6-4c3e-bdc8-861531dbd926,009,5,"một cái app hơi bị ổn nha. làm bài mượt mà còn được đổi quà. mong là quà có bình nước hoặc balo. hoặc được đổi hình avatar nha. có 4 cái hình,",2024-08-24 18:16:41,Positive,"It's a pretty good app.Do your homework smoothly and receive gifts.I hope the gift includes a water bottle or backpack.Or change your avatar.there are 4 pictures,"
a9be3869-d8b8-4289-84a7-0d1ed43c3344,009,5,"app học thích lắm luôn ý - học cùng đc với bạn bè. - lưu trữ đc lượng từ vựng khổng lồ. - có chuỗi,huy hiệu cho ae cày nhe. - học không thấy chán. - kiểm tra ôn luyện rất kỹ. - nhắc nhở khi quên ko vào học. - nhiều chủ đề cho ae tìm hiểu thêm kiến thức. verry good luôn",2024-08-22 04:34:41,Positive,The learning app is really fun - you can study with friends.- Store a huge vocabulary.- There are chains and badges for you to earn.- Study without getting bored.- Test and practice very carefully.- Reminder when you forget to come to class.- Many topics for you to learn more knowledge.very good always
851b5658-46ec-492d-a1e1-c75aaf61f72e,009,5,"app học hay, lúc trước tôi học thuộc tiếng anh vô cùng khó. nhưng có app mà nó đã giúp tôi học thuộc nhanh và rút ngắn thời gian học",2024-08-16 09:00:57,Positive,"Good learning app, before it was extremely difficult for me to memorize English.But there is an app that helps me memorize quickly and shorten study time"
328befe3-aa6c-4dd1-8c0d-175e63b46aa5,009,5,dạo gần đây không thể đồng bộ được trên máy tính và điện thoại mặc dù đã xóa và tải lại app rất nhiều lần. mong admin xem xét và khắc phục!!,2024-08-14 17:08:46,Positive,Recently I can't sync on my computer and phone even though I've deleted and re-downloaded the app many times.I hope admin will consider and fix it!!
2b425983-1885-438a-9730-45bbc4339429,009,5,"app này 10 điểm ko cs nhưng, tôi không ngờ một cái app tốt mà free ntn vẫn tồn tại trên đời. thật may mắn khi tôi bt đến app này, ns giúp tôi ghi nhớ đc nhiều từ vựng t.anh hơn, thank you so much!",2024-08-09 08:03:26,Positive,"This app doesn't have 10 points but, I didn't expect such a good and free app to still exist in the world.Luckily I came across this app, it helps me remember more vocabulary words, thank you so much!"
a66dc6b7-35b1-4e38-973e-199b4907624d,009,5,"app rất là tuyệt vời luôn, mình có thể học rất nhiều từ vựng của nhiều ngoại ngữ khác nhau. mãi iu <3 <3 <3.",2024-08-06 14:29:29,Positive,"The app is really great, I can learn a lot of vocabulary from many different foreign languages.forever love <3 <3 <3."
7d04bb7f-f4eb-4bfc-90ed-53c1332b890f,009,5,"mãi keooo, mà ước gì có thêm cái phân cấp từ vựng như bên anki ấy. t thích giao diện bên quizlet hơn nhiều, cái gì cũng hơn =)) có mỗi vụ lặp lại ngắt quãng thấy bên anki làm êm hơn. mà mỗi lần học từ vựng chuyển từ quizlet sang anki đúng rắc rối nên mong quizlet có thêm tham khao để phát triển thêm phần đó. <3",2024-08-03 08:36:11,Positive,"forever, but I wish there was more vocabulary hierarchy like on Anki.I like Quizlet's interface much better, everything is better =)) I find Anki makes it smoother with each intermittent repetition.But every time learning vocabulary from quizlet to anki is a hassle, I hope quizlet has more ambition to further develop that part.<3"
e9b0f8b6-7324-4857-97a1-9e159a59f4d4,009,5,"tớ rất thích chương trình học của cậu, nhờ cậu, tớ đã nhớ những bài học dài và khó chỉ trong một ngày, tớ rất vui vì đã tìm được một trương trình học hay và bổ ích !!!",2024-08-02 06:27:25,Positive,"I really like your curriculum. Thanks to you, I remembered long and difficult lessons in just one day. I'm so happy to have found a good and useful curriculum!!!"
cb5d9b34-f499-4468-9020-1ff78227e12f,009,5,01.08.2024 ứng dụng đang gặp phải lỗi. tạo thư mục như vào lại thư mục đang báo trống. không còn học phần đã tạo nằm trong thư mục. 1 năm hơn 800k để học.....,2024-08-01 11:12:02,Positive,01.08.2024 the application is experiencing an error.create a folder like re-entering the empty folder.There are no longer created sets in the folder.1 year more than 800k to study.....
cdb457c5-8005-48e7-bf4b-740d33f11894,009,4,"mình sử dụng app được hơn 1 năm rồi, cảm thấy rất tốt, nhất là về việc repetition từ vựng. tuy nhiên trong khoảng vài ngày gần đây app có cập nhật 1 vài giao diện mới, khiến tôi cảm thấy không hài lòng. trong phần thư mục, mình sẽ tạo được nhiều phần học, nhưng do đổi mới giao diện nên khi lướt xuống để chọn bài ôn tập thì hầu như là bị trượt ra hỏi thư mục, điều đó gây cản trở khi học tập khi ôn tập lại. mong app sẽ cài đặt lại phần này vì khiến người dùng bị khó chịu. đây là 1 ý kiến đóng góp",2024-07-21 08:51:37,Positive,"I've been using the app for more than a year now, and I feel very good, especially about vocabulary repetition.However, in the last few days, the app has updated a few new interfaces, making me feel dissatisfied.In the folder section, I can create many learning sections, but due to the interface innovation, when I scroll down to select a review lesson, I almost always get asked about the folder, which hinders my studying while reviewing.I hope the app will reinstall this part because it makes users uncomfortable.This is a comment"
1b457d7e-f6ec-4730-85de-ebaf9feb5b51,009,5,"app rất thông minh vì đã sử dụng phương pháp spaced repetition, được các nhà khoa học chứng minh rằng nó có thể giúp chúng t học vovab tốt hơn. 🍆",2024-07-20 23:15:49,Positive,"The app is very smart because it uses the spaced repetition method, which scientists have proven can help us learn vovab better.🍆"
e9c99dba-e8b1-4634-b1b6-2997ef0521fc,009,5,"những ai hay học vẹt hoặc nhớ trước quên sau như mình nè thì nên tải app nhé, hiệu quả lắm, giúp ghi nhớ nhanh với lâu hơn. có điều kiện thì nên nạp vào để mở khóa phần kiểm tra nhé, cái đó mới thật sự hiệu quả",2024-07-02 10:40:47,Positive,"Those who like me, like me, often learn by rote or remember things first and forget them later, you should download the app. It's very effective and helps you remember things faster and longer.If you have the conditions, you should top it up to unlock the test, that's really effective"
0d65b8a8-a881-4f99-ae75-f7e21be234ff,009,5,"học mà cứ bắt đóng đủ thứ tiền. cũng góp ý là cũng đóng góp ý kiến là nên có tiếng việt đi trời chứ không có nhiều bạn tải cũng như không. cho 5 sao nha ứng dụng ơi. học thì cũng được đó cũng có các mẹo hay học thì rất tuyệt dễ tiếp thu mà mỗi tội phải đóng tiền, mỗi lần mà đóng nhiều thật. mong tương lai ứng dụng này có phần tiếng việt để các bạn người việt học cho dễ nha app ơi. ứng dụng học thì được cũng tốt lắm rồi giờ chỉ cần thay đổi cái đóng tiền khi học và có phần tiếng cho các quốc gia.",2024-07-01 01:12:41,Positive,"Studying but being forced to pay all kinds of money.also commented that it should also have Vietnamese language, if not many people download it, it's okay.Give me 5 stars, app.It's okay to learn, and there are great tips to learn, it's great and easy to learn, but each person has to pay money, and pay a lot each time.I hope in the future this application will have a Vietnamese part so that Vietnamese people can learn easily.The learning application is very good, now I just need to change the payment method when learning and have language sections for countries."
579b7949-723d-4b1f-baa6-55d4341980c4,009,5,app hay lắm lun giúp mik ghi nhớ nhanh và lm bài kt tốt í nhưng mà muốn học kĩ vs cả tốt hơn nx thì phải nạp tìn😢,2024-06-09 16:37:26,Positive,"The app is very good and always helps me remember quickly and do good test scores, but if you want to study thoroughly and even better, you have to recharge😢"
98f67273-b62b-408e-bfee-d0874f3767b6,009,4,"ứng dụng đã rất tốt. tuy nhiên, nên thêm độ dài cho việc nói văn bản để thuận tiện cho những người muốn học với văn bản dài và cần nghe nó thì sẽ tốt hơn rất nhiều.",2024-05-22 02:17:40,Positive,"The app was very good.However, it would be much better to add length to speaking the text for the convenience of those who want to study with long text and need to listen to it."
ac77fe86-9795-4177-a380-e1d9aa7db065,009,4,"không có phần tra từ điển rồi thì, cũng cần phải có thêm phần tìm kiếm các từ vựng trong các thư mục của người dùng. nhiều lúc muốn tìm kiếm lại từ mình đã lưu mà không có rất bất tiện. cho 4 sao ủng hộ, góp ý và cảm ơn!",2024-05-21 02:40:15,Positive,"If there is no dictionary lookup, then there also needs to be a search for vocabulary in user directories.There are times when I want to search for words I've saved but it's very inconvenient.Give 4 stars for support, suggestions and thanks!"
1a673e1f-5bb3-44e2-81be-4ce5bb433faa,009,4,mặc dù khá tiện lợi nhưng vẫn hạn chế về một số chức năng như đánh giá mức độ ghi nhớ từ vựng hay có thể thành lập bộ từ vựng từ file hoặc hình ảnh,2024-05-16 01:12:58,Positive,"Although quite convenient, there are still limitations in some functions such as assessing the level of vocabulary memorization or being able to create vocabulary sets from files or images."
bb29f8d0-c9bf-4a54-9921-e80ee28f20c3,009,5,"cái đoạn cuối sau khi trl xong có đáp án đúng sai nma bị che mất mong ad cải thiện hơn (ykr) còn lại thì dùng oce lắm nha hs nên tải để học rấc hiệu quả , 5 sao lunn",2024-05-08 16:45:10,Positive,"The last paragraph after completing the trl has the right or wrong answer nma hidden, hope admin can improve (ykr) the rest is a lot of use of oce, students should download it to learn effectively, 5 stars lunn"
5bc4330f-9071-4954-b120-e62d9f62e578,009,5,tiện => để mình học một cách positive và negative vò chức năng của flashcard có hai mặt có thể đảo chiều cho nhau tuy nhiên có một số cái chưa được oganized về thứ tự cũng như phân cấp chủ đề từ mới nên mình vẫn phải kiểm soát ngoài bằng excel.,2024-04-13 04:32:50,Positive,"Convenient => let me learn positively and negatively because the function of flashcards has two sides that can be reversed. However, there are some things that have not been organized in terms of order and hierarchy of new vocabulary topics, so I still have to control them with Excel."
27e92ebe-4e01-42b3-8bc2-13be9acfad37,009,4,"app dùng tốt nha, mặc dù phải trả phí mới dùng đc hết các tính năng nhưng mà dùng free vẫn tốt lắm. phần bản thu bị lỗi rồi, cần app khắc phục",2024-03-21 15:48:11,Positive,"The app is good to use, even though you have to pay to use all the features, it's still great to use for free.The recording is corrupted and needs an app to fix it"
a98ba9b0-c639-43b3-b5a8-ac430af685fe,009,5,"một ứng dụng học tập rất là thú vị luôn, học từ vừng qua app vô cùng hiệu quả. mong là sau này app sẽ ra nhiều tính năng hơn, nhất là phần học theo cách kiểm tra giữa định nghĩa - thuật ngữ và ngược lại là thuật ngữ - định ngữ.",2024-03-10 04:00:59,Positive,"A very interesting learning app, learning sesame words through the app is extremely effective.Hopefully in the future the app will release more features, especially the learning part by checking between definitions - terms and vice versa, terms - definitions."
1d56c670-ad49-4900-9421-a5e78532f4e7,009,5,"ứng dụng rất hữu ích nhưng phần hình ảnh khi học từ vựng thì nên có tạo tự động hoặc tiện ích chọn ảnh ở internet, như thế sẽ học hiểu quả hơn",2024-03-01 16:04:42,Positive,"The application is very useful, but the images when learning vocabulary should be automatically created or the utility to select images from the internet, so learning will be more effective."
dc0a2f1c-95c6-4c6b-8410-82b7ed460472,009,4,"học với app này thấy nhanh thuộc bài vì có tính năng flashcard khá hay, phần dùng free hơi hạn chế tính năng nhưng chung quy lại vẫm khá ổn, có nhiều đề soạn sẵn r nên học khá hay",2024-02-01 14:26:47,Positive,"Learning with this app makes me quickly memorize the lessons because it has a pretty good flashcard feature. The free version is a bit limited in features but overall it's still quite good, there are many pre-prepared questions so learning is quite good."
4bfb1580-5ada-4ed4-8c2a-daf7f3deee35,009,5,"nó giúp mình ghi nhớ tốt hơn hẳn. học như kiểu flashcard í mn. với lại có mục ôn tập với kiểm tra nữa á các bạn, tiện lắm. nó chia làm các phần học và thư mục luôn nè, như kiểu các bài trong 1 môn ý. mình ôn tập nhiều bài cũng được luôn (kiểu nó trộn câu hỏi cho mình á)",2024-01-22 17:30:00,Positive,"It helps me remember much better.Learn like flashcards.Plus, there are review and test sections, guys, it's very convenient.It's divided into study sections and folders, like lessons in a subject.I can review many lessons (it's like they mix up the questions for me)."
45a4cdf3-d2b3-4595-b866-5584853a54fd,009,5,cái bài tập toán này có thể cho mình đăng lại của bạn không cần dùng video tải được không và mình muốn rằng mình không muốn được đăng nhập cậu có thể làm vậy cho mình được không cảm ơn cậu mình chúc mừng cậu làm một bài toán vui vẻ cậu cũng chỉ của mình,2023-12-25 12:36:05,Positive,Can I repost this math exercise without downloading the video? I don't want to be logged in. Can you do that for me? Thank you. I congratulate you on doing a fun math problem. You're mine too.
d48517b8-cd0b-4484-8523-cdcaeb1d65af,009,5,"tuyệt vời🤩🤩🤩. nhiều khi tìm tài liệu mà có những người khác đã tạo học phần về tài liệu đó rồi thì chỉ cần lấy xuống học thôi, cũng tiện💗💗",2023-12-12 17:35:09,Positive,"great🤩🤩🤩.Many times when looking for a document, other people have already created a course about that document, so just download it and study, which is also convenient💗💗"
9f20e1df-9e21-4dc0-82a3-a9a36b957f31,009,5,"app oke lắm ạ, hơi lỏ tại hay đòi ngta mua vip miễn phí cho xíu nx đi ạ😭😭 nhma app xịn nha, rất đáng",2023-11-26 15:42:52,Positive,"The app is very good, it's a bit strange why people often ask me to buy free vip for me, please 😭😭 but the app is really good, it's worth it"
beaae80f-d6aa-4039-9153-333b5e74152b,009,5,"dạ , cám ơn chúa đã ban phước cho con tên trần hoa ảnh sanh năm 1985 ,lần đầu biết học trên quizlet của ms trường dạy 4 phương pháp giải kinh . amen ! halelugia ? địa chỉ nơi con ở : ấp quang phú - xã quon long - huyện chợ gạo - tỉnh tiền - giang .ngày con tin chúa theo đạo tin lành : 22 - 8 - 2015 .con liên tục bị tà linh ma quỷ tấn công hủy phá không cho con bước đi trong chúa .con hết lòng biết ơn chúa đã cứu và gìn giữ cho con có được như ngày hôm nay .amen !",2023-11-15 12:30:30,Positive,"Yes, thank God for blessing me, Tran Hoa Anh, born in 1985. First time I learned to study on quizlet, the school teaches 4 methods of exegesis.amen!hallugia ?Address where I live: Quang Phu hamlet - Quon Long commune - Rice market district - Tien - Giang province. The day I believed in God to become a Protestant: August 22, 2015. I was constantly attacked by evil spirits and demons, not allowing me to walk in God. I am wholeheartedly grateful to God for saving and preserving me to be what I am today. amen!"
3f6bd084-4043-4755-8664-294df603102d,009,5,"hồi xưa học từ vựng ngoại ngữ bằng cách viết trên tập nhiều lần, viết đi viết lại. nhưng dễ quên lại bất tiện nữa. may mà có quizlet. học bằng flashcard trên điện thoại như này quá là tuyệt. ôn đi ôn lại dễ dàng k cần dụng cụ rườm rà. thuận tiện học được mọi lúc mọi nơi. ^^!",2023-11-12 10:57:54,Positive,"In the past, I learned foreign language vocabulary by writing on notebooks many times, writing over and over again.But it's easy to forget and inconvenient.Luckily there is quizlet.Learning with flashcards on your phone like this is so great.Review and review easily without the need for cumbersome tools.Convenient to learn anytime, anywhere.^^!"
614477bf-23cc-49e6-9beb-29b0f5fe3b8d,009,4,logic khi học bài cũng khác 5 năm trước lúc mới đầu học. cảm giác ngày xưa học khó hơn xíu và nhớ lâu hơn.,2023-11-06 07:21:55,Positive,"The logic when studying is also different from 5 years ago when I first started studying.I feel like in the past, learning was a little harder and remembering longer."
1a5b3c05-9bfb-4594-937f-71cc04b73d95,009,4,"phần tui thì tui thấy tạm ổn, tốt để mn ôn tập từ vựng, có cả free và cả pro, tui ko có điều kiện nên chỉ dùng bản free và cảm thấy đã rất đủ dùng r, nếu mn có điều kiện thì nâng cấp lên pro sẽ có nhiều kỹ năng hơn",2023-10-25 15:13:29,Positive,"As for me, I think it's okay, good for practicing vocabulary, there is both free and pro, I don't have the means so I just use the free version and feel it's good enough. If you can afford it, upgrade to pro and you'll have more skills."
b4ded2a5-54df-4f6e-9934-6c60904f5503,009,4,"app hữu ích ạ. tuy nhiên, phần tạo flashcard thì mình recommend app nên phát triển thêm hộp phân loại (noun, adj, adv, verb, etc.), có tính năng add hình minh họa cho từ mà mình học thì cũng tốt. ngoài ra, app có thể thêm chức năng nào đó để khiến người học áp dụng từ vừa học vào ngữ cảnh luôn (ví dụ: tính năng đặt câu, điền vào ô trống,...). chúc app ngày một lớn mạnh.",2023-10-13 14:57:42,Positive,"useful app.However, for creating flashcards, I recommend that the app develop more classification boxes (noun, adj, adv, verb, etc.), and the ability to add illustrations for the words you learn is also good.In addition, the app can add certain functions to make learners apply the words they have just learned in context (for example: sentence making feature, fill in the blanks,...).Wishing the app to grow stronger day by day."
3b721b87-5bec-4e8e-b6b2-924f66861792,009,4,"dù có chỗ để sửa voice nhưng thầy cô ít khi dùng, vì vậy nên nếu có thể thì hãy thay đổi voice gốc chứ voice gốc hơi khó nghe",2023-09-26 23:35:23,Positive,"Although there is a place to edit the voice, teachers rarely use it, so if possible, change the original voice because the original voice is a bit hard to hear."
22d4ef65-bae9-4cc7-a2d3-436bc889677e,009,5,"mong app có thể tích hợp chức năng học từ vựng theo phương pháp ""spaced repititon"". nó rất hữu ích cho những người muốn cải thiện vốn từ vựng bản thân.",2023-09-18 10:11:23,Positive,"I hope the app can integrate the vocabulary learning function using the ""spaced repetition"" method.It is very useful for people who want to improve their vocabulary."
b0c96527-d9c7-4f50-923b-bc5068334cd9,009,5,học từ vựng rất dễ nhờ những chức năng kiểm tra . cơ mà trả phí á . khi tạo card thì cũng sẽ có giải ý nghĩa luôn nên rất tiện .,2023-09-11 14:37:20,Positive,"Learning vocabulary is easy thanks to the testing functions.but pay the fee.When creating a card, the meaning will also be explained, so it's very convenient."
b3869c89-8e83-4368-8631-5786a31271f0,009,5,"nhờ có quizletplus mà việc học từ vựng của mình dễ dàng hơn. ứng dụng cũng có chức năng nhắc nhở và ghi nhận số buổi, số lần học như các mốc achievement mà mình cần unlock. nhờ vậy mà động viên được người học đăng nhập vào ứng dụng học từ mỗi ngày.",2023-09-04 03:23:40,Positive,"Thanks to quizletplus, learning vocabulary is easier.The application also has a reminder function and records the number of sessions and study times as achievement milestones that you need to unlock.Thanks to that, learners are encouraged to log into the word learning application every day."
fea57d42-2103-4da8-8f54-7177c30a039b,009,5,"to my view,this app is so marvelous because it can help me learn english effortlessly and this is a swift source which can help me keep and note vocab( flashcash ).however,i hope that it will be free in the future😙",2023-08-30 14:40:51,Positive,"to my view,this app is so marvelous because it can help me learn english easily and this is a swift source which can help me keep and note vocab(flashcash).however,i hope that it will be free in the future😙"
b4def7b6-a691-4b9c-951f-77e6f1ae1b98,009,5,"ứng dụng này đã giúp ích rất nhiều trong việc học từ mới, giúp cho từ mới trở nên sinh động và dễ nhớ hơn",2023-08-26 10:32:11,Positive,"This application has helped a lot in learning new words, making new words more vivid and easier to remember"
4c82f9c5-5313-4385-91ba-b4767281eb1f,009,5,cho mình hỏi là sd hết 7 ngày miễn phí thì có được học miễn phí tiếp k ạ hay là phải đóng tiền ?,2023-08-23 08:02:56,Positive,"Let me ask, if I use my 7 days for free, can I continue to study for free or do I have to pay?"
b95046aa-9d90-421b-a840-9370c4b59164,009,5,"app này sử dụng bản free quá chất lượng rồi, mình cực thích app này. ngoài flashcard thì app còn có một số tính năng giúp mình ôn tập từ tốt hơn, mình tin đây sẽ là một sự lựa chọn phù hợp cho tất cả mọi người.",2023-08-16 13:46:33,Positive,"The free version of this app is so high quality, I really like this app.In addition to flashcards, the app also has a number of features to help you review words better. I believe this will be a suitable choice for everyone."
ecd99661-1a91-4284-bb02-efd1f879e104,009,5,"rất hữu ích , có thể tạo thẻ nhớ riêng cho mik , có các dạng học có thể cho mik ghi nhớ từ vựng tốt hơn",2023-08-12 03:58:04,Positive,"Very useful, you can create your own memory cards, there are learning formats that can help you remember vocabulary better."
c137622e-37bc-4200-b255-b3e356c99410,009,5,một ứng dụng vô cùng hữu ích cho việc học tập. nhờ có quizlet mà mình đã học bài nhanh và hiệu quả hơn rất nhiều. giá nâng cấp plus cũng phải chăng. cảm ơn quizlet nhiều ạ.,2023-08-08 01:47:10,Positive,"An extremely useful application for studying.Thanks to quizlet, I have learned much faster and more effectively.Plus upgrade price is also affordable.Thank you very much quizlet."
d5051cef-f9a1-4188-977c-1a669e498b1e,009,5,"i have no money to buy the premium version, but the free one is also really good ! 😩👌 highly recommend for all of you guys 👊 (người việt đã đánh giá là rất hay)",2023-07-25 08:58:14,Positive,"i have no money to buy the premium version, but the free one is also really good!😩👌 highly recommend for all of you guys 👊 (Vietnamese people rated it as very good)"
64e71bcb-d585-421d-8eb0-3ac2015bf2b8,009,5,nên thêm bộ lọc những từ bị trùng lặp hoặc từng lưu trong học phần để tránh bị thừa thêm phần chuyển thẻ sang học phần khác và gộp học phần,2023-07-20 08:19:25,Positive,You should add a filter for words that are duplicated or have been saved in a module to avoid having to transfer tags to another module and combine modules.
b58002cd-dac5-45a3-952c-0a1147fa2bc0,009,5,"đáng đồng tiền bát gạo, hi vọng sẽ càng ngày có thêm tính năng thú vị và sự chính xác của nhận diện chữ viết trong ảnh sẽ cải thiện",2023-07-18 15:58:55,Positive,"Worth the money, hope there will be more and more interesting features and the accuracy of text recognition in images will improve"
47d6e4ff-5ba0-4ef3-8792-8c3da690c638,009,4,"app thật sự rất tốt và có ích á, giúp mình dễ dàng học các idioms hơn, mong có nhiều tính năng mới tiện ích hơn nữa",2023-06-30 16:04:27,Positive,The app is really good and useful. It helps me learn idioms more easily. I hope there will be more new and useful features.
5ceebbf9-1a08-4b40-93e9-6a49ae564ca2,009,5,"ứng dụng hay quá nè , dùng để học từ mới thì ok la lắm nha nma hạn chế mấy cái chế độ tạm chấp nhận từ lúc biết đến cái này mk học tốt hơn hẳn vốn từ nhớ lâu hơn",2023-06-19 01:39:45,Positive,"This is a great app. It's great to use it to learn new words. Since I learned about this, I've limited the temporary modes and I've learned much better, and I've remembered the vocabulary longer."
426333f5-34de-4b38-9414-4b89ddcf118a,009,5,"app học tập giúp mình học từ vựng tiếng anh rất hiệu quả bằng các phương pháp học bằng thẻ ghi nhớ, làm bài tự luận, kiểm tra và con nối chữ thông qua trò chơi thú vị. nói chung là 10 điểm nhaa",2023-06-11 04:09:07,Positive,"The learning app helps you learn English vocabulary very effectively by using flashcards, essays, tests, and connecting words through interesting games.Overall 10 points"
af482af1-3eac-411c-b3bb-113ec33d9738,009,4,cảm ơn bạn đã cho ra 1 sản phẩm hữu hiệu như này đến mọi ngưòi dùng trên toàn thế giới. luôn support app đồng thời mong app phát triển thật nhiều tính năng bổ ích hơn nữa để việc học tiếng anh cụ thể là học từ mới trở nên dễ dàng hơn.thks a lot ❤,2023-06-05 16:33:59,Positive,"Thank you for releasing such an effective product to all users around the world.Always support the app and hope the app develops more useful features to make learning English, specifically learning new words, easier. thks a lot ❤"
a70796f2-fa36-4c43-94b9-27ff645f10bc,009,5,học khá tiện và giúp ta nhớ lâu hơn nếu được mong app có thêm đặt câu tạo ngữ cảnh và cho một ví dụ về nó,2023-05-29 12:29:38,Positive,Learning is quite convenient and helps us remember longer if we hope the app will add sentences to create context and give an example about it
abc4beb4-db00-46fe-9e12-f61c3de72646,009,5,"đối với tớ ứng dụng cực kì hiệu quả trong việc học tập.không có gì miễn phí cả,chúng ta ai cũng muốn có lợi về mình mà mặc đi bên kia có lợi hay không,nên việc trả phí để có những trải nghiệm học tập trên ứng dụng một cách hiệu quả thì không uổng phí.rất cảm ơn ứng dụng quizlet nhé.thanks 😍",2023-05-21 15:46:00,Positive,"For me, the app is extremely effective in studying. Nothing is free. We all want to benefit ourselves regardless of whether the other side benefits or not, so paying to have an effective learning experience on the app is not a waste. Thank you very much for the Quizlet app. thanks 😍"
45e44c2e-df8d-4c29-b39a-93919fb9ddcf,009,5,"app rất hay để học từ vựng, cho phép tự nhập từ mới để học luôn! tuyệt vời! wonderful app to learn vocabulary and inputing new words to learn is allowed as well. incredible! wunderbare app zum vokabellernen und die eingabe neuer wörter zum lernen ist ebenfalls erlaubt. unglaublich! dịch trực tiếp",2023-05-14 08:56:40,Positive,"Very good app for learning vocabulary, allowing you to manually enter new words to learn!Great!wonderful app to learn vocabulary and inputing new words to learn is allowed as well.incredible!wunderbare app zum vokabellernen und die eingabe neuer wörter zum lernen ist ebenfalls erlaubt.unglaublich!direct translation"
d4280b2e-a9fb-4633-80a3-3e026492f8cb,009,5,"biết tới ứng dụng khi có nhu cầu học tiếng đức thông qua video của deutschflex trên youtube. ban đầu chưa quen với việc sử dụng giao diện, hơi lớ ngớ và ko tìm đc cách học từ như thế nào. về sau đã và đang học từ trên quizlet, rất thích. dễ sử dụng, dễ học. sehr gut 🥰",2023-05-13 18:16:28,Positive,"Learn about the application when you want to learn German through deutschflex's videos on YouTube.At first, I wasn't used to using the interface, was a bit confused and couldn't figure out how to learn the words.Since then I've been learning words on quizlet and really like it.Easy to use, easy to learn.sehr gut 🥰"
cd0d79d7-d336-4cc0-bd46-79a04b019dcb,009,5,tại sao khi ấn vào phần học lại lại liên tục hiện dòng chữ đã có lỗi vui lòng thử lại sau. mong ad hỗ trợ,2023-05-07 23:13:41,Positive,"Why does the message ""There was an error please try again later"" appear when I click on the re-study button?I hope admin will support you"
f7d30fbb-5da1-4ccb-a3fe-9cbce89e0ca4,009,5,app dùng tốt lắm thích cực nma giới hạn học nên ghét mà đóng thì đắt lắm mng ơi nên mong là cho free như trc chứ ko thì ít ng sd lắm,2023-04-23 14:56:58,Positive,"The app is very good to use, I really like it, it has limited learning so I hate it but it's very expensive to pay, so I hope it's free like before, otherwise very few users will use it."
d9eb1c98-df97-4e1e-9abe-240b12967dd8,009,5,có vẻ đã sửa lỗi không truy cập được các bộ thẻ trên điện thoại và lỗi chỉnh sửa card không được. mong quizlet update gì test trước cẩn thận giùm. không xem được bộ card đã tạo trên điện thoại tạo trải nghiệm rất khó chịu cho người dùng.,2023-04-13 09:59:52,Positive,seems to have fixed the error of not being able to access card sets on the phone and the error of not being able to edit cards.Please test carefully if Quizlet updates anything first.Not being able to view the created card set on the phone creates a very unpleasant experience for the user.
fe9e2283-1358-46e0-a7f1-aa2908d9e650,009,4,"app rất ổn tuy nhiên vẫn thích bản cũ hơn vì mấy cái như kiểm tra,... lúc trước ko cần phải trả phí còn bây giờ thì kiểm tra được có một lần muốn kiểm tra nữa thì phải trả phí nên khá thất vọng",2023-04-04 11:10:57,Positive,"The app is very good, but I still like the old version better because of things like checking, etc. Before, you didn't have to pay a fee, but now you can check and if you want to check again, you have to pay, so it's quite disappointing."
35daca91-98db-4058-bb84-c279c9fb6ee0,009,4,"-phần lật thẻ ghi nhớ, nên có thanh kéo chỉnh thời gian cho thẻ chạy tự động nhanh hay chậm. - phần nhập dữ liệu từ word, phần tùy chỉnh giữa thuật ngữ và định nghĩa, nên thêm phần là in hoa. cho nó nhận biết thông minh khi in hoa là phần nghĩa",2023-03-25 05:27:20,Positive,"-In the flip section of the memory card, there should be a pull bar to adjust the time for the card to run automatically fast or slow.- The data import part from Word, the customization part between terms and definitions, should be added in capital letters.let it intelligently recognize when capital letters are part of the meaning"
30f1f300-9f3d-4d9a-9d15-bd5e086fad20,009,5,app đã cùng mình trải qua 2 lần thi đại học và bây giờ mình rất vui khi có app cạnh bên giúp đỡ mình trên con đường đại học với hệ song ngữ,2023-03-20 09:37:44,Positive,The app has been with me through two college entrance exams and now I'm very happy to have the app by my side to help me on my university path with a bilingual system.
afc1d959-2d5e-4866-93ed-980eb9a4db8e,009,4,"giúp ghi nhớ tốt 👍, hơi thất vọng vì lâu lâu gặp lỗi 1 số thứ làm khá ức chế. với trả tiền mua gói plus thì mới sài ổn, ko thì khá vô dụng nhưng cũng tùy người sử dụng cảm nhận.",2023-03-14 21:04:14,Positive,"Helps me remember well 👍, a bit disappointed because sometimes I encounter errors in some things which makes it quite frustrating.If you pay for the plus package, it's fine, otherwise it's quite useless, but it depends on the user's perception."
4c45d951-c7ba-4801-848a-d6f64fa79aa0,009,4,cũng tạm . không quá tệ đâu nhỉ . mọi người thấy app này như thế nào nhỉ . mình thấy cái app này không tệ đâu. vì cái app này có thể cho chúng ta những bài học như tiếng anh nè rồi vân vân và mây mây thôi à . mình học được những gì nó cũng cho ví dụ . bye bye mọi người . mình đã học được nhiều thứ tiếng .,2023-02-25 14:14:35,Positive,"temporary.It's not too bad, right?How do you guys feel about this app?I think this app is not bad.Because this app can give us lessons like English and so on.What I learned it also gave examples.Bye bye everyone.I have learned many languages."
a97c8202-1ef2-4be3-9e55-33e50c890c9d,009,5,tốt nhất là một xã hội nghị quyết tâm của mình là loài bướm ngày nay là loài bướm ngày nay là một loài thực hiện đại học năm nay cho các loài thực hiện đại học năm trước đó có thể lỡ qua các bạn sẽ có hoa kỳ duyên dáng vẻ như là loài thực hiện nay thuộc huyện thuộc chi bướm đêm trong những người dân số năm trước khi được làm văn lập trình diễn ra mắt của các loài thực hiện đại học năm trước khi được làm văn lập trình khuyến khích các nhà máy,2023-02-20 14:37:45,Positive,It is best to have a society of its determination to be the species of butterfly today that is the species of butterfly today to be a species that carries out this year's university for the species that carry out the university of the year before that may miss you will have the graceful United States seems to be the current species of the district of the genus moth in the population of the year before being written programming the launch of the species carrying out the university the year before being made written programming to encourage the plants
d0a80c15-13cb-4cd9-b2ef-c762d9f66840,009,5,"rất tuỵt dời luôn ý ạ, khi vào app thì ko quá khó để điều khiển, học từ vựng với số lượng nhiều thì không lo nữa ạ",2023-02-12 10:38:18,Positive,"It's very disappointing. Once you enter the app, it's not too difficult to control. You don't have to worry about learning vocabulary in large quantities."
10cb6ba0-83fa-4aaf-a7ee-382ccde23c45,009,5,mong là app trong tương lai sẽ bổ sung chức năng cho ghép nhiều nhóm các thuật ngữ lại với nhau để người học có thể ôn tập ví dụ như nhóm các từ mới của bài 1 và nhóm các từ mới bài 2 trộn lẫn với nhau. nếu như thế thì thực sự tuyệt vời cho người học trong quá trình ôn tập,2023-01-25 18:02:02,Positive,"Hopefully in the future the app will add the function of combining many groups of terms together so that learners can review, for example, grouping new words from lesson 1 and grouping new words from lesson 2 mixed together.If so, it would be really great for learners during the review process"
bcb74727-474b-4c89-8874-630fa216270c,009,5,"học được từ vựng rất hiệu quả , tiết kiệm thời gian hiệu quả hơn nói chung tuyệt lắm ⊂((・▽・))⊃tuy nhiên hay bị giới hạn bài học",2022-12-26 02:38:42,Positive,"Learn vocabulary very effectively, save time more effectively in general, it's great ⊂((・▽・))⊃however, the lessons are often limited"
121aac45-7f10-4491-8716-d7470dd56250,009,5,"một trải nghiệm vô cùng tuyệt vời, nên dùng cái này hơn là flashcard bằng tay, ứng dụng giúp tôi học từ vựng siêu ưng luôn nói chung là very good💯💯💯💯💯",2022-12-08 09:00:01,Positive,"an extremely wonderful experience, I should use this rather than manual flashcards, the application helps me learn vocabulary super well, overall very good💯💯💯💯💯"
d1936f52-2e7c-4a06-b98a-70221ca914e6,009,4,"trải nghiệm rất tốt nhưng không bằng trước đây( bây giờ app đòi hỏi có vip mới sử dụng được một số tính năng không giới hạn) điểm cộng là ít quảng cáo,ôn bài siêu hiệu quả siêu siêu recommend mọi người dùng thử app này",2022-11-29 09:43:59,Positive,"The experience is very good but not as good as before (now the app requires VIP status to use some unlimited features). The plus point is that there are few ads, super effective review, super super recommend everyone to try this app"
4c29a5d7-be3c-449e-9996-94cad9f68528,009,5,"ngon đấy, nhưng mà nhắc học thường xuyên tí đi, làm mình lười vì không nhắc. mình bị thẹn nếu bị nhắc nhoẻ nhiều 😌",2022-11-23 07:49:05,Positive,"It's delicious, but remind me to study more often, it makes me lazy because I don't remind myself.I feel embarrassed if I get reminded too much 😌"
86c2e5fa-0d91-4043-9b07-d2f01e461ae1,009,5,"một ứng dung tuyệt vời , mỗi khi rảnh mở ứng dụng ra và làm bài có tác dụng đáng kể với việc học thuộc của mk 💜",2022-11-17 10:28:20,Positive,"A great app, every time I have free time, opening the app and doing exercises has a significant effect on my memorization 💜"
5bd5f09d-811f-4a8c-a49c-2907e953354e,009,5,"hiện tại mình đang dùng app ở phiên bản miễn phí, trải nghiệm tốt, phù hợp mục đích học t.anh của mình. sẽ nâng cấp nếu cần thiết",2022-11-12 00:35:31,Positive,"Currently, I am using the free version of the app, the experience is good, suitable for my learning purposes.Will upgrade if necessary"
d1fe4b2d-4994-4557-9da4-d5b592bc1427,009,4,"ổn nma kiểu cứ có cái qcao lên vip á, hiểu là phải làm v để qcao, nma khó chịu, cứ bị limited =)) thay vào đó cho ng dùng xem qcao để dùng tính năng vịp dc 0",2022-10-30 01:20:33,Positive,"It's okay, just have a qcao to become VIP. I understand that you have to do something to get qcao. It's annoying, it keeps being limited =)) Instead, let users see the qcao to use the VIP feature 0"
ffbbae64-9f7f-4f41-94c5-e90d96f044e1,009,5,"mấy bạn mua về 1 năm có 800k, rẻ nhưng cực kì chất lượng, mình có thể học thuộc hơn 60 từ mới chỉ trong 1 ngày, đương nhiên những ngày tiếp theo cần ôn lại nữa, nhưng thực sự học rất nhanh và tuyệt vời",2022-10-08 01:57:54,Positive,"Some people buy it for 800k for a year, cheap but extremely high quality, I can memorize more than 60 new words in just 1 day, of course I need to review the next days, but really learn very quickly and wonderfully."
270833db-d15d-4c8d-886c-19c456deccc6,009,5,"ứng dụng tuyệt vời. bạn mua gói q + có thể tạo lớp và chia sẻ cho học viên của mình, học viên có thể sử dụng thoải mái bài học mà k bị giới hạn.",2022-10-05 01:42:39,Positive,"Great app.If you buy the q+ package, you can create classes and share them with your students. Students can freely use the lessons without limitations."
6a51b09f-7923-45d8-a8b2-13ff7045e469,009,5,"ứng dụng tuyệt vời ạ, mình dùng được khá lâu rồi lúc trước lưu học phần học ngoại tuyến vẫn được, nhưng dạo này lại học ngoại tuyến k đc ạ. buồn quá mong app cải thiện được việc này ạ huhu",2022-09-30 08:53:18,Positive,"Great app, I've been using it for a long time. Before, I could still study offline, but lately I can't study offline.So sad, I hope the app can improve this, huhu"
25126728-98aa-4f51-8f2d-e2903b2b9056,009,5,"app khá hay để làm flashcard học từ vựng, có nhiều ngôn ngữ cho bạn lựa chọn , khi bạn nhập từ app sẽ xác định nghĩa từ đó giúp bạn",2022-09-23 02:18:02,Positive,"The app is quite good for making flashcards to learn vocabulary. There are many languages ​​for you to choose from. When you enter a word, the app will determine the meaning of that word for you."
e9c25bc1-38cd-4596-bd9a-49556e80b443,009,5,"rất là thích app,nhưng mà từ lúc nâng cấp.bỏ cái kỹ năng chính tả mình k thích lắm,cái đó giúp mình phát triển khả năng nghe lúm😭",2022-09-22 14:05:42,Positive,"I really like the app, but since upgrading, I've given up the spelling skills I don't really like, it's helped me develop my dimpled hearing ability😭"
0a7724b2-9d66-4c9a-b18f-194dcb25fc3c,009,5,"app k chèn quảng cáo quá lố mà vừa phải, k tạo cảm giác khó chịu khi thấy quảng cáo, rất tiện để học và bổ sung vốn từ vựng, hài lòng nên cho app 5 sao, hehehe✨✨✨",2022-09-15 06:05:29,Positive,"The app does not insert excessive ads but is moderate, does not make you feel uncomfortable when seeing ads, very convenient to learn and supplement vocabulary, satisfied so I give the app 5 stars, hehehe✨✨✨"
c5300a98-cc84-4e69-ac0b-75118676b281,009,4,giá quá chát! tiền một năm bằng gần cả một khóa ôn luyện có bài giảng chi tiết. mình sẵn sàng trả phí nhưng ít ra cũng nên xứng với số tiền bỏ ra chứ nhỉ?!,2022-09-07 11:41:08,Positive,"The price is too steep!The cost per year is almost equal to a review course with detailed lectures.I'm willing to pay the fee, but at least it should be worth the money, right?!"
5d7276b9-7413-42ab-a80b-94ad1527c5d7,009,4,"sao giờ lại tính phí z.mị k có tiền nhưng muốn học lắm. đừng bắt thu phí mà!!! hãy gửi lại tui bản cũ hãy để tui học nốt mùa thu tui xin gửi ngàn tình yêu này đến nơi xa xôi,xứ sương mù tạm biệt quizlet,hẹn gặp sau ngàn thu...",2022-09-07 05:27:07,Positive,"Why are you charging now? I don't have money but I really want to learn.Don't charge a fee!!!Please send me back the old version, let me study until the end of the fall, I would like to send this thousand love to a far away place, a foggy land, goodbye quizlet, see you in the afterlife..."
9902856f-e9f0-49ad-bb5b-03e4738ced3a,009,5,"cần thêm tính năng search từ trong học phần, khi user cần tìm 1 từ bất kỳ hiện rất khó. nên thêm tính năng ôn tập tích chọn nhìu học phần cũng 1 lúc...",2022-08-26 07:36:03,Positive,"Need to add word search feature in the module, when users need to find any word, it is currently very difficult.Should add review feature to select multiple modules at the same time..."
e4432985-09c1-4fe3-bd90-6b2e9579951a,009,5,mình thấy dùng có hiệu quả nhưng tiếc là bị gia hạn mỗi cái chỉ được 1 lần nên phải đóng phí nữa hi vọng bên nhà sản xuất ứng dụng có thể để lại ban đầu ạ . mọi thứ đều rất ổn áp không có gì phải chê nhưng tính phí và điều này sẽ làm mất kha khá bộ phận người dùng là hs bởi họ không có đủ chi phí để chi trả,2022-08-17 07:24:24,Positive,"I find it effective, but unfortunately each application can only be renewed once, so I have to pay another fee. I hope the application manufacturer can keep it as it was.Everything is very stable, nothing to complain about, but there is a fee and this will turn off quite a few users because they don't have enough money to pay."
d3d51fa2-5fc7-4cf3-9a18-3a9ee372cf6b,009,4,"mình thấp app quizlet hay mà, cũng được chỉ có mỗi là sau 1 tuần thì app thu phí, hạn chế sử dụng nhiều phần. app thu phí giá chát.",2022-08-09 11:34:46,Positive,"I think the app Quizlet is good, it's okay, the only thing is that after 1 week the app charges a fee, restricting the use of many parts.The app collects high fees."
fcfbcb9f-2ce2-4d1b-b16a-55e612539f83,009,5,"app rất thích hợp cho phương pháp lập lại ngắt quãng, quan trọng hơn là tiền đăng ký lên vip để có nhiều lộ trình và các chức năng khác cũng rẻ",2022-08-03 02:07:22,Positive,"The app is very suitable for the interval repetition method, more importantly, the VIP registration fee to have many routes and other functions is also cheap."
b313c369-edb6-4b01-b501-e18bf9388c44,009,5,không thể bỏ qua app khi muốn học tiếng anh. thực sự rất tốt app hỗ trợ mình rất nhiều. chăm chỉ+ quizlet= thành công nhé,2022-08-02 10:18:53,Positive,"You cannot ignore the app when you want to learn English.Really good app, it helps me a lot.hard work + quizlet = success"
544a6eef-fb12-476b-a4a3-764111fb2b0f,009,5,"rất phù hợp để học ngoại ngữ, nó miễn phí nhưng nếu nâng cấp thì có nhiều chức năng hay hơn nhưng vì nó mắc quá phải rẻ xíu thì được thì hay quá",2022-07-30 09:34:04,Positive,"very suitable for learning foreign languages, it's free but if you upgrade it will have more cool functions but because it's so expensive it's a bit cheap so it's great"
839a3397-854d-4d62-89d1-1ae754ae71f2,009,5,app sài rất tốt nha dành cho những bạn đã có từ vựng sẵn có thể lên đó tạo học phần để dễ học .,2022-07-13 08:59:27,Positive,"The app is very good. For those who already have vocabulary, they can go there to create modules to make learning easier."
f9ce73f9-835f-4e7a-a555-1d4ca532c359,009,5,"app giúp mình nhớ từ vựng lâu hơn,chia theo chủ đề để học rất dễ nhớ và dễ ôn lại.giao diện dễ dùng bổ ích,có bài học và bài kiểm tra giúp mình nhớ từ lâu hơn.học từ trong vở thì có thể lười học lại nhưng trong app thì khác nha,ôn lại bất cứ lúc nào,thêm từ xóa từ ,thêm hình ảnh sinh động ,giúp chia từ theo chủ đề rất dễ thuộc ạ",2022-07-12 00:40:56,Positive,"The app helps me remember vocabulary longer. It's divided into topics so learning is easy to remember and review. The interface is easy to use and useful. There are lessons and tests to help me remember words longer. When learning words in notebooks, you might be lazy to relearn them, but in the app, it's different. Review them at any time, add words and delete words, add vivid images, and help divide words by topic very easily."
4e935edf-9d9b-49cc-8046-02acf92508da,009,5,"mik thấy học ổn nhưng kèm lên youtube nữa chứ học ko thì khô khan lắm , có hiều youtuber giới thiệu . chưa lên lớp 9 nhưng mik học từ vừng trong hè rất ổn , thông minh hơn xíu , tải liền nha",2022-07-10 06:18:58,Positive,"I think it's okay to learn, but I also upload it to YouTube. Learning without it is very dry. Many YouTubers recommend it.I'm not in 9th grade yet, but I learned sesame words in the summer very well, I'm a little smarter, download it right away"
04024e44-e229-41c7-8384-c6b212679d6e,009,4,âm thanh cứ bị nhanh và nhiều khi khó nghe. app cho phép người dùng lựa chọn được tự up file âm thanh/video lên được k?,2022-07-04 10:52:00,Positive,The sound is fast and sometimes difficult to hear.Does the app allow users to choose whether to upload audio/video files themselves?
907551c8-a7cc-4abe-8fde-27948c24a115,009,4,"dễ tạo thư mục, phân chia rõ ràng, nhiều cách học mới và rất thú vị. nghĩa không đa dạng lắm, nó dùng để học sẽ tốt hơn là để tra rất nhiều. đây là một phương pháp học tập hay, không mất quá nhiều thời gian như học truyền thống và còn free 👍",2022-06-27 12:35:58,Positive,"easy to create folders, clearly divided, many new and very interesting ways to learn.The meaning is not very diverse, it is much better to use for studying than to look up.This is a good learning method that doesn't take too much time like traditional learning and is also free 👍"
d2c77cd0-a085-4dc4-b0be-a4b6e8e9175c,009,5,"toẹt cm giời luôn nha. hồi đầu biết quizlet là học trên trang web, h chuyển về app lại càng tiện học trên đth. giao diện đơn giản dễ sử dụng, khi thêm từ mới có thể sử dụng hình ảnh có sẵn hoặc tụe thêm ảnh của mình vào. từ nào đã được thêm trên hệ thống thì nó sẽ hiện ra và hiện nghĩa luôn, đỉnh đỉnh đỉnh. còn có các kiểu ôn như lật thẻ, chọn đáp án, tự luận, làm ktra (cái này bao gồm chọn đ.án, đúng sai và điền tự luận nhưng có thể cài đặt theo í thích). free còn k bii nhảy qc, tuyetzoiiii",2022-06-27 08:58:00,Positive,"Damn it, oh my gosh.When I first knew that Quizlet was about studying on the website, I switched to the app and it was even more convenient to study on the phone.The interface is simple and easy to use. When adding new words, you can use existing images or add your own photos.Any word that has been added to the system will appear and show its meaning, top top top.There are also review types such as flipping cards, choosing answers, essay, doing tests (this includes choosing answers, right and wrong and filling in essays but can be set to your liking).Free still doesn't know how to dance qc, tuyetzoiiii"
f3738daf-4022-4ed7-9186-2b7c202d9bea,009,5,"có nhiều cách thức học-ôn tập khác nhau,dễ tiếp thu từ vựng và nhiều kiến thức khác,ko có qc hay lỗi j nhiều nói chung là tốt!",2022-06-25 02:23:14,Positive,"There are many different ways to study and review, it's easy to absorb vocabulary and many other knowledge, there aren't many errors or mistakes, overall it's good!"
832a3232-29ca-41d5-a00d-fcfad8e4d5aa,009,5,học rất dễ thuộc và nó cho sau khi học xong nó cho mik bài ktra nó có phần viết và phầm học rất hay nên tải,2022-06-20 07:30:02,Positive,It's very easy to memorize and it gives me a lesson after finishing studying. It has very good writing and math so download it.
3798f6c0-aa28-4b01-9f65-8d7cb77a68b6,009,4,"nhiều tính năng thú vị, tương đối dễ sử dụng, có thể học cùng bạn bè, có trò chơi để thi đua xếp hạng cùng bạn. thiết kế hơi nhàm chán.",2022-06-19 13:48:36,Positive,"Many interesting features, relatively easy to use, can study with friends, there are games to compete and rank with friends.The design is a bit boring."
78611607-2c0a-49b8-8d67-7185adaf69d7,009,4,"nhiều flashcards hay ho, cách học dễ nhớ. nhưng cũng sẽ hạn chế về kiến thức nếu không được bạn chủ flashcard cấp quyền truy cập.",2022-06-15 10:55:46,Positive,"Many interesting flashcards, easy to remember learning methods.But it will also limit your knowledge if you are not granted access by the flashcard owner."
b903581a-b664-44f7-9871-e3f0522b8ed5,009,5,"app thông minh dã man luôn á, trình bày mấy công cụ chức năng dễ hiểu, muốn học gì cũng có, very good, ngàn sao cho app",2022-06-08 16:40:01,Positive,"The app is so smart, it presents functional tools that are easy to understand, you can learn anything you want, very good, thousands of stars for the app"
72d5bd8e-fd95-489f-9633-8c0b5faa44be,009,5,quizlet là một app rất hữu dụng để học từ vựng hay nhớ bất kì thứ gì nhanh chóng và hiệu quả hãy tận dụng điều này để tiết kiệm thời gian và sức lực,2022-06-05 04:04:11,Positive,Quizlet is a very useful app to learn vocabulary or remember anything quickly and effectively. Take advantage of this to save time and energy.
a96c46d8-f4aa-488e-b37a-67c0694d4101,009,5,"dùng rất hay, app sử dụng phương pháp spaced repetition cực hiệu quả luôn. sau khi học xong sẽ có các game để kiểm tra lại kiển thức. từ nào chưa thực sự nhớ thì sẽ phải học đi học lại. nói chung, app rất tuyệt, lại free nữa nên mình cho 5 sao nha!",2022-06-01 14:46:54,Positive,"Very good to use, the app uses the spaced repetition method extremely effectively.After studying, there will be games to test your knowledge.If you don't really remember any words, you will have to study them again and again.Overall, the app is great and free, so I give it 5 stars!"
698e9bac-0ee3-4fbf-aac9-678a3a2991f7,009,4,"app giúp em học từ vựng tốt, ghi nhớ nhanh, lâu, dễ dàng ôn tập lại từ vựng hơn nhìuuu ạa. app dễ sử dụng, có phần phiên dịch ngôn ngữ này sang ngôn ngữ kia rất tiện lợi ạ ❤",2022-05-31 19:57:47,Positive,"The app helps me learn vocabulary well, remember it quickly and for a long time, and review vocabulary more easily.The app is easy to use and has a very convenient translation from one language to another ❤"
dfa36259-703f-4943-81bf-f031b00691f2,009,5,ứng dụng rất hay ạ thật sự cảm ơn nhà phát triển rất nhiều !!! ít khi đánh giá trên chplay nhưng thực sự app quá đỉnhhh !!! nhờ có app mà mình học hỏi được rất nhiều <3 cảm ơn cảm ơn cảm ơn !!!,2022-05-26 13:36:00,Positive,"Very good application, thank you very much to the developer!!!Rarely do reviews on chplay but the app is really great!!!Thanks to the app, I learned a lot <3 thank you thank you thank you!!!"
1a098944-2bfe-4c0c-9571-b7012e1df6e7,009,5,"ko phải nói nhiều, review bên dưới nhiều rồi. nói ngắn gọn lại thôi. 10 điểm. ko bt có phải do lí do cá nhân hay thực sự là quizlet lm đc mà những từ mk học rời ở ngoài thì nhớ đc 1 tgian ngắn rồi quên mất. còn quizlet có vẻ như lúc học xong *bay não :))* nma lúc cần dùng nó cứ tuôn ra như suối ạ. có thể là do yếu tố tâm lý nx nma khẳng định quizlet đã đóng vai trò tốt trg vc giúp mk nhớ ngoại ngữ.",2022-05-25 12:05:45,Positive,"Not much to say, there are many reviews below.to put it briefly.10 points.I don't know if it's due to personal reasons or because Quizlet actually does it, but I remember the words I learned outside for a short time and then forgot them.As for quizlet, it seems like when I finish studying *my brain flies :))* nma when I need to use it, it just flows out like a stream.Maybe it's due to psychological factors nx nma confirms that quizlet has played a good role in helping people remember foreign languages."
7ac56c0d-9dc6-4bbf-b06a-8f93adddb3ff,009,4,"tính đến thời điểm hiện tại: - những điểm tích cực mà mh ghi nhận là: nhập thông tin dễ, giao diện đơn giản, có chế độ tối dễ nhìn, tìm kiếm các bài ôn khác dễ dàng, share dễ dàng, ôn tập cũng dễ. - những điểm chưa thuận tiện đối với mh (có thể do mh chưa biết cách): ko thể sắp xếp lại thứ tự các học phần, thư mục theo ý mh; không tô màu hay đánh dấu đặc biệt cho thư mục được; trong khi đang soạn thảo văn bản, muốn copy-past từ mục thuật ngữ có khi được và nhiều khi không được.",2022-05-25 03:49:01,Positive,"Up to now: - The positive points that mh noted are: easy to enter information, simple interface, easy to see dark mode, easy to search for other review lessons, easy to share, easy to review.- Inconvenient points for me (maybe because I don't know how): I can't rearrange the order of modules and folders according to my wishes;Folders cannot be colored or specially marked;While editing a document, wanting to copy-paste from the glossary sometimes works and sometimes doesn't."
f4226a5f-e2af-4592-88a8-391a5bf0515b,009,5,"chỉ cần mò một xíu là có thể nắm hết được chức năng mà app đem lại ròi , hiệu quả nè , đa dạng nè , học theo cách này nó hong bị nhàm chán nữa đâu ( theo mình là dạy th nha , nhưng mà mọi người cx nên thử tải dề máy dùng thử đi , hay á )",2022-05-24 11:16:43,Positive,"Just need to do a little digging to grasp all the functions that the app brings, it's effective, diverse, learning this way won't be boring anymore (in my opinion, it's a simple way to teach, but everyone should try downloading it on their device to try it out, it's great)"
f6db4e24-dfac-40b9-99ac-1d304e948984,009,5,"app tuyệt vời , nhưng nếu cho thêm phần ôn tập vào ngày mà mình sẽ quên như phương pháp space repetition thì app phải gọi là đỉnh >>>",2022-05-13 05:00:14,Positive,"The app is great, but if you add a review part on the day that you will forget like the space repetition method, then the app must be called top >>>"
f4752686-e984-4d06-8148-d61e76b0a46c,009,5,"khá ổn, trước giờ mình chả biết học từ vựng như thế nào và khá chán với việc đó. từ lúc biết đến app này thì mình thấy việc họ từ vựng dễ dàng hơn và mình có thể học mọi lúc mọi nơi. mong quizlet ngày càng phát triến",2022-05-09 10:47:48,Positive,"quite okay, before now I didn't know how to learn vocabulary and was quite bored with it.Since knowing this app, I find learning vocabulary easier and I can study anytime, anywhere.I hope quizlet continues to grow"
07004a0d-fbe1-4ae9-bb3f-c957e9f0d119,009,5,"đây là phần mềm học từ vựnng tốt nhất mà tôi đã dùng. nhưng giá mà quizlet có mục ôn tập theo list từ đánh dấu sao và có cài đặt thời gian chạy của mỗi từ (tương tự như mục ""viết"" nhưng tự động chạy liên tục cả list, không dừng lại hỏi đáp án) thì sẽ thật tuyệt vời.",2022-05-06 22:22:45,Positive,"This is the best vocabulary learning software I have used.But if Quizlet had a review section based on a list of starred words and had a running time setting for each word (similar to the ""writing"" section but automatically runs the whole list continuously, without stopping to ask for answers), it would be great."
5fa399fa-d06f-4f3a-817a-47593e33ed5e,009,5,"app tuyệt lắm luôn. vừa có thể học tiếng anh, tiếng hàn... mà còn vừa ghi chú từ vựng theo cách của mình nữa. rất thích hợp với ai đang học từ vựng.",2022-05-06 15:05:45,Positive,"the app is great.You can not only learn English, Korean... but also note down vocabulary in your own way.Very suitable for those who are learning vocabulary."
99e737c6-bf7e-4f83-ba02-621d30ab65ef,009,5,nếu nói app hay nhất tôi từng tải ngoài mấy app giải trí thì đây là app học tập tốt nhất nhất nhất nhất nhất cảm ơn người tạo ra app này rất nhiều nhiều nhiều nhiều nhiều nhiều,2022-05-05 12:15:48,Positive,"If I say the best app I've ever downloaded, besides entertainment apps, this is the best learning app, the best, the most, thank you to the creator of this app very much much much much much much"
c33ebd64-4e04-4912-a93e-d22d1d5a0e81,009,5,"đây là một app rất hứu ích, các bạn nên tải về nha. nó khiến việc học từ vựng trở lên dễ dàng và hiệu quả.",2022-04-26 16:08:45,Positive,"This is a very useful app, you should download it.It makes learning vocabulary easy and effective."
9740b4c9-85ff-424a-99e5-42864c6cf7e9,009,5,tôi có ý kiến rằng nếu như được thì app nên có tính năng nhận biết từ đồng nghĩa bằng tiếng việt vd như từ quang cảnh mà tôi bấm cảnh quan thì nó vẫn cho sai,2022-04-25 04:21:02,Positive,"I have the opinion that if possible, the app should have the ability to recognize synonyms in Vietnamese, for example, for the word landscape, when I click landscape, it still gives the wrong answer."
cad03469-7033-4083-a99b-6de1a99f216d,009,5,"ứng dụng nay hay cực kì luôn ấy, giúp mình nhớ lâu nhờ học flashcard. quizlet giúp mình nhớ được nghĩa với cả ghi nhớ mặt chữ nữa.",2022-04-14 07:41:55,Positive,"This app is extremely good, it helps me remember for a long time thanks to learning flashcards.Quizlet helps me remember meanings and remember letter faces."
66178dc9-c0a6-4913-b257-37876b9fdbfd,009,4,"cũng được, cho 4 sao bởi nó không free. nhưng chất lượng app ổn nha. đôi lúc nó hơi chập mạch ở chỗ dấu ""/"" phần ktra thui",2022-04-10 14:16:52,Positive,"Okay, I give it 4 stars because it's not free.But the quality of the app is okay.Sometimes it's a bit short-circuited at the ""/"" mark in the ktra thui part"
563830b3-42cc-4944-a452-519329c4c0bd,009,5,"tôi chưa thấy ứng dụng học vocab/phrase/ idiom/ hoặc đơn vị kiến thức bất kì bạn muốn học nào xuất sắc hơn ứng dụng này cả. tôi vô cùng khuyến khích bạn sử dụng nó. dùng xong thấy thích quá nhớ quay lại cảm ơn tôi. hi quizlet, you should have hired me as your creative director (: sincerely, anh",2022-04-05 07:20:54,Positive,"I have not seen any better application for learning vocab/phrase/idiom/or any unit of knowledge you want to learn than this application.I highly encourage you to use it.After using it, I liked it so much that I came back to thank me.hi quizlet, you should have hired me as your creative director (: sincerely, anh"
e79f25a5-9fdf-48f7-97a8-16918bca2b3b,009,5,app rất là ok nha mn. nếu bạn muốn ghi nhớ các từ vựng lâu hơn thì hãy tải app này về nha. rất đáng để thử đó 😍😍,2022-04-02 07:03:30,Positive,"The app is very ok.If you want to memorize vocabulary longer, download this app.It's worth trying 😍😍"
68c87ce1-7309-4609-876a-47ca3e8b4de1,009,4,"tại sao lúc trước cho phép xem vào thư mục học phần của người khác,giờ không được truy cập vào thư mục của người khác nửa vậy.",2022-03-29 15:46:35,Positive,"Why was it allowed to view other people's study folders before, but now I can't access other people's folders?"
a0a4ee3b-0b8f-49be-85a7-2560869495ef,009,5,i think i misdelete some file of quislet operation while clear storage. now the file is lost so i cant open quizlet despite how many time re install it. hope u undersrand my english somebody helppp,2022-03-28 13:56:25,Positive,i think i misdelete some files of quislet operation while clear storage.now the file is lost so i cant open quizlet despite how many time reinstall it.hope u understand my english somebody helppp
06b10ff9-ea6f-4572-ab26-595135976261,009,5,"ứng dụng rất ổn,mình nhớ được rất nhiều từ vựng mới:3. nhưng mong nsx cho nó đc free để cho học sinh như mình sử dụng:(",2022-03-27 13:19:37,Positive,"The application is very good, I remember a lot of new vocabulary: 3.But I hope the publisher will make it free so students like me can use it :("
7cb84f80-57da-41ea-a975-99855b3255fa,009,5,"easy to use and follow, there are many methods help me remember words and terms easier, i used flashcards available or created by other users 😊, fast and convenient.",2022-03-24 07:11:07,Positive,"easy to use and follow, there are many methods to help me remember words and terms easier, i use flashcards available or created by other users 😊, fast and convenient."
b14678ec-0958-4ee3-8db3-46677b558846,009,5,app rất hay cho việc học từ vựng tiếng anh nha! mọi người nên dùng . phần tạo ra học phần cho mình rất hay cũng như là mình được học cả các học phần của những người khác đã tạo . mọi người tải về dùng ko phí dung lượng đâu ạ,2022-03-22 22:37:24,Positive,Very good app for learning English vocabulary!everyone should use it.The part about creating your own modules is very cool as well as allowing you to learn the modules that other people have created.Everyone can download and use it without wasting space
3ae647c6-583b-4bf8-9076-295812911c4c,009,5,"app rất phù hợp dùng để học từ vựng có đa dạng các mức độ kiểm tra khác nhau khiến ng học cảm thấy không nhàm chán , có một điều khác với các app là app nàu còn có thể phát âm từ đã nhập .",2022-03-21 09:39:22,Positive,The app is very suitable for learning vocabulary with a variety of different test levels so that learners do not feel bored. One thing that is different from other apps is that this app can also pronounce the entered words.
ea16f94f-a211-4fa3-af38-8ed7901791a9,009,5,"có 10 sao là cho luôn 10 sao rồi 🥺 tuyệt vời không còn gì để nói 🥺 giúp mình ghi nhớ từ nè, rồi có phần phát âm nữa. ôi nói chung tuyệt lắm mau tải về học đi mọi người 🥺.",2022-03-20 09:28:49,Positive,"If there are 10 stars, I'll give it 10 stars 🥺 it's great, there's nothing more to say 🥺 helps me remember words, and then there's the pronunciation part.Wow, overall it's great, quickly download and learn, everyone 🥺."
548050ed-c807-491e-b8b8-7d57ea5dc445,009,5,"app hay lắm nha, khuyên mọi người nên dùng thử, dùng để học thuộc mấy cái kiểu lịch sử đồ cũng okie lắm nha, mình học khối c03 với d00 nên học cái này okie lắm ạ",2022-03-20 07:51:29,Positive,The app is very good. I recommend everyone to try it. It's also very good to use it to memorize historical maps. I'm in block c03 and d00 so learning this is very good.
78299cdc-4728-4485-a5ea-3b587691eea3,009,5,từ vựng này học rất là tốt. mọi người nên tải về học. cảm ơn đã xuất ra ứng dụng này. nó rất là tiện ích.chúng ta có thể học từ vựng rất nhanh không cần ngồi học từng từ như vậy sẽ rất là cực.1 lần nữa cảm ơn tất cả các nhà bình phẩm đã tạo ra ứng dụng này.xin chân thành cảm ơn ạ!,2022-03-13 11:00:35,Positive,"This vocabulary is very good to learn.Everyone should download and study.Thanks for publishing this app.It's very convenient. We can learn vocabulary very quickly without having to sit down and learn each word. This will be very cool. Once again, thank you to all the reviewers who created this application. Thank you very much!"
1b5e612c-6312-4f92-bb46-6b6af70c5637,009,5,"công cụ hỗ trợ học tập tuyệt vời. nhờ có quizlet tôi có thể ghi nhớ dễ dàng, nhiều và nhớ lâu hơn. hạn chế nhỏ : một số thuật ngữ chuyên sâu sẽ không có hình ảnh minh họa được cần bổ sung thêm...",2022-03-07 17:51:04,Positive,"Great study aid.Thanks to Quizlet, I can memorize easily, a lot and remember longer.Small limitation: some specialized terms will not have illustrations, need to be added..."
26b3bdd4-6231-4754-a2d6-7e64dc5650bf,009,4,"tốt lắm ạ. mình dùng mấy năm r nhg mỗi tội nhiều lúc kh mở đc app trg đth, toàn phải tắt nguồn xg mới đc nên trừ 1 🌟",2022-02-28 09:27:51,Positive,"very good.I've been using it for several years, but every time I can't open the app on my phone, I always have to turn off my phone to be able to access it, so minus 1 🌟"
3ecc2521-9785-4b41-b4d1-c1b912276e7f,009,5,mình cảm thấy rất hay khi học tiếng amh và cho mình học hỏi về tiếng anh nhiều hơn và cảm ơn các nhà đã là r cho mọi người quizlet để chơi và học hỏi mong các bạn hãy học hỏi những chương trình này,2022-02-27 14:24:57,Positive,I feel very good when learning English and let me learn more about English and thank you for being a quizlet for everyone to play and learn. I hope you will learn from these programs.
d27c6451-7ae4-4a4c-b7f0-e7b880089d34,009,5,app xịn sò con bò nha các bạn từ hồi mình học app này là mình nhớ từ vựng lắm nè>< mấy bạn mà muốn nhớ lâu từ vựng thì tải app này nhó,2022-02-24 14:35:53,Positive,"This is a great app. Since I learned this app, I've memorized vocabulary a lot. < If you want to remember vocabulary for a long time, download this app."
b06da343-49d5-465b-8e9d-519ad5b58582,009,5,"mới sử dụng một ngày mà mình cảm thấy nó rất tiện lợi và có ích trong việc học, nhất là khi học từ vựng tiếng anh.",2022-02-23 15:27:14,Positive,"I've only used it for a day but I feel it is very convenient and useful in studying, especially when learning English vocabulary."
dc020876-6468-4acc-b21e-d1e9a6a725a7,009,5,"dùng quizlet cảm giác học nhanh vào hơn, dễ sử dụng. mong quizlet cải thiện có thêm tính năng lưu từ mới của những học phần khác tạo thành học phần của mình=))))",2022-02-20 13:58:03,Positive,Using quizlet feels like learning faster and is easy to use.I hope Quizlet will be improved with the ability to save new words from other modules that make up your module =))))
e78aba6c-b516-45cc-9713-fdb9aa5b88ae,009,5,":<< quá hay với 1 người đang học từ vựng như mình, thi thoảng ở lớp hoặc không có gì làm có thể lôi đthoai ra để học rất thuận lợi ạ. quá xuất séccc",2022-02-20 10:27:08,Positive,":<< It's great for someone like me who is learning vocabulary. Sometimes when I'm in class or have nothing to do, I can pull out my phone to study very conveniently.too awesome"
87c96a3e-2a00-49c1-b3ec-ed8be564170b,009,4,oke nhma phát âm trên này thì ko được chuẩn á còn lại rất tiện cho đứa học từ vựng như mình một flashcard kiểu online ý,2022-02-20 05:02:22,Positive,"ok nhma the pronunciation above is not correct, otherwise it's very convenient for vocabulary learners like me to have an online flashcard"
88bb0a5d-30b4-473e-853b-1cf8568b77d4,009,5,"1 cái app quá tuyệt vời! thực sự không thể chê được. em biết qua các kênh yt. hầu như ai cũng đánh giá cao app cả, rất tín nhiệm để có thể chia sẻ cho bạn bè",2022-02-19 15:06:56,Positive,"Such a great app!Really cannot be criticized.I know through yt channels.Almost everyone appreciates the app, it's very trustworthy and can be shared with friends"
0f06d297-1db9-4a53-b3b7-8aee4462affb,009,5,tui cảm thấy phần mềm này giúp tui học môn tiếng anh rất dễ dàng trong mấy phút tui có thể học thuộc phần tiếng anh mà tui ghi rồi. mn nhớ tải quizlet về nha.,2022-02-08 10:54:20,Positive,"I feel that this software helps me learn English very easily. In just a few minutes, I can memorize the English part that I wrote down.Remember to download quizlet."
bcc9165e-ebf7-412e-aa77-01237f0f61b3,009,5,"ulatr, nói thật là chưa có app nào mà em tưn động học như này. vừa dễ dùng, giao diện thông minh. nch là tuyệt vời nhaaa.",2022-02-07 15:56:21,Positive,"ultra, to be honest, there hasn't been any app where I've been able to learn like this.Easy to use, smart interface.nch is great haha."
4208cff9-35fb-4586-b5f0-ada8fa61d650,009,5,"10/10, nhờ quizlet mà tôi đã tìm lại được hứng khởi trong việc học thuộc nói chung và học từ vựng nói riêng. việc học thuộc từ với quizlet quá đỗi ez😁",2022-02-02 02:08:07,Positive,"10/10, thanks to quizlet, I have rediscovered my excitement in memorizing in general and learning vocabulary in particular.Memorizing words with quizlet is so amazing😁"
ce7c4769-e308-428e-b734-ad9a8bf0017b,009,5,"các bạn chỉ cần dành nửa tiếng để ghi các từ vựng mình cần học rồi có thể xem và học mọi lúc mọi nơi, ứng dụng tuyệt vời có thể thay thế flashcard truyền thống",2022-01-29 07:31:22,Positive,"You only need to spend half an hour to write down the vocabulary you need to learn and then you can view and study anytime, anywhere. This is a great application that can replace traditional flashcards."
ddddaa75-16ce-4642-b373-7dcae7bb21af,009,5,"ứng dụng này dùng để học từ vựng rất hiệu quả có nhiều tính năng như viết, ghép thẻ, học và kiểm tra để cho ta nhớ từ vựng dễ hơn",2022-01-28 12:44:46,Positive,"This application is used to learn vocabulary very effectively and has many features such as writing, matching cards, studying and testing to help us remember vocabulary more easily."
25f8e948-5de7-4baf-a9b5-8b4a1a59d1b9,009,5,"chào quizlet, tôi muốn mua quizlet plus qua google play store vì không có thẻ tín dụng, chỉ có tài khoản ví điện tử liên kết qua google play store. tại sao trên nền tảng web tôi thấy giá giảm chỉ có 3.6 usd, trong khi trên google play store lại lên tới 36 usd vậy? tôi muốn mua với giá khuyến mãi qua google play store có được không?",2022-01-27 10:23:11,Positive,"hello quizlet, I want to buy quizlet plus via google play store because I don't have a credit card, only an e-wallet account linked via google play store.Why on the web platform do I see a reduced price of only 3.6 USD, while on the Google Play Store it is up to 36 USD?I want to buy at a promotional price via google play store, is it possible?"
76641d72-1431-4ccd-8503-c6476a40ac43,009,5,"app rất tiện cho những ai ko thích học từ vựng theo kiểu thông thường, giúp người học dễ nhớ từ, học được ở bất cứ đâu khi có mạng!",2022-01-25 06:03:31,Positive,"The app is very convenient for those who do not like to learn vocabulary in the usual way, helping learners easily remember words and learn anywhere when there is an internet connection!"
ba027006-884c-42ab-817e-940ead2cfcb6,009,4,"tôi học thuộc rất nhanh các từ vựng từ khi dùng quizlet và tôi thấy app rất hữu ích, làm cho việc học từ vựng bớt nhàm chán (nhưng tôi mong nhà sản xuất thay đổi màu giáo diện một tí vì bây giờ giao diện có một màu trắng hoặc đen)",2022-01-22 02:12:37,Positive,"I memorize vocabulary very quickly when using quizlet and I find the app very useful, making learning vocabulary less boring (but I hope the manufacturer changes the color of the interface a bit because now the interface is white or black)."
aa6df38c-483b-4d3c-8ad6-6c20865ccd9c,009,5,"ứng dụng dễ dùng, thuận tiện cho việc học thuộc, ghi nhớ đặc biệt là từ vựng với nhiều hình thức khiến việc học trở nên bớt nhàm chán",2022-01-14 05:31:39,Positive,"Easy-to-use application, convenient for memorizing and memorizing, especially vocabulary in many forms, making learning less boring"
973cb72e-477a-4193-a7c7-2b3d3ce55049,009,5,"ứng dụng rất tốt, nếu như nó có thêm tính năng tự động nhắc nhở học lại theo thời gian để có thể tăng khả năng ghi nhớ từ thì tốt hơn. nên thêm nhiều tính năng mới liên quan tới việc học nữa.",2022-01-13 10:00:53,Positive,"The application is very good, if it had an automatic reminder feature to re-study over time to increase the ability to remember words, it would be better.More new features related to learning should be added."
6af194e4-1d34-41a8-86d0-c8ed6b5c12f3,009,5,"quizlet khiến tôi rất hài lòng, đc tạo các học phần ko giới hạn, ví dụ và định nghĩa đều có trog phần mềm rất tiện lợi, mặc dù hiện tại vẫn chx có đk lên plus nhưng nếu có thể tôi sẽ nạp tiền và nhận nhìu dịch vụ hơn vì nó khá xứng đáng",2022-01-08 12:18:04,Positive,"Quizlet makes me very satisfied, being able to create unlimited modules, examples and definitions are all included in the software is very convenient, although currently I still can't upgrade to plus but if I could I would top up and get more services because it's quite worth it."
ec604552-4684-4381-a860-b6269f9df3b0,009,5,"mình thấy rất hay và tiện, nhất là khoản mình muốn thêm bất cứ từ gì mà mình chưa nắm rõ. còn học được cả cách nói, luyện nghe nữa",2022-01-07 13:38:50,Positive,"I find it very interesting and convenient, especially when I want to add any words that I don't understand clearly.You can also learn how to speak and listen"
f37c66d5-599d-4cf4-bba3-cbd4f469f7a4,009,5,"app cực kì hữu ích. mình có thể học từ một cách thoải mái, kiểm tra lại các từ đã học, và học mà không bị chán nản",2022-01-07 09:05:29,Positive,"Extremely useful app.I can learn words comfortably, check the words I have learned, and study without getting bored"
473d1126-ed8f-474e-ac71-16444fc3844e,009,5,"app này hay lắm, mỗi tội hơi máy móc. như là khi nó hỏi mk ô tô là j, mk trả lời là car thì nó bảo là a car mới đúng. còn đâu là dc lắm, tải app về mọi người nhé 😃😃",2022-01-06 09:48:42,Positive,"This app is very good, but it's a bit mechanical.Like when he asked me what the car was, and I answered car, he said it was a car.It's still great, download the app everyone 😃😃"
2ae40728-fdcc-411c-a654-1534328072ef,009,5,ứng dụng tốt á mà mình nghĩ ad nên có những ưu đãi dành cho những người không có điều kiện mua gói quizlet plus,2021-12-25 13:39:34,Positive,"Good app, I think the admin should have incentives for people who can't afford to buy the quizlet plus package"
37159a32-0b07-4bbb-8b0e-8a6fceae122f,009,5,ứng dụng tốt. nhờ có app mình học và nhớ từ vựng nhanh hơn. nếu có góp ý thì mình muốn ứng dụng cải thiện giao diện thêm một chút. cảm ơn nhà phát triển.,2021-12-25 08:43:15,Positive,"good application.Thanks to the app, I learn and remember vocabulary faster.If I have any suggestions, I would like the application to improve the interface a bit more.Thank you developer."
4ad3d426-2dd7-440b-9855-0467bc8c2e5d,009,4,"app rất hay, rất tốt cho người mới bắt đầu, giao diện đơn giản hợp lý dễ sử dụng, tôi đặc biệt thích giao diện này.",2021-12-23 04:47:40,Positive,"Very good app, very good for beginners, simple and reasonable interface, easy to use, I especially like this interface."
3c72bba4-32da-49df-9df3-6dc012332d8d,009,5,"app xử dụng rất tốt, tuy nhiên nếu có thể hiển thị ai tham gia học phần của mình và có thêm tính năng luyện đọc thì tuyệt vời!",2021-12-19 03:17:41,Positive,"The app works very well, but if it could show who is participating in your course and have additional reading practice features, that would be great!"
7d25bd0d-dab0-4cf2-8b2a-d236f724ccec,009,5,app cũng tốt đó. nhưng mà có thể nào làm giao diện cho nó có màu sắc chút được không ạ. nhìn cái nền trắng trơn nó chán gì đâu á 🥴,2021-12-17 06:59:40,Positive,"The app is also good.But can you make the interface a bit more colorful?Looking at the plain white background, it's not boring at all 🥴"
9162a06b-7eff-4659-94ab-8676bbac4060,009,5,"giao diện của app dễ nhìn, dễ sử dụng. mặc dù mình đang dùng bản miễn phí nhưng điều đó không ảnh hưởng quá lớn đến trải nghiệm khi áp dụng vào việc học. app cũng khá tiện lợi về mảng sắp xếp các dạng bài tập, trò chơi để kiểm tra từ vựng. nói chung, cảm ơn nhà sản xuất vì một ứng dụng chất lượng như thế này.",2021-12-17 02:32:15,Positive,"The app's interface is easy to see and easy to use.Although I am using the free version, it does not greatly affect the experience when applied to learning.The app is also quite convenient in terms of arranging exercises and games to test vocabulary.In general, thank the manufacturer for a quality application like this."
43664709-0da8-476d-9238-a7c84cdb26e4,009,5,"thích nhất là các chuỗi tuần học mà quizlet đếm. nó là động lực để mình tiếp tục học. nhưng ước gì mà cái lịch có mấy cái tích xanh đánh dấu những ngày đã học ấy có thể xem được những tháng trước nữa để mình biết là mình đã học được bao nhiêu ngày, đã bỏ học những ngày nào để kỉ luật bản thân hơn.",2021-12-15 05:02:30,Positive,My favorite is the series of study weeks that quizlet counts.It is my motivation to continue studying.But I wish the calendar had some green ticks marking the days I had studied so I could see the previous months so I could know how many days I had studied and which days I had missed so I could discipline myself more.
5f1da2d4-97f6-4b27-91d3-cbf682a5db49,009,4,ứng dụng này khá hay khi nó giúp em nhớ được các nhiều từ trong tg dài nhưng em mong nph bổ sung thêm phần đọc vs phát âm trong phần sài miễn phí,2021-12-05 13:20:10,Positive,"This app is quite good as it helps me remember many words in long sentences, but I hope you add reading and pronunciation sections in the free part."
b781bd75-954f-42a4-b412-c51f958b30d2,009,5,"app hay, mình đang tìm app tự động đọc từ vựng để thuộc từ thì gặp app này. có nhiều tính năng để học từ rất thú vị. cám ơn các bạn chia sẻ học phần cho mình học miễn phí. đề cử dùng thử",2021-11-26 07:41:11,Positive,"Good app, I was looking for an app that automatically reads vocabulary to memorize words and came across this app.There are many features to learn words that are very interesting.Thank you for sharing the lesson for me to study for free.Recommended trial"
5bc63de2-2158-41aa-878c-93dd72b2e0e4,009,4,ứng dụng tốt nhưng nhược điểm là khi viết đúng mà không viết hoa hoặc không có dấu cách sẽ bị tính là sai. mong nhà sản xuất cải thiện ạ.,2021-11-25 07:26:19,Positive,"Good application but the downside is that if you write correctly without capitalization or without spaces, it will be counted as incorrect.I hope the manufacturer improves."
a10b15c2-4000-4b5c-80ea-fe626216a3d4,009,5,"tận dụng những lúc thư giãn, tạo hứng thú khi áp dụng các cách khác nhau giúp tôi nhớ lâu hơn khi học tiếng nhật.",2021-11-18 01:09:14,Positive,Take advantage of relaxing moments and create excitement when applying different ways to help me remember longer when learning Japanese.
1eb44d2a-fffd-43e9-b145-bdfb666df087,009,5,"lúc đầu tôi không biết dùng nhưng tự mò mẫm thì rất ưng, quizlet giúp hành trình học tiếng anh của tôi thú vị hơn, dễ nhớ hơn, đồng thời có nhiều chế độ để học tùy theo nhu cầu mỗi người. đây là 1 app học tập bổ ích cho bạn.",2021-11-17 09:45:48,Positive,"At first I didn't know how to use it, but I found it very satisfying. Quizlet made my English learning journey more interesting, easier to remember, and had many learning modes depending on each person's needs.This is a useful learning app for you."
91cce00f-da85-45b7-8f11-6d0e4d0c6d0d,009,5,"ứng dụng rất thông minh, tôi đã kiểm tra kĩ và dịch rất đúng, đề cao cho app này và mong app có nhiều tính năng mới hơn nữa💗❤💞💕💯👍👍",2021-11-16 10:21:59,Positive,"The application is very smart, I have checked it carefully and translated it correctly. I highly recommend this app and hope it has more new features💗❤💞💕💯👍👍"
6edf3f63-eaee-47e0-9963-a5723ade081c,009,5,"app thật sự rất tuyệt vời để học ngôn ngữ. trước mình học bằng cách viết vừa viết chậm, mà 1 ngày cũng không học được nhiều. nhưng từ ngày học bằng app tiện hẳn, thấy từ nào là note luôn vào app, mỗi ngày học trung bình được 50-60 từ. cứ lúc rảnh là mở máy ra quẹt quẹt ôn lại từ. rất tuyệt vời 👍",2021-11-16 02:54:08,Positive,"The app is really great for learning languages.Before, I learned by writing and writing slowly, but I didn't learn much in one day.But since learning with the app, it's been very convenient. Whenever I see a word, I always note it in the app. I learn an average of 50-60 words a day.Whenever I have free time, I turn on my phone and review the words.very great 👍"
53ab92df-4d1e-4aba-9210-7d6b3209fbf7,009,4,"4 sao khuyến khích nhà phát triển,nên thêm chức năng tùy chọn giọng nói cho thêm phong phú , phát mp3 (x số lần) những cụm từ được thêm vào yêu thích với tùy chọn.nên có chức năng thu âm ghi lại để luyện nói tổng hợp được những thứ này app sẽ nhận được ủng hộ từ rất nhiều người.",2021-11-14 08:21:10,Positive,"4 stars to encourage the developer, should add the voice option function for more variety, play mp3 (x number of times) of the added favorite phrases with the option. There should be a recording function to practice speaking to synthesize these things, the app will receive support from many people."
e3abbeed-5b90-48f8-bc8c-3a1d2cc1c368,009,5,"lần trc đánh giá cs bảo app chỉnh lại để phát âm đc sau đó app chỉnh lại luôn thật sự tuyệt vời cảm ơn nhà sản xuất đã tạo ra app , app thực sự là một vị cứu tinh cho những ai đang học từ vựng ta.app quá tuyệt vời lunn đánh giá app 1000 sao",2021-11-10 15:36:20,Positive,"The last time I reviewed, I told the app to correct the pronunciation so it could be pronounced. Then the app was really great. Thank you to the manufacturer for creating the app. The app is truly a savior for those who are learning vocabulary. The app is so great. I rate the app 1000 stars."
947f2d7a-826f-4794-9880-513795209680,009,5,"app hay, nên tải, có từ vựng theo chủ đề cho mình học, thêm cả mấy bài luyện tập nên khá dễ nhớ. phù hợp cho người mất gốc như mình",2021-11-06 01:26:40,Positive,"Good app, you should download it, it has vocabulary based on topics for you to learn, plus some practice exercises so it's quite easy to remember.suitable for lost people like me"
a2ef2edc-f7fc-48ca-bd3a-6f1cb05adb42,009,5,"app học siêu thích, có thể tự tạo bài học, còn có nhiều phương pháp ôn tập, dễ nhớ. có thể tìm bài học từ nhiều bạn khác, mà nhớ ktra lại do có thể sai sót.",2021-10-31 06:02:07,Positive,"Super fun learning app, you can create your own lessons, there are many review methods, easy to remember.You can learn lessons from many other people, but remember to review them because there may be mistakes."
fa1249e9-1d97-434c-bed4-cc48b301c86e,009,5,"sau 4 tháng sử dụng để học từ vựng và ngữ pháp thì cảm thấy rất ưng ý vì thuộc rất mau và dễ ý, tuy xài bản free nhưng tính năng đã đủ để tự học và tự kiểm tra. ko chỉ vậy cũng có thể dùng để học các baid học, khái niệm trên trường nữa. chưa thấy chỗ chê nên cho 5 sao ạ.",2021-10-19 22:59:32,Positive,"After 4 months of using to learn vocabulary and grammar, I feel very satisfied because memorizing it is very quick and easy to understand. Although using the free version, the features are enough for self-study and self-testing.Not only that, it can also be used to learn lessons and concepts in school.I haven't seen any criticism so I give it 5 stars."
7c17dfde-1163-4349-abaa-1ad2d075b28d,009,5,"quizlet giúp mình học tiếng nhật rất tiện lợi. tuyệt nhất là có audio tự đọc và cài đặt cách kiểm tra theo ý muốn. có thể cài hình bằng phiên bản web nữa, có thể search & lưu bài của người khác soạn sẵn rồi edit lại theo ý mình. điểm trừ là không có space repetition, tự mình tự ôn.",2021-10-19 04:57:32,Positive,"Quizlet helps me learn Japanese very conveniently.The best thing is to have self-reading audio and set up the test as you like.You can also install images using the web version, you can search & save other people's pre-written articles and then edit them as you like.The minus point is that there is no space repetition, review it yourself."
0ae0a23b-cf70-46b0-9668-1d9c83f43bc2,009,5,app rất tuyệt ..nên tải app sử dụng. dùng để học từ vựng rất ok.nếu mình quên hay sai chữ nào app sẽ lặp lại để nào nhớ thì thôi hehe.cảm ơn ad đã có app rất tiện lợi cho việc học tiếng anh.,2021-10-19 02:42:27,Positive,"The app is great..you should download the app and use it.It's great for learning vocabulary. If I forget or make a mistake, the app will repeat it so I can remember hehe. Thank you for having a very convenient app for learning English."
4263108d-410c-4a82-84ee-f207d0db4874,009,5,"dạo này app mới update phần kiểm tra, mk dùng thấy bất tiện hơn bài kiểm tra cũ và phần đánh chữ phải chờ rất lâu chữ mới hiện. làm mất rất nhiều thời gian. mong có thể cải thiện lại vấn đề này",2021-10-16 07:23:59,Positive,"Recently, the app has just updated the test section. I find it more inconvenient to use than the old test and the typing part has to wait a long time for the text to appear.takes a lot of time.Hope this issue can be improved"
51584cfd-4eaa-4c76-8436-0a5d7bdc8e87,009,5,tuyệt vời ! ko phải chỉ hc đc ta trên quizlet đc mà còn hc đc trên các môn cần hc thuộc đc lun .qua tôi hc hóa nữa tiếng chưa thuộc học quizlet 5p thuộc ngay 💜💜💜,2021-10-05 22:51:59,Positive,"Great !Not only can I learn on quizlet, but I can also learn on the subjects that need to be memorized. Through me, I've learned half a language that hasn't been memorized yet. Learn the 5-minute quizlet and memorize it right away 💜💜💜"
ef0a6c7b-7dac-433c-8732-eb17376afa17,009,5,ứng dụng siêu tuyệt vời luôn ạ. với một con lười học từ vựng như em mà thì sd ứng dụng này e trở nên chăm học từ vựng hẳn. app rất thú vị & hữu ích ạ,2021-10-04 13:52:34,Positive,"Super great app.For someone like me who is lazy to learn vocabulary, using this app makes me really diligent about learning vocabulary.The app is very interesting & useful"
d071923e-3355-40a7-b48e-18e1db737597,009,5,"app rất tốt, không chỉ để học từ vựng mà còn học được nhiều thứ cần nhớ. hồi ôn thi thptqg toàn dùng để học lý thuyết hóa, nói chung app xịn, nên tải",2021-10-03 10:51:10,Positive,"The app is very good, not only for learning vocabulary but also for learning many things to remember.When studying for the high school exam, I used it to study theory. Overall, it's a good app, you should download it"
5a48265c-3064-4a22-b4c6-2a16b0c34894,009,5,"ứng dụng hay cải thiện khả năng ghi nhớ, tiện hơn so với ghi chép. tóm lại ai muốn học từ vựng thường xuyên thì nên dùg app này",2021-10-02 18:46:17,Positive,"Good application to improve memory ability, more convenient than taking notes.In short, anyone who wants to learn vocabulary regularly should use this app"
ad75f3ef-5a70-4765-b1c0-4e7920aa9ec8,009,4,app có thể cải tiến tính năng thêm từ vựng vào các bộ từ đã soạn cho dễ dàng hơn được không ạ ? mỗi lần thêm từ vào đùn nản luôn,2021-09-29 17:50:52,Positive,"Can the app improve the feature of adding vocabulary to the compiled word sets to make it easier?Every time I add a word, I get frustrated"
b69dfa05-ff55-4ac8-ac88-1071ee1b7d8f,009,5,"một ứng dụng bổ ích, nó đã giúp mình học từ mới một cách nhanh và nhớ lâu hơn, đặc biệt là có thể lưu để học lại bài khi quên^^",2021-09-29 14:14:23,Positive,"A useful application, it has helped me learn new words quickly and remember them longer, especially being able to save them to study again when I forget ^^"
b8292ff9-e5a8-4b58-b053-d44844941f10,009,5,"ứng dụng rất tốt để học từ vựng, có thể chia sẻ cũng như học từ những bạn khác, nhưng mà có vài từ các b tải lên hơi khác nghĩa 1 tí nên khó học :(((",2021-09-19 11:49:29,Positive,"The app is very good for learning vocabulary, you can share and learn from other people, but some of the words you upload have slightly different meanings so it's difficult to learn :((("
6362478f-86b8-4d3f-a6ea-5000c53d0847,009,5,"ứng dụng rất tốt để học từ vựng, mình tự xây dựng từ vựng của mình tùy thích! cảm ơn những bạn đã làm ra app",2021-09-19 10:41:05,Positive,"Very good app to learn vocabulary, I can build my own vocabulary as I like!Thank you to those who made the app"
e8ad5c0d-ee4a-4dfc-ac0d-fefa332906f7,009,5,"ứng dụng rất tốt. nhưng mình hy vọng nhà phát triển có thể cho thêm 1 thẻ nữa để ghi được những câu ví dụ, nhìn toàn bài.",2021-09-08 13:36:03,Positive,very good application.But I hope the developer can add one more tag to record example sentences and see the whole article.
8abcb5b0-a046-45b2-a096-f22b949fb70d,009,5,app ok lắm nhưng mình nghĩ các bạn lên thêm nhiều thách đấu với bạn bè và có thể kết bạn trên tài khoản quizlet,2021-09-08 12:40:00,Positive,"The app is ok, but I think you can challenge your friends more and make friends on your quizlet account"
e96bddae-4d14-4587-b8bb-58d06442c9da,009,5,"chưa từng nghĩ bản thân sẽ ngoi lên đây để đánh giá bất kì một ứng dụng nào vì đơn giản là mình khá lười. nhưng ứng dụng này mình ưng thật sự, nó lưu lại các từ vựng mà mình muốn học, có cả phần âm thanh và định nghĩa. cách kiểm tra thì nhiều làm bản thân không bị chán. thật sự phải cảm ơn rất nhiều ạ.",2021-09-06 17:09:25,Positive,"I never thought I would come up here to rate any application because I'm simply quite lazy.But I really like this application, it saves the vocabulary I want to learn, including audio and definitions.There are many ways to test so you don't get bored.I really have to thank you very much."
ee1e90f0-1d75-4723-bdd9-37ecc38de53a,009,5,"ứng dụng này tốt lắm nha, nhất là học về các từ vựng tiếng anh có phần nghe người ta phát âm từ đó luôn ròi giúp mình ôn tập hiệu quả nữa nói chung ok lắm!!",2021-09-03 02:54:04,Positive,"This app is very good, especially for learning English vocabulary and listening to people pronounce the words helps me review effectively. Overall, it's very good!!"
9aa47e82-6fba-4b7b-930e-1b807cabf69b,009,5,"hỗ trợ việc học rất nhiều, mong admin sáng tạo thêm các trò chơi bổ trợ ghi nhớ nhanh, chế độ ghim từ mới vào màn hình khoá..... thanks",2021-09-02 08:14:10,Positive,"Supports learning a lot, I hope the admin creates more games to support quick memorization, a mode to pin new words to the lock screen..... thanks"
da24ac5b-f664-4a71-9386-27c3f454a972,009,5,"úi trùiii uiii cưng app lắm nhee, kiểu mình vừa có thể tự làm flashcard vừa có thể lấy ở phần mà mn đã tạo , cách học này khiến tui nhớ khá nhanh và thấm luôn á, sai từ nào app chỉnh cho nhớ bằng đựt mới thôy haha app đỉnh lém mn nên tải nhaaa",2021-08-31 11:19:36,Positive,"Wow, I love the app so much. It's like I can make my own flashcards and take them from the section that you created. This way of learning makes me remember quite quickly and absorbs it very well. If I make a mistake, the app can correct me so I can remember it in no time. Haha, this app is awesome. You should download it."
7e400acc-89be-47ec-8bbb-48c3c3c45648,009,5,"app tốt lắm ạ 🙆‍♀️ màu sắc, bố cục xinh, nhiều tính năng nên học khá vui, không bị chán như cách học truyền thống chép từ vựng ra vở rồi ngồi học thuộc. app còn có thể phát âm từ vựng nên lúc nào quên cách phát âm không mất công mở từ điểm tra lại. dùng máy tính thêm đc cả ảnh mô phỏng từ nx, giúp nhớ lâu hơn. nói chung là không có chỗ chê luôn ạ 🤣🤣 recommend mọi người tải về học nhé 😊🙌",2021-08-31 03:55:17,Positive,"The app is very good 🙆‍♀️ beautiful colors, layout, many features so learning is quite fun, not boring like the traditional way of studying vocabulary in a notebook and then memorizing it.The app can also pronounce vocabulary, so if you forget how to pronounce it, you don't have to bother opening it up again.Use a computer to add simulated images from nx, helping to remember longer.In general, there is nothing to criticize 🤣🤣 recommend everyone to download and study 😊🙌"
d26fa59e-10e6-4fd6-8c7f-91431783fdb8,009,5,"khi mới sử dụng ứng dụng thì cảm thấy khá bối rối nhưng vài ba lần là quen rồi. mình dùng bản miễn phí thấy khá ổn, không biết lên bản trả phí sẽ như thế nào nhỉ. 5 sao cho nhà phát triển.",2021-08-29 14:32:41,Positive,"When I first used the app, I felt quite confused, but after a few times I got used to it.I used the free version and found it quite good, I wonder what it would be like to upgrade to the paid version.5 stars for the developer."
c37297c7-2c77-4a70-b6ae-2a263ceb3257,009,5,cực kỳ hiệu quả cho ai muốn học từ vựng nhanh ạ có nhiều bài test liên quan đến phần tự cựng mình làm thẻ flashcard luôn nhé,2021-08-26 13:32:54,Positive,Extremely effective for those who want to learn vocabulary quickly. There are many tests related to self-administering flashcards.
69c066ee-833d-442b-9e3a-27f650aba15d,009,5,ứng dụng cực kì hay. không những giúp nhớ nhanh từ vựng mà còn có thể phục vụ cho những môn học khác khi cần ghi nhớ. có mấy bài test để ôn từ vựng thú vị cực. nên tải nhaa,2021-08-25 06:21:53,Positive,"extremely good application.Not only does it help remember vocabulary quickly, but it can also serve other subjects when memorization is needed.There are some very interesting tests to review vocabulary.you should download it"
7045b228-2612-4bf7-833a-4cffa25dd0cb,009,5,ứng dụng siêu hay ! thay thế cho flash card một cách hoàn hảo ! là một trong những cách giúp ôn bài hiệu quả,2021-08-23 01:20:58,Positive,super cool app!Perfect replacement for flash cards!is one of the ways to help review effectively
a4de5e69-5737-42c7-89c5-b0e77ceb7f7e,009,5,dùng học tiếng anh hay bất kì ngôn ngữ nago cũng tốt. về phần phát âm mọi ngôn ngữ thì đôi khi có hạn chế. những trên 90% là đọc đúng và nghe rõ. dùng quizlet học được nhiều từ vựng gấp 3 lần học bình thường.,2021-08-21 08:06:44,Positive,"It's also good to learn English or any Nago language.When it comes to pronunciation in every language, there are sometimes limitations.More than 90% of them are read correctly and heard clearly.Using quizlet, you can learn 3 times more vocabulary than studying normally."
96dd6238-595d-4a4d-a361-37198863e278,009,5,app này hay nhất mà mình từng học. nhưng có 1 cái mình không biết là tải bài học trên mạng về mình muốn xóa bài học đó thì phải làm sao ai biết chỉ mình với. cảm ơn rất nhiều,2021-08-21 07:20:35,Positive,"This app is the best I've ever learned.But there's one thing I don't know: downloading a lesson online and wanting to delete that lesson, how can I do that? Can anyone tell me?Thanks a lot"
512fe5dd-01f9-479a-ac92-430fc66f8685,009,5,"tuyệt vời!!! từ ngày có ứng dụng này, mình không phải dùng sổ nữa. các trò chơi đều thú vị. lại còn có phát âm nữa. it's awesome 😆😆",2021-08-19 11:35:49,Positive,"Great!!!Since having this application, I no longer have to use the notebook.The games are all fun.There is also pronunciation.it's awesome 😆😆"
d0bf1809-2647-41fc-89d1-afaa9bab61fa,009,5,theo mình thấy thì apps này là một ứng dụng tuyệt vời và phù hợp để cho những ai đang muốn sử dụng phương pháp học từ vựng bằng flash card mình là người đã trải nghiệm phương pháp này qua ứng dụng quizlet và thấy rất ưng ý và thích thú nói chung là apps rất đáng để các bạn thử sử dụng trong một khoảng thời gian dài để giúp ghi nhớ từ dễ dàng hơn,2021-08-19 10:56:54,Positive,"In my opinion, this app is a great and suitable application for those who want to use the method of learning vocabulary using flash cards. I have experienced this method through the quizlet application and found it very satisfactory and enjoyable. In general, the apps are worth trying to use for a long time to help remember words more easily."
8469e27f-ebbf-4a3d-8aea-5542a74fe8a0,009,5,"học bằng nhiều cách khác nhau, rất thú vị. nhiều tính năng rất hay, sinh động. vì vậy học cực kì thú vị và hiệu quả. tiếp tục phát triển. rất hài lòng",2021-08-18 04:28:29,Positive,Learning in many different ways is very interesting.Many great and lively features.So learning is extremely interesting and effective.continue to develop.very satisfied
8eb013c6-3bb5-44f4-8503-787ac113ae71,009,5,thật sự rất hữu ích cho các bạn cần ghi nhớ. đặc biệt là học tiếng anh. từ nào khong nhớ mình cứ ném vào đây. mỗi tuần ôn lại là thuộc liền luôn á. cảm ơn app nhiều lắmmm ❤❤,2021-08-17 05:37:27,Positive,"It's really helpful for you to remember.especially learning English.If I don't remember any words, I'll just throw them in here.Review it every week and you'll instantly memorize it.Thank you very much for the app ❤❤"
9beb6b09-b4e6-4842-911a-29de26d1e08a,009,5,"quá tuyệt, mình tải về cực kì hữu ích cho việc học từ vựng tiếng anh, dù soạn ra rất lâu nhưng bạn có thể tìm chủ đề có sẵn hoặc học theo lớp, tiện lợi lắm luôn á",2021-08-14 12:45:26,Positive,"It's great, I downloaded it and it's extremely useful for learning English vocabulary. Even though it took a long time to compile, you can find available topics or study in class, it's very convenient."
3d712915-7db2-4b12-9223-4c05e0d4454d,009,5,rất hữu ích học từ vựng có sẵn hay tự tạo đều rất tốt mk nghĩ nếu thêm 1 mục kiểm tra ngẫu nhiên các từ giữa các học phần thì sẽ tốt hơn,2021-08-14 09:27:15,Positive,It's very useful to learn existing vocabulary or create your own. I think it would be better to add a section to randomly test words between modules.
1a081d76-2e44-468c-ba1b-d97cab1e2916,009,5,"5 sao, app tuyệt vời, thích hợp ôn luyện từ vựng. ngoài ra có thể tham khảo bộ từ vựng mà các bạn khác tổng hợp.",2021-08-12 15:39:57,Positive,"5 stars, great app, suitable for vocabulary practice.In addition, you can refer to the vocabulary compiled by other people."
4e6579f1-4926-474c-9572-cd41d9bc8f2f,009,5,"ứng dụng quá tuyệt vời. mình học từ vựng tiếng nhật. chỉ cần đánh từ tiếng nhật mà tự đề xuất cách đọc, âm hán việt với nghĩa luôn.",2021-08-11 11:16:26,Positive,"the application is so great.I learn Japanese vocabulary.Just type the Japanese word and suggest how to read it, the Sino-Vietnamese pronunciation and meaning."
c00742e7-5cb7-4d92-bc6f-16efb5f3feef,009,5,"ứng dụng siêu hay dùng rất thích, gõ cụm từ tiếng anh nó có gợi ý rất nhiều và gợi ý cả nghĩa nữa 👍👍👍",2021-08-11 09:28:51,Positive,"Super fun app, I really enjoy typing English phrases, it has a lot of suggestions and suggests meanings too 👍👍👍"
45e7b3d0-3c04-48b0-b2a6-9322f742143d,009,5,"rất tốt, tuy nhiên bạn lên tạo flashcard trên máy tính và ôn tập trên điện thoại sẽ dễ dàng hơn. hãy học theo ngữ cảnh, đừng ghi nghĩa tiếng việt. dùng trong 1 context sẽ tốt hơn",2021-08-10 17:21:29,Positive,"Very good, but it will be easier to create flashcards on your computer and review on your phone.Learn according to context, don't memorize the Vietnamese meaning.It is better to use it in one context"
548a6012-45e6-4b38-913b-08bfcfacee98,009,5,mk siêu thích ứng dụng này. nó giúp mk mau học thuộc đc cái từ vựng tiếng anh để cải thiện vốn từ. cảm ơn nhà sản xuất nhìu ạ 😘😘😘,2021-08-10 06:17:37,Positive,mk super loves this app.It helps me quickly memorize English vocabulary to improve my vocabulary.Thank you so much producer 😘😘😘
ed982dde-4cc9-403f-b2c5-cb408f658f68,009,5,"app dùng thích cực hehe, mình học tiếng anh, nhật và thái trên này đều ổn hết. ngoài học ngoại ngữ thì học các định nghĩa trong sách giáo khoa cũng rất hiệu quả luôn. chức năng thêm hình ảnh với ghi âm mặc dù hơi tốn thời gian xíu nhưng hôm nào siêng là hiệu quả cực kì. ứng dụng yêu thích của mình.",2021-08-08 11:19:04,Positive,"The app is great to use hehe, I learned English, Japanese and Thai on here and everything is fine.In addition to learning foreign languages, learning definitions in textbooks is also very effective.Although the function of adding images and recording is a bit time consuming, it is extremely effective every day.your favorite application."
2f8abb99-bec6-40f1-8709-d384aacf1486,009,5,"quizlet là một ứng dụng giúp học từ vựng rất hay cx như giúp cho mình nhớ từ khá lâu nên rất thích app, mong app sẽ phát triển và nâng cấp hơn😊",2021-08-07 09:11:53,Positive,"Quizlet is a very good application that helps me learn vocabulary. It helps me remember words for a long time, so I really like the app. I hope the app will develop and upgrade more😊"
258da2ba-cc71-46ff-879e-9c8ee9e37754,009,5,ứng dụng rất hay. giúp ích cho mình rất nhiều. và phần kiểm tra thì có rất nhiều dạng rất mới mẻ và thú vị.,2021-08-07 04:01:15,Positive,very good application.Helps me a lot.And the test has many new and interesting forms.
23aaa125-b867-4d4f-95d5-ec935e102bd7,009,4,"rất tốt, dễ ghi nhớ. nhưng mong nhà sản xuất hãy cho ngoại tuyến ko tính phí thì sẽ dễ học lúc ko có wifi hơn.",2021-08-03 03:47:51,Positive,"very good, easy to remember.But I hope the manufacturer will make it offline without charge so it will be easier to learn when there is no wifi."
716e6217-4968-4e8c-876f-edbc5564dca3,009,5,"rất thông minh và tiện lợi, app giúp mình học bài và k.tra bài bằng thẻ..cách này rất tiện và dễ thuộc, đỡ phải viết ra giấy. ngoài ra còn có nhiều cách học khác trong app nx. học english ghi nhớ bằng app này là lựa chọn đúng đắn của mình^^. tuy là biết về app hơi muộn xí:(( quá bất ngờ về sự sáng tạo và thông minh của app^^.",2021-08-02 14:45:04,Positive,"Very smart and convenient, the app helps me study and check lessons using cards..this method is very convenient and easy to memorize, eliminating the need to write things down on paper.There are also many other ways to learn in the nx app.Learning English and memorizing it with this app is my right choice ^^.Although I found out about the app a bit late :(( so surprised by the creativity and intelligence of the app ^^."
20cec47e-a5ec-4a45-8144-76f67287c70d,009,5,"mình đã từng bảo thủ cho rằng học từ mới là phải chép từ mới vào vở càng nhiều càng tốt. phải chép phát âm, nghĩa từ ctct . nhưng càng học càng nản và mình ko đủ kiên nhẫn đọc lại cái mình đã chép. và hiệu quả học ko cao. từ khi biết đến quizlet, mình thực sự thấy nó hiệu quả rất cao. mình làm đc flashcard có cả phát âm lẫn nghĩa từ nên học rất tiện và có cả các bài kiểm tra , trò chơi giúp mình củng cố từ vựng. ứng dụng đỉnh của chóp",2021-07-30 16:15:39,Positive,"I used to be conservative and believe that learning new words means copying new words into notebooks as much as possible.must copy pronunciation and meaning from ctct.But the more I study, the more frustrated I become and I don't have the patience to re-read what I've copied.and learning efficiency is not high.Since knowing Quizlet, I have really found it to be very effective.I can make flashcards that have both pronunciation and meaning of words so studying is very convenient and there are tests and games to help me consolidate vocabulary.tip of tip application"
9696c1b6-b76e-49f4-8ebc-853ab641b4b2,009,5,"mới sử dụng thấy app khá là ok, rất phù hợp với việc nhớ các từ vựng mới, khá là hiệu quả với mình, không chỉ ngôn ngữ anh mà còn nhìu ngôn ngữ khác nữa, rất hay",2021-07-29 14:39:46,Positive,"Just started using the app and found the app to be quite ok, very suitable for memorizing new vocabulary, quite effective for me, not only English but also many other languages, very good."
837bcdee-756a-4c76-b33e-b0705220ac46,009,5,"ứng dụng siêu tiện luôn, từ ngày tải mỗi ngày mình học được hơn 50-100 từ, tuyệt vời :))). học từ vựng siêu oke, có cả phần nghĩa, phát âm, hình ảnh cho lựa chọn nữa, rất recommend tải về nhaa",2021-07-29 14:19:03,Positive,"The app is super convenient, since downloading it I've learned more than 50-100 words every day, great :))).Learn vocabulary super well, there are meanings, pronunciations, and images to choose from, highly recommend downloading"
587003d0-dc0e-460e-b633-6b9e59c4a8db,009,5,ứng dụng rất tốt. tôi đc 1 bạn trên ytb giới thiệu nên đã tải về. tôi cảm thấy ứng dụng cực kỳ tốt. tôi nghĩ các bạn có thể tải về xem thử. ứng dụng rất tốt!👍,2021-07-27 13:10:11,Positive,very good application.I was recommended by a friend on YouTube so I downloaded it.I feel the application is extremely good.I think you can download it and try it out.very good app!👍
cf11c789-1537-446c-adc5-69a4c87e26da,009,5,mình thấy học cũng khá ổn áp . kiểm tra từ cũ vs học từ mới thì cũng khá đa dạng . học cũng oke la,2021-07-27 06:53:41,Positive,I find studying to be quite stable.Testing old words vs learning new words is also quite diverse.Studying is also ok
e863d67a-d284-4461-b156-61e17163296d,009,5,"sửa lại cho xen lẫn các kiểu câu hỏi khác nhau đi ạ, chia ra từng phần câu hỏi như này học nản với chán lắm ạ :((((",2021-07-25 03:23:49,Positive,"Please edit it to mix different types of questions, dividing questions into parts like this is very frustrating and boring to study :(((("
16e1422a-4c74-41c6-8f59-2feb06ca68c2,009,5,"khá ổn các bạn ạ, nên thử nha. mình thích nhất tính năng viết từ tiếng anh ra nó tự đề xuất nghĩa tiếng việt, loại từ, cô đọng dễ hiểu, đầy đủ, có từ nó cho cá ví dụ ...",2021-07-24 03:54:44,Positive,"It's pretty good guys, you should try it.What I like most is the feature of writing English words, it automatically suggests Vietnamese meanings, types of words, condensed, easy to understand, complete, with words it gives examples..."
c3792f23-daa8-4905-8d42-6b8a62c41084,009,5,"trải nghiệm rất thú vị. mình không cần phải ôm những quyển sách dày cộm đọc đi đọc lại mà không nhớ được bao nhiêu. ứng dụng giúp mình có thể tiếp cận việc học mọi lúc ngay cả khi lười biếng nằm trên giường, giúp mình ôn tập bài học hiệu quả. thanks!",2021-07-24 03:37:34,Positive,"Very interesting experience.I don't need to hold thick books and read them over and over without remembering much.The application helps me access learning at any time, even when I'm lazy in bed, helping me review lessons effectively.thanks!"
eadb1e18-7338-4ac1-9df0-f4bf25d0f720,009,5,"được 1 bạn trên ytb giới thiệu và cảm thấy học rất tốt, còn có các loại trò chơi để test từ, nói chung tuyệt vời, tải ngay và luôn nhé",2021-07-22 04:01:54,Positive,"It was recommended by a friend on YouTube and I feel it's very good to learn. There are also games to test words. Overall, it's great. Download it right away."
0f90ba30-370a-4dc7-bcca-e65fdd33ab60,009,5,mình xem chị jawonee thấy chị ấy học tiếng anh bằng app này nên mình tải về học thử và thấy app học rất hay và hiệu quả. mọi người cũng thử trải nghiệm app nhé,2021-07-21 09:20:44,Positive,"I watched Jawonee and saw that she was learning English using this app, so I downloaded it to try it out and found the app to be very good and effective.Everyone please try to experience the app"
26571cb5-0197-4d0f-a5e2-e7aebaf79500,009,5,"ko chỉ đc học qua chương trình có sẵn của app mà còn có thể xem thẻ của ng khác và tạo đc cả thẻ học của chính mk , hơn nx còn đc kiểm tra . mỗi tội ko free hoàn toàn nhưng phần free cz rất okela r , mong ad sửa lại phần ktra kiểu sai 1 lỗi ko đáng kể thì nên cho qua chứ cứ đánh sai mãi vd ktra là hoạ sĩ nhưng mk ghi là họa sĩ cx đánh sai",2021-07-21 00:12:32,Positive,"Not only can you learn through the app's available program, but you can also view other people's cards and create your own study cards.Each mistake is not completely free, but the free cz part is very good. I hope the admin will correct the incorrect type ktra part. If the mistake is not significant, it should be forgiven, but you keep typing it wrong. For example, ktra is an artist but the mk says it's an artist, so you typed it wrong."
2c77a923-a53b-42fb-a291-47df31bf748b,009,5,"this app is so good, especially for language learner. however, i think that it would be better if you guys made this app be able to merge modules together so that users like me could revise the modules more comprehensively",2021-07-18 08:29:43,Positive,"this app is so good, especially for language learners.however, i think that it would be better if you guys made this app be able to merge modules together so that users like me could revise the modules more comprehensively"
ab8b7e2b-ff76-48d9-8656-6ba74f57fbea,009,5,rất hữu ít luôn m.ng ạ:>. nó giúp mik nhớ và ghi nhớ từ vựng 1 cách rất chi tiết. m.ng nên dùng qua để cảm nhận đi:>,2021-07-13 15:16:53,Positive,"very useful, m.ng:>.It helps me remember and memorize vocabulary in a very detailed way.You should try it to feel it:>"
51ee526e-7465-4d52-b951-19f8ab270f68,009,5,"good app, but it would be better if the app had more fun games to play and a better way to monitor the student's progress",2021-07-13 07:40:42,Positive,"good app, but it would be better if the app had more fun games to play and a better way to monitor the student's progress"
088e6d8e-0400-4d51-9557-cea5b7ac18bb,009,4,"trải nghiệm sau 2 tháng có vẻ ổn, nhưng sau đó bắt đầu xuất hiện quá nhiều lỗi như mất học phần, các word lưu trong học phần bay màu ko rõ nguyên nhân, thỉnh thoảng ko đọc các word, hay phát ra âm thanh,khi đăng nhập thiết bị này sang thiết bị khác thì các dữ liệu(thư muc, sắp xếp học phần vào thư mục ko còn,...)trong tài khoản dần bị xóa đi hết,mong nph sớm khắc phục.",2021-07-13 04:11:53,Positive,"After 2 months of experience, it seemed fine, but then too many errors began to appear such as losing modules, words stored in the module discolored for unknown reasons, sometimes not reading words, or making sounds, when logging in from one device to another, the data (folders, arranging modules into folders no longer exist,...) in the account are gradually deleted, I hope the developer will fix it soon."
608ebb20-c60e-4731-90e5-00354b49a34b,009,5,cho 5 sao nhưng nếu app cho free các tính năng sẽ hay hơn. một điểm trừ nữa là mình ấn vào thuật ngữ của ng khác là k xóa đc file đấy,2021-07-08 03:18:53,Positive,"Give it 5 stars but if the app was free the features would be better.Another minus point is that if you click on someone else's term, you can't delete that file"
5947d018-4718-4fb4-82a1-92e5a55fd334,009,5,"app cực tốt cho việc học từ vựng :33 target của mình là 100 từ/ngày. vì mùa thi 2022 hiệu quả, mình sẽ đồng hành cùng app 1 thời gian dàiiii",2021-07-06 14:00:01,Positive,"Very good app for learning vocabulary: 33 My target is 100 words/day.Because the 2022 exam season is effective, I will be with the app for a long time"
f7b5fe29-caef-41ea-bad9-cfed5c051ee6,009,5,"mình thấy khá hay, mình có thể tự tạo học phần của mình sau đó app sẽ thiết kế cách học để mình cải thiện, mình cũng có thể xem học phần của người khác sau đó hk tham khảo hk phần của họ",2021-07-05 18:07:26,Positive,"I think it's quite good, I can create my own lesson, then the app will design a learning style for me to improve. I can also view other people's lessons and then refer to their lessons."
d97d4ca1-2916-4390-b38a-4fad30c59127,009,4,"khá tốt . trò chơi để học rất thú vị ,nhưng tôi thấy khi ấn vào biểu tượng cái loa 🔊 của từ vựng thì nó ko đọc . nếu như nhà phát triển khắc phục lỗi này thì app sẽ rất tuyệt",2021-07-03 06:54:32,Positive,"quite good .The game is very interesting to learn, but I find that when I press the speaker icon 🔊 of the vocabulary, it doesn't read.If the developer fixes this error, the app will be great"
4e9a5924-b1bc-46aa-883e-6d3f071cf867,009,5,"ứng dụng tốt lắm luôn ý. kiểu có thể tự tạo phần học này, rồi từ nào khum nhớ họ lặp lại liên tực cho nhớ bằng đc thì thôi á. tiếc là không có thông báo nhắc nhở về máy( có thể khắc phục bằng cách tải app nhắc nhở về ó) .",2021-07-02 05:20:18,Positive,"Very good application.You can create your own learning section, then repeat every word you remember until you remember it as well as you can.Unfortunately, there is no reminder notification on the device (can be fixed by downloading the reminder app on it)."
aeaa6af6-62a6-40bd-9a24-8c705bc829d1,009,4,thêm phần nhập ví dụ của từ vựng và chức năng học theo kiểu xáo trộn học phần nữa là tuyệt vời. còn nữa nên tắt quảng cáo đi.,2021-07-01 13:28:39,Positive,"adding vocabulary example input and the module-shuffling learning function is great.Also, you should turn off the ads."
7c12ee93-6536-4f38-aa4b-8b22a47c70b3,009,5,"trước đây mình đã từng tải và xóa tại vì không hiểu được , lúc này mình mới hiểu hết được tác dụng của nó. bạn nào mới tải về thì nên tìm hiểu kỹ sẽ thấy app này học rất hiệu quả. app này cực kỳ tốt cho việc học từ vựng",2021-06-28 11:15:30,Positive,"Before, I downloaded it and deleted it because I didn't understand it, but now I fully understand its effects.If you have just downloaded it, you should study it carefully and you will see that this app is very effective for learning.This app is extremely good for learning vocabulary"
59c4f2de-c148-469c-8cda-a2d97457d17d,009,5,tôi rất hối hận vì không biết app này sớm hơn. thực sự rất tốt cho việc học từ vựng luôn. nói chung là nên download về dùng,2021-06-26 04:14:37,Positive,"I regret not knowing about this app sooner.Really good for learning vocabulary.In general, you should download and use it"
02d5b818-b266-459a-9440-27964873cd29,009,5,mình thấy rất hữu ích khi học các ngôn ngữ khác nhau. mình học tất cả như từ vựng hay cụm từ. mà có bài để luyện tập nữa. tuy còn một số nhỏ sai sót nhưng thế là ok rồi,2021-06-26 01:47:02,Positive,"I find it very useful to learn different languages.I learn everything like vocabulary or phrases.but there are lessons to practice.Although there are some small errors, it's ok"
3dda21e6-7ca1-461d-8fb0-413c80eb8f5a,009,5,ứng dụng rất tuyệt. dùng để học vocab còn tuyệt hơn nữa. ứng dụng còn có tính năng hẹn lịch thi để ôn tập với tần suất cao hơn và thực sự thì mình học cũng thấy hiệu quả hơn nữa. chỉ có điều là mấy từ được gợi ý không có phiên âm quốc tế nên mình phải copy rồi paste vô rất mất thời gian 😭,2021-06-21 04:27:27,Positive,Great app.Using it to learn vocab is even better.The app also has an exam scheduling feature to review with a higher frequency and I actually find studying more effective.The only thing is that the suggested words don't have international phonetic transcriptions so I have to copy and paste them which is very time consuming 😭
d35c078e-df0f-40d3-84a6-ff82f76002db,009,5,"ứng dụng hay. có thể tự tạo bài học và còn có trò chơi, bài kiểm tra... để luyện tập. giúp ích cho mình nhớ từ vựng nhanh và lâu hơn rất nhiều",2021-06-16 05:43:35,Positive,"nice app.You can create your own lessons and there are also games, tests... to practice.Helps me remember vocabulary much faster and longer"
fb38d7db-14e5-45c6-9e67-2a841276b4d2,009,5,"cảm ơn và xin lỗi vì đã thử sử dụng app quá muộn :(( nhờ có app mà giờ tui có hứng thú hơn khi học từ vựng và idioms, collocations ❤",2021-06-12 19:27:27,Positive,"Thank you and sorry for trying to use the app too late :(( Thanks to the app, I'm now more interested in learning vocabulary, idioms, collocations ❤"
3a0cb302-1ecf-445f-b2f8-1dccda5c1768,009,4,app dùng để học từ mới rất tốt! nếu có thể cải tiến thêm phần người dùng phát âm từ mới nữa thì tốt quá ạ.,2021-06-09 08:38:10,Positive,"The app is very good for learning new words!If you could improve the user pronunciation of new words, that would be great."
a2c9def8-f7a9-436e-8876-37df92870e36,009,5,"rất là hữu ích trong việc học từ vựng luôn ạ. ngoài ra còn có thể dùng nó để học sử ,đia, văn cũng đc luôn ấy chứ",2021-06-07 03:42:07,Positive,"It's very useful in learning vocabulary.In addition, you can also use it to study history, geography, and literature"
c6e09542-ab5a-41d6-ab37-37820d4c7bfa,009,5,"giao diện dễ dùng, sáng sủa, thuận mắt, rất hữu ích trong việc học thuộc, có thể áp dụng cho tất cả các môn đặc biệt là tiếng anh",2021-06-04 10:17:56,Positive,"Easy-to-use, bright, eye-catching interface, very useful in memorizing, can be applied to all subjects, especially English"
66ac1156-304e-4f8e-a9e3-e6ebd26c7c02,009,5,"ứng dụng rất tốt. giúp chúng ta dễ ghi nhớ hơn, có thẻ flashcard, bài kiểm tra,... tạo học phần để ôn tập hoặc tìm kiếm học phần có sẵn, tạo thư mục giúp tìm dễ hơn và tham gia lớp học, bạn sẽ không cô đơn.",2021-05-31 01:49:49,Positive,"very good application.help us remember more easily, have flashcards, tests,... create modules to review or search for available modules, create folders to make it easier to find and join class, you will not be alone."
d05fd024-a967-4bc0-9322-047ed2338bd3,009,5,"app học vocab hiệu quả cực luôn. muốn ôn lại từ chỉ cần quăng vô quizlet 1 xíu sau đó tha hồ ôn đi ôn lại bằng các bài tập nha, nhớ lâu nữa. học vocab với quizlet hông tốn nhiều thời gian dou, chăm xíu là oke nè",2021-05-18 03:37:13,Positive,"The vocab learning app is extremely effective.If you want to review a word, just throw it in Quizlet for a bit and then review it over and over again with exercises to remember it for a longer time.Learning vocab with quizlet doesn't take much time, just a little effort is ok"
608e6a3f-d7c2-461b-877d-781407684a1a,009,5,"omg. every body who want to learn foreign language should use this app. it's really useful and easy to use. it supports me when i learned english. although now, i don't learn more but i still keep this app in my phone. luv",2021-05-17 11:57:03,Positive,"omg.every body who wants to learn foreign language should use this app.it's really useful and easy to use.it supported me when i learned english.Although now, i don't learn more but i still keep this app in my phone.luv"
f7fff1ce-e3fc-46d1-b551-1f208ed301a8,009,5,"app học từ vựng rất hay, rất tốt nhưng mình có góp ý nhỏ, các bạn có thể: -phát triển thêm tính năng gợi ý học phần phù hợp với người dùng. -có thêm mục học phần hay được sử dụng nhất. --> để người dùng tiện theo dõi không mất thời gian tìm kiếm - thêm 1 số compliments nữa cho phong phú, thúc đẩy, khuyến khích mọi người có động lực học bài. cảm ơn các bạn đã tạo ra 1 app rất bổ ích.",2021-05-17 03:41:22,Positive,"The vocabulary learning app is very good, very good, but I have small suggestions, you can: -Develop more features to suggest suitable study parts for users.-Added the most commonly used study section.--> so that users can easily follow and not waste time searching - add some more compliments to enrich, motivate, and encourage everyone to be motivated to study.Thank you for creating a very useful app."
9063efd6-da1c-4bc8-acf6-5f56f3ddf7d3,009,5,"học tiếng anh rất tốt, lặp đi lặp lại nhiều lần giúp nhớ lâu. theo mình thì là ứng dụng học tiếng anh tốt nhất trong những ứng dụng đã sử dụng qua, lại còn miễn phí.",2021-05-01 02:50:38,Positive,"Learning English is very good, repeating it many times helps you remember it for a long time.In my opinion, it is the best English learning application among the applications I have used, and it is also free."
da5be90f-277c-4a5d-94da-fc6273173c8d,009,5,"tui thề là học cái này thích cực luôn í, dịch chuẩn, full chức năng còn tự tạo phần học riêng cho mình được. duyệt",2021-04-21 13:07:15,Positive,"I swear it's really fun to learn this, the translation is accurate, fully functional and you can even create your own learning section.browse"
e85c5e79-0a65-480c-8c44-1cc66b35deba,009,5,"app giúp học từ mới dễ dàng nhất mà mình từng sd, có thể tự tạo học phần hoặc học các phần mà người khác đã tạo",2021-04-21 06:37:16,Positive,The app that helps learn new words the easiest I've ever used. You can create your own lessons or learn lessons that others have created.
77b7ab6b-5b61-4894-8b18-64c47b6bd79f,009,5,mình dùng học và thấy rất hài lòng đặc biệt có thể học bộ từ có sẵn của ng khác tạo ! chúc nhà phát triển thành công,2021-04-20 01:57:50,Positive,"I use it to learn and feel very satisfied, especially being able to learn existing word sets created by others!Wish the developer success"
feb7b715-94fc-4b93-b309-50373f36c01c,009,5,giúp tôi học từ vựng và ghi nhớ rất nhanh. điểm trừ duy nhất là không dùng offline được thôi. nói chung là đối với tôi thì như vậy đã tuyệt lắm rồi,2021-04-18 10:34:03,Positive,"Helps me learn vocabulary and remember very quickly.The only downside is that it can't be used offline.Overall, for me, that's great"
5b4accfb-6725-4bed-85be-f87f230458ce,009,5,ôn lại từ cũ tốt lắm nè nhưng có mấy từ bị sai đó ạ. ví dụ như từ 공부하다 nhưng app bảo là 공주하다 và 산책하다 nhưng app bảo là 신책하다 mong ad sửa lại ạ.,2021-04-17 13:24:01,Positive,"It's good to review old words, but there are a few words that are wrong.For example, the word 공부하다 but the app says 공주하다 and 산책하다 but the app says 신책하다, please correct it."
7410099b-7e97-4c36-ba90-07d8427dfb0f,009,4,it need a filter plugin to remove same card when dont mind or i write down to many words ( very common when create a set of card to learn language),2021-04-12 15:33:44,Positive,it needs a filter plugin to remove same card when dont mind or i write down to many words (very common when creating a set of cards to learn language)
9f43218b-45f0-4223-aca1-0c53b6d80f22,009,5,giúp cho việc học tiếng anh 👍có nhiều bài kiểm tra phụ trợ cho việc học từ mới nên từ mới rất dễ học ✨ nếu app mà học được offline nữa thì hoàn hảo luôn 😄,2021-04-06 11:16:16,Positive,"helps to learn English 👍there are many tests to support learning new words so new words are very easy to learn ✨ if the app could also learn offline, it would be perfect 😄"
5056a6ba-ee20-4317-a999-b4d1c6ce76e4,009,5,"đây có lẽ là app tự luyện từ vựng rất hay, dễ ghi nhớ, dễ học, có thể học bất cứ lúc nào và ở đâu, vô cùng tiện lợi 👍👍👍👍👍",2021-04-06 05:33:11,Positive,"This is probably a very good app to practice vocabulary, easy to remember, easy to learn, can learn anytime and anywhere, extremely convenient 👍👍👍👍👍"
3ba0c778-bbed-4101-a38d-90bc6e7cd6a5,009,5,"ứng dụng rất hữu ích trong việc hỗ trợ học tiếng. áp dựng nhiều phương thức học hỗ trợ ghi nhớ từ mới dễ dàng. viết, nối từ, trắc nghiệm các phương thức không gây sự nhàm chán trong việc tiếp thu kiến thức mới. thank admin ❤️",2021-04-04 15:03:57,Positive,"Very useful application in supporting language learning.Apply many learning methods to help remember new words easily.Writing, connecting words, testing methods do not cause boredom in acquiring new knowledge.thank admin ❤️"
c5a430cf-24ad-4cc1-a5ba-bc52b09433d7,009,5,"ứng dụng rất tiện lợi, dễ sử dụng so với anki. tuy nhiên còn hơi ít tính năng 1 chút, như là ko có ô để chú thích riêng hoặc để ghi ví dụ. nhưng nhìn chung nó vẫn là app khá ổn để có thể học nhồi từ vựng nhanh chóng.",2021-04-02 01:29:48,Positive,"Very convenient application, easy to use compared to anki.However, there are a bit less features, such as no box for separate annotations or to write examples.But overall it's still a pretty good app to learn vocabulary quickly."
dd79a907-17a5-44dc-a057-077c0b147f80,009,5,mình thề luôn sau khi mình tải cái này mình học đc 30 từ mới mỗi ngày thật sự rất hay và giúp đỡ mình rất nhiều ❤ cảm ơn nhà sáng lập ra quizlet🧡,2021-04-01 12:42:06,Positive,"I swear after downloading this I learn 30 new words every day, it's really good and helps me a lot ❤ thank you quizlet founder🧡"
9e7dd276-c797-4a17-9dec-677f6f1ed93a,009,5,"rất mong admin sẽ thêm chức năng tìm từ trong học phần. ví dụ mình mới biết thêm 1 nghĩa mới của 1 từ có sẵn trong học phần của mình rồi thì mình sẽ có thể tìm thấy nhanh chóng để thêm nghĩa đó vào. chứ cứ như bây giờ, mỗi lần muốn bổ sung lại phải ngồi rà soát tìm từ đó từ đầu tới cuối, cực quá admin ơi 😢",2021-03-27 16:04:26,Positive,"I hope the admin will add a word search function in the module.For example, if I just learned a new meaning of a word already in my module, I will be able to quickly find it to add that meaning.But like now, every time I want to add something, I have to sit and search for that word from beginning to end, it's so hard, admin 😢"
b8bab57c-2363-4275-b81d-6e9ac7c067a7,009,5,dùng rất ổn học từ mới rất nhanh nhưng lâu lâu phải lm lại ko sẽ quên mất nên dùng cho những người lười hk từ mới như mk ạ 👍,2021-03-19 23:07:07,Positive,"It's very good to use and learns new words very quickly, but you have to repeat it from time to time or you'll forget it, so it's for people like me who are lazy to learn new words 👍"
a4ac047f-1a40-4db5-8cbc-80029e2cbf8c,009,5,ko hiểu sao tải xong vào mà nó bị xoay mãi ko vào hok đc á ...tinh phải xoá ik tải lại mà cx đc 1 hôm là bị,2021-03-11 15:08:26,Positive,"I don't know why after I downloaded it, it kept rotating and couldn't open... I had to delete it and download it again, but it worked for a day and then it crashed."
c4896a08-ae8f-48f0-9550-42e5c5cd5498,009,5,"toẹt dzoiiiiiii!!! mình lười học có tiếng luôn mà xài app thấy vui vui xong bị siêng ấy mn, ngày nào cũng vào học bài lun :)) recommended cho các bạn lười lười mà bị ghiền đt khoái bấm bấm giống mình nha btw ước gì app cho học offline free ạ 🥺 em cảm ưnnnn",2021-03-09 03:31:51,Positive,"wow dzoiiiiii!!!I'm notoriously lazy at studying, but using the app is fun and I'm diligent. I go in every day to study :)) Recommended for those of you who are lazy and addicted to clicking like me. Btw I wish the app would let me study offline for free 🥺 thank you."
6947987e-5624-491f-87e1-82705428367e,009,4,"cần thêm tính năng thêm từ nhanh vì không muốn phải mất công vào phần cài đặt, không những thế nút xoá còn nằm ngay dưới phần chỉnh sửa,lỡ lớ ngớ một cái thì chẳng phải mất công sức làm bộ thẻ rồi sao,sợ hãi các thứ:((",2021-03-08 00:03:41,Positive,"I need to add the feature of adding words quickly because I don't want to waste time on the settings, not only that, but the delete button is right under the editing section. If I make a mistake, won't I have to waste my effort making a set of cards, scared of everything :(("
3c061e30-aea5-465b-94da-5e0f21650e7f,009,5,"ứng dụng khá thú vị, giúp ích nhiều cho mình trong việc học. vào ôn đi ôn lại hằng ngày sẽ giúp mình nhớ bài hơn.",2021-03-06 09:37:43,Positive,"Quite interesting application, helps me a lot in studying.Reviewing and reviewing every day will help you remember the lesson better."
9f884633-0b3b-4870-877a-61abcbbc197a,009,5,đơn giản là rất thích. học từ vào nhanh lắm. trừ việc ngồi gõ từng từ mới thì ổn. nhưng nhờ chế độ gợi ý nên nhanh hơn hẳn,2021-03-02 17:02:28,Positive,"simply love it.Learn words very quickly.except sitting and typing each new word is fine.But thanks to the suggestion mode, it's much faster"
df92d1c6-e0e8-4dd3-83d1-43bc2f94b1e5,009,5,(+) giao diện thân thiện. trải nghiệm thú vị. rất hữu dụng để củng cố vs ôn luyện bài học (-) chưa nghĩ ra vì đang dùng free,2021-02-25 14:54:54,Positive,(+) friendly interface.interesting experience.Very useful for reinforcing and reviewing lessons (-) that haven't been thought of yet because you're using it for free
72bb22da-a8e1-4394-aab4-d268062d16b3,009,5,"em thích app lắm ạ, cảm ơn nhóm đã tạo ra app hữu ích thế này, giúp em học tập đơn giản và tốt hơn nhiều ạ",2021-02-22 05:43:09,Positive,I like the app very much. Thank you for creating such a useful app. It helps me learn much simpler and better.
0b23935e-e762-4375-9701-71fc4d0d2014,009,5,"tuyệt vời luôn này =)) mong app sẽ ngày càng phát triển, cải thiện hơn nữa. à nếu có thể thì tạo ra khóa màn hình bằng học phần luôn càng siêu <~3",2021-02-13 12:19:33,Positive,"This is great =)) I hope the app will continue to develop and improve.Well, if possible, creating a screen lock using a module is even better <~3"
52e50bb2-89a1-467f-b0b6-e8a8753d8348,009,5,"thật ra đây là 1 app tự học đấy. rất hữu ích, khoa học và dễ dùng, cải thiện dc vốn từ vựng rất nhiều.",2021-02-12 09:07:08,Positive,"Actually, this is a self-study app.Very useful, scientific and easy to use, improves vocabulary a lot."
6668f63f-900a-46d5-98e2-2517e67ff7cf,009,4,"mình nghĩ ứng dụng khá hữu ích, nhất là trong phần học từ vựng, còn mấy cái ngữ pháp hay gì gì đấy thì không nhé. học từ mới thì tốt nhưng mờ phần nghe là không có, với ipa cũng không đầy đủ.",2021-02-10 04:31:14,Positive,"I think the application is quite useful, especially in learning vocabulary, but not about grammar or whatever.Learning new words is good, but the listening part is not there, and the ipa is also not complete."
a6c6596b-2b1b-4691-ae14-d9b5a0a8c622,009,4,"sử dụng ok, nhg vẫn bị lỗi khi sử dụng wifi thì bị báo ngoại tuyến, chỉ sử dụng được 3g. mong ad fix lỗi",2021-02-01 10:06:36,Positive,"Used ok, but still error when using wifi, it says offline, can only use 3g.Hope admin fix the error"
37fef44e-7351-4d9a-91b8-c278cbf3734b,009,5,cám ơn quizlet đã hỗ trợ mình hoàn tiền gói đăng ký nhầm. đội hỗ trợ đã giúp mình hoàn tiền trong 24h. chân thành cám ơn 😍,2021-01-28 07:25:56,Positive,Thank you Quizlet for helping me refund the wrong registration package.The support team helped me refund within 24 hours.Sincerely thank you 😍
05776f90-25a7-469f-a31e-2c3699a7b5a9,009,5,"tôi xin cảm ơn chân thành đến người đã tạo ra phần mềm rất hữu ích, mong app sẽ phát triển càng ngày hơn nữa trong tương lai.",2021-01-27 14:29:24,Positive,I would like to sincerely thank the person who created this very useful software. I hope the app will develop even more in the future.
3183a90e-047f-476b-8da8-46f7a4d37035,009,5,"app hay vãi! mình đang luyện ielts. làm đề xong mình bỏ từ mới vào để học cực hiệu quả, khiến việc học trở nên thú vị, không quá khô khan và nhàm chán.",2021-01-17 17:09:32,Positive,"cool app!I'm practicing ielts.After completing the test, I added new words to learn very effectively, making learning interesting, not too dry and boring."
11ea4942-bcf2-4e94-b55f-2ce64af1fedf,009,4,"ứng dụng rất hữu ích👍nó giúp mình ghi nhớ được rất nhiều từ vựng. nhưng cần bổ sung thêm tính năng thông báo từ vựng mỗi ngày để dễ học, ghi nhớ nhanh chóng hơn.",2021-01-10 12:08:04,Positive,Very useful app👍it helps me remember a lot of vocabulary.But we need to add the daily vocabulary notification feature to make it easier to learn and remember more quickly.
8162a48e-340f-4c28-ae3a-b26bd4b45bac,009,5,quizlet dạo này bị lỗi hay sao vậy ạ. click vào học phần bài này nhưng lại giật card và kiểm tra của bài khác. nhờ anh/chị kiểm tra lỗi hộ em ạ,2021-01-08 00:26:08,Positive,Quizlet is bugged lately or something?Clicked to study this lesson but grabbed the card and took the test from another lesson.Please check the errors for me
fddc2eb0-aea2-4e60-b54a-c38be04bad0b,009,5,"có thể tự tạo khóa học riêng cho mình. có phát âm tiếng anh sẵn có, tự tạo khóa học dễ dàng, có thể tìm các khóa học trong các tài nguyên sẵn có, áp dụng đk cho nhiều lĩnh vực. mong bản cập nhật sau có thể cho sắp xếp các học phần theo ý muốn người dùng. cảm ơn add nhiều.",2021-01-06 14:54:43,Positive,"You can create your own course.Has available English pronunciation, easily creates your own courses, can find courses in available resources, applies to many fields.Hopefully the next update can arrange the modules according to the user's wishes.Thank you very much add."
dae72701-d682-49c3-92d1-c06ced7869e6,009,5,"sáng nay tôi đang chán đời, chán công việc, chán tất cả mọi thứ, không có ai bên cạnh thì app hiện lên thông báo với dòng chữ ""hãy luôn suy nghĩ tích cực nhé"". tôi rất biết ơn app đã cứu rỗi một ngày tồi tệ này.",2021-01-05 10:45:50,Positive,"This morning I was bored with life, bored with work, bored with everything, with no one by my side, when the app popped up with the words ""always think positively"".I'm so grateful for the app that saved this bad day."
7bed6d31-1217-42ef-9566-54a199955d80,009,5,"bản update chuẩn, bật thẻ ghi nhớ tự chạy, cả đọc, cả lật quá chuẩn, bữa mình định cmt thêm tính năng này rồi. thanks adm nha 🤗",2021-01-02 08:50:45,Positive,"The standard update, turning on the memory card to run automatically, both reading and flipping is very standard, I was planning to add this feature some time ago.Thank you admin 🤗"
48152b62-7ecb-48d8-8c35-d9fc5b2e9df8,009,4,khá tốt nhưng có thể thay đổi một chút cho những người mới học cho dễ dàng hơn cần thêm hình ảnh sẽ sống động dễ hiểu hơn,2021-01-01 01:02:19,Positive,"quite good but can be changed a bit for beginners to make it easier to learn, need more images to make it more vivid and easier to understand"
d8624678-a228-4c45-b5c7-7eb13ef9fa65,009,5,"mình thấy app siêu hay luôn í, mình tự tạo học phần rồi còn chia sẻ các bạn khác, có rất nhiều cách học hú vị khác nhau giúp mình học không bị chán nhưng chỉ có điều là không thể học offline được.hơi tiếc nhưng vẫn là 5 sao nha!!!!",2020-12-22 13:47:19,Positive,"I think the app is super cool. I created my own modules and shared them with other friends. There are many different interesting ways to learn to help me not get bored, but the only thing is that I can't study offline. It's a pity, but it's still 5 stars!!!!"
fd18495f-a08c-4368-9dfa-aeaee5d94868,009,5,biết đến quizlet sớm nhưng không biết hết tính năng là lỗi lầm lớn nhất của em. ứng dụng thực sự hay lắm đấy ạ. cảm ơn nhà phát triển nhiều lắm đấy ạ.,2020-12-05 01:26:56,Positive,Knowing about Quizlet early but not knowing all the features was my biggest mistake.The application is really great.Thank you very much developer.
5a0a506a-7942-493a-bbb7-5c62b0493c8b,009,5,"quá tuyệt, thường thì người ta sẽ chỉ quay lại đây đánh giá khi gặp lỗi. nhưng mình phải quay lại để dành lời khen cho ứng dụng này. rất hữu ích.",2020-12-04 18:07:43,Positive,"so great, usually people will only come back here to rate when they encounter an error.But I have to come back to praise this application.very helpful."
6e41e535-db44-4fab-8398-63a65aff58d9,009,5,"phần mềm này đã giúp em nâng cao vốn từ lên rất nhiều, ngoài ra khả năng phát âm cũng được cải thiện rõ rệt",2020-11-27 14:59:27,Positive,"This software has helped me greatly improve my vocabulary, in addition, my pronunciation has also improved significantly"
597e630e-7e93-4e09-bce5-63a21fa0a36c,009,5,"ứng dụng hay lắm nha mọi người, lên tải về dùng thử, mình có thể tự tạo ra đề hay những từ mình cần học, giúp mình học từ mới tốt lắm ạ🤣😝🤣😝🤣😝🤣😝🤣😝🤣😝🤣😝🤣",2020-11-26 14:45:55,Positive,"This app is great everyone, download it and try it, you can create your own questions or words you need to learn, it helps you learn new words very well🤣😝🤣😝🤣😝🤣😝🤣😝🤣😝🤣😝🤣"
63cbd95a-9c4d-4285-acc2-8f5545f9c4d2,009,4,"ứng dụng hay dễ dử dụng, nhưng mk nghĩ nếu có thêm phần thuật toán theo phương pháp lặp lại ngắt quãng nữa thì quá tuyệt luôn.",2020-11-26 07:58:44,Positive,"The application is good and easy to use, but I think if there was an additional algorithm based on the spaced repetition method, it would be great."
fdf1b7b3-0998-4c5f-a767-617cbea413d3,009,5,"app rất hay, thiết kế thực sự bổ ích đối với những người có trí nhớ không tốt lắm như mình điểm trừ là đôi lúc dịch từ không sát nghĩa, không linh động khi dùng từ",2020-11-25 15:15:10,Positive,"The app is very good, the design is really useful for people like me with not very good memory. The minus point is that sometimes the translation of words is not literal and not flexible when using words."
78146b3e-e07c-45e0-9766-d74639ad5848,009,4,"đủ để đạt 5 sao rồi. nhưng để 4 sao hy vọng có thể góp ý có ích. một xíu thôi. làm sao mình có thể để option cái tiếng phát trễ một chút, ít nhất là nửa giây. để làm gì, để người ta nhận mặt chữ và đoán nó đọc thế nào, việc này sẽ luyện đọc cho người học. và nếu muốn luyện nghe thì để tiếng chạy trước nửa giây, não sẽ nhớ được cái tiếng đó và gắn nó vào cái chữ xuất hiện sau một chút. thêm nữa là cho nó nói tiếng việt đi với ạ, em hóng quá.",2020-11-24 17:34:57,Positive,"Enough to get 5 stars.But leaving 4 stars hopefully can give useful feedback.just a little bit.How can I set the option to delay the sound a bit, at least half a second?What is it for? Let people recognize words and guess how they are read. This will practice reading for learners.And if you want to practice listening, let the sound run for half a second, the brain will remember that sound and attach it to the word that appears a little later.Also, please let it speak Vietnamese, I'm looking forward to it."
e563e8ad-94e3-49bd-bbe8-f62e96b3e475,009,4,"rất hay, nó đã giúp tôi ghi nhớ tốt hơn nhưng mà tôi phải tự soạn bài học của mình còn tìm trên phần học thì toàn mấy thứ tào lao ko",2020-11-18 10:04:11,Positive,"very good, it helped me remember better but I had to prepare my own lessons and when I looked in the study section, it was full of crap."
878e87ae-8529-4981-81cb-3ebea29e2ba7,009,5,siêu hữu ích trong tất cả môn học và lĩnh vực bạn cần. siêu recommend các bạn dùng. có những môn tưong k có mà search ra cái gì cũng có ý,2020-11-14 14:41:42,Positive,"Super useful in all subjects and fields you need.Super recommend you guys to use it.There are similar subjects, but searching for anything makes sense"
b97be5b3-dfb1-4114-bca2-e491337b59a9,009,4,"ừm ,riêng với mình thì mình thấy rất ưng ý ,học rồi kiểm tra nhưng mỗi tội cách này hơi nhàm chán chút với lại sau khi mình học hết học phần gồm các từ vựng ý app sẽ tự xóa nó đi , mình là đứa não cá nên muốn ôn lại hàng ngày nên với mình đó là 1 điểm trừ nho nhỏ mong sẽ đc app khắc phục ,nhưng với quizlet mình hài lòng",2020-10-28 15:18:14,Positive,"Well, as for me, I find it very satisfying, I study and then test, but this method is a bit boring and after I finish studying the module including the vocabulary, the app will automatically delete it. I'm a fish-brained person so I want to review every day, so for me it's a small minus point that I hope the app will fix, but with Quizlet I'm satisfied."
fcd86ee5-b243-47e5-8256-da43ed37fcf8,009,5,"rất hữu ích đó nha và không tốn thời gian nhiều khi viết, vừa có thể học lại nhiều lần mà không sợ bay màu",2020-10-25 04:34:07,Positive,"It's very useful, it doesn't take much time to write, and you can relearn it many times without fear of fading"
e5d435a3-d33a-4938-9725-6f88a06edfda,009,5,hay và tốt. có thể hoc từ mới nhanh hơn. có thể tự tạo thẻ mà mình muốn. ứng dụng sẽ đưa ra nhiều chế độ để học. nên thử,2020-10-20 11:16:13,Positive,nice and good.can learn new words faster.You can create your own card as you want.The application will offer many modes to learn.should try
992b478b-6abf-4c2b-8c14-9f57213233a8,009,5,"mình rất thích app này, tuy là sài miễn phí thôi nhưng nó khá hiệu quả. và mình mong nhà cung cấp sẽ thêm vào phần đọc lại bằng mic , để ng đọc có thể đọc lại xem phát âm của mình có chuẩn không!!",2020-10-18 04:59:04,Positive,"I really like this app, even though it's free to use, it's quite effective.And I hope the supplier will add a rereading section with a mic, so readers can reread to see if their pronunciation is correct!!"
b310e5b5-9dbe-4798-9536-bfe48f10145e,009,4,"ứng dụng khá hay, tiếc là phải có mạng mới học được. cách học từ cũng hay nhưng không chuyển những từ chưa vững về được.",2020-10-16 02:06:23,Positive,"Pretty good app, unfortunately you have to have internet to learn it.The way to learn words is also good, but it doesn't transfer words that aren't solid."
a63d0b87-7dca-4a93-b323-df43986c1f83,009,5,tuyệt vời luôn ạ. có thể lập ra thẻ học từ. chỉ cần viết từ tiếng anh là có thể hiện ra phiên âm cũng như nghĩa luôn. nó cũng đọc cho nghe nữa. và mỗi mục mình tạo sẽ có các bài kiểm tra hoặc game để dễ nhớ từ hơn. và đặc biệt là còn free nữa. app siêu đỉnh ạ 😍,2020-10-14 15:27:21,Positive,always great.You can create flashcards.Just write the English word and the pronunciation and meaning will be displayed.It also reads to you.And each section I create will have tests or games to make it easier to remember words.And especially it's free.Super great app 😍
7e1f2d4d-d21e-42b8-991f-14177dbd9ae8,009,5,ứng dụng rất thông minh và hiệu quả. giọng đọc tiếng anh được cài đặt trong app rất dễ nghe và dễ chịu. dù chưa sử dụng nhiều nhưng tôi thấy học từ vựng bằng app này rất hay và hiệu quả.,2020-10-14 15:25:08,Positive,"Very smart and effective application.The English voice installed in the app is very easy to hear and pleasant.Even though I haven't used it much, I find learning vocabulary with this app very good and effective."
7837e27c-704a-46f0-b730-a626b1d68302,009,4,sao t ko sử dụng chức năng cài đặt quản trị viên của lớp học đc nhỉ huhu làm theo hướng dẫn mà ko thấy cái phần ba chấm bên cạnh tên thành viên là cái nào luôn,2020-10-14 06:41:25,Positive,Why can't I use the class administrator setting function? I followed the instructions but I don't see what the three dots next to the member's name are.
353310d9-4594-48a2-9c54-c36535a949bc,009,5,ứng dụng giúp bạn có thể học thuộc từ mới một cách nhanh chóng bằng việc tạo thư mục trên quizlet mình rất khổ sở khi phải nhớ từ vựng tiếng hàn ở trình độ trung-cao cấp nhưng khi biết điểm đặc biệt này từ ứng dụng thì việc học dường như dễ dàng hơn rất nhiều cảm ơn đội ngũ quizlet đã tạo ra ứng dụng bổ ích này.,2020-10-13 02:01:53,Positive,"The application helps you memorize new words quickly by creating folders on Quizlet. I have a hard time remembering Korean vocabulary at the intermediate-advanced level, but when I know this special point from the application, learning seems much easier. Thank you Quizlet team for creating this useful application."
f64d4c0a-c1a1-4e69-97cb-eb234511f14b,009,5,đối với một người có khả năng nhớ từ vựng kém như mình app thật sự là cứu tinh luôn đó ạ.có nhiều cách kiểm tra từ giúp không bị nhàm chán và có cả phát âm và từ chuyên ngành.app nên có thêm hình ảnh gì đó vào mục trang chủ cho đỡ trống hoặc thêm một vài câu nói hay bằng tiếng anh để khuyến khích người học.chẳng hạn như vậy.thanks❤️,2020-10-09 04:59:23,Positive,"For someone like me who has poor ability to remember vocabulary, the app is really a savior. There are many ways to check words to help avoid boredom and include pronunciation and specialized words. The app should have some images added to the homepage to make it less empty or add a few good sayings in English to encourage learners. for example. thanks❤️"
3ae5bf7a-c551-48e9-814d-b5f6a0cf184d,009,5,phiên bản mới sao k để chế độ tự động phát di chuyển với lật thẻ. mình thấy tính năng đó hay mà. cập nhật xong buồn rười rượi,2020-10-06 23:13:15,Positive,"phiên bản mới sao k để chế độ tự động phát di chuyển với lật thẻ.I find that feature cool.After updating, I'm so sad"
a41d83c4-fc95-4562-97c9-64d7242d825b,009,5,nếu app có chế độ ngoại tuyến thì còn tốt hơn nữa. nhưng nhìn chung hiện tại mình khá là thích cách học từ vựng sd pp spaced repetition của app. rất hiệu quả ạ,2020-10-06 01:57:34,Positive,"If the app has offline mode, it's even better.But in general, I quite like the app's way of learning sd pp spaced repetition vocabulary.very effective"
3ff6bebb-814b-435b-ba1e-5ccbaf8b3c45,009,5,app dùng khá tốt. cơ bản mình thấy rất có ích trong việc học và ghi nhớ nhiều từ vựng và ngữ pháp. hầu như là đầy đủ với bản free nhưng mọi người nên thử mua bản full để có trải nghiệm tốt nhất nhé.,2020-10-02 13:48:55,Positive,"The app is quite good to use.Basically, I find it very useful in learning and remembering many vocabulary and grammar.It's almost complete with the free version, but everyone should try buying the full version to have the best experience."
9580f0ff-b73c-40ac-9491-6b1348a94c24,009,5,"best flashcard apps for children and adult alikes. it would be even better if there is a review schedule based on the forget curve. for example, after finish learning a set, revision will be set for after 1 week or 1 month.",2020-10-01 10:44:48,Positive,"best flashcard apps for children and adults alike.it would be even better if there was a review schedule based on the forgotten curve.for example, after finishing learning a set, revision will be set for after 1 week or 1 month."
d31ebcec-7155-4dbf-8957-d0a103c574cd,009,5,"suitable app for studying language (english, japanese, chinese, france, etc) by definition and small tests. this is just so wonderfull. btw, i comment for the sake of it!",2020-09-26 15:42:39,Positive,"suitable app for studying language (english, japanese, chinese, france, etc) by definition and small tests.this is just so wonderfull.btw, i commented for the sake of it!"
5411cd4b-90b9-489f-b80c-e5c7e5cbf918,009,5,"quá tuyệt, học dễ nhớ và ko cần mang theo sách. that is so adorable. we can study every where without text book 😃, so convenience.",2020-09-23 23:46:58,Positive,"So great, easy to learn and remember and no need to bring books.that is so adorable.we can study everywhere without text book 😃, so convenient."
180c446e-c375-462b-a8a8-9743d88e115b,009,4,"trc đây dùg rất ok. n k hiểu s dạo này app tự cập nhật. pần hk = thẻ ghi nhớ đã k póg to đc, nay nhỏ lại làm chữ càg nhỏ. gây ra khó khăn trog lúc hk vs người bị cận như tôi",2020-09-22 14:32:01,Positive,"Before, it was very good.I don't understand how the app updates itself these days.The hk = memory card part was not enlarged, but now it is smaller, making the letters even smaller.causing difficulties when dealing with nearsighted people like me"
99bca955-21a7-4918-864a-b80189c6ffd9,009,4,điều hay ho là nó phụ thuộc vào cộng đồng dùng app này ở bản miễn phí vì là mình sẽ học đc từ bản từ vựng của ng khác và mình cũng có thể làm như họ,2020-09-18 05:18:59,Positive,The cool thing is that it depends on the community using this app in the free version because I will learn from other people's vocabulary and I can do the same as them.
b275066a-f394-4282-82c2-4f954bf3bb6a,009,5,tôi tìm kiếm 1 app để tự học và nhớ từ vựng thì thấy app quizlet này! tôi rất thích và hài lòng 😆 mong đội ngũ phát triển app thời gian tới sẽ thêm tính năng add bạn bè để tương tác ạ!,2020-09-16 03:48:42,Positive,I was looking for an app to self-study and remember vocabulary and found this quizlet app!I really like it and am satisfied 😆 I hope the app development team will add the feature of adding friends to interact in the future!
5eee48c9-bee2-4c1b-a8a4-b53c0ccd208f,009,5,"ứng dụng quá tuyệt vời, biết tới nó lúc 23h và thức đến bây giờ là 00:40 để soạn nôii dung. khi rảnh có thể nhanh chóng ôn tập, kiểm tra. cảm ơn tác giả",2020-09-15 17:35:21,Positive,"The app is so great, I found out about it at 11pm and stayed up until now at 00:40 to compose content.When you have free time, you can quickly review and test.Thank you author"
1cd25245-fb34-41bc-9e53-a7b226c2dacb,009,5,"cảm ơn quizlet rất nhiều, từ khi cài đặt app em học từ vựng nhanh và tiện lợi hơn nhiều. đặc biệt là trong thời gian năm cuối cấp 3 nữa, em phải học nhiều từ vựng lắm. nhờ app em đã tiết kiệm thêm rất nhiều thời gian",2020-09-13 13:49:55,Positive,"Thank you very much quizlet, since installing the app I have learned vocabulary much faster and more conveniently.Especially during the last year of high school, I have to learn a lot of vocabulary.Thanks to the app, I have saved a lot of time"
cc055b14-4eb3-400f-bd15-cd8fd51f0476,009,5,"app siêu hay cho người muốn học thuộc (lòng) từ vựng, nhất là những tiếng không sử dụng chữ la-tinh như hàn, trung, nhật.... app có đầy đủ mục như học, ghép thẻ, viết, ktra... kiểu như học theo quán tính mà không cần nỗ lực vậy, ai siêng lên app học thì tự động thuộc luôn đó. chỉ hơi tiếc là muốn offline phải trả phí thôi.",2020-09-11 14:40:00,Positive,"Super good app for people who want to memorize (memorize) vocabulary, especially languages ​​that don't use Latin letters like Korean, Chinese, Japanese.... the app has full sections such as learning, matching cards, writing, ktra... it's like learning by inertia without any effort, anyone who diligently goes to the learning app will automatically memorize it.It's just a pity that if you want to go offline, you have to pay a fee."
ce0966cf-bf90-4929-a7ef-5271e4d032f9,009,5,ứng dụng cực hay cho việc học từ mới.... nó sẽ hay hơn nữa nếu có thể sử dụng offline mà không phải trả phí 😗,2020-09-09 10:52:47,Positive,Great app for learning new words.... it would be even better if it could be used offline without having to pay 😗
8175a0f9-7076-4b0a-a990-a2ac154ad429,009,5,"ứng dụng này giúp học tiếng anh rất tốt, có thể học rồi tự kiểm tra. cũng là một dạng ứng dụng thẻ học nhưng quizlet khiến tôi thấy thú vị hơn rất nhiều, cũng dễ học hơn...",2020-09-08 12:07:29,Positive,"This application helps learn English very well, you can study and test yourself.It's also a flashcard application, but quizlet makes me feel much more interesting and easier to learn..."
79aeb061-cfd9-4ed9-8197-5ed5b5f45f3b,009,5,ứng dụng rất xứng đáng để tải về và học. giao diện cực kì thân thiện với người dùng. chưa bao giờ tôi thấy có ứng dụng nào thỏa mãn đầy đủ yều cầu đến vậy.,2020-09-07 12:31:38,Positive,The application is well worth downloading and learning.Extremely user-friendly interface.Never have I seen an application that fully satisfies such requirements.
98f8ee5c-1f51-4365-a7f0-7c272fb353fd,009,5,"đây là ứng dụng học tuyệt vời các bạn ạ khi chưa biết đến app, em thực sự rất đau đầu về việc nhồi nhét từ mới , chỉ học đc 5 từ /ngày nhưng bh đã khác, em đã học được nhiều hơn nhờ app",2020-09-06 14:13:08,Positive,"This is a great learning app, guys. When I didn't know about the app, I really had a headache about cramming new words. I could only learn 5 words/day, but things were different. I learned a lot more thanks to the app."
0e855c77-98e7-4413-a7f6-29d015c7d6ce,009,4,ứng dụng này tuyệt vời nhờ có ứng dụng mà tôi ôn tập bài tốt nhưng ứng dụng chưa có hỗ chợ phát âm tiếng lào và campuchia,2020-09-04 13:40:46,Positive,"This app is great. Thanks to the app, I review lessons well, but the app doesn't yet support Lao and Cambodian pronunciation."
00599eda-c22c-4c00-92dc-a7162e819c1b,009,5,"trải nghiệm khá thú vị, giúp bạn học tốt hơn về ngữ pháp, không gây chán nản khi học tiếng anh... tin mình đi chỉ cần các bạn cố gắng chăm chỉ cũng sẽ có kết quả thôi nhé 😊",2020-09-04 04:12:28,Positive,"Quite an interesting experience, helps you learn better grammar, doesn't cause boredom when learning English... believe me, as long as you try hard, you will get results 😊"
4a5a65d6-a770-4c86-9465-ca2343c936e5,009,5,ứng dụng này thật là tuyệt vời. nó đã giúp tôi học được nhiều từ vựng hơn và không ngại việc học tiếng anh nữa👍👍👍👍👍cảm ơn ứng dụng rất nhiều!!!!! thanks very much😘😘,2020-08-31 12:52:54,Positive,This app is amazing.It has helped me learn more vocabulary and not hesitate to learn English anymore👍👍👍👍👍thank you very much for the app!!!!!thanks very much😘😘
0351c84e-5365-4f9d-bdbb-d77e85d1aba3,009,5,"quizlet thật sự là app học bằng flashcard đỉnh nhất đối với mình. app có nhiều tính năng rất hay cho việc học từ vựng hay lí thuyết và hỗ trợ mình rất nhiều trong việc chuẩn bị cho câc bài kiểm tra. giá của quizlet plus, nếu so với những gì nhận được từ app thì rất rẻ. chỉ có điều nếu được thanh toán theo từng tháng thì sẽ tiện hơn chút nữa cho người dùng :>",2020-08-30 10:41:45,Positive,"Quizlet is truly the best flashcard learning app for me.The app has many great features for learning vocabulary or theory and helps you a lot in preparing for tests.The price of quizlet plus, compared to what you get from the app, is very cheap.The only thing is that if it is paid monthly, it will be a little more convenient for users :>"
fcf8c7fb-dea1-457e-bb67-451b1272aba2,009,5,ưng dụng hk từ vựng từ thẻ tiếng anh mà mình dùng cảm thấy thích nhất. nếu bạn k cần mất thời gian tải âm thanh về tiết kiệm dk khá nhiều thời gian của bạn. nhiều hình thức để bạn ôn tập như kiểm tra hay ghép thẻ... nhược điểm đó là mất phí nếu muốn dùng thêm nhiều tính năng khác. tất nhiên là tiền nào của đó rồi.,2020-08-29 13:15:40,Positive,"Use vocabulary from English cards that I like the most.If you don't need to waste time downloading the audio, it will save you a lot of time.Many forms for you to review such as tests or card matching... the downside is that it costs money if you want to use more features.Of course you get what you pay for."
1a04bfe4-d610-4b76-ae23-9657b59e91eb,009,5,"cực kỳ tiện lợi, app như được thiết kế dành riêng cho những người lười mà vẫn muốn học thuộc như mình chẳng hạn. lúc rảnh rỗi cũng có thể học nữa !!! thích quá đi !!!",2020-08-26 15:10:15,Positive,"Extremely convenient, the app seems to be designed specifically for lazy people like me who still want to memorize.You can also study in your free time!!!like it so much!!!"
dc41b204-3725-446c-b94e-debd07893271,009,5,"rất tuyệt để học từ vựng. cực kì thú vị và không bị nhàm chán. mình rất thích, hi vọng sẽ có thêm âm thanh và hình ảnh gây hứng thú hơn",2020-08-26 07:35:44,Positive,"Great for learning vocabulary.Extremely interesting and not boring.I really like it, hope there will be more exciting sounds and images"
0a74720c-a7f8-44a0-a709-aaed465ac4ad,009,5,"đỉnh lắm nha các bạn , dùng là nghiện á, mình học k thấy chán, vừa nghe vừa học vừa ghi nhớ được từ quá ư là okeee",2020-08-24 17:55:00,Positive,"It's great guys, I'm addicted to using it, I don't feel bored when I study, I can memorize words while listening and learning, it's so okeee"
9949a5bc-427c-4a91-be0c-9121650ebe83,009,5,"ứng dụng sử thời gian đầu rất hay nhưng không biết về sau có tính phí như các ứng dụng khác không,các bạn nên tải về và sử dụng thử.ứng dụng có giao diện khá là gọn và dễ nhìn,dễ sử dụng.",2020-08-23 01:27:23,Positive,"The application is very good at first, but I don't know if it will be charged later like other applications. You should download and try it. The application has a pretty neat interface, easy to see and easy to use."
f1dd7d2a-e343-4129-8dd3-ad032c439b00,009,5,mình cảm thấy ứng dụng này thật sự rất bổ ích đối với việc học từ vừng. mình có thể vừa học vừa tự kiểm tra lại khả năng nhớ từ đã học. rất tuyệt vời🤗🤗🤗,2020-08-22 02:59:06,Positive,I feel this application is really useful for learning sesame words.I can study while testing my ability to remember the words I have learned.very wonderful🤗🤗🤗
beab05d2-e948-4c25-9da3-b7e46fb15936,009,5,"ứng dụng rất tuyệt vời, học từ vựng và cả ngữ pháp mới rất dễ nhớ và hiệu quả, kết hợp cả game và thẻ flash card nên ko gây nhàm chán. nên dùng khi học ngoại ngữ nhé các bạn.",2020-08-18 16:33:33,Positive,"The application is great, learning new vocabulary and grammar is easy to remember and effective, combining games and flash cards so it doesn't get boring.You should use it when learning foreign languages."
1e0b2130-c2f6-4678-9d38-113ad1393b4a,009,5,"ứng dụng rất tốt, nhưng hi vọng rằng tất cả thư mục và học phần được tạo ra xuất hiện trên trang chủ, như vậy sẽ không phải thao tác tìm kiếm.",2020-08-17 00:07:13,Positive,"The app is very good, but hopefully all the folders and sets created appear on the home page, so there won't be any searching."
8e11b693-7a24-4f20-999d-e7b89f2b6003,009,5,"ứng dụng rất hữu ích trong việc tự học từ vựng. ứng dụng cũng rất thông minh hỗ trợ người học trong phần dịch nghĩa. thường khi tạo ra phần học cho riêng mình tôi chỉ cần đánh chữ còn phần dịch (tùy ngôn ngữ mình chọn) đã có máy đưa ra gợi ý, chỉ cần ấn vào hay sửa thế nào tùy cá nhân.",2020-08-16 15:07:50,Positive,"The application is very useful in self-studying vocabulary.The application is also very smart in supporting learners in translation.Usually when I create my own learning section, I just need to type and the translation part (depending on the language I choose) already has the machine giving suggestions, just click or edit depending on the individual."
261ae222-4931-4b99-8c58-f2c9d7b5a922,009,4,mình không thấy có chức năng thêm từ vào học phần trong quá trình học mà phải thêm ngày từ đầu lưu rồi sẽ không thêm được nữa. đây là góp ý của mình. mong ad có thể cải thiện phần mềm hơn,2020-08-15 11:52:04,Positive,"I don't see any function to add words to the study part during the learning process, but I have to add the date from the beginning of saving and then I can't add anymore.This is my opinion.I hope admin can improve the software"
00171973-728e-4614-a821-43fffd47ce17,009,5,"app dùng rất ok, có cần khắc phục gì thì chắc cần thêm mục phiên âm để học phát âm tốt hơn và thi thoảng hơi bị lỗi không có phát âm tự động dù đã được bật rồi. còn lại thì very good!",2020-08-15 08:01:31,Positive,"The app is very good to use, if there is anything that needs to be fixed, it probably needs to add a transcription section to learn pronunciation better and sometimes it's a bit buggy with no automatic pronunciation even though it's turned on.The rest is very good!"
28432608-a011-4b03-9fd4-2ab2188288ec,009,5,"phần học đa dạng giúp nhớ từ tốt hơn. góp ý 1 chút là những từ có nghĩa tương đồng nên được trộn và khớp với nhau, kết hợp thêm phần kiểm tra listening: nghe và đoán, sẽ cải thiện hơn rất nhiều. dù sao thì đây vẫn là ứng dụng học từ mới hiệu quả nhất mà mình biết.",2020-08-15 05:23:58,Positive,"phần học đa dạng giúp nhớ từ tốt hơn.A little suggestion is that words with similar meanings should be mixed and matched together, combined with the listening test: listening and guessing, it will improve a lot.dù sao thì đây vẫn là ứng dụng học từ mới hiệu quả nhất mà mình biết."
230c70db-38c9-4d53-b050-abb166a5f45a,009,5,"ứng dụng này rất tốt , thông qua các trò chơi , tôi được khắc sâu từ vựng hơn , ngoài ra nó còn có phần ôn tập nữa , đối vs tôi đây là 1 ứng dụng tuyệt vời",2020-08-15 04:19:39,Positive,"This application is very good, through games, I deepen my vocabulary, in addition it also has a review section, for me this is a great application."
be128d78-7711-44b2-85bf-92fbad3d5f57,009,5,rất tốt luôn ạ . phần mềm về học tập như thế này thì recommend cho mấy bạn chần chừ nên tải ngay về học nhé 🌹,2020-08-14 13:00:58,Positive,very good.Learning software like this is recommended for those of you who are hesitant to download it and learn it right away 🌹
11b4bb5d-60c4-44cd-98bf-ae02adc0fc15,009,4,"i found that some picture doesn't appear when using learn function although it still appear in flashcard, it happened only in android app, can you fix it pls",2020-08-14 11:03:59,Positive,"i found that some picture doesn't appear when using learn function although it still appears in flashcard, it happened only in android app, can you fix it pls"
8236f300-85da-488e-9858-1eb56a76b42f,009,5,"một ứng dụng tuyệt vời cho mấy bạn học sinh như mình, hơi tiếc là không có tiền để trải nghiệm hết tinh hoa của app :>",2020-08-12 04:08:50,Positive,"A great app for students like me, it's a pity that I don't have the money to experience all the essence of the app :>"
62c0903a-1c68-4313-997b-5d58a39a6030,009,4,"học rất thú vị tuy nhiên vẫn cần cải thiện thêm: 1 phần phát âm tiếng đức giọng đức nghe không hay, máy móc. 2 nhiều cái không copy và sửa được. 3 khi làm xong bài kiểm tra, có phần xem đúng sai ở phía dưới nhưng rất khó nhìn toàn bộ mà bạn phải vuốt để kéo lên. mình sử dụng cả tablet và smartphone mà đều thấy khó chịu mỗi lần như thế. hơn nữa cách trình bày cũng không rõ ràng, không biết cái nào đúng cái nào sai. 4 mình muốn trộn các học phần với nhau để kiểm tra tổng hợp thì phải làm sao?",2020-08-11 08:09:02,Positive,"Learning is very interesting, but still needs improvement: part of the German pronunciation part doesn't sound good, mechanical.2 Many things cannot be copied and edited.3 When you finish the test, there is a right or wrong view at the bottom but it is very difficult to see the whole thing and you have to swipe to pull it up.I use both tablets and smartphones and feel uncomfortable every time.Moreover, the presentation is not clear, I don't know which is right and which is wrong.4 I want to mix the modules together for a comprehensive test, what should I do?"
c9bb5745-fb22-4e9e-8cb1-52c823b0fa1c,009,5,"dễ học. nhưng nhiều người sao chép nhau nên lúc tìm cũng trùng lặp bài quá nhiều; không gộp nhiều học phần lại thành 1 học phần được; không có lưu lại các thẻ mình chưa thuộc, chỉ trong 1 lần học thôi; trong tìm kiếm có nhiều thư mục, học phần không có thẻ nào mà vẫn hiện phải check từng cái 1.",2020-08-10 18:37:37,Positive,"easy to learn.But many people copy each other, so when searching, there are too many duplicate articles;Multiple modules cannot be combined into 1 module;Don't save cards you haven't memorized yet, just study them once;In the search, there are many folders and modules that do not have any tags, but still have to check each one individually."
4043acb5-2381-45fc-8b2c-7fe2dd36c5b7,009,4,"nên có thêm phần kiểm tra phát âm nữa thì sẽ ok hơn. ứng dụng sử dụng để học từ vựng rất hiệu quả, mn nên dùng :3",2020-08-08 23:59:14,Positive,"It would be better if there was an additional pronunciation check.The application used to learn vocabulary is very effective, everyone should use it :3"
735c0a67-8eb3-49ed-83c3-78d3cb3592e3,009,4,"ưu: app hay, có nhiều cách học, thiết kế đẹp. khuyet: mong là sẽ có chức năng học offline với những phần mình tự tạo ạ",2020-08-08 12:34:38,Positive,"Pros: good app, many ways to learn, beautiful design.Recommendation: I hope there will be an offline learning function with the parts I create myself"
e6b664d4-2d2a-43a4-96c0-a552ebc1575c,009,5,"sau một thời gian ngắn ngủi sử dụng quizlet, mình thực sự rất ưng. ứng dụng giúp mình ghi nhớ tiếng anh tốt hơn và còn có bài tập giúp mình ghi nhớ nữa. tuyệt!",2020-08-07 04:18:13,Positive,"After a short time of using quizlet, I really like it.The application helps me remember English better and also has exercises to help me remember.great!"
5565e413-f9fb-4544-9f4a-e9d0716e2641,009,5,"thật sự thì rất thích các cách học ở trên này, cực kì hiệu quả lại dễ nhớ, nhưng giá mà thông báo nhắc nhở học của app có chuông báo hoặc repeat 5p một lần thì tốt chứ báo một lần trên màn hình mình tắt luôn chứ chả để ý đến",2020-08-05 16:52:12,Positive,"Actually, I really like the learning methods above, extremely effective and easy to remember, but if the app's study reminder notification had an alarm or repeated every 5 minutes, it would be better, instead of just turning it off once on the screen and not paying attention."
779d7bae-e33b-4e35-ab7b-874155ad1800,009,4,"ưng ý nhưng cũng có vài cái mất điểm, ví dụ mình cho thêm từ vào bộ mình tự tạo nhưng phần học và kiểm tra lại không dùng được, bị load mãi hoặc màn hình đen",2020-08-05 03:35:24,Positive,"I like it but there are also some things that lose points. For example, I added words to the set I created myself but the study and test part cannot be used, it keeps loading or the screen is black."
f1c4cbb0-3785-4a52-8371-19796a09c9f3,009,5,"ứng dụng rất tốt, cực kì hiệu quả cho những bạn lười học như mình 😁 học tập qua những game đơn giản nhờ đó mà mình nhớ đc từ vừng",2020-08-04 01:27:19,Positive,"Very good application, extremely effective for lazy learners like me 😁 learning through simple games thanks to which I remember the words"
8a1d1e55-69cb-4c36-8593-432bc127b92b,009,5,"quizlet có những tính năng mà tôi rất thích, kể từ khi sử dụng quizlet khả năng ghi nhớ của tôi đã tiến bộ đáng kể. quizlet quả là 1 công cụ học tập vô cùng hữu ích cho học tập",2020-07-31 01:34:22,Positive,"Quizlet has features that I really like. Since using Quizlet, my memory ability has improved significantly.Quizlet is indeed an extremely useful learning tool for studying"
7231d3cf-a222-4921-8968-682c0b4737f6,009,5,"thực sự là 1 ứng dụng rất hữu ích 👍👍👍 có nh game nhỏ, đánh giá sau mỗi bài học, giao diện rõ ràng dễ sd và cx khá đẹp",2020-07-30 18:13:57,Positive,"It's really a very useful application 👍👍👍 has small games, evaluation after each lesson, clear interface, easy to use and pretty nice performance."
8be55eb7-d4db-4a79-b2f7-5a9b5871f2ce,009,4,mình bất ngờ thấy ứng dụng này ở trên gg thầy học khá hiệu quả nên mình tải về nhưng học được mỗi 1 bài thôi còn đâu nó bắt tạo phần... tôi không biết dùng thế nào mong mng giúp ạ🥺😢🥺,2020-07-30 07:23:10,Positive,"I was surprised to see that this app on Google's teacher's office was quite effective so I downloaded it but I only learned 1 lesson but it asked me to create a section... I don't know how to use it, please help🥺😢🥺"
75cdcdbf-1d5d-472f-8317-7d910f604d88,009,5,"nếu mọi người thuộc kiểu hay buồn ngủ khi học thì high recommend nên sử dụng ứng dụng nhé. theo ý kiến chủ quan của mình thì nó thực sự giúp ghi nhớ tốt và sâu hơn so với việc học từ vựng theo kiểu truyền thống, ngoài ra việc sử dụng ứng dụng này cũng khiến chúng ta dễ dàng hơn trong việc ôn tập lại càng từ vựng qua thời gian",2020-07-20 04:02:57,Positive,"If you are the type of person who often gets sleepy when studying, we highly recommend using the app.In my subjective opinion, it really helps me remember better and deeper than learning vocabulary in the traditional way. In addition, using this application also makes it easier for us to review vocabulary over time."
5163bc62-9472-440d-a491-bdb63bfc7423,009,5,"app rất ổn, giúp mình học dễ dàng hơn ở mỗi kì thi, tuy nhiên hay bị lỗi typing khi mình soạn flashcard, mong sẽ được cải thiện",2020-07-17 05:47:04,Positive,"The app is very good, helping me study more easily for each exam. However, there are often typing errors when I compose flashcards. I hope it will improve."
e1e71a97-2229-40d4-b7a5-d6f3f402d802,009,5,học từ vựng bằng cách này thú vị và dễ kiểm tra hơn so với viết thông thường. chỉ hơi tốn thời gian 1 chút ở khâu tạo còn lại đều tuyệt.,2020-07-14 15:29:42,Positive,"Learning vocabulary this way is more interesting and easier to test than regular writing.It only takes a little time to create, the rest is great."
befd7eca-b4df-4d07-b12c-b8a7ca4fe1de,009,4,"tôi nghĩ nhà sản xuất nên thêm phần mục tiêu hàng ngày cho người học,ví dụ tôi sẽ đặt my goal là 20 words/day. rồi sau đó tôi có thể check lại quá trình học của mình.",2020-07-12 12:02:36,Positive,"I think the manufacturer should add a daily goal for learners, for example, I will set my goal as 20 words/day.Then I can review my learning process."
414cb5f3-d242-4514-952d-e2d9cbe6c0e5,009,5,"app này sinh ra là đúng để giành cho mình. học cái này thấy hiệu quả hơn hẳn, thật may mắn vì biết đến nó",2020-07-10 08:00:53,Positive,"This app was created just for you.Learning this is much more effective, I'm so lucky to know it"
b24f69f2-4b6c-4e93-ba4c-076cd7f0d042,009,5,"tôi cực kì thích ứng dụng này, nó giúp tôi cải thiện vốn từ vựng rất nhiều. cách học theo thẻ online này rất hiệu quả cho những người thích nằm trên giường mà có thể học thêm từ vựng tieng anh !",2020-07-09 07:42:15,Positive,"I really like this app, it helps me improve my vocabulary a lot.This online card-based learning method is very effective for people who like to lie in bed and learn more English vocabulary!"
1079be4d-c411-4b69-aac0-8084b948dc43,009,5,nó thật hay tôi thi dua với mọi người rất vui tôi chỉ quyết đứng đầu thôi nhưng mà tôi tải này về chắc chắn tôi sẽ ko bao giờ xoá nó tôi thật thích ứng dụng này,2020-07-03 13:33:54,Positive,"It's really good, I compete with everyone and I'm very happy. I'm determined to be first, but if I download this, I will definitely never delete it. I really like this app."
cc05ddef-c17a-4df6-9126-a91fa86eaffe,009,5,"mình thấy hơi lỗi, lúc thoát ra lần 1 thì nó biến mất 1 phần, đến lúc thoát ra lần 2 nó mới hiện đc đúng bản trc khi thoát",2020-07-03 11:11:35,Positive,"I feel it's a bit buggy. When I log out the first time, part of it disappears. When I log out the second time, it shows the exact version before I exited."
53520d1e-a2a1-4d2b-ad60-eaa26be9cd8d,009,5,"giao diện thân thiện và rất khoa học, các chủ đề dễ tìm, có hình thức flashcard rất đáng yêu ^^. phần kiểm tra lại cũng rất tốt",2020-06-26 16:05:44,Positive,"Friendly and very scientific interface, easy to find topics, very cute flashcard format ^^.The review part is also very good"
33210699-7c22-4757-810a-c537b10dcca2,009,5,"một ứng dụng tuyệt vời để học tập nha các bạn ( i am not a bot, do u know son tung mpt,see, believer me, download it now and have fun with it :3 )",2020-06-23 03:06:39,Positive,"a great application for learning guys (i am not a bot, do u know son tung mpt,see, believer me, download it now and have fun with it :3)"
e13f1811-2e7c-468d-b4df-c54d8f4897d6,009,5,ứng dụng tuyệt vời để ghi nhớ. tuy nhiên nếu có thêm chức năng xóa các học phần đã học xong và k muốn giữ lại nữa thì càng tốt,2020-06-22 02:33:15,Positive,"Great app for memorization.However, it would be better if there was an additional function to delete courses that have been studied and do not want to keep anymore"
6a3af892-dca7-45a8-813a-2a1546f997a7,009,4,"app rất tốt, sài rất tiện. nhưng mình có ý là nên thêm chức năng sao chép từ đã ghi để tiện chuyển từ học phần này sang học phần khác chẳng hạn. với thêm 1 ô ghi phiên âm của từ. mong app cải thiện thêm",2020-06-12 16:42:32,Positive,"Very good app, very convenient to use.But I think we should add the function of copying recorded words to make it easier to move from one module to another, for example.with an additional box to record the phonetic transcription of the word.Hope the app improves further"
05ee05bb-bfb3-44c6-a452-e27fbee251a8,009,5,ứng dụng siêu tiện ích. tại sao bh mình mới biết đến chứ :))) tạo flashcard rất dễ và nhiều khi tìm học phần của ng khác để học ké cũng rất hayyy. 1000 saooo✨✨✨✨,2020-06-07 15:27:02,Positive,Super useful application.Why did I just know about it? :))) Creating flashcards is very easy and sometimes finding other people's lessons to study is also very good.1000 starsoo✨✨✨✨
85adf6ae-f79f-46a3-821a-e60df4b45505,009,4,ung dung ho tro hoc tu vung rat hay. nhung neu co the dung hinh anh tu bo suu tap cua dien thoai de chen vao lam hinh anh minh hoa thi tot hon,2020-06-06 09:13:38,Positive,"This application is very good for studying.But if you can use the image to edit the phone's size to insert it into the image, it's better."
aa6b2242-5140-4ecb-90c4-87cc3fc4b763,009,4,"đây là một ứng dụng hay và tốt. nó sẽ hoàn thiện hơn nếu các bạn để mục thêm nội dung ở đầu mỗi học phần chứ không phải để ở cuối, vì mỗi học phần có rất nhiều nội dung, lướt tới cuối để thêm rất bất tiện. mong các bạn xem xét và chỉnh sửa ^^",2020-05-30 23:36:22,Positive,"This is a nice and good application.It will be more complete if you leave the additional content section at the beginning of each module, not at the end, because each module has a lot of content, so scrolling to the end to add is very inconvenient.Hope you review and edit ^^"
5c29452a-1910-4952-a2b7-fdf1e37eba64,009,5,"app rất có ích cho việc học từ vựng. việc tự tạo học phần và tự thêm flash card giúp ghi nhớ tốt, đôi khi rảnh rỗi chơi trò chơi ghép thẻ cũng giúp luyện phản xạ với từ. có 1 góp ý nhỏ là nên thêm tùy chọn không phân biệt chữ hoa thường, để khi học và kiểm tra không bị tính sai chỉ vì không viết hoa.",2020-05-21 11:00:55,Positive,"The app is very useful for learning vocabulary.Creating your own modules and adding flash cards helps you remember well. Sometimes playing card matching games in your free time also helps practice your reflexes with words.One small suggestion is to add a case-insensitive option, so that when studying and testing, you won't be miscalculated just because of not capitalizing."
9f3af11d-b1e7-402b-a9bc-cf95c3d97e40,009,4,"không hiểu sao dạo này app của mình hay bị lỗi, khi vừa nhập từ xong 1 lát lại bị mất nghĩa hoặc mất luôn từ đó. thỉnh thoảng lại bị lúc hiện lúc mất những từ đã nhập và lưu r",2020-05-21 03:19:14,Positive,"I don't understand why my app has been crashing lately. A moment after entering a word, the meaning is lost or the word is lost altogether.Sometimes I sometimes lose entered and saved words"
27068d6b-8c93-495f-b499-be9457c28dff,009,5,hiện tại mình đang là một học sinh và mình thấy app này vô cùng tốt luôn 😍 app có những cách học khác nhau giúp mình học từ mới rất dễ vào đầu và nhớ rất lâu luôn 👑,2020-05-17 06:00:12,Positive,Currently I'm a student and I find this app extremely good 😍 the app has different learning ways to help me learn new words very easily in the beginning and remember it for a long time 👑
c7b19fda-dc9d-4c35-98a9-cfd273c5ec55,009,4,"mình thấy trước đây phông chữ của quizlet đều nhau nhưng tự dưng gần đây chữ như kiểu bị lỗi phông ý chỗ đậm chỗ nhạt, mong mà phát hành sửa chữa lại như trước là ổn rồi nhé",2020-05-14 09:22:41,Positive,"I noticed that Quizlet's fonts used to be uniform, but recently, it seems like the fonts have some dark and light errors. I hope the release will fix it like before and it will be fine."
10d926e9-dc44-480b-865c-13b3b0ff73e2,009,5,"ứng dụng rất hay nhờ thầy dạy tiếng anh trên fb nên e được giới thiệu và biết đến app này. là người đã trải nghiệm việc học từ mới qua app e khuyên mọi người nên thử sử dụng ạ , rất hiệu quả vì học app em nhớ từ rất lâu ❤❤ cảm ơn người đã thiết kế app mang lại cho mọi người app học t.a rất thú vị ạ😍😍",2020-05-09 13:09:29,Positive,"The app is very good. Thanks to my English teacher on Facebook, I was introduced to this app.As someone who has experienced learning new words through the app, I recommend everyone to try using it. It's very effective because I remember learning the app for a long time. ❤❤ Thank you to the person who designed the app to bring everyone a very interesting word learning app😍😍"
46488cb0-b905-4192-a450-4e193d6e94d7,009,5,rất tuyệt vời. app giúp em có thể học hơn trăm từ một ngày.... chắc chắn em séc giới thiệu cho bạn bè cùng dùng.,2020-05-08 15:21:37,Positive,very wonderful.The app helps me learn more than a hundred words a day.... I will definitely recommend it to my friends to use.
0c5c14dc-7d98-4111-bec5-1666c893fa5b,009,5,ứng dụng rất tốt cho những ai muốn học từ mới. nếu có thể mong app sẽ nâng cấp để mỗi khi học từ có thể xem được phiên âm của từ đó,2020-05-08 15:13:17,Positive,"Very good app for those who want to learn new words.If possible, I hope the app will be upgraded so that every time you learn a word, you can see the pronunciation of that word"
5858e3fd-3be6-47f5-a855-aecf56f45add,009,5,phần mềm rất hữu ích để học ngoại ngữ. chức năng gợi ý nghĩa của từ và hình ảnh giúp tiết kiệm thời gian rất nhiều.,2020-05-07 05:23:22,Positive,Very useful software for learning foreign languages.The function to suggest the meaning of words and images saves a lot of time.
e8c271f7-7a18-4ca0-80d6-2cbef5d2baf3,009,5,"app rất tốt luôn, có thể tự tạo học phần nên mình rất ưng. app còn đa dạng hình thức ôn bài nữa, rất mau thuộc và nhớ được lâu 💯💯",2020-05-06 05:42:47,Positive,"The app is very good, I can create my own modules so I really like it.The app also has a variety of review forms, very quick to memorize and remember for a long time 💯💯"
50936704-d124-4216-b1f6-f253957bc776,009,5,rất tốt. có thể tự soạn flashcard cho mình hoặc học sẵn của người khác. soạn trên ứng dụng web tiện hơn và cũng đồng bộ với ứng dụng điện thoại. miễn phí mà chất,2020-05-04 15:54:12,Positive,Very good.You can compose your own flashcards or study someone else's.Editing on the web application is more convenient and also synchronizes with the phone application.Free but quality
a7d1044a-97b0-46be-93ad-8b0e98ad4cc2,009,5,"ứng dụng tốt dung để học từ vựng rất hiệu quả this app is very good, easy to use, used to learn vocabulary very effectively",2020-05-02 01:25:58,Positive,"This app is very good, easy to use, used to learn vocabulary very effectively. This app is very good, easy to use, used to learn vocabulary very effectively"
63911947-e1f3-491e-a1a3-bee94b10ef24,009,5,"ứng dụng sử dụng rất dễ, nhiều tính năng hữu ích ngay cả khi dùng gói miễn phí. các bạn học ngoại ngữ rất nên dùng thử :))",2020-04-28 10:51:27,Positive,"The application is very easy to use, with many useful features even when using the free package.Foreign language learners should definitely try it :))"
045df0a1-068b-4346-9f65-d7e9f5fc1e95,009,5,"tôi ko thấy vấn đề gì, ứng dụng rất tuyệt, nó đã giúp tôi rất nhiều. nhưng tôi mong phần ghép thẻ sẽ có liên tiếp để ghép nhiều hơn 😘😘😘",2020-04-27 05:39:27,Positive,"I don't see any problem, the app is great, it helped me a lot.But I hope the card matching part will be consecutive to match more 😘😘😘"
f89b8d00-8e0f-4c4d-af4b-946a9518d4f6,009,5,"i hope the quizlet will soon have the ability to learn starred words instead of just having 2 options to learn all the words or the starred words in one lesson. this will help learners easily select the words they need to learn more. for example, i will star in the words i have learned and the rest of the stars i cannot filter out to learn, but i have to learn all the words in that study. it is very inconvenient and long if it is a collection of words.",2020-04-26 09:30:27,Positive,"i hope the quizlet will soon have the ability to learn starred words instead of just having 2 options to learn all the words or the starred words in one lesson.this will help learners easily choose the words they need to learn more.for example, i will star in the words i have learned and the rest of the stars i cannot filter out to learn, but i have to learn all the words in that study.it is very inconvenient and long if it is a collection of words."
f60641f5-b73a-49e6-93ca-58353d1c2236,009,5,"ứng dụng này thực sự rất đáng để các bạn tải về. nó giúp cho việc học từ vựng tiếng anh của mình trở nên tốt hơn, nhớ lâu hơn! hãy tải ngay đi, đáng lắm đó><!",2020-04-23 09:56:03,Positive,"This application is really worth downloading.It helps me learn English vocabulary better and remember it longer!Download it now, it's worth it><!"
2396da20-400c-4fa4-a117-7d2b62b2b513,009,5,"amazing... this app inspire me by creating private vocabulary sets by myself. i appreciate the ""you think is right"" feature because the vietnamese definition might be misspelled in ""y"" and ""i"". highly recommend for everyone 😎",2020-04-21 18:35:49,Positive,"amazing... this app inspire me by creating private vocabulary sets by myself.i appreciate the ""you think is right"" feature because the vietnamese definition might be missed in ""y"" and ""i"".highly recommend for everyone 😎"
7beba182-3c0c-4f2d-8bb8-147098052e0f,009,5,"ứng dụng này rất tốt cho việc học tiếng anh, giúp dễ nhớ từ vựng nhưng nhược điểm thì chỉ nhỏ xíu thôi là khi học máy cho từ tiếng anh ghi tiếng việt mà mình đảo chỗ chữ viết thì máy lại báo sai. nhưng ko vấn đề gì cả học trên đây note từ tiết kiệm được rất nhiều thời gian hơn. nói chung là tuyêt!!!",2020-04-21 15:21:12,Positive,"This application is very good for learning English, making it easy to remember vocabulary, but the only small disadvantage is that when the machine learns to write English words in Vietnamese and if I reverse the writing, the machine reports an error.But there's no problem, learning notes here saves a lot of time.Overall it's great!!!"
84ebc162-63d8-413b-adec-234ed027e7bf,009,5,rất rất rất tốt 👍👍👍!!! cảm ơn toàn thể những thành viên đã tạo nên ứng dụng này. chúc mọi người có thật nhiều sức khỏe để xây dựng app ngày 1 phát triển hơn nữa.,2020-04-21 05:12:14,Positive,very very very good 👍👍👍!!!Thank you to all the members who created this application.Wishing everyone good health to build and develop the app day by day.
4fd902e9-35fd-4627-bb90-1c403d49df6f,009,5,"ứng dụng cực kì tuyệt vời luôn ấy an. ngoài tiếng anh ra thì có thể chỉnh sang cả ngôn ngữ khác, và khi thêm thẻ thì app sẽ tự động có audio đọc mẫu của phần mình thêm (gần đây học tiếng trung nên mình mới bắt đầu dùng và mới biết). thật sự mình thấy còn hay hơn anki nhiều, giao diện cũng rất đẹp nữa.",2020-04-19 15:40:54,Positive,"Absolutely great app.In addition to English, you can also adjust to other languages, and when you add a tag, the app will automatically have audio reading samples of the part you add (recently learning Chinese so I just started using it and only know it).Actually, I think it's much better than Anki, the interface is also very nice."
90091d1c-31f0-4eaf-9ca5-ade829b78cad,009,5,"ứng dụng rất hữu ích đối với một đứa làm biếng viết chữ, viết chữ xấu và k buông đc cái điện thoại như tui.",2020-04-19 03:57:41,Positive,"The application is very useful for someone like me who is lazy, has bad handwriting, and can't let go of the phone."
85fd6dd4-5e00-4066-9441-bfecf5c891b8,009,5,"vô tình tìm được ứng dụng này, rất hay và bổ ích đặc biệt cho việc luyện nhớ tiếng anh, nếu bổ sung thêm phần check phát âm tiếng anh, hoặc thêm một số game để đa dạng hình thức kiểm tra thì quá tuyệt vời luôn.",2020-04-17 09:47:22,Positive,"accidentally found this application, very good and useful, especially for practicing English memory. If you add an English pronunciation check section, or add some games to diversify the testing forms, it would be great."
4ea4c5db-6fa9-4645-8a76-4b17d320e6af,009,5,"học từ mới rất ok, tuy còn những chỗ phát âm sai nhưng hình thức học rất hiệu quả, còn cho test có cả trắc nghiệm và tự luận, học mà muốn nhớ ngắn hạn thì 30 từ/30' là ok",2020-04-14 14:33:30,Positive,"Learning new words is very good. Although there are some mispronunciations, the learning method is very effective. Also for testing there are multiple choice and essay, if you want to remember short-term, 30 words/30 minutes is ok."
5b07ded1-e423-4e05-901b-08675bc5e53b,009,5,"app này rất tốt, mình có thể nhớ được từ vựng dễ hơn, mình thấy rằng các bạn nếu học từ vựng thì ban đầu học trước những từ mà các bạn muốn học, sau đó sử dụng app này tạo học phần( tạo 1 danh sách từ vựng) rồi học lại những từ đó, nó sẽ giúp các bạn củng cố việc nhớ từ mới đó, các bạn ôn đến khi nào nhìn thấy từ đó thì trong đầu liền lập tức có đáp án mà k phải chần chừ lâu, thì các bạn đã làm rất tốt rồi đó, chúc các bạn thành công( chỉ là ý kiến của mình thôi)",2020-04-14 04:30:49,Positive,"This app is very good, I can remember vocabulary more easily. I find that if you learn vocabulary, first learn the words you want to learn first, then use this app to create a module (create a list of vocabulary) and then re-study those words. It will help you consolidate your memory of that new word. When you review it, when you see that word, you will immediately have the answer in your mind without having to hesitate for long. Then you have done very well, I wish you success (Just my opinion)"
9fd36ddb-0ac8-4dcf-9428-b1b1596fa38a,009,5,"dùng app này học nhớ từ nhanh, app có nhiều hình thức kiểm tra giúp mình ghi nhớ kĩ từ, mình đang ghi nhớ từ vựng tiếng nhật bằng app này, rất hữu ích.",2020-04-13 16:22:13,Positive,"Using this app to learn words quickly, the app has many forms of testing to help me remember words carefully. I am memorizing Japanese vocabulary using this app, very useful."
30af5d6d-244a-4c6b-b0b3-630256badaf0,009,5,"theo sự hướng dẫn của thầy thì app này sử dụng để ghi nhớ từ vựng với quyển destination b1 thật là tuyệt vời, hiện tôi đang học khóa online của thầy, thì thấy mình tiến triển rất nhiều. khuyên các bạn nên sử dụng.",2020-04-11 08:27:05,Positive,"According to the teacher's instructions, this app is great to use to memorize vocabulary with the destination b1 book. I am currently studying his online course and see that I am making a lot of progress.recommend you to use."
3da93ba3-c14b-447a-b91c-ae08fedee792,009,5,mới sử dụng được hai ngày nhưng vốn từ của em đã tăng lên đáng kể. cảm ơn app! nó đã giúp em bớt chán tiếng anh trong kì nghỉ dịch này. tiếc vì không biết đến quizlet sớm hơn.,2020-04-08 17:31:29,Positive,I've only been using it for two days but my vocabulary has increased significantly.Thank you app!It has helped me feel less bored with English during this epidemic break.I regret not knowing about quizlet sooner.
42895994-5121-4bdd-9477-e0ad233e5202,009,5,"ứng dụng rất tốt cho việc tự học và ghi nhớ. good app for self-study and remember things. the learning, and testing mode are excellent. hope to see more development of this app.",2020-04-08 01:39:00,Positive,"Very good application for self-study and memorization.good app for self-study and remember things.the learning, and testing mode are excellent.Hope to see more development of this app."
0368a33c-0a49-4ffa-a302-6361e922601b,009,5,giá mà mình biết app sớm hơn nữa. cực kì dễ dàng trong việc ghi nhớ và ôn lại từ vựng. cũng là 1 kho từ vựng xịn xò luôn á. ❤,2020-04-07 16:22:49,Positive,I wish I knew about the app sooner.Extremely easy to remember and review vocabulary.It's also a great vocabulary.❤
36570977-13c8-4d86-a355-76a3dcf30fcf,009,5,"app học từ vựng rất hữu dụng với mình. ẻm có nhiều tính năng khiến cho quá trình nhồi từ vựng trở nên thú vị hơn. thay vì hồi xưa mình giở tập chép từng từ và viết ví dụ thì bây giờ có quizlet rồi copy paste tiết kiệm thgian. vừa dễ tạo bài học, lúc ôn lại vừa tiện. chả phải lật tập niệm từng từ từng từ.",2020-04-05 02:51:25,Positive,"Vocabulary learning app is very useful for me.It has many features that make the vocabulary cramming process more enjoyable.Instead of using a notebook to copy each word and write an example, now there is a quizlet that can be copied and pasted to save time.It's easy to create lessons and convenient to review.You don't have to turn over and recite each word word by word."
337eb9da-6f29-42df-9f20-e3d704f05770,009,5,"app này theo mình thấy đáng được 5 sao. mình đã thử dùng app để học từ vựng và thật sự rất hiệu quả, tuy mình chỉ dùng phiên bản miễn phí nhưng vẫn mang lại sự thoải mái và vẫn mang lại hiệu quả tốt",2020-04-04 16:10:55,Positive,"This app, in my opinion, deserves 5 stars.I tried using the app to learn vocabulary and it was really effective. Even though I only used the free version, it still brought comfort and good results."
fe954207-7dac-4529-a3e9-dd5d74092be1,009,5,"đây là một app rất tốt cho những người thích học tiếng anh , hoặc các môn nào đó . nó giúp tôi có thể nhớ được những từ vựng mới và còn được chơi những trò chơi rất thú vị . các bạn nên tải app này nha😊",2020-04-04 09:04:18,Positive,"This is a very good app for people who like to learn English, or certain subjects.It helps me remember new vocabulary and also play very interesting games.You should download this app😊"
ed8379d6-a622-4dee-8b0b-821a253368bd,009,5,"một ứng dụng perfect mà tôi seek, quizlet đáp ứng mọi yêu cầu học tập của tôi, việc tạo các thư mục từ vựng rất dễ dàng, việc luyện tập cũng vô cùng đúng cách, tôi rất hài lòng về ứng dụng này. cảm ơn quizlet.🦖🦖🦖🦖🦖",2020-04-04 03:31:04,Positive,"a perfect application that I was looking for, quizlet meets all my learning requirements, creating vocabulary folders is very easy, practicing is also extremely correct, I am very satisfied with this application.Thanks quizlet.🦖🦖🦖🦖🦖"
f62f0f0c-7fd4-40cd-aa3a-f8f03bbab7f1,009,5,"trải nghiệm tuyệt, nhất là để học từ vựng. mình có thể tự lập ra list của mình và luyện tập khi rảnh. mong là nhờ app ngoại ngữ của mình sẽ được cải thiện.",2020-04-04 03:02:56,Positive,"Great experience, especially for learning vocabulary.I can make my own list and practice when I have free time.I hope my foreign language app will improve."
1fe89ba5-a69f-4ae0-b4fc-aa2994700c24,009,5,"ứng dụng học siêu hay mà suýt bỏ lỡ. có thể soạn theo chủ đề, có gợi ý để bạn tham khảo. nhưng không biết có nên ghi phiên âm vào 1 trong 2 mặt thẻ không, vì ghi mặt trước thì nghe phát âm đọc cả phiên âm, mà ghi mặt sau thì lúc học cũng đoán ra được từ rồi, nên mình vẫn không biết nên ghi vào đâu cho hợp lí và tiện lợi. bạn nào biết có thể chia sẻ giúp mình nhé",2020-04-03 16:43:50,Positive,"Super cool learning app that I almost missed.Can be compiled by topic, with suggestions for your reference.But I don't know if I should write the transcription on one of the two sides of the card, because writing on the front side will listen to the pronunciation and reading the transcription, but writing on the back side will help you guess the word when studying, so I still don't know where to write it appropriately and conveniently.If anyone knows, please help me share"
4766576a-6924-4176-9063-46dee7b6038c,009,4,"tôi thấy rất tuyệt khi sử dụng ứng dụng này. nó khá hay và học rất tiện!!!! tôi có thể vừa học vừa chơi cùng bạn bè nữa, rất vui và thú vị!!!!",2020-04-03 15:01:35,Positive,"I feel great when using this application.It's quite good and very convenient to learn!!!!I can study and play with friends at the same time, it's very fun and interesting!!!!"
c03c6794-cf0f-47c6-b533-c6e79aacd42e,009,5,"ứng dụng này rất hay, nó giúp tôi nhớ từ vựng bằng việc học qua flashcard, nghe, kiểm tra lỗi chính tả và sau khi học xong còn có một bài test để các bạn kiểm tra, đồng thời có thống kê lại tỉ lệ đúng sai khi trả lời câu hỏi. điểm mới là người dùng có thể tự tạo các học phần cho nên bên cạnh học từ vựng tôi cũng dùng nó cho việc học lý thuyết trên lớp. cảm ơn nhà sản xuất. feedback by highschool student",2020-04-02 11:54:04,Positive,"This application is very good, it helps me remember vocabulary by learning through flashcards, listening, checking spelling errors and after completing the study, there is a test for you to check, and at the same time statistics on the rate of correct and incorrect answers when answering questions.The new point is that users can create their own modules, so besides learning vocabulary, I also use it for learning theory in class.Thank you manufacturer.feedback by highschool student"
27512590-c1cb-4048-8d6e-afe7380441ca,009,5,nhờ app mà 12 ngày mình học được hơn 400 từ vựng mới 👍 chưa bao giờ nghĩ là mình có thể nhét nhiều từ như thế :d để học một ngôn ngữ thì mình nghĩ điều đầu tiên là chúng ta phải nắm rõ từ vựng trong tay và vì thế nên app rất hữu ích <3 rate 5 sao không ngần ngạii,2020-04-01 08:51:12,Positive,"Thanks to the app, in 12 days I learned more than 400 new vocabulary words 👍 never thought I could cram in so many words :d To learn a language, I think the first thing is that we must clearly grasp the vocabulary at hand and that's why the app is very useful <3 rate 5 stars without hesitation"
cf299f2a-4bba-443c-bf05-a1881d87eebe,009,5,"app học rất hiệu quả, chỉ có điều là viết thiếu 1 từ nhưng ý đúng mà vẫn tính sai😹 ncl rất hiệu quả để học vocab ❤️ những bạn đang học ta nên sử dụng",2020-03-26 12:36:40,Positive,"The learning app is very effective, the only thing is that one word is missing but the idea is correct but the calculation is still wrong😹 ncl is very effective for learning vocab ❤️ those who are learning should use it"
7139798a-dc4b-4c44-a439-36804bb8b1fa,009,4,"app hay, giúp ghi nhớ từ vựng nhanh chóng. rất phù hợp cho học sinh như chúng e, giúp học từ vựng đỡ nhàm chán",2020-03-26 02:17:53,Positive,"Good app, helps remember vocabulary quickly.Very suitable for students like us, helping to learn vocabulary and avoid boredom"
2e3b4656-325b-4c59-ad71-8084cc0afe33,009,5,chia ra lm nhiều bộ card dc. kt qua nhiều hình thức. có thể nhớ rất lâu. mong rằng có thể cải thiện về tính năng cho ng học có hứng thú để học hơn chứ học trên tờ trắng ko khá khó học. mong nhà sx ra nhiều tính năng hơn nx💜💜💜,2020-03-21 02:56:51,Positive,Divide into multiple sets of DC cards.kt through many forms.can remember for a long time.I hope that the features can be improved so that students are more interested in learning. Learning on a blank sheet is not quite difficult to learn.I hope the manufacturer releases more features than this💜💜💜
604df642-f8a3-47d4-911f-61847a2227f0,009,5,"trên cả tuyệt vời luôn, ứng dụng hay vô cùng. mình sử dụng nó để học từ vựng, cụm từ vựng. hi vọng ai đã vào xem app thì tải về nhé, không lf bạn thất vọng đâu.",2020-03-19 15:55:55,Positive,"Absolutely amazing, great app.I use it to learn vocabulary and phrases.I hope anyone who has visited the app will download it, you won't be disappointed."
ae553195-8813-4687-a947-a61826a1d599,009,4,"ứng dụng khá hay, lôi cuốn dễ học, nên kiên trì. nếu muốn nâng cấp, học dễ dàng thì nên đóng phí nhưng giá hợp túi tiền hs",2020-03-15 05:41:19,Positive,"The application is quite good, attractive and easy to learn, so be patient.If you want to upgrade and learn easily, you should pay the fee but the price is affordable"
ce0d882e-c2be-43ca-9c5d-8c4b4a096634,009,5,"mình tìm kiếm và dùng thử rất nhiều app học từ vựng nhưng không có cái nào hiệu quả và giao diện đẹp, thuận mắt nhìn như vậy. ctr học còn cho phép mình học từ một cách hiệu quả, làm kiểm tra lúc cần, chép phạt từ bla bla bla. quan trọng là việc học của bạn không hề bị cắt ngang quảng cáo. mong mọi người cống hiến và còn phát triển hơn nữa. mình tự tin khi giới thiệu ứng dụng này cho người thân của mình",2020-03-13 10:38:48,Positive,"I searched and tried many vocabulary learning apps, but none were as effective and had such a beautiful, eye-catching interface.The study program also allows me to learn words effectively, take tests when needed, and copy words from bla bla bla.It's important that your learning is not interrupted by advertising.I hope everyone contributes and develops further.I am confident in recommending this application to my relatives"
213abed6-cd88-442d-aaef-5419d54bf0c8,009,5,rất hữu ích! ai còn lo lắng về phương pháp học từ vựng nên tải về! :) từ một đứa học rất nhiều nhưng k hiệu quả chia sẻ ❤,2020-03-12 16:49:52,Positive,very helpful!Anyone who is still worried about vocabulary learning methods should download it!:) from someone who learns a lot but shares ineffectively ❤
b205c88f-d5e3-4bd8-9f8a-e21b76b39780,009,4,"ưu điểm: miễn phí, ôn tập dễ dàng ... mọi người phải dùng mới được quá tốt luôn. đáng lẽ mình nên biết sớm hơn nhược điểm: cần nhiều trò phong phú hơn nữa",2020-03-10 02:43:31,Positive,"Advantages: free, easy to review... everyone has to use it, it's so good.I should have known sooner about the downside: needing more diverse games"
6c0f7080-0f8f-42f6-abae-6596c4574187,009,5,app thực sự rất ổn .chúng tôi lập nhóm học .và thực sụe khiến chúnh tôi học từ mới k nhàm chán như cách truyền thống,2020-03-07 09:23:03,Positive,The app is really good. We set up a study group and it really helps us learn new words without being boring like the traditional way.
64979149-69fc-4c15-a229-a2204ea532e5,009,5,"wow ứng dụng rất tuyệt, hơn sự tưởng tượng của mình í. nó cho mình học đi học lại đến khi nào nắm chắc thì thôi, còn có nhiều bài tập về từ vựng của mình nữa và có thể làm kt luôn. thật sự rất tuyệt",2020-03-07 06:05:26,Positive,"wow the app is great, better than my imagination.It lets me study over and over again until I'm sure of it. There are also many exercises about my vocabulary and I can do it all the time.really great"
9d422061-e909-45ab-b621-2ea1ec088397,009,5,"thực sự quá tuyệt vời. mình đặt thử thách học 50 từ chuyên ngành khá khó nuốt trong 1h với quizlet và thật đáng kinh ngạc , mk thuộc từ cách phát âm cho đến chữ viết và cả ví dụ luôn. từ ngày đó ngày nào cũng nhồi 100 từ mà vui cực",2020-03-05 08:22:49,Positive,"really great.I set a challenge to learn 50 hard-to-swallow specialized words in 1 hour with quizlet and it was amazing, I memorized everything from pronunciation to writing and even examples.From that day on, I crammed 100 words every day and had great fun"
fea05f67-83fa-4d80-a138-68b42608a206,009,4,cho 4* vì khi cho học phần vào thư mục để gọn gàng rồi nhưng vẫn xuất hiện ở bên ngoài. app học từ vựng tốttt ạ,2020-03-05 05:13:38,Positive,"Giving it 4* because even though I put the course into a neat folder, it still appears outside.Good vocabulary learning app"
95ffa135-6dfb-4552-b77d-79c0aa008dbb,009,4,"app rất hữu ích cho việc các bạn ghi nhớ từ vựng. mình dùng free chưa mất phí nên chưa có nhiều trải nghiệm với quizlet.việc bạn tự gõ từ , tự học rất hiệu quả",2020-03-03 08:32:30,Positive,"The app is very useful for you to remember vocabulary.I use it for free, so I don't have much experience with quizlet. Typing the words yourself and self-studying is very effective."
890e4791-cb27-43cf-bfa1-43bacafcfc0a,009,4,hay! còn có phần ôn tập lại bằng cách chọn đáp án và viết giúp nhớ lâu hơn cũng như việc có thể phân bố các kiến thứ giúp người dùng có sự ôn tập đều. 4 sao vì phông chữ tiếng việt hơi lỗi. tuy nhiên không dùng bản preminum tôi thấy cũng ok lắm rồi,2020-03-02 09:34:51,Positive,"nice!There is also a review section by choosing answers and writing to help remember longer as well as being able to distribute knowledge to help users review evenly.4 stars because the Vietnamese font is a bit buggy.However, without using the premium version, I think it's ok"
042a10cd-352f-4101-b422-abe202ca66ad,009,4,trải nghiệm tuyệt vơi. tuy nhiên team nên phát triển thêm chức năng chọn một số học phần riêng để làm bài test thì sẽ càng hiệu quả hơn trong việc học.,2020-02-25 02:28:03,Positive,"great experience.However, the team should develop the function of selecting some specific subjects to take the test, it will be more effective in learning."
0c152e7d-16b5-45b6-a727-85e6134a0f5c,009,5,mình là 1 đứa khá ghét học thuộc từ vựng và coi đó là một việc vô cùng khó khăn bởi nó rất nhàm chán. nhưng sau khi dùng quizlet thì lại khác. việc học từ trở nên dễ dàng và thú vị hơn. đây quả thực là 1 ứng dụng rất tốt cho những bạn đang học tiếng anh,2020-02-24 02:25:08,Positive,I am a person who quite hates memorizing vocabulary and considers it an extremely difficult task because it is very boring.but after using quizlet it's different.Learning words becomes easier and more enjoyable.This is truly a very good application for those who are learning English
d053a1fe-7f59-4c58-9a6b-d45fccbce2b5,009,5,"quizlet giúp tôi ôn tập từ vựng 1 cách có hệ thống, bạn nào muốn tìm ra pp học từ vựng tối ưu hiện đại thì nên thử",2020-02-19 17:36:48,Positive,"Quizlet helps me review vocabulary systematically. If you want to find the optimal modern vocabulary learning method, you should try it."
7a85099e-a29e-4133-8c2d-e221643f1d4b,009,5,ứng dụng khá ok và hữu dụng cho người học tiếng anh. hi vọng nhà sản xuất có thể thêm phần ví dụ cho mỗi từ,2020-02-15 11:24:42,Positive,The application is quite ok and useful for English learners.Hopefully the manufacturer can add examples for each word
7fa644d3-1fbb-4366-b384-46bbd81cde7f,009,4,"tôi mới sử dụng qua vài tính năng, tôi muốn ứng dụng thay đổi cách thêm từ vào học phần một cách đơn giản và nhanh chóng hơn.",2020-02-11 15:34:56,Positive,"I have just used a few features, I want the application to change the way of adding words to sets in a simpler and faster way."
6433e642-260e-4481-bdf7-d39011a596f7,009,5,"ứng dụng rất tốt và hiệu quả cho ai cần học từ vựng , có nhiều cách hỏi từ khiến người học nhớ sâu , tốt !!!!",2020-02-11 13:54:18,Positive,"Very good and effective application for those who need to learn vocabulary, there are many ways to ask words that help learners remember deeply, good!!!!"
e32dae31-d29f-46a7-af5a-70b328aaaf8c,009,5,chưa dùng thử bản vip nhưng thấy bản free cũng tốt r. đây là ứng dụng cực kỳ hữu ích để tăng vốn từ vựng nhanh chóng.,2020-02-10 16:03:14,Positive,Haven't tried the VIP version yet but the free version is good.This is an extremely useful application to increase vocabulary quickly.
bb16a33a-03c1-462d-92d9-8a9107bea05d,009,5,"ứng dụng học tốt lắm. tìm được rất nhiều học phần thú vị nữa. thì thoảng hơi lỗi tí nhưng mà không sao, không đáng kể. cực hữu dụng luôn",2020-02-07 07:33:22,Positive,"Very good learning app.Found many more interesting lessons.Sometimes it's a little buggy but it's okay, not significant.Extremely useful"
f823ccab-e0b1-44b9-b6b4-c69cdbfb3545,009,5,rất là ukila luôn nhưng mong cập nhật thêm phần mềm chỉnh sửa và thêm hay xóa mục của mục mình đã lưu từ và nghĩa ý ạ:(((((,2020-02-03 16:47:48,Positive,It's very ukila but I hope to update the editing software and add or delete items of items I have saved words and meanings:(((((
160e2ff6-df63-4ec4-87ab-c4b28f54b170,009,4,phần mềm rất tuyệt để học tiếng. tuy nhiên mong rằng có thể học khi không có internet thì tốt hơn. khi làm bài kiểm tra thời gian hiển thị đáp án hơi ngắn chưa kịp đọc hết. nên thiết kế thời gian đếm ngược cho từng câu hỏi,2020-01-29 08:34:53,Positive,"Great software for learning languages.However, I hope it's better to be able to study without the internet.When taking a test, the answer display time is a bit short and I can't read it all.You should design a countdown time for each question"
1511ebb3-5956-4e29-8d16-b0dc32ebdfb2,009,5,this is an awesome app that i've used. rate 5 🌟 for this useful app. highly recommend for all wanna try any app to study through flash cards like me. thanks for creating.,2020-01-28 13:45:59,Positive,this is an awesome app that i've used.rate 5 🌟 for this useful app.highly recommend for all wanna try any app to study through flash cards like me.thanks for creating.
d203b2be-c297-4cb6-8565-6f224262375d,009,5,"ứng dụng rất hay, phù hợp với những bạn chuyên anh hay những người mới học tiếng anh ❤ mình highly recommend mn sử dụng ứng dụng này ❤",2020-01-27 15:25:38,Positive,"Very good application, suitable for those who specialize in English or those who are new to learning English ❤ I highly recommend everyone to use this application ❤"
b1d17665-c3cb-4b48-9fe2-fc4df848bf28,009,5,cực kì cực kì tốt luôn học là sẽ nhớ mà nhớ lâu chứ kh hề học thuộc suông mọi người đều nên dùng app đó ạ,2020-01-11 12:37:10,Positive,"It's extremely, extremely good. When you learn, you'll remember it and remember it for a long time, not just memorizing it. Everyone should use that app."
e99f5af5-3e05-4f44-8560-3eefa000c1a2,009,5,"cực kì thích luôn, đặc biệt cả đối với các bạn hsg muốn học với trình độ cao như c1 c2 cũng có rất nhiều bài hay, học nhanh, dễ, tuyệt vời ~~",2020-01-05 14:48:52,Positive,"I really like it, especially for students who want to study at a high level like c1 and 2, there are many good lessons, quick to learn, easy, great ~~"
45b038c3-975a-4687-b3d5-29f0f62ae937,009,5,"tôi mua gói quizlet plus và hiện tại đang học long term trên ios, tại sao trên android lại không có tính năng đó nhỉ?",2020-01-05 12:32:02,Positive,"I bought the quizlet plus package and am currently studying long term on iOS, why doesn't it have that feature on Android?"
2e67044c-f139-43d3-8b62-64dc4afbcf88,009,5,"những ai muốn trao dồi từ vựng thì mình nghỉ đây là app tốt nhất, sử dụng trên pc thì có thể thêm ảnh vào.",2019-12-28 03:18:46,Positive,"For those who want to improve their vocabulary, I think this is the best app. If used on a PC, you can add photos."
cb7ae4e3-af13-45e7-bc10-e02153fb779a,009,5,"it's really useful, it help me in learning and practising question like quizs. i really love this app, except i can not use it offline, but it is not a big problem to me.",2019-12-19 07:18:13,Positive,"it's really useful, it helps me in learning and practicing questions like quizs.i really love this app, except i can not use it offline, but it is not a big problem for me."
c980894a-1abf-4101-abf1-dea2a6a1a398,009,5,"trước khi thử tạo học phần thì mình nghĩ nó cũng là một ứng dụng học từ nhàm chán và có quá nhiều nguồn học. nhưng sau khi dùng được một thời gian, bắt đầu tạo những học phần riêng thì mình thấy mình nhớ từ hiệu quả hơn rất nhiều bằng quizlet và tiện lợi lúc nào cũng có thể học. mình đặc biệt thích việc có sẵn phát âm khi nhấn vào từ đang học ^^ nên không phải ghi phiên âm ra để nhớ nữa",2019-12-19 06:10:56,Positive,"Before trying to create a module, I thought it was a boring word learning application and had too many learning resources.But after using it for a while and starting to create my own modules, I found that I remember words much more effectively using Quizlet and it's convenient to be able to study at any time.I especially like the pronunciation available when clicking on the word I'm learning ^^ so I don't have to write down the pronunciation to remember anymore."
74c1a89e-c3a1-4049-976e-64919aa30065,009,5,app tuyệt lắm mọi người ạ. chỉ cần chịu khó soạn từ vựng rồi học theo đảm bảo nhớ dai từ vựng lắm ý. app hỗ trợ dùng free khá tốt nếu ai chưa có điều kiện mua prenium ☺️,2019-12-11 03:18:20,Positive,"Great app, everyone.Just take the time to prepare vocabulary and then study to ensure you remember the vocabulary well.The app supports free use quite well if anyone cannot afford to buy prenium ☺️"
72e07fe7-e71d-4d20-ae3c-0b95763ad75d,009,5,cực kì hữu ích. kiến thức về tưt vựng tiếng anh của mình tăng lên một cávh vượt trội sau khi dùng quizlet😍😍😍. thanks quizlet for all,2019-11-29 12:09:46,Positive,extremely helpful.My knowledge of English vocabulary increased dramatically after using quizlet😍😍😍.thanks quizlet for all
51d77a3d-85e3-4cf3-9b37-47521429a01b,009,5,"ứng dụng rất tốt cho việc học từ mới. sau khi làm thẻ bạn có thể làm bài kiểm tra để ghi nhớ những cụm từ đó tốt hơn. bên cạnh đó bạn có thể nghe phát âm của cụm từ mà bạn viết ra. it's a good application, and i have a thing for it.",2019-11-29 04:28:50,Positive,"Very good app for learning new words.After making the cards you can take a test to remember those phrases better.Besides, you can listen to the pronunciation of the phrase you write down.it's a good application, and i have a thing for it."
cb05dfd6-bc64-4dc9-aa40-12d22d2c3c8c,009,5,phần mềm siêu hay. không những có thể tự tạo flashcard để học mà còn học được flashcard của người khác đã tạo. còn có chức năng trò chơi để ghi nhớ nhanh và không nhàm chán nữa!,2019-11-28 07:57:37,Positive,"Super cool software.Not only can you create your own flashcards to study, but you can also learn flashcards that other people have created.There is also a game function to memorize quickly and not be boring anymore!"
8ab57c9b-86db-47b9-8780-25e989ce7598,009,4,ứng dụng học từ vựng hữu ích. nhưng phải học online khá bất tiện. theo mình nghĩ thì học từ mới theo hoàn cảnh cụ thể sẽ nhớ lâu hơn nên nếu app dc bổ sung các câu bằng tiếng anh có chỗ trống để điền từ mới vào thì quá tuyệt ạ. có thêm 1 lỗi nhỏ nữa là ko có phần phát âm tiếng việt. thấy một số bạn đánh giá là có thể học qua hình ảnh là khi trả phí mới học dc phải ko ạ?,2019-11-24 21:41:43,Positive,"Useful vocabulary learning application.But having to study online is quite inconvenient.In my opinion, learning new words in specific situations will help you remember them longer, so if the app could add sentences in English with blank spaces to fill in new words, it would be great.There is one more small error: there is no Vietnamese pronunciation.I see some people say that you can learn through images and only then can you learn by paying a fee, right?"
8fd0b549-d771-438c-b6ca-04330446e0ce,009,5,"ứng dụng rất tốt cho việc học từ mới. mình rất thích. sau này, nếu có điều kiện hơn, mình sẽ tạo tài khoản tính phí để học từ thuận tiện hơn.",2019-11-16 05:06:27,Positive,"Very good app for learning new words.I like it very much.In the future, if I have more conditions, I will create a paid account to learn words more conveniently."
9485d695-b552-4f71-b807-15c5018ddfb0,009,4,hi vọng mỗi khi test xong từ nào ứng dụng sẽ đọc lại từ đó 1 lần dù đúng dù sai để ng dùng có thể nhớ cách đọc lâu hơn,2019-11-09 06:52:58,Positive,"Hopefully, every time a word is tested, the application will read that word again, whether correct or incorrect, so that users can remember how to read it longer."
95e49cf4-2e4b-4665-8df0-ce19f8389151,009,5,rất hay và hữu ích. tất nhiên sẽ có những cái cần trả phí nhưng nếu ai muốn dùng miễn phí cũng là 1 lựa chọn ko tồi,2019-11-07 05:06:16,Positive,"very nice and useful.Of course there will be paid ones, but if anyone wants to use them for free, it's not a bad choice"
1a5389b8-2619-45a5-b3b3-b7eee5b827a4,009,5,"ứng dụng quá tuyệt vời. ❤❤❤ mong có thêm phần phát âm tiếng việt và có thể cập nhật thêm cách học thì quá tuyệt luôn ạ. thêm nữa chỉnh sửa có thể ghép tất cả các bài học để học chung 1 lần thì tốt. ví dụ ghép bài 1, bài 2, bài 3 vào chung 1 học phần học ấy ạ.",2019-11-05 04:14:45,Positive,"the application is so great.❤❤❤ I hope to have more Vietnamese pronunciation and be able to update more learning methods, that would be great.In addition, editing can combine all lessons to learn at once, which is good.For example, combine lesson 1, lesson 2, and lesson 3 into one study module."
238c910f-e539-4516-9710-5f37e292a187,009,4,"trải nghiệm khá tốt đối với một người sử dụng miễn phí như mình. tuy nhiên, hy vọng người học sẽ được tùy chỉnh thêm hình ảnh.",2019-10-29 13:46:56,Positive,"Pretty good experience for a free user like me.However, it is hoped that learners will be able to further customize the images."
03a631ef-0668-4155-b69c-23d3a98b528c,009,5,"tạo học phần trên đây rất tốt, mình có thể ôn tập, học ,kiểm tra rất dễ dàng bằng điện thoại thay vì ôm khư khư quyển sách trên tay",2019-10-28 03:58:43,Positive,"Creating the above module is very good, I can review, study, and test very easily using my phone instead of holding a book in my hand."
ff972667-37e7-4596-9309-d71e04015445,009,4,ứng dụng tốt. tuy nhiên phần thêm thẻ mới vào học phần lại đặt ở dưới cùng nên nếu học phần có quá nhiều thẻ thì không tiện để lướt xuống dưới,2019-10-27 23:34:08,Positive,"good application.However, the section to add new cards to a set is at the bottom, so if the set has too many cards, it is not convenient to scroll down."
031ea546-d1c6-4345-a169-5db5f3c5e806,009,5,"không lo học trước quên sau nhé. nay học 5 từ, add 5 từ vào flashcard, app sẽ thiết kế câu hỏi kiểm tra bạn 5 từ đó. kiểm tra đi kiểm tra lại kiểu gì cũng nhớ!",2019-10-22 09:32:13,Positive,"Don't worry about learning first and forgetting later.Now learn 5 words, add 5 words to the flashcard, the app will design questions to test you on those 5 words.Remember to check and recheck no matter what!"
45788c10-f20f-41d1-ae65-bb96d556973c,009,5,"có thể coi đây là một flashcard thông minh, do chính mình tạo ra, theo lộ trình hay từ vựng mà bạn quan tâm . best tool for someone who are learning english alone",2019-10-18 13:00:06,Positive,"You can consider this a smart flashcard, created by yourself, according to the route or vocabulary you are interested in.best tool for someone who is learning English alone"
b1473022-076e-4aba-896a-3ae9bece7543,009,5,rất thú vị . tôi có thể học ở mọi lúc mọi nơi chỉ cần có đt . và giúp tôi học từ vựng k còn nhàm chán nữa . xin cảm ơn ~,2019-10-11 04:18:23,Positive,"very interesting .I can study anytime, anywhere as long as I have a phone.and help me learn vocabulary no longer boring.Thank you ~"
5f6d73c2-e87d-481f-9591-b2a2581e12ab,009,4,"ứng dụng hay, hữu ích. nên có thêm tính năng học và kiểm tra trộn lẫn kiến thức các học phần khác nhau lại với nhau.",2019-10-06 05:35:02,Positive,"Good, useful application.There should be more learning and testing features that mix knowledge from different modules together."
aca2c478-63f5-4f81-8432-39ddb136291e,009,5,tôi rất thích học quizlet nhờ quizlet tôi đã tiến bộ về tiếng anh nên toi nghĩ bản thân mình có thể thi vô trần đại nghĩa,2019-10-05 13:42:12,Positive,"I really like studying quizlet. Thanks to quizlet, I have improved my English so I think I can take the Vo Tran Dai Nghia exam."
0f22b302-298f-4155-b35d-90cca7fe95c8,009,5,ứng dụng rất thú vị vì giúp mình hk từ vựng qua hình ảnh và giúp mình ôn lại toàn bộ những từ làm sai. mong app sẽ phát triển hơn nữa để giúp những người học như mình học tập môn anh ngữ tốt hơn,2019-09-24 11:08:57,Positive,The application is very interesting because it helps me improve vocabulary through images and helps me review all the words I made wrong.I hope the app will develop further to help learners like me learn English better
1d75e747-9bfb-40c0-a796-b1bfde1c0d98,009,5,"tôi từng thử qua rất nhiều ứng dụng học từ vựng tiếng anh nhưng thik ứng dụng này nhất. nó khiến tôi học nhiều từ vựng mà ko cần ghi chép. chỉ cần 15 - 20 phút mỗi ngày, tôi dám cá vốn từ của bạn sẽ tăng lên đáng kể :))",2019-09-23 12:52:46,Positive,"I have tried many English vocabulary learning applications but like this application the most.It makes me learn a lot of vocabulary without taking notes.Just 15 - 20 minutes a day, I bet your vocabulary will increase significantly :))"
e52f4533-8edb-430d-bf6c-9d35269bb10a,009,4,"app giúp mik ghi nhớ từ vựng khá tốt, muốn học từ j chỉ cần nhập từ đó vào học phần r bắt đầu học, nhưng có 1 điều mik ko thích lắm đó là trong quá trình học ko có phần nghe của các từ , mong app sớm cải thiện!!",2019-09-13 02:43:24,Positive,"The app helps me remember vocabulary quite well. If I want to learn word j, I just need to enter that word into the r module to start learning, but one thing I don't like very much is that during the learning process, there is no listening part of the words. I hope the app will improve soon!!"
f349615a-de1f-4879-908c-581f7e555a0b,009,5,"phần mềm rất hữu ích, đặc biệt đối với những người muốn tìm được phương pháp học từ vựng tiếng anh đúng cách như mình.",2019-09-03 15:32:39,Positive,"The software is very useful, especially for those who want to find the right method to learn English vocabulary like me."
cd2fc191-0f44-4ef9-b2e3-53b806cac618,009,5,1 ứng dụng tuyệt vời để tự tạo thẻ tiếng anh và tự ôn luyện. bạn sẽ k cần phải làm thẻ thủ công nữa.,2019-08-29 09:48:42,Positive,A great application to create your own English cards and practice yourself.You won't need to make manual cards anymore.
afd338ec-bccb-408a-aac5-976691c54a4e,009,5,học phần này rất thú vị. có thể tự tạo học phần để học từ mới một cách nhanh chóng mà không nhàm chán như cách học từ mới truyền thống,2019-08-12 01:04:22,Positive,This lesson is very interesting.You can create your own modules to learn new words quickly without being boring like the traditional way of learning new words
bcfd11ef-76fc-4832-a1fe-ad69dfe3b13c,009,5,"good app. if you can give a blank in definition part for pronounciation, it will be better. because i cannot type pronunciation without making a writing test with it",2019-08-07 17:07:49,Positive,"good app.if you can give a blank in definition part for pronounciation, it will be better.because i cannot type pronunciation without making a writing test with it"
ff326067-1a0c-403e-9fe5-0b203ea8655f,009,5,"rất hữu ích! mong có thêm ví dụ minh họa để dễ đặt câu hơn và có phiên âm đọc mỗi từ. nhìn chung ứng dụng rất tốt, tôi đã học thêm được nhiều điêu hay ho!!",2019-07-30 16:02:06,Positive,"very helpful!I hope there are more illustrative examples to make it easier to form sentences and have phonetic transcriptions for each word.Overall the app is very good, I learned a lot of cool things!!"
9b9e433e-9b7c-45b7-b670-7ea2a9144dbd,009,5,"tuyệt vời, ms đầu lên thấy hơi nhàm vì k bt cách sử dụng nh dùng một hồi ms thấy hay.. nâng cao vốn từ vựng rất nhiều >< cảm ơn ad ~",2019-07-30 06:56:45,Positive,"great, at first I found it a bit boring because I didn't know how to use it, but after a while I found it interesting.. improved my vocabulary a lot >< thank you admin ~"
82dbe04f-f098-4c83-9b52-564fe06f4e73,009,5,ứng dụng này giúp mình trong việc học từ vựng khá nhiều.rất xin cảm ơn nhà sản xuất vì đã tạo ra app hay như vậy!!,2019-07-25 08:24:44,Positive,This application helps me learn vocabulary quite a lot. Thank you very much to the manufacturer for creating such a good app!!
b9d4826c-7889-4ea7-8812-c37a0ed52d87,009,5,ứng dụng rất hay. cách sắp xếp các loại trò chơi giúp bạn có thể học và ôn tập từ vựng một cách thú vị và dễ học,2019-07-24 01:35:14,Positive,very good application.The arrangement of games helps you learn and review vocabulary in an interesting and easy-to-learn way
20056dfa-896b-484c-8e8a-6bedc90468f3,009,4,cần có thêm phần chỉnh tốc độ đọc ở phần thẻ đọc. tức là chỉnh thời gian giữa các từ mới khi mình cho đọc auto.,2019-07-21 12:05:41,Positive,"There needs to be an additional reading speed adjustment in the reading card section.That is, adjust the time between new words when you read it automatically."
8964dcee-0a26-4249-bc26-a5eb7526ed19,009,5,"dạo app một vòng và thấy khá hay, mong tui sẽ có kết quả tốt. hy vọng nhà phát hành sẽ ngày càng phát triển.",2019-07-19 06:30:17,Positive,I took a look around the app and found it quite interesting. I hope I get good results.Hopefully the publisher will continue to develop.
c86b8bb3-fd95-45bc-984c-07741109e9b6,009,5,"app rất hữu ích cho việc học ngoại ngữ, tôi có một đóng góp nho nhỏ. cụ thể là trong tiếng nhật. ngoài hai cột định nghĩa và thuật ngữ, nhà phát triển có thể thêm một cột cho phần phiên âm, hiện tại phần phiên âm có thể để chung với định nghĩa hoặc thuật ngữ, tuy nhiên nếu tách riêng ra có thể cho kiểm tra đồng thời 3 yếu tố. như vậy việc học còn hiệu quả hơn nữa. cảm ơn nhà phát triển đã tạo ra một ứng dụng tuyệt vời.",2019-07-17 15:26:04,Positive,"The app is very useful for learning foreign languages, I have a small contribution.Specifically in Japanese.In addition to the two columns of definition and terminology, the developer can add a column for the transcription. Currently, the transcription can be put together with the definition or terminology, but if separated, it can check 3 factors simultaneously.So learning is even more effective.Thank you developer for creating a great app."
a1c7dc5a-fea0-4988-8dd3-0cba1363d0b4,009,5,"app học từ vựng tiếng anh mình thích nhất nhì. mình đã học qua nhiều app nhưng app này combo giao diện dễ nhìn, dễ học, có trò chơi... cho 5 sao",2019-07-12 13:03:20,Positive,"My second favorite app for learning English vocabulary.I have learned through many apps, but this app combines an easy-to-see, easy-to-learn interface, has games... gives 5 stars"
c6d20bb1-5bc8-4fdf-876e-a7e70cba0424,009,5,mình cảm thấy khá hứng thú khi học với phần mềm. nếu cài đặt phần hình ảnh mặc định cho từng từ nữa thì càng tốt. cám ơn những lập trình viên cũng như mong phần mềm sẽ ngày càng phát triển,2019-07-02 07:32:56,Positive,"I feel quite excited when learning with software.If you set the default image for each word, even better.Thank you programmers and hope the software will continue to develop"
2e71af72-29f9-4a7e-9549-fe1c1cc7a0f7,009,5,"ứng dụng rất tốt, nhờ nó mà mình học từ vựng rất nhanh. rất thích tính năng tự tạo học phần, nó khá hữu ích.",2019-06-30 07:43:33,Positive,"Very good application, thanks to it I learn vocabulary very quickly.I really like the feature of creating self-study modules, it's quite useful."
2039419b-0d80-4b7c-abbf-c2e1103453a6,009,5,ưu điểm: - tự tạo học phần phù hợp cho riêng mình📚 - có các game vừa học vừa chơi - rất dễ nhớ bài - có nhiều icon dễ thương và có những câu khen người học khi trả lời đúng giúp người học có động lực học hơn khuyết điểm: nếu dùng được offline cho học phần của mình tự tạo thì có lẽ tốt hơn😄😄😄,2019-06-26 08:04:17,Positive,"Advantages: - create your own suitable modules📚 - there are games to learn while playing - very easy to remember lessons - there are many cute icons and compliments for learners when they answer correctly to help learners be more motivated to study disadvantages: if you can use offline for your self-created modules, it might be better😄😄😄"
67021d75-7d84-48cd-82c9-763d3fcfbeff,009,5,"em thấy ứng dụng khá hữu ích, thích hợp học tiếng anh. chỉ mỗi tội không học offline được nên hy vọng có thể khắc phục ạ. ngoài ra có thể bổ sung hình ảnh nhiều nhiều để cho dễ học, dễ ấn tượng và nhớ lâu nữa ạ :))",2019-06-22 04:51:46,Positive,"I find the application quite useful, suitable for learning English.The only problem is that I can't study offline, so I hope it can be fixed.In addition, you can add more images to make it easier to learn, easier to impress and remember longer :))"
2c596940-ef3f-41be-ad97-79b0c7d5552c,009,5,1 cách học từ vựng hiệu quả không những tự tạo bài riêng của mình mà còn học được của những người khác rất thú vị good*****,2019-06-19 04:19:50,Positive,"An effective way to learn vocabulary is not only to create your own lessons but also to learn from others, which is very interesting good*****"
336fcd27-f5f4-43e5-9c72-c6ca40555178,009,5,có ai biết quizlet phiên bản mới cái thẻ flash card nút play như phiên bản cũ nó nằm ở đâu không tôi không thể tìm ra nó,2019-06-02 20:28:35,Positive,Does anyone know where the new version of Quizlet has the flash card and play button like the old version? I can't find it.
cfb2d3c1-9efc-4809-a7db-554fc614e960,009,5,"tốt tuy nhiên chưa biết cài file âm thanh thế nào, hay nó tự cài sẵn? cũng không biết app này có sử dụng cái chế độ học lặp giống anki không nữa. nhưng dù sao giao diện dễ dùng, cho cóp học phần và hình ảnh, tốt ^^.",2019-05-29 10:01:05,Positive,"Good, but I don't know how to install the audio file, or is it pre-installed?I also don't know if this app uses the same iterative learning mode as Anki.But anyway, the interface is easy to use, allows copying modules and images, good ^^."
3cadd438-47ba-442b-b903-62970d4013ae,009,5,"khá thú vị. có cả những từ chuyên ngành. ngoài ra có thể tự tạo 1 học phần riêng của mình là những từ vựng mà cô thầy giao để học là luyện tập đây là nhận xét sau khi sử dụng trong 2 tuần: rất rất hài lòng luôn 🤣🤣, mình học bên chuyên ngành thật dự bế tắt trong việc học từ vựng, cực khó. nhưng may mình biết đến nó kịp thời, bạn có thể ôn đi ôn lại nhiều lần, k dùng ngoại tuyến được nhưng đt mình luôn có 3g nên sài mọi lúc luôn, bùn bùn đem ra học rất thú vị. bạn có thể kiểm tra từ mỗi ngày",2019-05-26 09:52:20,Positive,"quite interesting.There are also specialized words.In addition, you can create your own module with the vocabulary assigned by the teacher to learn and practice. Here is the review after using it for 2 weeks: very, very satisfied 🤣🤣, I studied in a major that really stuck in learning vocabulary, it was extremely difficult.But luckily I learned about it in time, you can review it over and over again, it can't be used offline, but my phone always has 3G so I use it all the time, it's very interesting to study.You can check words every day"
a2d628ce-c9a8-497e-a58f-95f06c5fcd5c,009,5,"ứng dụng này rất hay. nó giúp tôi học từ vựng dễ hơn mà lại nhớ lâu nữa. tôi nghĩ các bạn đang học tiếng anh thì nên sử dụng ứng dụng quizlet này. phương pháp được sử dụng trong ứng dụng rất đa dạng như đoán nghĩa, viết nghĩa viết từ, ghép thẻ từ ... những phương pháp học như thế giúp các bạn nhớ nhanh và lâu. các bạn chỉ cần tìm phần các bạn muốn học rồi học với những phương pháp trên là vốn từ của các bạn đã tăng lên rất đáng kể. tôi rất thích ứng dụng quizlet này ♡",2019-05-25 06:01:59,Positive,"This application is very good.It helps me learn vocabulary easier and remember it longer.I think if you are learning English, you should use this quizlet application.The methods used in the application are very diverse such as guessing the meaning, writing the meaning, writing the word, combining word cards... such learning methods help you remember quickly and long.You just need to find the part you want to learn and then study with the above methods and your vocabulary will increase significantly.I really like this quizlet app ♡"
d11dca74-fdc0-4365-8065-fe4ab0f9f82a,009,5,"ai đang thi tuyển sinh thì hãy tải về đi, thật sự rất hay, đã hay còn free. cảm ơn người đã tạo ra app này",2019-05-13 09:51:19,Positive,"Anyone who is taking the entrance exam should download it, it's really good, it's even free.Thank you to the person who created this app"
68d25405-650b-4ef2-8478-c694b7fcd1be,009,4,làm sau mới học được ngoại tuyến vậy ứng dụng ... tất cả đều rất ổn và thích ngoại trừ việc học ngoại tuyến không được thui.,2019-05-03 13:15:28,Positive,"Only later can I learn offline, so the application... everything is very good and I like it except the offline learning is not good."
c73d0721-e02b-4acd-866b-a79b6d51d217,009,5,"dùng mấy app khác thì ko phù hợp với mình mấy, học từ vựng phải học cả câu mình mới nhớ đc, quizlet giúp tự tạo học phần theo ý nên rất thích. dùng trên laptop còn nhiều chức năng hơn nữa :)",2019-05-03 06:54:23,Positive,"Using other apps is not very suitable for me. To learn vocabulary, I have to learn the whole sentence to remember it. Quizlet helps me create my own study sections, so I really like it.Using on laptop has many more functions :)"
03d26bac-fd3c-472c-a1b1-2ff9543915e9,009,5,đây là ứng dụng học tập rất bổ ích nó giúp tôi ôn bài dễ dàng và nhớ lâu. có nhiều môn học trong đó giúp tôi dễ dàng chọn lựa. ngoài ra có nhiều cách học và nhiều chế độ khác nhau giúp người dùng dễ kiểm soát cách học cũng như time học. giao diện khá đơn giản nhưng sự đơn giản 1 cách kỉ luật kp quá xuề xoà. nói chung là quizlet tôi đánh giá tốt.,2019-05-03 05:38:10,Positive,"This is a very useful learning application that helps me review lessons easily and remember long.There are many subjects in there that make it easy for me to choose.In addition, there are many ways to learn and many different modes to help users easily control how they learn as well as study time.The interface is quite simple, but the disciplined simplicity is too casual.Overall, I rate quizlet as good."
71b96c1a-c4ca-4c56-86ac-b90602a74b61,009,5,đây là một app rất tốt cho những người muốn học từ vựng tiếng anh nhờ nó mà việc học tiếng anh của tôi trở nên dễ dàng hơn mọi người nên cài và sử dụng app thử nó rất là hay và hữu ích,2019-04-28 02:28:22,Positive,"This is a very good app for people who want to learn English vocabulary. Thanks to it, my English learning becomes easier. Everyone should install and use the app to try it. It's very good and useful."
f42bcda2-3e87-4ae1-89ca-e5fdb90d4462,009,5,tuyệt vời hệ thống học giúp tối ưu hóa khả năng ghi nhớ của não. nhắc lại thường xuyên nên ghi nhớ rất nhanh và lâu,2019-04-08 23:04:24,Positive,Excellent learning system that helps optimize the brain's memory ability.Repeat it often so you can remember it very quickly and for a long time
618fca4e-e9ba-4c20-9b93-75a6f874cd9a,009,5,"hay, tự tạo được thẻ học, nhất là các từ học còn có phần phát âm và dịch nghĩa tự động rất tiện lợi. dùng cho tự học rất tốt. nên tính phí một lần vì tính theo tháng rất cao và lãng phí",2019-04-04 16:59:33,Positive,"Or, you can create your own flashcards, especially learning words and also have automatic pronunciation and translation, which is very convenient.Very good for self-study.You should charge a one-time fee because monthly fees are very high and wasteful"
7c2f8343-f51e-4508-89bf-f3ab73e07285,009,5,"tích hợp sẵn nhiều bộ từ vựng, có kèm phát âm, có hình ảnh, đặc biệt là hệ thống kiểm tra và ôn từ giúp ghi nhớ từ vựng thật sự hiệu quả. nói chung app rất hay và đáng để tải về",2019-03-25 11:06:03,Positive,"There are many built-in vocabulary sets, with pronunciation and images, especially a test and review system that helps memorize vocabulary really effectively.Overall the app is very good and worth downloading"
77de8c50-5e08-470d-a0c3-f52360fb3934,009,4,"mình mong quizlet có phần chỉnh sửa thẻ học, di chuyển thẻ học đến các thư mục khác nhau, có thể đảo mặt trước sau cho linh hoạt việc học",2019-03-20 08:24:51,Positive,"I hope Quizlet has a section to edit flashcards, move flashcards to different folders, and be able to reverse front and back for flexible learning."
5eb8fc51-6ec8-4fee-af68-a8ee19f7a8da,009,5,"tôi thật sự biết ơn ông trời đã cho tôi cơ hội sử dụng app này!! app thật tuyệt vời và đúng với tất cả những gì tôi cần khi muốn học từ vựng! cách học bài, ôn bài rất cuốn, tôi không bao giờ thấy chán cả! cám ơn quizlet thật nhiều!!! 😍",2019-03-06 13:02:40,Positive,"I'm really grateful to God for giving me the opportunity to use this app!!The app is amazing and has everything I need when I want to learn vocabulary!The way to study and review is very engaging, I never get bored!Thank you so much quizlet!!!😍"
3f90f57c-930b-4154-900f-6928cb5b8ee0,009,5,"app rất tốt để học và ôn lại từ vựng, nhập từ xong là có âm thanh luôn, người dùng đỡ phải thêm file âm thanh vào.",2019-03-03 09:24:54,Positive,"The app is very good for learning and reviewing vocabulary. After entering the word, the sound is immediately available, users do not have to add an audio file."
9c842863-42cc-4ebe-9922-7cf1938e6544,009,5,"ứng dụng dùng tốt, mỗi cái không có lập trình âm thanh tiếng việt hay sao ấy, nhưng vậy đã là rất tốt. vote 5 sao",2019-02-18 03:11:00,Positive,"The apps work well, each one doesn't have Vietnamese audio programming or anything, but that's very good.vote 5 stars"
8e3b26af-dae1-4d68-825f-5b8e1fef4e40,009,5,"app giúp mình lưu giữ và học rất nhiều từ vựng một cách hiệu quả, chủ yếu là làm đi làm lại nên não ghi vào trí nhớ dài hạn các từ vựng, app rất hay và bổ ích",2019-02-02 15:33:22,Positive,"The app helps me retain and learn a lot of vocabulary effectively, mainly by doing it over and over so the brain records the vocabulary in long-term memory. The app is very good and useful."
1263d292-ee6c-45ff-b5b6-8211b048f1a3,009,5,"học từ rất hay, giúp chúng ta học nhiều lần, ứng dụng cực kì hữu ích. chỉ không biết làm cách nào để xóa học phần thôi",2019-01-12 15:46:38,Positive,"Learning words is very good, helps us learn many times, extremely useful application.I just don't know how to delete the set"
cefea42a-3c04-4e2a-9e8f-54f6be8f4786,009,5,ứng dụng thật sự có ích trong việc học từ mới và giúp mình nhớ lâu hơn. chúc app sẽ ngày càng thành công <3,2019-01-07 15:59:50,Positive,The application is really useful in learning new words and helps me remember them longer.Wish the app will be more and more successful <3
40fa84d9-a598-442c-b876-c741f04fd201,004,4,"tất cả đều ổn, hoạt hình vui nhộn, nhưng có điều nhà sản xuất nên đừng dùng tim để đổi lấy bài học, thì cái lúc đấy đang học vui thì tự nhiên hết, khó chịu kinh khủng",2026-03-04 13:16:25,Positive,"Everything is fine, the animation is fun, but the producer should not use hearts in exchange for lessons, then when learning is fun it will naturally end, it's terribly annoying."
7f349dd7-d0a2-4468-9df3-842a4117450d,004,5,"trải nghiệm học rất tốt, kiến thức vào đầu khá nhiều, bạn nào mới học có thể vào học nhé ,sẽ rất nhanh tiếp thu",2026-02-12 02:17:32,Positive,"The learning experience is very good, there is a lot of knowledge at the beginning, if you are new to studying, you can join the class, you will absorb it very quickly."
fe5c8744-ccb4-4768-9f98-39e6a0a38d6b,004,5,"hay quá, giúp mình cải thiện kĩ năng nói, có nhiều câu rất hay luôn, còn có bài quiz rất dễ nhớ 💯, nhưng mà tốn nhiều tim quá huhu🥹💔. mong app còn có thêm nhiều ngôn ngữ khác nữa, như là tiếng trung, tiếng nhật,...là quá ok luôn 😊 cho app 5 sao khuyến khích nha ⭐",2026-01-26 11:05:36,Positive,"It's so good, it helps me improve my speaking skills, there are many great sentences, there's also a quiz that's easy to remember 💯, but it takes so much heart huhu🥹💔.I hope the app also has many other languages, such as Chinese, Japanese,... that's ok 😊 please give the app 5 stars to encourage ⭐"
71a47d60-1e93-4a95-abf5-d73a03576596,004,5,ứng dụng rất tuyệt nó khiến cho tôi tiếp thu kiến thức sâu hơn và đúng trọng tâm và còn có video vừa giúp chúng ta vừa học vừa có thể coi để đỡ bị nhàm chán trong lúc học💖,2026-01-15 13:38:34,Positive,"The application is great, it helps me absorb knowledge deeper and more focused, and there are also videos that help us both learn and watch to avoid boredom while studying💖"
93535a26-8c62-403e-9a6e-d9067fdc09e0,004,5,ứng dụng cho tôi nhiều cơ hội và trải nghiệm học tiếng anh hay khi chỉ cần học trên điện thoại như thể đang lướt mạng xã hội vậy. tiếp tục phát huy.,2025-12-15 08:02:08,Positive,The application gives me many opportunities and experiences to learn English by just studying on my phone as if I were surfing social networks.continue to develop.
690ed8c1-099c-4b9d-9388-0819a1e4d9b2,004,5,"i think this app is extremly good, i use cake for study korean, this app is free but several part isn't free, i believe it is a best app study korean. great",2025-11-15 02:56:54,Positive,"i think this app is extremely good, i use cake for study korean, this app is free but several parts aren't free, i believe it is a best app study korean.great. great"
cbd2154a-fd4f-47bd-80ae-d879e8604339,004,5,rất tốt bạn hãy biết rất nhiều về phụ âm nguyên âm và viết cách chữ và có thể xếp thành khối 5 sao không nói nhiều,2025-11-09 13:48:36,Positive,very good you know a lot about consonants and vowels and letter spacing and can put them into 5 star blocks without saying much
b988d393-2c20-4cad-b4b4-059bfaccbb3e,004,5,quản lý được thời gian học tiếng anh vừa hay dễ thương mà còn vừa hiểu nói chung chấm cho cái này 5 sao không có nhưng 😻,2025-11-02 12:44:26,Positive,"manages time to learn English while being fun and cute but also understanding. Overall, I give this 5 stars, no but 😻"
33e50186-a026-42a9-9f59-0ebc26774966,004,5,"vui nha, nói chung là chi tiết , dễ hiểu lại còn có các bài tập vừa mức độ vs ng dùg :))5 sao ko nhưng",2025-11-01 15:25:27,Positive,"It's fun, in general it's detailed, easy to understand, and there are exercises that are just at the right level for the user :)) 5 stars?"
32481a6e-485e-4dfe-8598-95859abed331,004,5,"hay nó đã giúp milk đọc được những câu đơn giản,bạn đầu hịc hơi khó nhưng từ những video của nó mà mình đã tiến bộ hơn!!!",2025-09-02 07:58:58,Positive,"It helped Milk read simple sentences. It was a bit difficult for her at first, but from her videos I've improved!!!"
826af85b-4a28-4be1-afa7-db6bda3fb5a5,004,5,thật sự rất hay và hi vọng rằng sẽ có những app miễn phí để đứa nghèo như toi vẫn có thể học được. thank you so much,2025-08-12 14:12:35,Positive,It's really good and I hope there will be free apps so poor people like me can still learn.thank you so much
75293a08-e582-4fef-a9aa-3beb4a4261b5,004,5,"mình đang thấy trình độ mình đi lên , kiểu nghe nhiều cũng hiểu đó , ban đầu thực sự nghe rất khó hiểu nhưng dần dần mình practice nhiều ấy thì mình cũng nghe được hơn rồi . cảm ơn app cake đã tạo cơ hội cho chúng mình học free và giúp chúng mình không còn nghr như sấm nữa , thank you so much 🥳",2025-08-04 11:01:24,Positive,"I'm seeing my level go up, like the more I listen to it, the more I understand it. At first it was really hard to understand but gradually the more I practice, the more I can listen.Thank you app cake for creating the opportunity for us to learn for free and helping us no longer listen like thunder, thank you so much 🥳"
2f36b35b-f55a-4fbc-a38f-f717aa01b972,004,5,"ổn áp nha=)) app áp dụng mấy video hoạt hình, phim tiếng anh cùng mấy mẫu câu để luyện nói và luyện học mẫu câu",2025-07-31 03:25:21,Positive,"It's okay =)) The app uses animated videos, English movies and sentence patterns to practice speaking and learn sentence patterns."
429c32ff-7312-4f98-a4f0-7ce1aabbb941,004,4,tiếng hàn rất là khó mình học theo kiểu quizilet nên rất khó nhớ...chữ nguệch ngoạc ko có cách phát âm nhưng mình vẫn thích học,2025-07-26 14:22:39,Positive,"Korean is very difficult, I learn it in quizilet style so it's hard to remember...the squiggly words have no pronunciation but I still like learning"
7b3ecab3-356b-4954-a748-2831c64239e8,004,5,hôm nay mệt quá nên không học được tiếng anh nên là cho nghĩ vài hôm để khoẻ lại rồi học tiếng anh lại nha,2025-07-17 12:01:46,Positive,"I'm so tired today that I can't study English, so let's rest for a few days to get better and then study English again"
18e67839-5821-47e0-ba66-9abd02095b6a,004,5,"nếu cái phần phát âm đọc mà đọc luôn nghĩa tiếng việt của từ đó thì sẽ giúp dễ nhớ khi nghe nhiều kể cả lúc bận khi nghe không, từ vựng khá nhiều chứ đọc đúng tiếng hàn thì chỉ giúp người nghe hiểu cách đọc nhưng khó thuộc cho người học",2025-07-11 14:49:24,Positive,"If the pronunciation section also reads the Vietnamese meaning of that word, it will help the listener understand how to read a lot, even when busy or not. The vocabulary is quite large, but if read correctly in Korean, it will only help the listener understand how to read, but it will be difficult for the learner to memorize."
1143bfc1-32b9-49dc-8c6d-08e6f59f6fa0,004,5,"app đặt câu hỏi dễ hiểu, biết đưa ra câu hỏi theo đúng trình độ của người dùng, giúp dễ hiểu và tiếp thu nhanh. app rất hay và thú vị.",2025-06-22 09:53:08,Positive,"The app asks easy-to-understand questions, knows how to ask questions according to the user's level, making it easy to understand and absorb quickly.Very good and interesting app."
f0b3b9bc-a1d9-4512-88fd-d1468380c32a,004,5,theo mình thì ứng này thì khá tốt vì nó học cx rất vui và ứng dụng này giúp mình học khá là nhiều từ,2025-06-21 03:53:04,Positive,"In my opinion, this app is quite good because it's fun to learn and this app helps me learn quite a lot of words"
5f28e25f-d7b5-4588-8ac2-4c171e3743fa,004,4,"đã đăng ký plus đc 1 năm. sau đó đợi giảm giá để gia hạn nhưng khi nhấn vào thông báo giảm giá thì lại hiển thị ""sự kiện giảm giá kết thúc"" mặc dù thông báo hiển thị km còn 6 ngày!",2025-05-30 06:39:50,Positive,"Subscribed to plus for 1 year.then wait for the discount to renew, but when I click on the discount notification, it displays ""discount event ended"" even though the notification shows 6 days left!"
2540cc1f-dc1f-4c9f-a5fb-31c47661af32,004,5,"hay, chỉ cần lưu câu đã học, switch ngôn ngữ thì có thể vừa học anh - việt - nhật / ngoại ngữ khác trong cùng 1 câu. chỉ tiếc là phiên bản mới, hình như đã bỏ mục học từ vựng (chỉ còn học câu) nên nếu nhấn khởi tạo ở ôn tập - saved words thì bị mất hết saved words, ko restore lại được, cũng không thể học lại từ đầu.",2025-05-17 13:34:40,Positive,"Or, just save the sentence you have learned and switch languages ​​so you can learn English - Vietnamese - Japanese / other foreign languages ​​in the same sentence.Unfortunately, the new version seems to have removed the vocabulary learning section (only learning sentences remains), so if you press start in review - saved words, all saved words will be lost, you can't restore it, and you can't learn from the beginning."
9921859b-14b9-4caf-8676-1627dab28380,004,4,ok nha mn sử dụng nhiều cách học nhưng ko hề nhàm chán nha thay vào đó giúp mn có cảm giác thích học hơn đấy thử ngay nha,2025-05-12 13:51:10,Positive,"ok, I use many ways to learn, but it's not boring. Instead, it helps me feel more interested in learning. Try it now."
482abd38-ed6e-4346-8fea-86ace99f7f6c,004,5,hiệu quả rất tốt mới học thì thấy khó nhưng chỉ 1 đêm đã lắm vững kiến thức rồi nha nên tải rất đáng để học❤️,2025-04-07 00:44:20,Positive,"Very effective, it's difficult to learn at first, but in just one night I've mastered the knowledge so downloading is worth studying❤️"
d6d9e45f-52fc-4aec-a44c-cf26675fbdd3,004,5,"app hồi xưa rất okie lun, coi hết được lịch sử vid lun nhưng mà gần đây thì bị hạn chế coi lịch sử video do phải trả tiền ms được. thất vọng! 🥲",2025-03-18 18:02:32,Positive,"The app used to be very good, allowing you to watch all of the video history, but recently it's been limited to viewing the video history because you have to pay for it.disappointed!🥲"
6e5f4047-7b42-4d19-9549-c2efc8e754b2,004,5,"app tốt lắm, còn chó xem video để luyện tiếng anh nữa. hơi nhiều quảng cáo tí thôi, chứ nó tốt lắm. 5 sao, là hơi ít r😀",2025-02-23 15:07:17,Positive,"The app is very good, I also watch videos to practice English.A little bit too much advertising, but it's very good.5 stars is a bit low😀"
4013b2da-5f5c-4c86-aa24-6da5cf280803,004,5,"dear developers, please design the korean learning section to be similar to the english learning section, especially in the review part, with all the necessary features. this includes random quizzes, listening quizzes, and sentence completion exercises. when a user answers correctly, instead of just displaying ""correct,"" the meaning of the sentence should also be shown. additionally, it would be great to include an english learning section with jake, similar to the one in the english course.",2025-02-15 15:19:21,Positive,"dear developers, please design the korean learning section to be similar to the english learning section, especially in the review part, with all the necessary features.this includes random quizzes, listening quizzes, and sentence completion exercises.when a user answers correctly, instead of just displaying ""correct,"" the meaning of the sentence should also be shown.Additionally, it would be great to include an English learning section with jake, similar to the one in the English course."
5c9072dd-0380-4272-aeba-ef8b97596b5d,004,5,"5 sao luôn tôi thật sự cảm ơn áp này rất nhiều vì trình học tiếng anh của tôi rất yếu, từ khi tải áp này tôi học tốt hơn nhiều mong áp cứ tiếp tục như vậy nhé",2025-02-10 07:32:35,Positive,"5 stars. I really thank you very much for this application because my English learning skills are very weak. Since downloading this application, I have learned much better. I hope you continue like this."
0233c3e8-b1be-4e52-84c6-592bdb0f0de7,004,4,"thích app phết,xài free nhưng thực hiện các mục tiêu và bài tập khá ổn có cái phải chờ hồi tim để xài hihi :)",2025-02-08 08:46:14,Positive,"I really like the app, it's free to use, but it does a pretty good job of achieving goals and exercises, but I have to wait a while to use it hihi :)"
9a32d1c5-4356-4144-b817-daf5a1579ac8,004,5,"mới dùng thử vài tiếng mình đã thấy thích và nâng cấp lên cake plus, quá tiện lợi và giá tốt cho người đã đi làm như mình",2025-02-05 11:41:31,Positive,"Just tried it for a few hours and I liked it so I upgraded to cake plus, so convenient and good price for working people like me."
2c0daca9-0022-4754-9e78-100585400bf8,004,5,"đừng so sánh cake với duo, hãy kết hợp cả 2. dùng duo để học từ vựng và mấy câu cơ bản, còn qua cake học mấy câu nâng cao và xem videos để hiểu thêm. mấy bạn chưa biết gì về tiếng anh hoặc hàn học app này ban đầu sẽ khá...không hiểu nhưng nếu chịu khó thì công nhận cake rất hiệu quả để học.",2025-01-26 00:05:56,Positive,"Don't compare cake with duo, combine both. Use duo to learn vocabulary and basic sentences, and use cake to learn advanced sentences and watch videos to understand more.For those of you who don't know anything about English or Korean, learning this app will be a bit... difficult to understand at first, but if you work hard, cake will be very effective for learning."
f9c1ac68-a209-42c3-9a3d-ce13a68cce8c,004,5,"cake đã giúp tôi cải thiện cách đọc, nói tiếng anh tốt hơn, và khi sử dụng cake để học thì tôi cảm thấy ko nhàm chán chút nào nên tôi sẽ cho ⭐⭐⭐⭐⭐ nhé 🤗",2025-01-24 06:00:16,Positive,"cake has helped me improve my reading and speak English better, and when I use cake to study, I don't feel bored at all so I will give it ⭐⭐⭐⭐⭐ 🤗"
1ad00513-874b-4f25-a900-76bd7d02a03a,004,5,"hay nha tr, tui thấy hc hiệu quả lắm á.mấy bồ cứ hc thuộc và thông thạo lý thuyết đi r vô tthucjw hành nghe và nói thả nào cx hiệu quả cho coi👍🏻👍🏻👍🏻",2025-01-18 03:18:46,Positive,"Good sir, I think learning is very effective. You guys just memorize and master the theory and then practice listening and speaking, it will be effective👍🏻👍🏻👍🏻"
22e1df0b-c630-4e00-91c7-bd4a7ec74b81,004,5,thật sự rất tuyệt ko phải viết thành tiếng việt rồi đọc mà có cả chữ hán việt và cách pháp âm đẳng cấp 😍,2025-01-11 10:51:41,Positive,"It's really great, it doesn't have to be written in Vietnamese and then read, but it has both Chinese and Vietnamese characters and classy pronunciation 😍"
48d2ede2-1f48-49e8-bd3d-41fdf9883e25,004,5,"ứng dụng rất tốt. tuy nhiên còn khá nhiều quảng cáo, mong nhà phát hành gỡ bớt quảng cáo để tăng trải nghiệm cho người dùng 🫶💗",2025-01-02 13:43:56,Positive,"very good application.However, there are still quite a lot of ads, I hope the publisher will remove the ads to increase user experience 🫶💗"
730770e2-494d-4009-8620-e2a9dfbb7967,004,5,rất tốt từ khi mình học app cake đến nay mình đã cải thiện được trình độ học tiếng anh của mình app rất tốt hãy cứ như thế mà phát huy,2025-01-01 12:12:12,Positive,"Very good, since I learned app cake until now I have improved my English learning level. The app is very good, keep it up."
b792b42e-e823-48ea-b5ed-c556ba7687cc,004,5,"tui cảm ơn app này luôn á, vì trình độ học tiếng anh của tui tốt hơn hẳn , lúc chưa biết app này , trình độ học tiếng anh của tui rất yếu .nhờ bạn tui giới thiệu app này , trình độ học tiếng anh của tui tốt hơn hẳn nhiều , tui cảm ơn app này nha cho 5 sao ⭐",2024-12-22 05:31:17,Positive,"Thank you very much for this app, because my English learning level is much better. When I didn't know this app, my English learning level was very weak. Thanks to my friend who introduced this app, my English learning level is much better. Thank you for this app, I give 5 stars ⭐"
be2b1f3d-6caf-4eb9-850c-2cabe08df649,004,4,"học rất hay, nhưng lúc làm test thì bạn hãy thật sự làm đúng năng lực của mình nếu không thì bàu tập và năng lực của mình là 2 sự khác biệt đấy",2024-12-21 15:19:29,Positive,"Studying is very good, but when taking the test, you should really do it according to your ability, otherwise practice and ability are two different things."
2b792e07-d177-4a9f-b0d8-83f127a15f0d,004,5,"nó đã giúp tôi cải thiện tiếng anh, các mẫu câu trên app này có thể dùng để giao tiếp tiếng anh ở thực tế",2024-12-04 16:11:56,Positive,It has helped me improve my English. The sentence patterns on this app can be used to communicate in real English
662027e7-74a4-4744-ba5a-df856f4ef66f,004,5,mình chưa học xong nhưng tạm thời mình vẫn đánh giá 5 sao nha khi nào mình đã hoàn thành được 100 ngày thì mình sẽ coi lại giá và lúc đó thì mọi người sẽ biết được cái rating của mình😍,2024-11-17 13:41:24,Positive,"I haven't finished studying yet but for now I still rate it 5 stars. When I have completed 100 days, I will review the price and then everyone will know my rating😍"
e8328a85-61a7-48b1-addf-9fdd18d380a3,004,5,"vì nó giúp tôi học tiếnh hàn và dễ nhớ từ vựng nữa.ngoài ra, áp dụng này có thể cho chúng ta học tiếng hàn qua bộ phim của bts và cũng có rất nhiều lesson để chúng ta học và qua hàn quốc dễ nói chuyện với người hàn và cũng biết cách sử dụng tiền của hàn quốc trân thành cảm ơn app đã giúp tôi học tiếng hàn mà không quên từ vựng",2024-11-15 12:52:08,Positive,"because it helps me learn Korean and remember vocabulary easily. In addition, this application can help us learn Korean through BTS movies and also has many lessons for us to learn and through Korean, it is easy to talk to Korean people and also know how to use Korean money. Sincerely thank the app for helping me learn Korean without forgetting vocabulary."
b4434fe6-6bb6-439e-8d27-3026ececafbb,004,5,mik thấy rất tốt nhưng mik ko biết bắt đầu từ đâu sos ai thử r giúp mik với cám ơn trước nha l love you,2024-11-10 13:07:51,Positive,I think it's very good but I don't know where to start so can anyone help me? Thank you in advance l love you
e5e68177-1b55-4991-aae2-0dd53935f597,004,5,đang tìm app học tiếng hàn với tiếng anh nhưng nghĩ chắc ko có :)) ai ngờ tìm tiếng hàn thôi cái nó ra cả hai thứ mình cần trong app này🗿chưa thử nhưng xuất hiện đúng lúc đóa.5⭐️,2024-11-02 08:23:34,Positive,I was looking for an app to learn Korean and English but thought there probably wasn't one :)) Who would have thought that I just searched for Korean and it came up with both the things I needed in this app🗿haven't tried it yet but it appeared at the right time.5⭐️
c3f6a525-385b-4f88-8096-ba159d1044f3,004,5,tôi cảm giác được trình độ của mình được nâng cao và cũng thấy rất vui vì mình được học thêm những mẫu câu mới . tôi rất vui vì điều đó,2024-10-31 13:06:57,Positive,I feel like my level has improved and I also feel very happy because I get to learn new sentence patterns.I'm very happy about that
695c0c03-3911-4fd8-9c6c-f4074a7b859c,004,5,"ứng dụng có thư viện video đa dạng từ các kênh như ted talks, youtube với phụ đề song ngữ. người dùng có thể luyện kỹ năng nghe và hiểu thông qua việc xem các video có nội dung phong phú, từ khoa học, công nghệ đến phát triển bản thân.",2024-10-29 06:47:30,Positive,"The application has a diverse video library from channels such as ted talks, youtube with bilingual subtitles.Users can practice listening and comprehension skills by watching videos with rich content, from science and technology to self-development."
1e75c881-6687-49fb-9460-3abe5dafb8d3,004,4,"học rất hay . nhưng nay tôi muốn mua gói 1 năm , thanh toán mobil pay nhưng không đăng ký được . nay tôi muốn tư vấn để tôi có thể đăng ký qua cake ! vui vòng liên hệ tôi nhé!",2024-10-06 14:34:26,Positive,"study very well.But now I want to buy a 1 year package, pay mobil pay but can't register.Now I want advice so I can register via cake!Please feel free to contact me!"
5363e3ac-5e4d-4df5-a02e-f493c257cc47,004,5,lỗi đôi khi ko xuất hiện câu trả lời nhưng mình vẫn cho 5 sao vì app có ích cho việc hc cảm ơn nhiều,2024-09-09 09:29:51,Positive,"Sometimes the answer doesn't appear, but I still give it 5 stars because the app is useful for learning, thank you very much"
fc17e949-4826-4fb0-b7e7-eefee8ac6ef1,004,5,tôi chỉ cần học các đoạn hội thoại mỗi ngày và ghi chép lại trường hợp sử dụng tôi có thể dùng tiếng anh 1 cách dễ dàng.,2024-09-02 12:33:10,Positive,I just need to learn the conversations every day and write down the use cases so I can use English easily.
7312489c-217e-43fa-b5fe-069c1d80e4c3,004,5,được nhưng phần luyện đọc phải nghe đi nhiều lần tại vì nói nhanh quá nên nghe ko đc phải nghe lại nhiều lần mới nghe rõ tớ thấy ứng dụng rất hay và hiệu quả có cả video bts hướng dẫn nữa nên mik rất tự tin và giao tiếp mik thấy ứng dụng này xứng đáng để tải nha😘😘,2024-08-24 13:00:37,Positive,"Yes, but the reading practice part has to be listened to many times because it's spoken too fast so I can't hear it. I have to listen many times to hear it clearly. I find the app very good and effective. There are also BTS video tutorials so I'm very confident and communicate. I think this app is worth downloading😘😘"
35ade041-ad85-45a2-b260-741205d0530c,004,4,"hallo, i have a small suggestion for you guys. can you guys make a full featured web version like the mobile version? i ask this because i and many of my friends and colleagues are wishing for a truly full web version. studying on a desktop or laptop is of course easier and more focused than studying via a smartphone. your app is great but i'm always looking forward to a complete web version 👌🏻 thanks for all !",2024-08-11 16:42:22,Positive,"hallo, i have a small suggestion for you guys.can you guys make a full featured web version like the mobile version?i ask this because i and many of my friends and colleagues are wishing for a truly full web version.studying on a desktop or laptop is of course easier and more focused than studying via a smartphone.your app is great but i'm always looking forward to a complete web version 👌🏻 thanks for all !"
02f43e80-1622-47d8-b9d0-f72edffba2fe,004,5,"tốt, rất dễ để học giao tiếp, trích các câu giao tiếp trong phim giúp rèn khả năng luyện nghe, học xog app này có thể xem phim tiếng anh vô tư mà ko cần vietsub",2024-07-30 13:59:03,Positive,"good, it's very easy to learn communication, quote communication sentences from movies to help practice listening skills, after learning this app you can watch English movies freely without needing vietsub"
012c0811-9a36-459f-a688-208e7fa7f46e,004,4,"mình khá là thất vọng về cake vì bây giờ app không còn miễn phí như trc, nội dung học rất ok nhưng nó rất ít, chỉ khi đăng kí gói cake plus mới đc học nhiều hơn 🤧",2024-07-17 13:11:23,Positive,"I'm quite disappointed with cake because now the app is no longer free like before, the learning content is ok but it's very little, only when you sign up for the cake plus package can you learn more 🤧"
df7b6453-dd01-481f-9faf-8dc5ffbd62e9,004,5,ê tải về học đi app này học dễ ngấm dễ nhớ cực luôn lại còn đc ngồi đu idol nữa chứ mới bắt đầu học app này là chuẩn bài,2024-07-17 05:58:00,Positive,"Hey, download and learn this app, it's easy to learn, easy to remember, and you can even sit and swing with idols. If you've just started learning, this app is perfect."
65b5f528-edcb-40c9-9e38-a1eecc4fbdf5,004,4,"tui thấy học đc lắm nhưng mà tới phần nói lại k đc ,có ai giải thích k ạ nó cứ bị k . không thể tải thông tin bài học . vui lòng thử lại sau . ai chỉ tui va huhu",2024-07-11 12:25:20,Positive,"I feel like I'm learning a lot, but I can't get to the speaking part. Can anyone explain? It keeps crashing.Unable to download lesson information.Please try again later.Someone show me and huhu"
e68d9d04-5833-4061-bcfa-497d3ed10787,004,5,app có các idol hàn quốc đoá nha 😘tui thì chọn học tiếng hàn qua các idol nữa ! hay cực lun miễn là có idol là 5 sao hết nha ❤️,2024-07-05 07:21:42,Positive,The app has Korean idols 😘I choose to learn Korean through idols too!It's so good as long as there's an idol it's 5 stars ❤️
200a4e79-1081-4b93-be0f-3d9ec79d7aee,004,5,"app nay sieu hay luon a,minh vua duoc hoc ngu phap vua tu vung nen app cung kha thich hop voi minh,tich hop voi moi bai se duoc lam,nhung neu khong co trai tim thi minh se ko dc lam bai tap ma minh phai xem quang cao de lay tim de lam bai,neu ban mua premium thi minh co the su dung tat ca tinh nang tich hop trong moi bai hoc cua cake a.",2024-07-01 07:11:40,Positive,"This app is very good, I have learned the law of the king, so the app is compatible with me, integration with every lesson will work, but if I don't have a heart card, I won't be able to make a card, I have to watch the high level to get the heart to make a card, if you buy premium, I can use all the integrated features in every lesson of the cake."
f6ad4ee9-14df-4bd7-9272-adf5d37325bf,004,5,đối với mình thì app khá ổn áp mấy lúc mình luời học thì app hay thông báo nhắc mình học dthw lắm ấy app 10đ không có nhưng 💗💗💗,2024-06-17 14:17:54,Positive,"For me, the app is quite stable, but when I'm lazy to study, the app often notifies me to study a lot. The 10 VND app doesn't have it but 💗💗💗"
aff06aee-ccc8-45fb-b877-e1799c0cf145,004,5,app này học dễ và có các trò chơi cực thú vị trước anh của tôi ngu lắm nhưng bây giờ anh của tôi quá giỏi luôn,2024-06-12 04:13:28,Positive,"This app is easy to learn and has extremely interesting games. Before, my brother was very stupid, but now he is so good"
0300bf39-703a-45c2-bb78-67ca5ed73909,004,4,"cake chuyển sang bán khóa học toàn phần rồi nên các chức năng cho người học miễn phí bị khóa rất nhiều, ai muốn học miễn phí vẫn dùng đc 1 số chức năng, nhưng sẽ gặp rất nhiều quảng cáo. trước còn có 3 tim miễn phí. giờ tối đa chỉ có 1 tim, mỗi lần xem 1 video mất 1 tim, làm bài nghe hoặc quiz ôn tập mất phí 1 tim, làm sai 1 lỗi trừ 1 tim, mỗi lần mất tim xem 1 lần quảng cáo để bù lại =>làm nhiệm vụ của jake 1 ngày xem 4 video, chưa làm sai câu nào chỉ xem video đã cày 3 lần quảng cáo rồi. nản",2024-04-30 01:50:46,Positive,"cake has switched to selling full courses, so many functions for free learners are locked. Those who want to learn for free can still use some functions, but will encounter a lot of ads.Previously there were 3 free hearts.Maximum time is only 1 heart, each time you watch a video you lose 1 heart, doing a listening test or review quiz costs 1 heart, making 1 mistake minus 1 heart, each time you lose a heart you watch an ad to make up for it => do jake's mission, watch 4 videos in 1 day, haven't made any mistakes, just watch the video and have already watched the ad 3 times.discouraged"
2af70719-da86-4089-985e-7add99d856a4,004,5,không thể tải được tệp âm thanh làm sao mà nghe để phát âm mong nhà sản xuất xem lại lỗi này học tiếng anh mà không có âm thanh thì học kiểu gì,2024-04-21 16:09:13,Positive,"Can't download the audio file, how can I listen to the pronunciation? I hope the producer will review this error. How can I learn English without audio?"
d5e63e5f-2e7e-4fe6-a974-918965d6c3d0,004,5,"app rất hay, học rất dễ hiểu và tiếp thu rất nhanh. từ trước tới giờ tôi chưa tìm thấy app nào hay mà miễn phí như vậy!",2024-04-08 14:18:19,Positive,"Very good app, very easy to learn and absorb very quickly.Until now I have never found such a good and free app!"
b89c975a-a1ca-44f5-a795-9ad0ce8e35d7,004,4,hôm trước tui đánh giá 1* vì ứng dựng đã tự gia hạn gói plus mà không có thông báo hay yêu cầu xác nhận gì cả mà trừ tiền vào tk của tui. may mắn tui đã được hoàn tiền lại nên cho đánh giá mới. nhưng vẫn kh cho 5* vì trải nghiệm cái cảm giác tk bị trừ tiền ngang không có vui chút nào!,2024-03-25 04:02:23,Positive,The other day I rated 1* because the app automatically renewed the plus package without any notification or confirmation request and deducted money from my account.Luckily I got a refund so I gave it a new review.But still not giving 5* because experiencing the feeling of having your account deducted from your account is not fun at all!
6a27429a-02ee-46a4-80db-6d6193224618,004,5,"ứng dụng phù hợp với mình, có các mẫu câu để mình giao tiếp hằng ngày với bạn nước ngoài trên game, phương pháp học không bị nhàm chán, cảm ơn cake nhiều.",2024-02-28 14:40:18,Positive,"The application is suitable for me, there are sentence patterns for me to communicate daily with foreign friends on the game, the learning method is not boring, thank you very much cake."
f69bf377-5cad-40df-9c71-9c3467aae3ff,004,5,app này mình mới dùng được 1 ngày mà đã thấy vô cùng thú vị. lúc đầu mình vô cùng ghét tiếng anh nhưng app đã giúp mình có thiện cảm với tiếng anh hơn. mọi người nên thử 🙃🙃🙃,2024-02-22 10:45:13,Positive,"I have only used this app for 1 day and already find it extremely interesting.At first, I really hated English, but the app helped me become more sympathetic to English.everyone should try 🙃🙃🙃"
33816d97-2e23-471d-8977-a9cf2f06109d,004,5,"ứng dụng rất tốt, hữu ích ai may mắn có điều kiện thì thanh toán 1 năm sẽ tiết kiệm hơn. cảm tạ trời đất, mình có công việc và đủ sức trích một khoản tiền để đầu tư cho tri thức, nó sẽ không bao giờ là phung phí và sai lầm.",2024-02-19 00:10:58,Positive,"Very good and useful application, if you are lucky enough to have the conditions, paying for 1 year will be more economical.Thank goodness I have a job and can afford to spend a sum of money to invest in knowledge, it will never be wasteful and wrong."
74f9861c-229b-4732-948f-833775a8e88e,004,5,ứng dụng rất oke luôn nè dạy từ cơ bản khi giao tiếp với lại có phần giúp cta học lại từ vựng đã học nữa,2024-02-09 09:27:13,Positive,This app is very good. It teaches basic words when communicating and also helps you relearn the vocabulary you have learned.
35c308d9-59bb-4d8f-a3b2-7271fad3512a,004,5,"rất thích cake, mong app có nhiều event tiếng anh hay và vui như đợt trước. đợt này thấy app k update nhiều nên hơi buồn",2024-02-07 03:55:43,Positive,"I really like cake, hope the app has many good and fun English events like the previous one.This time I see that the app doesn't update much so it's a bit sad"
8afdc6da-1dc2-4bb0-a115-fa43518c97e6,004,5,"ứng dụng học tiếng anh tốt. dễ học. video ngắn dễ hiểu, nghe lại được nhiều lần nên đào tạo được khả năng nghe tốt. từ một người không nghe được gì bây giờ m đã nghe được kha khá. 5sao",2024-01-30 10:08:41,Positive,"Good English learning application.easy to learn.Short videos that are easy to understand and can be listened to many times, helping to train good listening skills.From someone who couldn't hear anything, I can now hear quite a bit.5 stars"
57d2330c-42fd-4428-baf7-942d4a34e497,004,4,"cang ngay no cang bat xem nhieu quang cao hon, minh mong app ra nhieu phan luyen tap lai nhieu hon va mo ra nhung khoa hoc bo ich cho moi nguoi nhung gia thanh re ti cho nguoi khong co dieu kien nhieu, app dung oke lam tru viec bat nạp xien hon nhièu nhờ =3",2024-01-04 12:57:47,Positive,"Today it can increase the number of views, I hope the app will create more and more training programs and create training programs for everyone, but the price will be lower for people who don't have much qualifications, the app will be good for downloading more thanks =3"
e124ac0e-c453-4074-87e7-7951ca4f6dcc,004,4,"sao chức năng hội thoại hằng ngày bị mất hơn nữa tháng r ạ. nó cứ hiện là"" ôn tập hội thoại cả tuần"" mặc dù là vẫn còn ở thứ 5.",2024-01-01 10:52:24,Positive,"Why has the daily conversation function been lost for more than half a month?It keeps showing ""conversation review all week"" even though it's still on Thursday."
7c664999-e0da-4f98-b393-6bcdd3d58d9f,004,5,"nó thực sự rất tuyệt vời. nó giúp con tôi có thể phát âm rất tốt qua những video , tôi nghĩ nó sẽ rất hữu ích cho trẻ và cả người lớn!",2023-12-14 12:11:02,Positive,"it's really great.It helps my child pronounce very well through videos, I think it will be very useful for children and adults!"
92d58388-d34d-4a44-83c0-ad89c2cc975a,004,5,"app hay , còn có video dạy tiếng anh nx , mik thấy trong tất cả các app kể cả duolingo thì cái này là ổn nhấttttt(◍•ᴗ•◍)❤",2023-12-11 04:54:20,Positive,"Good app, there are also videos teaching English nx, I see that out of all the apps including duolingo, this is the besttttt(◍•ᴗ•◍)❤"
08019968-ff47-4aff-aa54-ca42e62063d8,004,5,"luyện nói của tui có tiến bộ rõ rệt, nmg nên đầu tư học trên app này nhe mong nsx cho phép sd nhiều khoá học hơn, app còn nhiều hạn chế.!",2023-12-01 04:43:55,Positive,My speaking practice has improved significantly. You should invest in learning on this app. I hope NSX allows you to use more courses. The app still has many limitations!
17f07248-8a31-4955-b851-a3ae5342ae52,004,5,"tuyệt lắm, dễ học nữa, mới ngồi 1 tiếng mà biết rất nhiều các câu nói khác nhau, và biết nói 1 chút tiếng hàn, 5 sao",2023-12-01 02:15:32,Positive,"great, easy to learn, just sat for 1 hour and already know a lot of different sayings, and can speak a little Korean, 5 stars"
6fd17790-0499-42f8-8f5e-43da3ca70d30,004,5,"ứng dụng mới trải nghiệm khá hay, các từ phù hợp cho tình huống, giá hơi cao chút nhưng dùng thử rồi đánh giá tiếp. thanks!",2023-11-21 02:19:46,Positive,"The new app is quite a good experience, the words are suitable for the situation, the price is a bit high, but try it and then rate it.thanks!"
c540ae63-24b9-4123-bedc-876500b333ae,004,5,"this app is wonderful!! it contains many short videos which have some daily sentences that i use a lot but didn't know how to say it in english. but app ""cake"" has helped me a lot!!! now i've still learned it and it so helpful to me! i love it ❤. thanks to creating and production teams so much for this app! good luck to all of you ❤",2023-11-12 11:59:58,Positive,"this app is wonderful!!it contains many short videos which have some daily sentences that i use a lot but didn't know how to say it in english.but app ""cake"" has helped me a lot!!!now i've still learned it and it's so helpful to me!i love it ❤.thanks to creating and production teams so much for this app!good luck to all of you ❤"
896a1a15-8611-43b2-b6fb-fbffe8b7a90e,004,5,tiếng hàn - tiếng việt trên mạng xã có lý lịch của năm học mới chúc nhau và không có sự tham gia ngày tháng trôi trong gương có đèn báo rẽ trái rẽ,2023-11-01 10:51:14,Positive,Korean - Vietnamese on social networks with a profile of the new school year wishing each other and without participation the days pass in the mirror with the left turn signal
4e2474bc-af26-4f67-ae76-e469bd1552ee,004,5,"rất hay, lần đầu tiên tôi sau hơn chục năm tìm kiếm. tôi đã thấy một app đúng nhu cầu. hay ở chỗ video tình huống và chủ đề tạo phản xạ. thời buổi này không thể cứ ngồi học theo kiểu a-z. hầu như ai cũng mong muốn biến toàn bộ câu nói xuất phát bằng tiếng việt thành tiếng anh. thì không thể ngồi học ngữ pháp sách vở. app hạn chế ở chỗ vẫn chưa nhập bằng giọng nói. hãy giúp tôi nếu được",2023-10-31 01:24:09,Positive,"Very good, first time I've been looking for it for over a decade.I saw an app that met my needs.The good thing is that the video of the situation and topic creates reflection.In this day and age, you can't just sit and study in the A-Z style.Almost everyone wants to turn all sentences originating in Vietnamese into English.You can't sit and study grammar from books.The app is limited in that it still doesn't have voice input.Please help me if possible"
ab29bde7-70cc-4636-bd58-e49a94705b3c,004,5,"các bài học trong ứng dụng khá hay, phù hợp với các ngữ cảnh giao tiếp bên ngoài. kiểu vừa học vừa thực hành sẽ okee lắm luôn. nhưng mà có điều còn hơi lag, mong nhà phát hành sớm khắc phục",2023-10-29 04:54:39,Positive,"The lessons in the application are quite good, suitable for external communication contexts.Learning and practicing at the same time will be ok.But it's still a bit laggy, I hope the publisher will fix it soon"
2ce34a6e-c727-4451-8f56-52a60d6e03af,004,5,"app quá hay. có một không hai. nếu đc chọn 2 app để học tiếng anh cả đời là app cake và cambly🥰. app cake có những cái rất rất hay mà kh có thầy cô, trường lớp nào có thể dạy. 5sao.",2023-10-16 09:18:22,Positive,"the app is so good.one of a kind.If I could choose 2 apps to learn English for life, it would be cake app and cambly🥰.app cake has very good things that no teacher or school can teach.5 stars."
ca159fa6-82b8-47e2-9e02-607932f874b9,004,4,"sau khi trải nghiệm, mình thấy ứng dụng cake khá giống với ứng dụng duolingo. có điều, ứng dụng cake chèn quảng cáo quá nhiều",2023-10-09 15:48:51,Positive,"After experiencing it, I found the cake application to be quite similar to the duolingo application.However, the cake app inserts too many ads"
389aa58e-22b4-4d6a-82d5-137c728cec8c,004,4,"cá nhân mình thấy giáo trình tiếng hàn chưa hiệu quả, có những nội dung chưa học nhưng đã thực hành, sau đó mới hướng dẫn sau. khá confused",2023-09-27 11:35:15,Positive,"Personally, I think the Korean textbook is not effective. There are some contents that I have not learned but have practiced, and then given instructions later.quite confused"
da514828-48f3-42c7-9998-b95ec421bede,004,5,"học cực tốt, đây là app đã cứu vãng 1 đứa học tiếng anh dốt như t, nó đã giúp t lấy lại góc và tiến bộ hơn",2023-09-18 11:07:42,Positive,"Very good at studying, this is the app that saved a poor English learner like me, it helped me regain my perspective and improve."
411eae34-841b-48e4-97f9-6cfc5d2c0e56,004,5,"sorry to bother you, but i need your help, i'm unlucky because cake automatically registered the 1,209,474 vnd package to my cake account now i need the money and hope to get your refund , thanks",2023-08-24 21:33:10,Positive,"sorry to bother you, but i need your help, i'm unlucky because cake automatically registered the 1,209,474 vnd package to my cake account now i need the money and hope to get your refund , thanks"
c4664520-f257-41f8-8e07-3f6281e7dcbd,004,5,"tốt, miễn phí, nhưng tôi mong nhà phát triển cho thêm tính năng toàn màn hình để xem video, tôi muốn xem chuyển động khuôn mặt nhân vật rõ hơn để nghe tiếng anh được hiệu quả!",2023-08-24 02:08:44,Positive,"good, free, but I hope the developer adds a full screen feature to watch videos, I want to see the character's facial movements more clearly to listen to English effectively!"
7703d254-3525-4cf6-9959-3464de78fd0f,004,4,"khó với người mới bắt đầu . lúc đầu chỉ dừng lại ở những bài học đơn giản thì ko ns lmj , những bạn giỏi sẵn rồi thì nên tải để ôn luyện thêm vì có nhiều bài cũng hay lắm á, chứ mất gốc như mk tải về ko học đc đâu, nên cân nhắc nha",2023-08-12 14:51:54,Positive,"difficult for beginners.If you just stop at simple lessons at first, don't bother. Those who are already good at it should download it to practice more because there are many good lessons, but if you lose your original knowledge, you won't be able to learn it by downloading it, so consider it."
3ae50de7-a9ec-477c-97ef-dfef5a76c984,004,5,"woww, it's amazing😍 app cake na ná giống duolingo, nó là một app giúp chúng ta cải thiện english dễ dàng và có thể giảm stress. cùng cake bạn có thể vừa học vừa chơi 💓",2023-08-01 02:10:39,Positive,"woww, it's amazing😍 app cake is similar to duolingo, it is an app that helps us improve our English easily and can reduce stress.With cake you can learn and play at the same time 💓"
af7438f3-698c-47ce-b067-98c878568a7b,004,4,"cake có thể cho chúng toy 4 tim thay vì 3 được không, mình thấy 3 tim khá ít ấy, mình biết học free sẽ có hạn chế, nhưng hạn chế của cake thật sự làm mình khá khó chịu và chán nản trong việc học, kiểu phải xem quảng cáo mãi, mà mình mới đầu thì dễ tính xem quảng cáo ko cằn nhằn gì vì mình biết mình dùng free nên nó sẽ vậy nhưng nhiều lần mình cũng nản, kiểu học tí là hết, hnay mình vừa học xong và vẫn phải xem quảng cáo nhưng mình bấm mãi cũng ko xem được, thật sự mình nản luôn, xem qc cũng đợi",2023-07-31 10:20:13,Positive,"cake can give them toys with 4 hearts instead of 3, I think 3 hearts is quite a bit, I know that learning for free will have limitations, but cake's limitations really make me quite uncomfortable and bored in studying, like having to watch ads forever, but at first I was easy-going and watched ads without nagging me because I knew I was using it for free so it would be like that but many times I was frustrated, like learning a little was enough, today I just finished studying and still have to watch ads but I keep clicking and not watching them.Okay, I'm really frustrated, I'll wait until I see qc"
629cbb98-87cf-477d-a943-73e26c4b0516,004,5,"dạ mọi thứ đều tốt. tuy nhiên, ứng dụng cake nên cải tiến phần ""mẫu câu của tôi"" ở mục ""ôn tập"" thêm chức năng kiểm tra phát âm nha! bởi vì ở tất cả những video và đọc đối thoại của cake đều có phần kiểm tra phát âm người đọc, nhưng phần ""mẫu câu của tôi"" thì lại không có. vì thế, cake nên cải tiến điểm này để có thể đáp ứng tốt cho quá trình học của người học hơn nhé! cảm ơn ạ!",2023-07-29 10:40:55,Positive,"yes everything is good.However, the cake app should improve the ""my sentence samples"" section in the ""review"" section and add a pronunciation check function!because in all of cake's videos and dialogue readings, there is a part to check the reader's pronunciation, but the ""my sentence pattern"" part is not there.Therefore, cake should improve this point to better meet the learning process of learners!thank you!"
2a544aba-e58e-4642-b6ab-b0103bea3248,004,4,mặc dù là áp này có hữu ích nhưng không thu hút sự thú vị. tôi nghĩ rằng nếu có người nói chuyện với nhau thì áp này còn hay hơn 🙂,2023-07-28 12:53:40,Positive,"Although this application is useful, it is not interesting.I think if there are people talking to each other, this poster will be even better 🙂"
3ef6d28b-7a7a-42d1-9c56-bdb7180050c6,004,5,"app hay, tôi đã có trải nghiệm rất tốt. tôi đã học được những câu người bản sứ họ thường sử dụng. đánh giá app 5 sao.",2023-07-26 14:36:18,Positive,"Good app, I had a very good experience.I learned the sentences native speakers often use.Rate the app 5 stars."
17fde286-cfbb-43ff-955d-615f14dea8fa,004,5,"app này free nha mng. đây là nền tảng cho các bạn muốn luyện nghe và luyện speaking, ngoài ra các bạn còn có thể học thêm rất nhiều từ vựng, mình đã chật vật khi tìm một ứng dụng có thể luyện speaking và sửa những chỗ sai như app này, app có 1 giao diện dễ thương tạo cảm giác học rất thú vị, dạy từ những điều cơ bản nhất cho các bạn luôn nè nên kphai sợ khó hay gì đâu nhá. nói chung app này đáng để tải và học nghen, bạn nào muốn bồi dưỡng thêm về tiếng anh thì tải thử đi nha. very good 💯",2023-07-26 11:22:09,Positive,"This app is free, everyone.This is a platform for you who want to practice listening and speaking. In addition, you can also learn a lot of vocabulary. I have struggled to find an application that can practice speaking and correct mistakes like this app. The app has a cute interface that makes learning very interesting. It teaches you from the most basic things, so don't be afraid of difficulty or anything.Overall, this app is worth downloading and learning. If you want to improve your English, try downloading it.very good 💯"
3f8206f5-e115-4ce2-8967-dc071863cff5,004,5,"ứng dụng tốt giúp mình cải thiện được khả năng tiếng anh rất nhiều, giao diện đẹp mắt, trải nghiệm ổn định thanks a lot",2023-07-23 16:45:32,Positive,"Good application helps me improve my English a lot, beautiful interface, stable experience. Thanks a lot"
1c58a8a9-cb34-41e4-9940-4d899ff4d52e,004,5,"lúc đầu mình học thì lúc nhớ, quên. mà khi học lâu thì có hiệu quả, còn thành thạo tiếng hàn. cái này 10 điểm. :)))",2023-07-22 12:03:43,Positive,"When I first learned, I remembered and forgot.But if you study for a long time, it will be effective and you will also be fluent in Korean.This one is 10 points.:)))"
51305061-312e-45ac-a762-d319f5488265,004,5,tớ rất thích cake app siu siu tuyệt zời có học tiếng hàn và tiếng anh nhập môn mik thấy phù hợp nhất là học tiếng hàn . app có nhiều bài học cute lắm luôn . hôm nay mik mới học buổi đầu tiên trên mik học tiếng hàn trên app mik thấy ưng quá chừng luôn .cảm ơn cake nhé,2023-07-22 11:45:49,Positive,"I really like the cake app, it's so cool, I've learned Korean and English as an introduction, I think the most suitable thing is to learn Korean.The app has many cute lessons.Today I just took my first Korean lesson on the Mik learning app and I'm so satisfied. Thank you cake."
a76abf66-a064-4621-8247-b041d9f81751,004,5,"theo mình app này dùng để học những dạng câu phổ biến trong giao tiếp thì đc nhưng nếu muốn học chuyên hơn thì nên tải thêm 3 app sau: 1.duolingo, 2.bright, 3.elsa speak trong đó duolingo để học về ngữ pháp bright học và ghi nhớ từ mới elsa speak luyện nói (speaking)",2023-07-17 15:58:30,Positive,"In my opinion, this app can be used to learn common sentence forms in communication, but if you want to learn more professionally, you should download the following 3 apps: 1.duolingo, 2.bright, 3.elsa speak, of which duolingo is for learning grammar, bright, learning and remembering new words, elsa speak, speaking practice."
bba475a2-a906-4a70-930f-b7cd517f6250,004,5,"rất hay,mik đã đc học thêm rất nhiều ngữ pháp hay mà mik chx bao h đc bt và mik đã tăng thêm trình độ giao tiếp",2023-07-16 12:58:43,Positive,"very good, mik has learned a lot of good grammar that mik chx has learned and mik has improved his communication level."
f15bdc9a-a2d0-496e-878a-8eeee852b957,004,5,khá là tốt mình học tiếng hàn bằng app này dc 2 tuần rồi mình thấy siêu sêu hiểu quả luôn các không tin thì các thử đi,2023-07-08 04:01:24,Positive,"It's pretty good. I've been learning Korean using this app for 2 weeks now. I find it super effective. If you don't believe me, try it."
89f39a9e-58df-4add-abc9-6363dad1df36,004,5,"có thể hoặc cả tiếng hàn và tiếng anh. cake có nhiều video theo từng chủ đề và câu nói hằng ngày, rất thích hợp cho việc học giao tiếp và nghe hiểu.",2023-07-08 02:45:43,Positive,"can be both Korean and English.cake has many videos on each topic and daily sayings, very suitable for learning communication and listening comprehension."
27dc9819-af61-4f1a-9a00-2883c7eb31c6,004,5,mới đầy mik nghĩ app cake học không đc đâu nhưng sau này xa sút tiếng anh nên mik tải về học càng ngày càng thích,2023-07-07 05:02:55,Positive,"When I first started, I thought I couldn't learn the cake app, but later I lost my English so I downloaded it and learned it more and more."
ac86c35e-91ee-4581-9980-c1e5e8b97994,004,5,app rất hữu ích cho việc học tiếng anh.mong rằng app sẽ app có thể có thêm chương trình học về nhiều ngôn ngữ khác nữa ạ,2023-07-01 06:05:18,Positive,The app is very useful for learning English. I hope the app will have more learning programs in many other languages.
77d6c4bf-5860-4421-ab9e-8a8a130fa5ac,004,5,"hay lắm.cake giúp mình học tiếng anh mọi lúc,dù khi bận mình vẫn có thể học.cake còn giúp giải tỏa căng thẳng nx.nên tải nhà",2023-06-27 17:16:20,Positive,"It's great. Cake helps me learn English anytime, even when I'm busy, I can still study. Cake also helps relieve stress. I recommend downloading it."
db1c829a-1e34-4f9d-8ff6-2fa8af0847b3,004,5,"app rất hay, rất thú vị. hy vọng sẽ giúp tôi nâng cao được khả năng nghe, nói tiếng anh của mình. cảm ơn các bạn đã tạo ra ứng dụng này. thank you!",2023-06-21 13:46:04,Positive,"Very good app, very interesting.Hopefully it will help me improve my English listening and speaking skills.Thank you for creating this application.thank you!"
1657f4d1-b63e-416d-ac40-ba79acffa812,004,5,"mk thấy rất tốt, app mở rộng kiến thức, so vs những j mk học trong sách, nhưng mà trc khi học ở đây, các bạn nên học trong sách trc, kiểu phải đi từ cơ bản mới đến nâng cao đc",2023-06-08 16:27:58,Positive,"I find it very good, the app expands my knowledge, compared to what I learned in books, but before studying here, you should study in books first, you have to go from basic to advanced."
b04a2fa0-053f-44ae-9300-e4217c518788,004,4,cake rất tốt nhưng tôi mong muốn cake có sản phẩm miễn phí để tạo điều kiện học tập thuận lợi hơn cho các bạn sinh viên chẳng hạn hay những bạn nhỏ có hoàn cảnh khó khăn ko thể mua pro nhé. ngoài cái đó ra thì vơi tôi cake là 1 ứng dụng ta tuyệt vời nhất. ai đồng tình vote cho tôi nhé,2023-06-05 03:56:47,Positive,"cake is very good, but I wish cake had a free product to create more favorable learning conditions for students, for example, or children in difficult circumstances who cannot buy pro.Other than that, for me cake is the best app.Who agrees, please vote for me"
a7733a96-3eac-49e7-a0f1-a5fd08b71f85,004,5,rất hay nó rất là hay những bạn nào đang mất gốc tiếng anh học ap này sẽ rất thú vị đáng khen cho ap,2023-06-03 08:29:59,Positive,"It's very good. It's very good. For those of you who are at a loss for English, learning this app will be very interesting and commendable"
e0f0dce9-0b31-4da6-bb2c-769e53363f60,004,5,"ứng dụng học tập miễn phí rất rất tốt, dạy dễ hiểu và có những mục cần thiết trong việc học tập. ứng dụng được mọi người đánh giá cao và cũng phù hợp với mức đánh giá đó. ứng dụng này là 1 sự lựa chọn xứng đáng với tôi khi tôi cần để học tập và rèn luyện. nói chung là ứng dụng rất tốt, ai muốn học thì nên tải về.",2023-05-31 01:17:08,Positive,"Very good free learning application, easy to understand teaching and has necessary items for learning.The app is highly rated by everyone and matches that rating as well.This application is a worthy choice for me when I need to study and practice.Overall, it's a very good app. Anyone who wants to learn should download it."
d2d414c6-473a-43a3-949b-cb71ed85a60e,004,5,có các chức năng như tua . phát âm phụ đề lẫn sub phản hồi của nhà phát triển hãy cùng cake học tiếng anh thật chăm chỉ nhé,2023-05-22 03:58:58,Positive,"has functions such as rewind.Subtitle pronunciation and developer's feedback, let's study English hard with cake"
1a3942b2-3909-4bb6-ab1b-5e153945c64f,004,5,"mình vô cùng thích app này. các mẫu câu ngắn học không bị ngán, vô cùng thú vị, có ngữ cảnh, và vô cùng thực tế những gì mà người nước ngoài hay sử dụng. mà thích nhất là không bị ngán, không bị ngấy ấy. app dịch sẵn cho mình từ mới luôn, kể cả phrasal verbs hay là collocation, đỡ phải tra, đỡ cảm thấy học tiếng anh bị lâu ấy mọi người. chỉ có điều nếu đóng phí thì hơi mắc xíu, nhưng mà mình học free vẫn được nha, chỉ cần xem quảng cáo thôi, mà quảng cáo ít chứ không khó chịu đâu",2023-05-16 05:06:20,Positive,"I really like this app.The short sentences are not boring to learn, are extremely interesting, have context, and are extremely practical for what foreigners often use.But what I like best is not being bored, not getting bored.The app already translates new words for you, including phrasal verbs or collocations, so you don't have to look up and feel like learning English takes a long time.The only thing is that if you pay a fee, it's a bit expensive, but you can still study for free. You only need to watch ads, but the ads are few and not annoying."
b0c3059c-bbcb-4806-a76c-acd531ba88e5,004,5,"rate 5 stars, rất hay và nhiều bài giảng thú vị, có thể giúp mình vừa học vừa xả stress, cái mình thích ở app là các mẫu câu rất gần với thực tế chứ không gò bó kiểu mẫu như trên lớp",2023-05-11 15:08:27,Positive,"rate 5 stars, very good and many interesting lectures, can help me study and relieve stress, what I like about the app is that the sentence patterns are very close to reality, not limited to models like in class."
bd745328-083e-4c71-88a3-8a67da4c2294,004,5,rất hay rất dễ hiểu có điều vài chữ hơi khó đọc . nhưng tui vẫn đánh giá 5 sao vì đây là app học tiếng anh tuy khó nhưng giúp chúng ta có thêm từ vựng trong đầu học ko dễ quên,2023-05-09 23:51:25,Positive,"Very good, easy to understand, but some words are a bit difficult to read.But I still rate it 5 stars because this is an English learning app that is difficult but helps us have more vocabulary in our heads so we don't forget it easily."
63a2c522-79dc-4411-bc30-705c31388e5e,004,4,"đây là app học tiếng anh hay và dễ học, app áp dụng được cho những người chưa bik tiếng anh và lười học tiếng anh như mình đây . cũng phải muốn học theo để biết thêm 1 chút kiến thức về tiếng anh để đi lảm cty nta có phỏng vấn t.a thì mình cũng bik chút ít t.a để mà trả lời vs họ á . mn nên tải về dùng thử sẽ giúp ít cho mình bik đc t.a 1 cách dễ dàng hơn , ko nhọc công tìm kiếm nhiêu chỗ mà để học nữa . cám ơn người đã sáng tạo ra app này nha ❤️",2023-05-06 14:37:14,Positive,"This is a good and easy-to-learn English learning app, applicable to people who don't know English and are lazy to learn English like me.I also want to learn to know a little more about English to get a job. If the company has an interview with me, I also know a little bit so I can answer them.You should download and try it, it will help you learn more easily, without having to bother searching for many places to learn.Thank you to the person who created this app ❤️"
1f5a564f-49c9-4cac-93d2-7e0876d2f16f,004,5,"cake cập nhật, có cả thêm lộ trình và tính năng mới, cảm ơn cake rất nhiềuuuuu vì đã cung cấp nguồn tiếng anh miễn phí tiếp cận được nhiều bạn không có điều kiện ♥️",2023-05-06 04:35:54,Positive,"cake has been updated, including new roadmaps and features. Thank you very much cake for providing a free English source to reach many people who cannot afford it ♥️"
2ed12690-e1d5-4373-915c-868bee21f36c,004,5,rất hay mình đã hc đc 1 năm và cảm thấy nó rất bổ ích các bạn nên học nhé . vì ứng dụng cake giúp chúng ta cải thiện tiếng anh thành thạo phát âm đúng và có thể sử dụng để nói chuyện và nếu du học sang nước ngoài thì điều đó rất bổ ích đó . nên các bạn nhớ học thử 1 lần nha . chúc các bạn học tốt,2023-05-05 04:37:48,Positive,"It's very good. I've been studying for 1 year and I feel it's very useful. You should learn it.Because the cake application helps us improve our English proficiency with correct pronunciation and can be used to talk, and if we study abroad, it is very useful.So remember to try learning it once.Wish you all good studies"
5ba94b67-2637-4dc5-b523-08aaa929e800,004,5,"thật sự mình đã học rất nhìu app, nhưng chỉ có app này là ưngggg ý nhất🥰, vừa miễn phí vừa có rất nhìuuuuu bài học bổ ích, gần gũi thông dụng. nay có thêm tiếng hàn nữa quá là tuyệt lun ❤️❤️❤️🌏💫💫💫💫.",2023-04-29 02:22:21,Positive,"I've actually learned a lot of apps, but this one is the one I like the most🥰, it's both free and has a lot of useful and familiar lessons.Now there is more Korean language which is so great ❤️❤️❤️🌏💫💫💫💫."
9828952c-471d-4c79-9c22-1155429137fc,004,5,thấy khá hay và dễ học tải về thỉnh thoảng mở lên chắc cg giao tiếp cơ bản đc á còn nếu muốn học chuyên sâu thì chắc phải chăm chỉ kiên chì cơ 🙂🙂,2023-04-19 05:41:07,Positive,"I find it quite interesting and easy to learn. If you download it once in a while, you'll be able to communicate basicly, but if you want to learn in-depth, you'll have to work hard and persevere 🙂🙂"
aa795781-aa24-4706-a9dc-d9cec9fa1671,004,5,thật vui và dễ học nhanh thuộc lắm luôn nên tải về nha dành cho người mới bắt đầu hoặc mất gốc đều được luôn 10 điểm,2023-04-17 16:11:50,Positive,"It's fun and easy to learn and memorize quickly, so download it for beginners or beginners, you'll get 10 points."
0dc0ebde-40c9-4ad0-ac5b-b76c28a2d244,004,5,ứng dụng rất hay. có cài đặt chế độ nền tối nữa thi hoàn hảo. nền tối sẽ giúp mình dễ nhìn hơn. thêm chế độ tắt màn hình thì quá đỉnh luôn,2023-04-12 03:09:51,Positive,very good application.There is also a perfect dark background mode setting.A dark background will make it easier to see.Adding a screen off mode is great
fb9e3a90-ce52-4340-926d-ee1aaa36d72b,004,4,"ứng dụng hữu ích, nhưg hơi nhạt. nhà sản xuất nên thêm một vài chức năg cạnh tranh gì đó như thi thố, hỏi đáp, trò chơi, nối vần... giữa người dùng với nhau thì sẽ hấp dẫn hơn. như vậy sẽ tăng sức hút hơn. và nếu có chức năng xem video ngoại tuyến nữa thì tuyệt!",2023-04-07 12:01:25,Positive,"Useful app, but a bit bland.The manufacturer should add some competitive functions such as competitions, questions and answers, games, rhyme matching... between users, it will be more attractive.This will increase attraction.And if there is an offline video viewing function, that would be great!"
438876ce-95d7-4523-8448-b26b071a5c19,004,4,... mấy này giống fa ke lắm nha 💔 ko ưng cho lắm đó là ý kiến riêng của t còn ai thấy hay thì cho 5 sao cũng đc nha,2023-04-05 11:08:25,Positive,"... these look a lot like fa ke 💔 I don't like it that much, that's my personal opinion, but if anyone finds it good, you can give it 5 stars."
b66ea01b-6cab-467b-9abe-12535346c3d0,004,5,"trời ơi app hay kinh khủng, mình vừa có thể học tiếng hàn và tiếng anh cùng lúc lại còn học cùng idol nữa siêu tuyệt vời!",2023-04-02 13:56:52,Positive,"Oh my god, the app is so great, I can learn Korean and English at the same time and also study with idols, it's super awesome!"
5f6dbb21-4845-4c84-a95a-dae0c7093e31,004,5,"siêu xịn luôn, app học từ lóng mình khá thích, kiểu có nền cơ bản rồi, ngay học cỡ 2 video là được. mấy tính năng còn lại chưa xài",2023-03-22 04:17:27,Positive,"It's super cool, I really like the slang learning app, it has a basic foundation, you can learn it in just 2 videos.The remaining features are not used"
52061b56-00a6-4ad2-93be-c46d88bb1539,004,5,"ap này mình đã dùng 1 năm. phải gọi là bỏ tiền ra đáng nè. mình luyện nghe mấy video, đua top, đua quiz luyện nghe nên trình nghe tiếng anh có tiến bộ. nói thật app này rất nhiều nội dung học nên tha hồ lựa chọn. dạo này app đang ra thêm phần nhập môn giống app dualingo phần học theo chủ đề mà xịn hơn là học qua video nên dễ tiếp thu lắm . app hướng đến giao tiếp cơ mà mình kỳ vọng nếu đc thì thêm các video về ielts, từ vựng lẫn phần nghe thì quá tốt. mong đc bên app lắng nghe cân nhắc🥰",2023-03-13 23:44:50,Positive,"I have been using this app for 1 year.I have to call it worth the money.I practice listening to videos, compete at the top, and compete in listening quizzes so my English listening skills have improved.To be honest, this app has a lot of learning content so you are spoiled for choice.Recently, the app is releasing an introduction section similar to the dualingo app, the thematic learning section is better than learning through videos, so it's very easy to absorb.The app is aimed at communication, but I hope that if possible, adding videos about ielts, vocabulary and listening would be great.I hope the app side will listen and consider 🥰"
a3f94e31-27d1-470d-a0da-c1df76eefec1,004,5,tôi thấy có vẻ như những ứng dụng t.anh luôn giúp những người cần ôn luyện giúp chúng ta cảm nhận những bài học bổ ích hơn,2023-03-06 13:11:35,Positive,I feel like t.anh applications always help those who need to review to help us feel the lessons more useful.
39923fbd-ac35-4817-a520-c28f90d5cc7e,004,5,cake là 1 ứng app học tiếng anh rất hay trình độ tiếng anh của tôi đã tăng lên đáng kể sau khi học cake!!!,2023-02-19 05:27:22,Positive,cake is a very good English learning app. My English level has increased significantly after learning cake!!!
b6d537cd-75f7-4382-b819-683225c43fb9,004,5,"cake thường đi ạ chứ plus gì gì đó thì bỏ đi ạ, bình thường em cũng chấp nhận xem quảng cáo đó thôi, vì cake ghi quảng cáo này hỗ trợ cho cake miễn phí gì gì đó cho nên em cũng xem hết quảng cáo mà k ấn x đó ạ mà giờ lại lên plus kiểu thế. em có phàn nàn gì đâu ạ, sao phải plus?, như bình thường còn xịn hơn ấy ạ!",2023-02-06 16:57:55,Positive,"You can use regular cake, but if you add anything, leave it alone. Normally, I just accept watching that ad, because cake says this ad supports free cake or something, so I watch all the ads without pressing x, but now it's plus like that.I'm not complaining, why add?, as usual it's even better!"
88da9c08-63e2-446e-ac2a-cb91b7b4039d,004,5,ứng dụng có nhiều chức năng như đọc học và cả các cách để biểu lộ cảm xúc vv mn nên tải app và học,2023-01-31 13:43:14,Positive,"The app has many functions such as reading and learning, and ways to express emotions, etc. You should download the app and learn"
6321b4e9-50d8-417c-8f1e-cb4922719100,004,5,chưa từng thấy ứng dụng nào tốt như vậy. hy vọng nhà phát triển có thể thêm phần học tiếng trung nữa vì nó cũng là ngôn ngữ phổ biến,2023-01-26 03:40:42,Positive,Never seen such a good application.Hopefully the developer can add a part to learn Chinese because it is also a popular language
bcc1d164-2aef-4a1d-825e-142e8ccbabca,004,5,có thể học free nhưng nên đăng kí gói để được trải nghiệm học tiếng tốt nhất. có rất nhiều câu người bản xứ hay dùng có cả từ lóng. app hay đấy nên tải 4.9* cơ mà. tải đi,2023-01-24 19:54:24,Positive,"You can learn for free, but you should sign up for a package to get the best language learning experience.There are many sentences that native speakers use that contain slang words.The app is good so download 4.9*.download it"
d678307f-65be-41f2-a82e-36c7edaea4e4,004,5,"ờm ,mình thấy rất ok luôn, nói chung là mình rất biết ơn những người đã tạo ra nhưng ap học tập miễn phí này <333",2023-01-19 13:02:20,Positive,"Well, I feel very good, in general, I am very grateful to those who created these free learning apps <333"
2e301ff3-8b27-4921-9622-3f986734be5c,004,5,"ứng dụng tuyệt vời nha . nhưng mà mong nhà sản xuất có thể nhanh nhanh cập nhật luôn cả tiếng nhật và tiếng trung được không ạ . em rất thích tiếng anh , hàn , nhật , trung",2023-01-18 14:04:39,Positive,"Great app.But I hope the manufacturer can quickly update both Japanese and Chinese.I really like English, Korean, Japanese, and Chinese"
e3e11a19-e06e-4c87-8c6b-60f320ac4b50,004,4,"app hay lắm, nhờ nó mà tôi có thể nâng cao khả năng nghe và nói, còn có thể mở rộng vốn từ ngoại ngữ.",2023-01-14 11:07:59,Positive,"The app is great. Thanks to it, I can improve my listening and speaking skills and expand my foreign language vocabulary."
7b43577b-3834-4c89-b47a-79c35f2e59d6,004,5,"app giúp cải thiện vốn tiếng anh của tớ và còn giúp luyện nói, luyện nghe nữa ạ mn nên tải về học nha ✌🏻",2022-12-31 11:36:46,Positive,The app helps improve my English and also helps me practice speaking and listening. You should download and learn ✌🏻
465937e1-9547-4c67-b652-c93cbca370d0,004,5,"úng dụng này học ít bị chán hơn vì lấy những mẫu câu trong 1 đoạn video, nhất là mấy đoạn về hoạt hình vui lắm",2022-12-21 01:30:45,Positive,"This application makes learning less boring because it takes sample sentences from a video, especially the animated parts, which are very fun."
9fb83a38-7cea-4098-bebd-a1f8322a20ba,004,5,"app rất tuyệt vời, điều này sẽ tôi thành thạo hơn trong việc nói tiếng anh với người khác và nó còn giúp tôi ghi nhớ nữa",2022-12-18 08:03:11,Positive,The app is great. This will help me become more proficient in speaking English with others and it will also help me remember.
56ff8a33-8d9e-4313-a8e9-618a383077b9,004,5,"mẫu câu hay, rất dễ học, học theo video dễ nhớ dễ ứng dụng, còn có phần luyện nói siêu xịn nữa. mình rất khó tính và ít khi chủ động đánh giá 1 app nào đó 5 sao. cake là ứng dụng đầu tiên. tuyệt vời 💕",2022-12-16 07:57:53,Positive,"Good sentence patterns, very easy to learn, follow videos that are easy to remember and easy to apply, and there's also a super good speaking practice section.I'm very picky and rarely proactively rate an app 5 stars.cake is the first application.great 💕"
9294812e-9e38-4f8e-9fe5-b88ff10de7df,004,5,"tải đi ae , tôi là thằng nghiện game mà đợt này chơi game bị say không chơi game đc nữa chán quá nên làm gì đó có ích, cái này hay đấy xem phim nghe nhạc luôn vừa học vừa giết thời gian đc phết",2022-12-15 16:08:14,Positive,"Download it bro, I'm a game addict but this time I got so drunk I couldn't play the game anymore, it was so boring so I did something useful, this is great, watching movies and listening to music can help you study and kill time."
7c097581-4b1e-4e53-ae9e-60a609074358,004,5,chúng ta cần có một sự thay đổi tốt hơn hãy hoàn thiện bản thân từ đó không còn ngại giao tiếp với mọi người bản sứ,2022-12-13 15:30:16,Positive,"We need a change for the better, so we can improve ourselves so that we are no longer afraid to communicate with native people"
3937444a-7717-4cbe-a7ec-fee6f65039f3,004,5,rất dễ học và vui vẻ. có vẻ như vốn tiếng anh của tôi dần dần được cải thiện hơn nhờ những mẫu câu thông thường hay sử dụng thuận miệng trong giao tiếp hằng ngày🥰.,2022-12-08 13:29:16,Positive,very easy to learn and fun.It seems like my English is gradually improving thanks to common sentence patterns that are commonly used in everyday communication🥰.
9bdb87d7-e9bb-46ae-ae93-a2b37fa97e26,004,5,trải nghiệm khá tốt đem lại hiệu quả cho việc học của mk hơn thế nữa. app cake có chức năng bđ ngắn mà những nội dung thì rất tốt cho việc học tập. nhưng để duy trì cần có qc. ko thick lắm,2022-12-05 23:36:16,Positive,"The experience was quite good and made my learning even more effective.app cake has a short discussion function and the content is very good for studying.But to maintain it, QC is needed.not very thick"
e454b79a-630b-418e-8465-c7b9e1b886b4,004,5,"rất hay. nhưng mình có 1 góp ý nhỏ là nhiều video tiếng rất bé, bật max loa vẫn k nghe rõ, nên mong nhà phát triển có thể điều chỉnh cái này thì đúng perfect luôn.",2022-12-05 10:08:49,Positive,"very nice.But I have a small suggestion: many videos have very low sound, turning on the speaker to max still can't be heard clearly, so I hope the developer can adjust this to make it perfect."
2d573f7a-5256-474d-8d2a-15c047ce9fe0,004,4,trừ sao của app vì đã chọn tiếng việt mà nó cứ qua tiếng anh là sao???. mong app có thể cập nhật thêm cho phần hc tiếng hàn có thêm tiếng việt,2022-11-15 16:14:46,Positive,"minus the star for the app because I chose Vietnamese but it keeps switching to English, why???.I hope the app can update the Korean part to include Vietnamese"
7fc7645a-8166-4b4f-a7fb-ea1b9b2d7dc7,004,5,"ứng dụng rất hay tôi có thể học tốt tiếng anh trong 1 tuần, tôi có thể luyện đọc, tôi còn giới thiệu cho bạn bè của tôi biết nữa.",2022-11-09 11:29:38,Positive,"Very good application, I can learn English well in 1 week, I can practice reading, I also recommend it to my friends."
b0758baf-111a-48d4-9cfb-510c2e9da70e,004,5,tôi thấy app này giúp chúng ta học giỏi môn tiếng anh tôi học app này lâu rồi tôi cũng tham khảo nhiều app khác nhưng tôi thấy app cake là khiến tôi ấn tượng nhất app này giúp chúng ta tiếp thu rất nhanh,2022-11-07 14:31:55,Positive,"I think this app helps us learn English well. I've been learning this app for a long time. I've also looked at many other apps, but I think the cake app impresses me the most. This app helps us learn very quickly."
2dbebae1-ccfe-4abe-afb1-f4c6df2bcdeb,004,5,tôi thấy rất hài lòng tôi đã giỏi tiếng anh hơn rất nhiều rồi tôi rất thích áp cake học tiếng anh này các bạn hãy tải và trả nghiện đi nào ❤️❤️❤️,2022-11-06 13:26:10,Positive,I feel very satisfied. I am much better at English. I really like this English learning cake. Please download and enjoy it ❤️❤️❤️
a5741095-2fe1-4b96-8374-0ae7a6d85d6a,004,4,mình đánh giá 4 sao vì từ mới nhiều mà chưa đọc đc đợi 1 thời gian nếu điểm t.anh của mình đc 8hoặc9 mình sẽ cho 5 sao với ap cake english này,2022-11-06 06:43:05,Positive,"I rate it 4 stars because there are a lot of new words that I haven't read yet. If my tanh score is 8 or 9, I will give this cake English app 5 stars."
a26763f6-d76c-4d04-9b47-3d0b4890995d,004,5,những bài quiz vô cùng đa dạng và nhất là jake gia sư của mình và khá hiệu quả khi học chung với bạn ấy,2022-11-04 15:38:22,Positive,The quizzes are extremely diverse and especially my tutor Jake is quite effective when studying with him
9e4a9d3c-888c-4c1b-a357-bfe19645f5c0,004,5,"cái app giúp mình dễ học và dễ nói hơn nhiều, mình học được là vì mình cũng có biết tiếng anh từ trước, ai muốn học thêm nhiều câu hay, cách nói hay hơn thì được, chứ app này học gtiếp thôi á mn",2022-11-03 13:07:16,Positive,"The app makes it easier for me to learn and speak much easier. I learned it because I already knew English. Anyone who wants to learn more good sentences and better ways of speaking is fine, but this app is just for me to continue learning."
f429fafb-e2a6-4172-9a87-fd113944044e,004,5,"app rất tốt duy chỉ sao màn hình video bây giờ lại to hơn trước vậy ?rồi cả dòng phụ đề nữa giờ cho to lên khiến cho video chiếm gần nửa màn hình điện thoại, phụ đề lại không nhìn thấy được hết mấy từ cuối của dòng trên câu đâu ,tôi phải lướt sang bên ms đọc đc.mong nhà sản xuất chia lại màn hình và phụ đề như cũ để người dùng không phải lướt sang đọc khó khăn và cho app ngài càng phát triển ạ.mong nhận được phản hồi.cảm ơn",2022-11-03 11:59:16,Positive,"The app is very good, but why is the video screen now bigger than before? Then the subtitle line is now bigger, causing the video to take up almost half of the phone screen, the subtitles can't see all the last words of the line in the sentence, I have to swipe to the side to read it. I hope the manufacturer will re-divide the screen and subtitles as before so that users don't have to scroll to read it and make the app more developed. Looking forward to receiving feedback. Thank you."
8df1d460-77af-4770-92ba-824c0885c8a3,004,5,this is the first time i use this app. i feel so interest with many funny videos. i hope i can improve english by myself with this app. thank you cake! take care,2022-11-01 00:18:55,Positive,This is the first time I use this app.i feel so interested with many funny videos.i hope i can improve english by myself with this app.thank you cake!take care
14cd1606-8421-4b8e-9cf0-7498557427aa,004,5,"ứng dụng rất hay , ở đây mình học được rất nhiều từ mới , ...được nghe rất nhiều đoạn hội thoại khác nhau ,...mình cảm ơn ứng dụng rất nhiều..:3",2022-10-31 09:35:22,Positive,"Very good app, here I learn a lot of new words, ... hear a lot of different conversations, ... thank you very much for the app..:3"
6ab09b12-e3fe-48ac-b619-3365eedac2ab,004,4,cũng khá hay học tập cx tốt nhưng tôi thấy tính điểm ngày thì không được vì nếu thế thì phải họ suốt nên rất mệt,2022-10-30 14:18:42,Positive,"I'm also quite good at studying, but I don't think it's possible to calculate points every day because if that's the case, you have to study all the time so it's very tiring"
9bb50798-f747-404f-a773-f2d4e7d131de,004,5,dù là mới học lần đầu nhưng em cảm thấy tiếng anh có thể tiến triển phần nghe và biết thêm 1 số từ vựng,2022-10-25 03:33:57,Positive,"Even though it's my first time learning, I feel like I can improve my English in listening and learn some more vocabulary"
6d017a75-9aac-42aa-be5b-42c76c6d9712,004,5,"tôi đc biết đến cake trên youtube tôi thấy ứng dụng này là một ứng dụng hữu ích nên tôi đánh giá ứng dụng này rất tốt... mỗi người ơi hãy tải ứng dụng này về nhé, nó miễn phí mà, ngại gì mà ko tải.😍👍",2022-10-22 12:03:05,Positive,"I learned about cake on YouTube. I found this application to be a useful application, so I rate this application very well... everyone, please download this application, it's free, why not download it.😍👍"
ce416428-75d3-4cea-a257-30b887bc67a2,004,5,"rất tuyệt vời ạ, giúp chúng mình có thể học tiếng anh dễ hơn, có thể nhớ lâu vì học qua ngữ cảnh.cảm ơn nhà sáng tạo app này ạ ❤️",2022-10-20 17:15:54,Positive,It's great. It helps us learn English more easily and remember it for a long time because we learn through context. Thank you to the creator of this app ❤️
15e8128e-ebb1-426b-ad0c-67601554d5df,004,5,"app siêu hay luôn. hỗ trợ mình rất nhiều trong việc tiếp cận tiếnh anh, bên cạnh hc theo chương trình trên nhà trg thì app cake có thể giúp ta tiếp cận vs tiếng anh hơn, nhiều mẫu câu đa dạng cực luôn",2022-10-18 23:56:26,Positive,"super cool app.It helps me a lot in accessing English. Besides learning through the program on the website, app cake can help me access English better, with many diverse sentence patterns."
d97b0a72-02bb-496b-849d-f7792d35d205,004,5,"dùng 1 thời gian rồi mới đánh giá, app hỗ trợ học ta tốt, nghe được nhiều mẫu câu hay hơn mà người bản xứ họ hay dùng. nói chung ukeeee ạ.",2022-10-17 17:18:43,Positive,"Use it for a while before evaluating, the app helps you learn well, you can hear many better sentences that native speakers often use.Ukeeee in general."
f25a801e-b80d-419b-b4fc-a46d26dd2768,004,4,"ứng dụng thì cũng hay, xài tốt nhưng có cái là tôi muốn nhắn tin và ghi âm với người bản xứ để biết thêm cách nghe ,nói và đọc ạ! mong nhà sản xúât thêm vô 2 phiên bản ạ!",2022-10-17 12:21:30,Positive,"The app is good and works well, but the thing is that I want to text and record with native speakers to learn more about listening, speaking and reading!I hope the manufacturer adds 2 versions!"
368d7b48-0ea7-45b2-b114-0050853455c2,004,5,"cake là lựa chọn tuyệt vời cho những bạn yếu tiếng anh như mik.mỗi ngày nhét vào não 5 mẫu câu và 20từ vựng nên h mik đã có vẻ ko còn yếu tiếng anh như trước nữa,cảm ơn cake. các bạn nên tải 😁💞",2022-10-16 11:39:27,Positive,"cake is a great choice for people like mik who are weak in English. Every day, we put 5 sentence patterns and 20 vocabulary into our brains, so mik seems to no longer be as weak in English as before, thank you cake.You should download it 😁💞"
7183f655-e301-4a4b-b844-00d5149c260b,004,5,"tuyệt vời. học bao năm, tiếng anh cũng ko phải ko biết tí gì. nhưng nhờ cake mà tôi được tiếp cận nhiều câu mới.",2022-10-15 05:02:17,Positive,"Great.After studying for many years, it's not like I don't know anything about English.But thanks to cake, I have access to many new sentences."
0b076590-1c57-4eb0-8f0e-810f540d6116,004,5,học rất vui 😂😂😂😂😂😊😊😊😆 bb là tôi bảo các bạn tải về ý rất hay không ai được chửi 🤬🤬 về tiếng anh cake ko thì 😭🤬🤬🤬🤬🤬 â,2022-10-12 14:12:39,Positive,learning is very fun 😂😂😂😂😂😊😊😊😆 bb I told you to download this very good idea no one can curse 🤬🤬 about English cake or not 😭🤬🤬🤬🤬🤬 â
d8ae07e6-2473-4f06-b5f6-452d7eb30057,004,5,khá hay nó giúp tôi biết thêm nhiều mẫu câu khác mới tôi khuyên những người đang tập đọc hay nghe thì nên tải app này về nhé,2022-10-12 00:47:03,Positive,"It's quite good, it helps me learn many new sentence patterns. I recommend that people who are learning to read or listen to download this app."
033e7efb-53cc-4209-a2ab-acba8aa4605f,004,5,"rất hay, nhưng phần nghe có nghe chậm rồi theo cấp độ nhanh dần lên thì cũng được, đối với người mới học nghe khá nhanh.",2022-10-07 12:21:36,Positive,"It's very good, but the listening part is slow and then gradually gets faster. For beginners, listening is quite fast."
aa71f78e-aaf1-4170-93b7-a5bc0bb3f41a,004,4,"nếu tiếng hàn có giao diện tiếng việt thì tuyệt, tôi không hiểu những bài học này vì tôi khá kém tiếng anh, mong ad sẽ thêm tiếng việt vào. 👀💖",2022-10-05 10:55:19,Positive,"If Korean has a Vietnamese interface, it would be great. I don't understand these lessons because I'm quite bad at English. I hope admin will add Vietnamese.👀💖"
4106ed66-920e-43e5-b882-12d4e5aef897,004,5,hay lắm ạ em tôi mất căn bản mà giờ thò nó có thể nói chuyện với người nước ngoài rồi cảm ơn ạ 5 sao,2022-10-03 13:07:22,Positive,
599ada85-6bb8-4e6e-90a3-6c08fba6e674,004,5,😟😟hơi quoản cáo nhiều nhưng cake học hay vãi nồi còn dễ nhớ nữa nên tui cho năm sao cho cake game còn thấy vui gê,2022-10-02 12:23:01,Positive,😟😟There are a lot of ads but cake is so fun to learn and easy to remember so I give it five stars because cake game is fun.
65ed0ec1-b079-4931-9c41-016f3d40400e,004,5,ứng dụng rất tốt tôi đã có thể xem video tiếng anh trên youtube mà không cần phụ đề nhưng tôi vẫn hiểu nhờ có ứng dụng này,2022-09-30 11:13:11,Positive,Very good app. I was able to watch English videos on YouTube without subtitles but I still understood thanks to this app.
0d32baae-5c3f-4452-9d72-602ce98b887b,004,5,"mấy má mà đánh giá app dạy tệ thì coi lại sự lười biến của mik ik, còn bảo app sai thì coi lại ngữ pháp, danh từ, động từ.....v.v dùm cái đừng đánh giá bừa bãi 🤡",2022-09-29 03:52:41,Positive,"If you rate the app as a bad teacher, please look at mik ik's laziness. If you say the app is wrong, then look at the grammar, nouns, verbs...etc, please don't judge indiscriminately 🤡"
38324969-6702-49da-a3be-bd99f79377ff,004,5,"những mẫu câu giao tiếp thông dụng, video minh họa dễ hiểu, dễ học. còn có những bài học về động từ, ngữ pháp cơ bản.",2022-09-20 15:48:47,Positive,"Common communication patterns, video illustrations that are easy to understand and learn.There are also lessons on verbs and basic grammar."
17f0072f-4360-441b-95da-836ed0bdce33,004,5,"quá hay mn ạ, mn cứ học theo những gì mn hiểu nếu ko hiểu thì ôn lại rồi từ từ cake sẽ giúp các bạn nhớ chúg vì nó sẽ lặp đi lặp lại nhiều lần để kiến thức vào trong não bạn và nhớ khá lâu:3",2022-09-19 12:19:46,Positive,"It's so good, just learn what you understand. If you don't understand, review it and then slowly cake will help you remember them because it will repeat many times so that the knowledge gets stuck in your brain and you remember it for a long time :3"
395b56d2-98de-4aa5-985c-d6e9284d0651,004,5,wow mình ko ngờ app lại cho mình học tiếng anh từ phim hoạt hình đấy rất mới lạ nhé mong app có thêm nhiều cách học khác mới mẻ hơn nhé,2022-09-19 09:53:13,Positive,"wow, I didn't expect the app to let me learn English from cartoons, it's very new. I hope the app has more new ways to learn."
9d191afa-4377-4fb3-a6ad-f9100e403c0d,004,5,ứng dụng hay thiệt. nhà sx cho thêm 40 thứ tiếng khác trên hoàn cầu trong app ở lever 2 nhé ak. iu app này lắmmmmmmm😍😍😍 thank app ạ😺😺❤️❤️❤️,2022-09-17 13:35:18,Positive,Really cool app.The manufacturer has added 40 other languages ​​around the world in the app at lever 2.I love this app so muchmmmmmm😍😍😍 thank you app😺😺❤️❤️❤️
d2cb792b-b298-470a-bb4c-9503d8a6474d,004,4,ứng dụng tốt nhưng mình hy vọng nhà phát triển có thể làm cho app vẫn có thể sử dụng khi xoay ngang thiết bị được,2022-09-16 14:03:16,Positive,Good app but I hope the developer can make the app usable when the device is rotated horizontally
3420b74b-1ffc-43c4-8d42-8d5b139b0683,004,5,ứng dụng học đa dạng đầy đủ các kĩ năng dùng gói miễn phí rất ổn chăm chỉ học mỗi ngày chắc chắn cải thiện tiếng anh rất nhiều,2022-09-13 04:30:05,Positive,"Diverse learning application full of skills, using the free package is very good. Study hard every day and definitely improve your English a lot."
da5a30f2-f1a4-4c08-878e-33a63ffc80e1,004,5,app luyện nghe là chủ yếu nhưng có thể học phần ngữ pháp cơ bản. học từ vựng qua ví dụ của app cũng giúp dễ nhớ hơn rất nhiều cho người mới bắt đầu thay vì học từ theo kiểu viết từ với nghĩa tiếng việt( cái này thấy hay nhất luôn) . tớ bị mất căn bản thấy rất dễ học luôn có nhiều tính năng hay hơn các app tiếng anh khác. phí hơi đắt cho các bài giảng nhưng với app chất lượng này tớ nghĩ nên đăng kí không thì có thể xem quảng cáo. app nên xem lại phần file nghe nữa vì nhiều lúc bị lỗi 🤗,2022-09-12 12:03:49,Positive,"The app mainly practices listening but can learn basic grammar.Learning vocabulary through the app's examples also makes it much easier to remember for beginners instead of learning words by writing words with Vietnamese meanings (this is the best).I lost the basics and found it very easy to learn and always has many better features than other English apps.The fee is a bit expensive for the lectures, but with this quality app, I think I should register or else I can watch ads.The app should review the audio file again because there are many errors 🤗"
8348e90d-6f10-4f0b-9750-e01b06b2745b,004,5,"sau hơn 1 năm trải nghiệm app thì t cảm thấy cake là ứng dụng rất bổ ích, giúp cho t cải thiện dc phần nghe và nói, tiếp thu được nhiều câu nói mà người bản xứ hay dùng",2022-09-09 12:13:08,Positive,"After more than 1 year of experience with the app, I feel that cake is a very useful application, helping me improve my listening and speaking, and absorb many sayings that native speakers often use."
86c4e8ae-b75d-46a4-b0d1-d2935480dd85,004,5,nó đã thay đổi khả năng ngoại ngữ của tôi một cách chóng mặt. chúc app ngày càng phát triển. nếu có 10 sao thì tôi cũng sẽ đánh giá 10 sao.mãi yêu,2022-09-06 14:48:50,Positive,"It has changed my foreign language ability dramatically.Wishing the app to grow more and more.If there were 10 stars, I would also rate 10 stars. Love you forever"
3413494e-079e-4fa8-924c-6429734a5f2f,004,5,"thích hợp cho những bạn đang cần luyện nghe theo chủ đề, có thể chỉnh chậm để nghe câu rõ hơn. cám ơn các admin đã tạo ra app rất nhiều. app rất hữu ích ạ.",2022-09-02 17:12:05,Positive,"Suitable for those who need to practice listening to the topic, can adjust slowly to hear sentences more clearly.Thank you very much admin for creating the app.The app is very useful."
6d3f53d8-12d6-4b0c-8dbd-0cc89e809174,004,5,rất tuyệt vời vì ứng dụng này giúp tôi giỏi tiếng anh hơn cảm ơn người đã làm ra cái áp này xin cảm ơn bạn nhé,2022-08-31 08:52:26,Positive,It's great because this app helps me become better at English. Thank you to the person who made this poster. Thank you
c2762071-a7ea-4dd7-a662-1a77f7be2848,004,5,"ui dùng thích thật sự, rất gần gũi với đời sống thường ngày và luyện tập cho mình có thể giao tiếp một cách cơ bản và tự nhiên",2022-08-29 12:18:20,Positive,"I really enjoy using it, it's very close to everyday life and helps me practice communicating in a basic and natural way."
b98bd9ed-dec3-48c7-a8fb-dee019f7a8b8,004,5,ng có tiền cũng học được mà không tiền cũng học được. rất thích. nhưng nếu ai đó hướng dẫn sử dụng chi tiết để đỡ bị mắc trong mớ bòng bong thì tốt hơn,2022-08-26 15:47:56,Positive,"Those who have money can learn, but those who don't have money can also learn.really like it.But it would be better if someone gave detailed instructions on how to use it to avoid getting stuck in the mess"
e9af15a1-72ee-4140-97aa-4495b72e5381,004,5,"app cake thật sự học rất hay vốn dĩ mình đã rất thích học tiếng anh mà khi học app cake mình lại càng thích hơn nữa trong app cake có cả những bài phỏng vấn ,...về idol của mình nữa mà lại còn lặp lại mấy lần và còn dịch cho mình nữa lại còn bao nhiu bài học hay,... nữa ,mình học suốt mà ko thấy chán 1 chút nào cả. thật lòng của mình thì app cake thật sự rất tuyệt .thank you app cake very much.mọi người hãy tải app cake về để cải thiện trình độ tiếng anh của mình nha .đảm bảo mình ko nói điêu",2022-08-26 12:57:03,Positive,"app cake is really good to learn. I already really like learning English, but when I learned app cake, I liked it even more. In app cake, there were interviews,... about my idols, which were repeated several times and translated for me, and there were so many good lessons,... more. I studied all the time without getting bored at all.To be honest, app cake is really great. thank you app cake very much. Everyone please download app cake to improve your English level. make sure I don't say a lie."
4efedc5e-1dd5-4d06-a491-860390dd084b,004,5,cake rất hay còn giúp tôi cải thiện kĩ năng từ một ng ngu t. a còn bây h thì có thể giao tiếp với ng anh rồi... 😍😍🤗🤗,2022-08-24 13:11:38,Positive,cake is very good and also helps me improve my skills as a beginner.And now I can communicate with my brother... 😍😍🤗🤗
66f36bf5-28ba-4576-b95a-e2a18e48d2f3,004,4,"mình có nhận xét như thế này, bên mình cần tạo thêm một trang ,để người học viết vocabulary mà họ cần,sau đó hệ thống tự tạo ra test , vì mình cần phải hướng tới học sinh hơn là bên ngoài . mình cùng cần phải làm lại trang chủ một cách rõ ràng và dễ hiểu dể kt",2022-08-19 09:29:41,Positive,"I have comments like this, we need to create an additional page, for learners to write the vocabulary they need, then the system creates its own tests, because we need to focus on students rather than outsiders.We also need to redo the homepage in a way that is clear and easy to understand"
eb884277-160b-46b9-a6fd-08e580f7fb17,004,5,"thực sự rất tuyệt luôn í, tôi thường xuyên ghi những mẫu câu ra vở và học thuộc rất hiệu quả ✓ vậy nên tôi sẽ đánh giá 5 sao",2022-08-14 10:04:15,Positive,"It's really great, I often write down sentence patterns in my notebook and memorize them very effectively ✓ so I will rate 5 stars"
1b06b8b9-ecae-4014-a20f-334f6e9d4a93,004,5,mình thấy cái app này rất là thú vị nó giúp chúng ta học tiếng anh thành thảo hơn nè mình rất là yêu quý cái app này mình mong những bạn nào mà có trải qua cái app này á thì hãy đánh giá nó như thế nào cũng được vậy thôi,2022-08-06 10:48:40,Positive,I find this app very interesting. It helps us learn English more effectively. I really love this app. I hope anyone who has experienced this app will rate it any way they like.
a0323d89-2de5-4347-b3de-9bba94716a40,004,5,áp này học tiếng anh rất tốt hồi đó tui ko bt đọc hay là sợ cô ta gọi lên trl tôi rất sợ tôi phát âm ko chuẩn từ ngày có áp này tui học ta rất giỏi,2022-08-05 08:51:02,Positive,"This app learned English very well. At that time, I didn't know how to read well. I was afraid that she would call me. I was very afraid that my pronunciation wasn't correct. Since this app, I studied very well."
fcc65e6f-0956-4c2f-a981-34e65fb81df5,004,5,"cx bt nó đc 3 4 năm r nên thấy good á, nhma gốc anh cơ bản thì nên học ở app chim green trc r hãy học cake thì hiệu quả hơn",2022-08-03 15:39:01,Positive,"cx bt it's been 3 or 4 years so it's good, if you're originally from England, you should learn the basics from the chim green app first, it's more effective to learn cake"
e0c0d514-4e3b-4ca4-bb8d-761c84886de1,004,5,tốt lắm luôn á mặc dù tôi chỉ ms học thôi nhưng mà chưa gì đã học được cả 1 cuốn từ điển từ vựng luôn ý. 5 sao nha,2022-08-03 09:34:59,Positive,"Very good, even though I'm just studying, I've already learned a whole vocabulary dictionary.5 stars"
ec28fe81-3e33-4a7f-859a-43faec467874,004,5,"xuat xac kg co gi dien ta noi .nen tai trang ngiem thu ,kg tai la mot sai lam rat lon trong cuoc doi hoc tieng anh.",2022-08-01 07:17:52,Positive,"There is no such thing as an English language. If you don't know what to say, it's a very big mistake in learning English."
69c7b1dd-2922-4569-b43b-ffb283d212f4,004,4,"nội dung thì tốt, nhưng cần chỉnh phần thu âm, đọc ipa mà vẫn sai, nên điểu chỉnh lỗi không lưu hội thoại hằng ngày",2022-07-29 16:00:36,Positive,"The content is good, but the recording needs to be adjusted, the IPA reading is still wrong, the error of not saving daily conversations should be corrected."
65bdbcb0-56ce-4dfb-9843-8ed5eb82cfa1,004,5,"it's good 👍 ♥️ 👍 i'm like it. i recommend you should use it to practice, to listen and to speak english better. you can watch video with sub, stop it if you want listen again and after, you can practice, again and again, step by step, you and me, we will speak enalish better tomorrow . thank you for reading my comments. i think it has some errors but i have tried to write something that i think about this app. i don't know why it needs 500 words. so, thank you because of creating cake",2022-07-26 08:48:57,Positive,"it's good 👍 ♥️ 👍 i'm like it.i recommend you should use it to practice, to listen and to speak English better.you can watch video with sub, stop it if you want to listen again and after, you can practice, again and again, step by step, you and me, we will speak enalish better tomorrow .thank you for reading my comments.i think it has some errors but i have tried to write something that i think about this app.i don't know why it needs 500 words.so, thank you for creating cake"
7da8297a-295d-4235-8df4-9b6e3881e931,004,5,"bài học hay ko chán dễ nhớ, nhưng có hơi lag tí khi đang học, ko thể học mọi lúc mọi mơi vì app cần mạng mới học đc",2022-07-25 14:42:30,Positive,"Good lessons, not boring, easy to remember, but a bit laggy while studying, can't study anytime, anywhere because the app needs internet to learn."
fd16f0a2-5b53-4d64-9ac8-3e961c4f4db5,004,5,"sẽ có cả phần miễn phí và phần premium nên các bạn dùng free không cần quá lo lắng việc sẽ không học được nhiều nội dung hơn. nhưng tình hình là phần free có vẻ cần được bổ sung thêm để người dùng có thêm nhiều trải nghiệm (theo tôi thì ít nhất là hết sơ cấp, nhiều nhất là tới khoảng giữa trung cấp). nói chung là okela, được học nhiều mẫu câu hay cùng chú thích từ vựng, ngữ pháp qua các video và hội thoại ngắn.",2022-07-23 15:10:44,Positive,"There will be both free and premium parts, so free users don't need to worry too much about not learning more content.But the situation is that the free part seems to need to be added so that users can have more experiences (in my opinion, at least the end of elementary, at most mid-intermediate).Okela in general, learn many good sentence patterns along with vocabulary and grammar notes through videos and short conversations."
eac0cc6b-1b6d-4f9a-9a0a-dcc6869ff6a2,004,5,this app is appreciated 10000000000000******* eo ôi chả hiểu mấy ông kia kiểu j làm app không công thì ng ta lấy j mà ăn 🙂 mà chế độ học free chấ hơn nước cất r còn chê thôi biến dùm 😏😏,2022-07-22 16:50:57,Positive,"this app is appreciated 10000000000000******* Oh I don't understand how those guys are like if they make an app for free then they'll eat it 🙂 but the free learning mode is better than distilled water, so I'm sorry, just go away 😏😏"
317c69bc-260c-48b2-a99d-214d2e178bd5,004,5,bạn có thể sử dụng để làm việc với khách du lịch trong nước và quốc gia khác trên thị trường trong nước và quốc,2022-07-22 04:20:06,Positive,you can use to work with domestic and foreign tourists in domestic and international markets
1f44615a-f7ee-4b4a-b33c-c543ddde04cf,004,5,nó là một ap giup chung ta nâng cao trình độ tiếng anh và ielts. nó khà bổ ích và có phần thú vị về những bài học của nó.chúc bạn học vui vẻ.,2022-07-22 02:40:06,Positive,It is an app that helps us improve our English and ielts skills.It's quite useful and somewhat interesting in its lessons. Have fun studying.
8f09eeda-c9c2-4d8b-9d6e-aa18b0ab28e1,004,5,"ứng dụng tốt k gì bàn cãi, học bài hữu ích, chất lượng âm thanh giọng đọc quá rõ ràng. chỉ mong team phát triển thêm phần chế độ tối, chứ học vào ban đêm quá chói mắt vì tông màu chủ đạo toàn màu sáng và hãy phát triển thêm web học cho ng dùng giảm bớt sử dụng bằng điện thoại.",2022-07-18 19:41:29,Positive,"The app is unquestionably good, learning useful lessons, the sound quality of the reading voice is too clear.I just hope the development team will add a dark mode, because studying at night is too dazzling because the main color tone is all bright colors, and please develop more learning websites for users to reduce using their phones."
362b74f9-b064-4ce2-bcf5-77ef4db1a902,004,5,con tddax học được nhiều từ vựng cũng như nhiều câu nói trong đây như từ tôi tha thứ cho bạn i for give you,2022-07-17 03:07:38,Positive,tddax child learns a lot of vocabulary as well as many sayings here like the words I forgive you i for give you
6e12a08e-13ef-46ac-b1c0-312abb7110a5,004,5,"rất hữu ích, giờ tui có thể gọi đc đồ uống bằng tiếng anh, đợt trc dùng app nhưng lỡ xoá, giờ tải lại học tiếp🥺🥺💖💖",2022-07-14 10:15:17,Positive,"Very useful, now I can order drinks in English. I used the app before but accidentally deleted it. Now I download it again and continue learning🥺🥺💖💖"
5886a0d7-8a33-499d-8034-5a1e65d731d4,004,5,app đỉnh quá chòi lun ạaa phải nói là kĩ năng listening và speaking của em được cải thiện quá trời. đợt vừa rồi em thuyết trình tiếng anh trước lớp ai cũng khen em nói hay cơ ạ,2022-07-14 09:39:37,Positive,"The app is so great, I must say that my listening and speaking skills have improved so much.Recently, when I gave an English presentation in front of the class, everyone complimented me on how well I spoke"
b6713e03-ed99-41bc-b230-b96f11d31850,004,5,"học cake được nửa năm rồi . thích học lắm . giờ tự dưng có thêm cake plus_hạn chế nhiều bài học ,nhiều tính năng,... nhưng cảm ơn cake trong suốt thời gian qua đã nâng cao trình độ tiếng anh của tôi .",2022-07-14 04:50:17,Positive,"I've been studying cake for half a year now.like to study very much.Now suddenly there is cake plus_limiting many lessons, many features,... but thank you cake for improving my English level during the past time."
16d4cb5d-5547-4639-b7f9-f9c2e57a6e91,004,5,"tôi thực sự cám ơn nhà phát hành rất nhiều..., áp này giúp ích cho tôi rất nhiều trong luyện nghe, nói, đọc, viết. tôi nghĩ nó xứng đáng nhận được 5 sao...good",2022-07-12 13:06:29,Positive,"I really thank the publisher very much..., this application helps me a lot in practicing listening, speaking, reading, and writing.I think it deserves 5 stars...good"
bd87e61e-fc1b-4917-9a68-296ca699afd7,004,4,cũng tạm tạm nma thứ tôi muốn ở đây là tôi muốn nói chuyện với máy hơn để tăng khả năng của tôi app cũng đc !,2022-07-12 07:36:09,Positive,"For now, what I want here is that I want to talk to the computer more to increase my app's capabilities!"
f5ce473a-20bd-4af3-97ab-e424b53f8c30,004,5,"theo mọi người như thế nào, chứ mình còn thích và mỗi ngày mình học này vì mình thích tiếng anh lắm nếu sử dụng ( app cake ) mình có thể ghi nhớ và phát âm tốt lắm, mình thì phát âm tốt rồi nên nghe qua hiểu và phát âm chuẩn nữa. mình chỉ 10 tuổi thôi nhưng khử dụng rất hiệu quả. hãy sử dụng app cake học mỗi ngày cùng tớ nhé . thank you for to cake to today 🥰",2022-07-12 01:15:24,Positive,"According to everyone, I still like it and I study it every day because I like English very much. If I use (app cake), I can remember and pronounce it very well. I already pronounce it well, so I listen to it and understand it and pronounce it correctly.I'm only 10 years old but it's very effective.Please use the cake app to study every day with me.Thank you for making cake today 🥰"
f0db56dd-8294-4606-8059-4f91f8f6a9c9,004,5,"mình thấy có rất nhiều mẫu câu hay mà người bản xứ hay dùng á, không những thế còn có cả bài test ngay sau khi học nữa. rất hữu ích nha",2022-07-11 16:07:42,Positive,"I see there are many good sentence patterns that native speakers often use, not only that, but there are also tests right after learning.very helpful"
ef3001f2-4b06-4949-adc3-9b2906456975,004,5,app dùng rất tôt có 1 vấn đề là nếu thêm phần phát âm ipa nữa thì tốt hơn. nó giúp người đọc dễ đọc hơn . nhưng mà app đáp ứng được nhu cầu của khách hàng thế là tốt rồi,2022-07-11 10:12:39,Positive,"The app is very good to use, but one problem is that it would be better if I added more ipa pronunciation.It makes it easier for readers to read.But it's good that the app meets the needs of customers"
56dc6683-d219-46f8-a983-a7fb9255040b,004,5,"app có nhiều mẫu câu hay học qua những video ngắn rấcc zui nhe,sau mỗi bài đc lưu ở phần ôn tập để có thể luyện lại...ncl nên tải để học và cải thiện t.a 👌",2022-07-10 06:02:18,Positive,"The app has many good sentences to learn through short, fun videos. After each lesson, it is saved in the review section so you can practice again...you should download it to learn and improve yourself 👌"
afd0d281-b89a-47ca-b1d4-d70737a22ad9,004,5,"-cảm ơn ""cake"" rất nhiều ạ -áp rất hay -thi đua trong học tập, nhận sao,hoạt hình vui nhộn -cải thiện kĩ năng nghe, nói, đọc, viết mình đánh giá 5 sao nhá 😆😆😆😆😆",2022-07-09 13:16:36,Positive,"-Thank you very much ""cake"" -Very good application -competition in studying, receive stars, funny animations -improve listening, speaking, reading, writing skills I rate 5 stars 😆😆😆😆😆"
665dc92e-2c90-4384-8dc3-56b0efdce222,004,5,nó đã giúp ích rất nhiều cho con tôi và con tôi cũng đã hứng thú với cake mong nhà sản xuất cập nhật thêm thông tin nhé !!!!!!,2022-07-08 04:10:49,Positive,It has helped my child a lot and my child is also interested in cake. I hope the manufacturer will update more information!!!!!!
77e5ee88-27b5-4731-8a32-30615ee88100,004,5,tớ chỉ mới sử dụng app nhưng tớ cảm thấy app rất dễ hiểu vào không mất quá nhiều thời gian của mình và còn không phải mất một khoảng phí gì cả mà mình lại có một số kiến thức về tiếng anh mà có lẽ sẽ khó nhồi nhét mớ kiến thức đấy vào não mình những cake đã làm được điều đó nếu cậu muốn học thêm tiếng anh mà không có thời gian và tài chính thì cake sẽ là sự lựa chọn đúng đắn và lựa chọn hàng đầu. đánh giá của mình là những gì mình trải nghiệm thực tế và sự thật thà này. 🐥,2022-07-06 15:52:12,Positive,"I've only just used the app but I feel like the app is very easy to understand and doesn't take up too much of my time and doesn't cost anything at all. I have some knowledge about English, but it may be difficult to cram that knowledge into my brain. Cake has done that. If you want to learn more English but don't have the time or finances, cake will be the right choice and the top choice.My assessment is what I actually experience and this honesty.🐥"
dd82d797-65cf-4cef-9505-d7ed088a96b9,004,5,ứng dụng khá hay. đặc biệc là dành cho người mới bắt đầu! mọi người nên tải về để thử. ứng dụng có rất nhiều cách nói khác của người bản sứ,2022-07-05 14:02:32,Positive,Pretty good app.especially for beginners!Everyone should download it to try.The application has many other ways of saying native speakers
b808269e-5646-45ab-8dc9-d2cd3f40b51b,004,5,"i very impression, the first app which interesting and funny to learn in the long time. if you have free time can you try to improve your english skills. i suggest you should to be try. many thank to development team.",2022-07-03 14:22:09,Positive,"i am very impressed, the first app which interesting and funny to learn in the long time.if you have free time can you try to improve your english skills.i suggest you should try.many thanks to development team."
d118c77d-d802-4577-949b-73df02dbda98,004,5,"cake rất tuyệt vời,cake đã giúp mik học nói tốt hơn rất nhiều,cake khiến mik nhờ câu từ lâu hơn.và tất cả đều miễn phí.mik luôn ủng hộ cake",2022-07-02 06:45:11,Positive,"cake is great, cake has helped mik learn to speak a lot better, cake has helped me learn sentences longer. and it's all free. mik always supports cake"
4567cf8b-f821-410c-89e2-70b40d93c692,004,5,"app cho từ rất kĩ để học,mng nên tải để tải về học giúp kĩ năng phát âm như người bản địa chúc các bạn thành công",2022-06-29 14:16:30,Positive,The app gives you very good vocabulary to learn. You should download it to learn how to pronounce like a native. I wish you success.
39e702e6-8584-4711-b49d-c16d7cedec6e,004,5,app rất hay nhờ có nó mà cách phát âm của mình trở nên ngày càng chuẩn hơn. ngoài ra mình còn có thể thu thập sao để thi đua với mọi người bạn khác nữa :^)^_^,2022-06-28 13:49:50,Positive,"The app is very good. Thanks to it, my pronunciation becomes more and more accurate.Besides, I can also collect stars to compete with other friends :^)^_^"
5380d83a-b87f-41bc-95d9-5faf85bf85e7,004,5,"ứng dụng học khá thú vị. mình có thể học cách nói tự nhiên như người bản địa, đồng thời có thể kiểm tra và đánh giá phát âm của bản thân.",2022-06-27 14:46:45,Positive,"The learning app is quite interesting.You can learn to speak naturally like a native speaker, and at the same time you can test and evaluate your pronunciation."
3bcfb94b-756c-4888-89b4-aad4f94bea40,004,5,lúc đầu mình không học giỏi tiếng anh nhưng từ khi học app cake mình đã học giỏi hơn và biết nhiều những từ vựng mới,2022-06-27 01:57:45,Positive,"At first, I wasn't good at learning English, but since learning app cake, I've learned better and learned a lot of new vocabulary"
480ccb02-8e4b-465e-87c4-8a48f8bf1906,004,5,"mong hi vọng cake có chỗ thêm về các thì,học sao cho hiệu quả chứ học có vài câu giao tiếp thì e rằng giao tiếp với người ngoài sẽ khó",2022-06-26 16:10:34,Positive,"I hope cake has a place to add tenses to learn effectively, but if you only learn a few sentences, I'm afraid it will be difficult to communicate with outsiders."
f4ab1df0-a16d-4395-9d6f-ebf3b97a972e,004,5,"từ khi có app cake tôi đã chăm chỉ học hơn, ba mẹ tôi rất tự hào khi tôi ngồi học tiếng anh trong vòng 40phút ! cảm ơn app cake bây giờ tôi chũng có một chút kiến thức môn tiếng anh !",2022-06-25 10:42:25,Positive,"Since having app cake, I have studied harder. My parents are very proud when I sit down to study English for 40 minutes!Thanks app cake, now I have a little knowledge of English!"
bb155d7a-0393-4ef0-9539-c06d57b20e60,004,4,"ứng dụng khá ổn, vì mình tuy biết mặt chữ nhưng phát âm kém, nếu ứng dụng nói chậm hơn có thể giúp những người như mình nghe rõ các từ để phát âm chuẩn hơn",2022-06-18 12:52:59,Positive,"The application is quite good, because although I know the words but have poor pronunciation, if the application speaks slower it can help people like me hear the words clearly to pronounce them more accurately."
575cd94b-48ed-47ed-ae4b-5becf57a55a2,004,5,"app rất tốt giúp luyện tiếng anh hằng ngày mà kh sợ có quá nhiều từ có cách đọc phát âm cực kì chi tiết , có cả tiếng của ng bản xứ ; app rất tuyệt . 😚",2022-06-17 07:58:16,Positive,"Very good app to help practice English every day without fear of having too many words with extremely detailed pronunciation, including native speakers;the app is great.😚"
9a0f7679-6583-4bd1-bb21-b486ce22fc84,004,5,giúp mik học tiếng anh giỏi hơn và giúp mik phát âm tốt hơn giống người bản xứ chỉ cần học nhiều hơn thì mik sẽ nói đc như người bản xứ ☺️☺️☺️,2022-06-16 05:49:00,Positive,Help me learn English better and help me pronounce better like a native. Just study more and you will be able to speak like a native ☺️☺️☺️
f7997d63-9626-4639-9616-0c8239ed3f2b,004,5,học app này rất tốt và bổ ích ❤ mọi người nên tải về học để có thể học anh văn tốt hơn nha ❤❤,2022-06-13 13:29:14,Positive,Learning this app is very good and useful ❤ everyone should download it to learn English better ❤❤
856dbc84-4ebc-43f8-929c-bc7665d60ffe,004,5,"app tốt và đặc biệt còn miễn phí nữa chứ. bạn nào nói cake bắt nộp tiền thì xem lại đi nhé. mua cake plus hay không là tùy bạn lựa chọn. một là học free và bạn sẽ mất tim hoặc phải xem quảng cáo khi mở 1 số bài học, 2 là đăng kí vip và bạn có thể thoải mái học k quảng cáo với k giới hạn nội dung. các bạn k thể trách nsx được vì muốn có 1 app chất lượng như thế để phục vụ các bạn thì tất nhiên k thể miễn phí hoàn toàn được.",2022-06-10 03:09:16,Positive,"The app is good and especially free.If you say cake requires payment, please reconsider.Buying cake plus or not is up to you.One is to learn for free and you will lose hearts or have to watch ads when opening some lessons, the other is to sign up for VIP and you can freely learn without ads with unlimited content.You can't blame NSX because if you want a quality app like that to serve you, of course it can't be completely free."
ebc6f4d7-be61-4f22-ad20-3710a6aa9c99,004,5,cake rất tốt cake đã dại mình học và bây giờ thì mình đã có những hành tích cực tốt mình rất là thích cake cả mơn cake nhiều lắm 😀😀😀😀😀,2022-06-09 10:35:28,Positive,"cake is very good. bake has taught me and now I have very good actions. I really like cake, even cake very much 😀😀😀😀😀"
8a7d066c-a00c-488b-b353-31319e56d6ba,004,5,"it's a wonderful app, it helps me to be better at communicating, my speaking skill has been improved by learning sentenses from this app !",2022-06-08 18:35:37,Positive,"it's a wonderful app, it helps me to be better at communicating, my speaking skill has been improved by learning sentenses from this app !"
6fd6d332-57cc-45cc-a196-555894840484,004,4,bắt đầu cập nhật phiên bản là phải xem quảng cáo 30s. app không còn đúng với bản chất mà người dùng tiếp cận với app như ngày đầu. có thể số đông sẽ bị gây ức chế khi học được 1 lúc lại phải xem quảng cáo dài. người dùng sẽ có tâm lí đi tìm kiếm để dùng app khác.,2022-06-07 23:53:28,Positive,"When you start updating the version, you have to watch a 30 second ad.The app is no longer true to the nature that users used to approach the app like on the first day.Maybe the majority will be frustrated when they learn at the same time and then have to watch long ads.Users will have the mentality to search to use another app."
b5615087-2bbb-4b8f-9006-fe46d5fd29c2,004,5,thích mấy app miễn phi mà tốt như này. có mấy câu rất tự nhiên mà có thể học đc. tuy nhiên thì phần phát âm vẫn chưa chắc chắn. có vietsud hay và thêm các bài học khá thú vị . nên thử,2022-06-07 09:11:33,Positive,"I love good free apps like this.There are some very natural sentences that can be learned.However, the pronunciation is still uncertain.has good vietsud and quite interesting lessons.should try"
090ff6c0-a222-423a-a4fd-8ba11d9fac04,004,5,tiếng anh cake thật hay tiếng anh cake giúp chúng ta có thể nói tiếng anh 1 cách thuần thục mà còn nói được tiếng anh chuẩn người bản xứ,2022-06-06 12:48:02,Positive,English cake is really good. English cake helps us to speak English fluently and also speak standard English to native speakers.
17af6166-c266-471f-9a72-227e976b5e09,004,5,"mình thấy cái này học rất tốt, tạo cho mình động lực học ta qua các đoạn phim, bài hát, hoạt hình. nó giúp mình dễ tiếp thu hơn là những con chữ trong sách, vở",2022-06-06 11:45:17,Positive,"I find this to be very good to learn, giving me motivation to learn through movies, songs, and animations.It helps me to absorb more easily than the words in books and notebooks"
1b43d426-1a7a-487a-a826-84ab3a5298e1,004,5,"ứng dụng hay nhất tui từng học nha! có rất nhiều loại và nhiều dạng, rất màu sắc và độc đáo không hề nhạt nhẽo chút nào! có nhiều câu hay xem qua video nữa",2022-06-04 00:29:34,Positive,"Best app I've ever learned!There are many types and forms, very colorful and unique, not bland at all!There are many interesting sentences to watch through the video"
d1acb8b1-524c-4d87-8560-b99997297749,004,4,"khi đang học thì mình thấy cake có hiện (phí 1 tháng, 2 tháng, gói gia đình tối đa 6 người)+ số tiền. cho mình hỏi đó có phải là khi học cake mình phải trả phí không ạ. mình mới bắt đầu học nên mình muốn hỏi để chắc chắn rằng là miễn phí",2022-06-03 03:51:01,Positive,"While studying, I saw cake displayed (fee for 1 month, 2 months, family package of up to 6 people) + amount.Can I ask if that means I have to pay a fee when learning cake?I just started learning so I want to ask to make sure it's free"
f5062575-a0b2-453a-b72c-81c2a105f272,004,5,nó giúp tôi học tiếng anh cảm ơn app cake đã cho tôi học tiếng anh của người bản xứ tôi đã đạt rất nhiều danh hiệu học sinh xuất sắc cảm ơn .,2022-05-31 04:52:15,Positive,It helps me learn English. Thank you app cake for letting me learn native English. I have won many excellent student titles. Thank you.
265bb2bb-f1f6-46fa-8c24-bdc8bf0ae858,004,5,app rất hữu ích chứ không phải chỉ là quảng cáo lừa đảo nhé mn. quan trọng là mn chịu bỏ thời gian ra học là đc! mong admin cập nhật thêm nhiều chức năng hay cho app và cập nhật thêm vài thứ tiếng nữa cho mn mở rộng học tập!,2022-05-30 12:11:05,Positive,"The app is very useful, not just a scam ad.The important thing is that you take the time to study!I hope the admin will update more cool functions for the app and update a few more languages ​​so you can expand your learning!"
00617db9-5d75-4fd6-9945-081d9ecc2b42,004,5,tuy tui mới học đc có 1 buổi sáng nhưng cảm thấy rất hay có rất nhìu các dạng câu hay nhưng cái này cũng ko phải hoàn toàn miễn phí có vài cái mất tiền còn chủ yếu là free nói chung là đc,2022-05-28 03:49:36,Positive,"Even though I've only learned it one morning, I think it's very good. There are a lot of good sentences, but it's not completely free. There are a few that cost money. Mostly, it's free. In general, it's okay."
b68fe42a-c9c0-4a9a-87b3-0578893f011c,004,5,tôi thấy ứng dụng rất tốt nhưng có điều là mỗi khi nói xong là cho sao chứ ko cho tim thôi nên cho 5 sao nha,2022-05-26 12:34:11,Positive,"I think the app is very good, but the thing is that every time I say something, I give it a star, not just a heart, so I give it 5 stars."
cfea0bfd-c94f-414e-8e40-c534611d1652,004,5,i love my cake tôi rất thích học cake nói chỉ cho tôi được nhiều kiến thức và những phim hoạt hình hay nên tôi đánh giá 5 sao,2022-05-25 04:52:21,Positive,i love my cake i really like learning cake said it gave me a lot of knowledge and good cartoons so i rate it 5 stars
fb299c59-8e1d-469a-a683-9b5350cd99c5,004,5,"mình thấy có không ít bạn nói la app có rất nhiều trục trặc , quảng cáo,... nhưng mình thấy apple tuyệt mà. rất nên tải nha.",2022-05-24 13:20:59,Positive,"I see a lot of people say that the app has a lot of problems, ads,... but I think Apple is great.Highly recommended to download."
2f8ba675-de0e-4e3b-86f1-a6d1c911423e,004,5,trất hay mình học được môn tiếng anh là nhờ app này giờ thì mình cũng được thành quả trất tốt là nhờ vào app này hết mọi người ạ quà mình cũng được 10 điểm đầu tiên đó mọi người ạ,2022-05-23 14:05:45,Positive,"It's very good that I learned English thanks to this app. Now I'm also getting good results thanks to this app, everyone. I also got my first 10 points, everyone."
9fff35ea-99f2-45fb-b6a9-d840c7633c80,004,5,app rất hay nó giúp tôi luyện phát âm và có những bài quiz nhỏ và có rất nhiều thứ vì vậy tôi mới cho 5 sao:))),2022-05-21 14:25:45,Positive,"The app is very good, it helps me practice pronunciation and has small quizzes and a lot of things so I gave it 5 stars :)))"
789a8615-acaf-42d0-b142-63ea0aee1321,004,5,"trải nghiệm tuyệt vời. app rất hữu ích và thú vị, tốt cho những người ko giỏi kiên trì. nếu app có gói ưu đãi phí trọn đời thì tốt quá. cảm ơn admin rất nhiều.",2022-05-19 00:32:50,Positive,"great experience.The app is very useful and interesting, good for people who are not good at perseverance.If the app has a lifetime premium package, that would be great.Thank you very much admin."
51acf17d-456b-4da4-ad9c-ac3fdbeb61df,004,5,"mẫu câu hay đa dạng chủ đề, luyện tập nghe, nói, đọc, viết ok. chức năng sửa lỗi chính tả and làm lại những chỗ bị sai",2022-05-13 15:39:37,Positive,"Good sentence patterns with diverse topics, practice listening, speaking, reading, and writing ok.Function to correct spelling errors and redo mistakes"
e804264d-0e6c-4ff9-9d40-b8aa904f473d,004,5,đây là lần đầu tiên tôi sử dụng vì tôi bị mất kiến thức cơ bản nên đã tìm tới ứng dụng này trong những giờ đầu tiên tôi cảm thấy app khá hay dạy tôi cách phát âm sao cho chính xác và tôi cũng nhận thức đc rằng cách mà tôi phát âm chưa chuẩn nhưng tôi sẽ cố gắng .!,2022-05-12 11:44:21,Positive,This is the first time I use it because I lost basic knowledge so I came to this application in the first hours. I feel that the app is quite good in teaching me how to pronounce correctly and I am also aware that the way I pronounce is not correct but I will try.!
3cf6104a-cefe-408c-b6bd-9eb0f19f5d67,004,5,"wow một ứng dụng rất hay, nó làm cho mìmh rất thích thú khi học tiếng anh, lúc trước mình còn chẳng biết nói tiếng anh nữa cơ. mọi người nhớ tải ứng dụng về nha",2022-05-11 02:50:52,Positive,"wow a very good application, it makes me very excited when learning English, before I didn't even know how to speak English.Everyone remember to download the application"
a21c3d14-5743-4f45-ac97-281270e098e2,004,5,"💮đánh giá này 5 sao nhe, vì nó học rét là dzui! rất là toẹt dzời 💮. nhưng mà phải đăng kí cake plus làm mình ức chế quá, do mik ko có tài khoản. tức muốn khóc luôn. 💦",2022-05-10 12:03:34,Positive,"💮Rate this 5 stars, because it's a cold study!very flat 💮.But having to register for cake plus makes me so frustrated, because I don't have an account.I immediately want to cry.💦"
688e97cd-70a6-44cd-8514-3217ff09822b,004,5,chỉ mong là lập trình ra từng bài học .nói cách khác là từng giai đoạn mới như tụi mình muốn học tại nhà .cần học j đầu tiên và tiếp theo rồi ngày sau ôn tập vân vân và mây mây,2022-05-10 01:48:02,Positive,"I just hope to program each lesson. In other words, each new stage like we want to study at home. We need to learn j first and next, then review the next day, etc."
29995633-ffa1-4dd1-b987-2467a48f2ff7,004,4,"nếu có thêm phần phiêm âm nữa thì tuyệt vời ạ, nhiều lúc đọc theo không được chuẩn. it would be great if the app would add an api transcription for easier and more accurate pronunciation for readers. thanks publisher.",2022-05-07 09:34:00,Positive,"It would be great if there were more transcriptions, but sometimes reading along is not accurate.it would be great if the app would add an api transcription for easier and more accurate pronunciation for readers.thanks publisher."
bc8c01bd-0b65-4b17-94be-57347dda38de,004,5,"tôi là sinh viên bên lĩnh vực kỹ thuật rất dở trong việc học tiếng anh, nhưng nhờ app cake tôi cải thiện được kỹ năng đọc và nghe rất nhiều. mong nhà sản xuất phát hành thêm cách giao tiếp trực tuyến với người nước ngoài thì hay lắm luôn. mình mong nhà sản xuất tăng thêm tim để học lâu thêm ạ. lý do học 5 tim nhanh mau hết quá. phần nghe thường rất tốn nhiều tim. cảm ơn đội ngũ cake và nhà phát hành rất nhiều. mình cho app 5 ⭐♥️♥️♥️",2022-05-06 07:15:34,Positive,"I am a student in the engineering field and am very bad at learning English, but thanks to app cake, I have improved my reading and listening skills a lot.I hope the manufacturer releases more ways to communicate online with foreigners, it would be great.I hope the manufacturer adds more hearts to study longer.The reason for studying 5 classes quickly runs out.The listening part often takes a lot of heart.Thank you very much cake team and publisher.I give the app 5 ⭐♥️♥️♥️"
3b182e63-5c88-4c7c-815d-7c549840d39c,004,5,học rất hay nên thử toi là một người bị mất gốc tiếng anh từ khi được bạn giới thiệu app này học tôi đã tiến bộ nên hẳn,2022-05-04 13:13:36,Positive,"Learning is very good, so try it. I am a person who has lost my English knowledge. Since my friend introduced this app, I have improved in learning."
68437b0d-dab7-4f24-b70e-de26a3df12a5,004,5,"ứng dụng này rất hay, nó đã giúp cho một người không biết tiếng anh như tôi đc cải thiện thêm một tầng mới biết đc nhiều từ tiếng anh để giao tiếp với người nước ngoài 🥳",2022-05-03 07:13:45,Positive,"This app is very good, it has helped someone like me who doesn't know English improve one more level to know many English words to communicate with foreigners 🥳"
238a8425-6059-4b13-98b1-4419a69eb283,004,5,"ứng dụng rất hay và giúp mình khám phá được rất nhiều mẫu câu mới hay hơn,còn có cả vd hoạt hình để học cho các bạn nhỏ 5 -6 tuổi nữa nên là tổng thể 5 sao hết",2022-05-03 02:37:24,Positive,"The app is very good and helps me discover many new and better sentence patterns. There are also animated examples to learn for 5-6 year olds, so overall 5 stars."
4a8e00b2-7d14-4cd4-895e-851612214264,004,5,"học tiếng anh với ứng dụng cake tôi thấy bản thân đã cải thiện việc phát âm tiếng anh khá tốt hơn rất nhiều ko chỉ vậy học còn có video,hình ảnh rất sinh động và hấp dẫn.💯",2022-05-02 09:09:35,Positive,"Learning English with the cake app, I feel like I have improved my English pronunciation a lot better. Not only that, learning also has very vivid and attractive videos and images.💯"
e2a0bd1c-09bb-4032-94ac-df7248782fdb,004,5,học khá tốt ạ nó còn giúp tôi hiểu thêm dc nghĩa những từ ngữ mới . có áp này tôi có thể siêng năng hơn trong việc nâng cao trình độ tiếng anh của mình,2022-04-30 01:38:33,Positive,"Learning is quite good. It also helps me understand the meaning of new words.With this pressure, I can be more diligent in improving my English level"
b3007a05-7238-4e32-98ae-3e591b3ed200,004,5,nói thì ko vui nhưng hok mới zui cài này kiểu dống như vừa hok vừa chơi mà lại còn hok từ vừng khác trong các từ mình hay dùng.,2022-04-26 14:21:25,Positive,"It's not fun to say, but when I first installed it, it's like playing while learning and also learning about other words in the words I often use."
a398af5e-c3f0-4cae-bb2f-95a95a61d8e5,004,5,ứng dụng rất tốt. bình thường bé nhà mình học tiếng anh rất chậm nhưng khi học cake thì học tốt hơn rồi. cảm ơn cake rất nhiều,2022-04-25 13:08:06,Positive,"very good application.Normally, my child learns English very slowly, but when he learns cake, he learns better.Thank you cake very much"
9b5715b3-8ab8-4031-a172-e74a0e0c7618,004,4,rất hay có cả phần luộn nói mà tất cả các áp tớ từng học đều không có. nhưng có nhiều quảng cáo quá. trừ 1 sao nhé,2022-04-22 13:06:12,Positive,It's very good and includes a speaking part that all the apps I've ever studied don't have.but there are too many ads.Minus 1 star
ab2d5246-e560-445d-932b-1c164796ca19,004,5,"ứng dụng rất tốt, mặc dù mình lười học nhưng mỗi lần học là một lần được biết thêm cái mới mà toàn cái chất lượng❤",2022-04-22 03:18:44,Positive,"Very good app, even though I'm lazy to study, every time I study I get to learn something new and of good quality❤"
b0e44b6f-f74d-4f61-a1c6-7d260ca9a5d3,004,5,"chương trình học khá sinh động thứ vị, cho phép tương tác với nhiều cách học như nghe, nói lại câu, chọn từ đúng, rất đáng thử",2022-04-20 02:26:23,Positive,"The curriculum is quite lively and interesting, allowing interaction with many ways of learning such as listening, repeating sentences, choosing the right word, very worth a try."
fea6a8da-95d9-4823-882b-18e5ad7703c1,004,5,"học cái này rất tốt, nhờ ứng dụng này mà mình có thể test được trình độ nói và nghe tiếng anh một cách khách quan nhất👍👍",2022-04-19 14:52:25,Positive,"Learning this is very good, thanks to this application I can test my English speaking and listening level in the most objective way👍👍"
2e2766aa-ba84-4e55-b126-871012078e72,004,5,app hỗ trợ mik về việc học tâp rấ hay . cac bn nên tải app này về học ta nhé . công nghệ thời mới rồi. hc đi nhé !,2022-04-16 15:08:12,Positive,The app helps me learn very well.You should download this app to learn from us.new age technology.let's go!
afc22ceb-510e-49e8-95dd-0c1879d604d0,004,5,"khuyên các bậc phụ huynh tải về cho con em mình học ạ, app trao dồi cho nhiều kiến thức tiếng anh khi con còn nhỏ rất tốt và bổ ích cho con em mình",2022-04-13 02:12:14,Positive,"I advise parents to download it for their children to study, the app teaches them a lot of English knowledge when they are young, very good and useful for their children."
a7c02024-8b1f-453c-82eb-95c96d249d74,004,5,tôi thấy app rất hay nó có thể cho tôi nhiều câu nói bằng tiếng anh . mọi người nên tải app này đi 🥰,2022-04-12 02:05:03,Positive,I find the app very good. It can give me many sentences in English.Everyone should download this app 🥰
1bf35e8f-a9b5-4b4a-8fc3-929e5904dba3,004,5,"app này rất hữu ích cho việc học ngoại ngữ của tôi, có giảng viên nước ngoài dạy phát âm và lí thuyết rất dễ hiểu, nâng cao khả năng giao tiếp, từ vựng, phát âm, ngữ pháp đối với người học chuyên anh như tôi. app rất tuyệt! bạn thử học đi nhé!",2022-04-11 14:00:36,Positive,"This app is very useful for my foreign language learning. There are foreign lecturers who teach pronunciation and theory very easily, improving communication skills, vocabulary, pronunciation, and grammar for English majors like me.Great app!Please try to learn!"
ce105cc8-db20-44f6-af5a-0d4ea185666a,004,5,nó rất hiệu quả app cake cho ta những mẫu câu của người bản sứ làm cho ta biết nhiều về những câu tự nhiên hơn khi nói với những người bạn nước ngoài,2022-04-10 03:12:05,Positive,"It's very effective. App cake gives us sample sentences of native speakers, helping us learn more about natural sentences when speaking with foreign friends."
e86dfbfe-932d-45ae-a26a-4a9d014571ee,004,5,"mình hay tìm mấy app học tiếng anh, tìm mãi nhưng cuối cùng app cake cũng là sự lựa chọn tốt nhất. vì app miễn phí và giúp chúng ta học từ vựng, ngữ pháp, luyện nói, luyện nghe,...",2022-04-09 16:20:22,Positive,"I often look for English learning apps and search forever, but in the end cake app is the best choice.because the app is free and helps us learn vocabulary, grammar, practice speaking, listening,..."
ff9cf42e-5298-4201-bc18-bc8db425ba6f,004,5,"ứng dụng học tuyệt lắm á! đồng hành với ứng dụng từ hồi còn dùng miễn phí rồi nhưng mình cũng không có nuối tiếc gì khi ứng dụng giờ phải trả phí cả. nhà sản xuất cũng cần có tiền để duy trì app mờ, nên lúc nào có tiền mình mua gói premium :')))",2022-04-09 14:45:07,Positive,"Great learning app!I've been with the app since it was free, but I have no regrets that the app now has to be paid.The manufacturer also needs money to maintain the app, so when I have money, I buy the premium package :')))"
2939815e-71b8-4880-931c-e00209ce2d3d,004,5,"cake giúp mình học được rất nhiều từ vững ,câu hỏi hoặc trả lời bằng tiếng anh mình rất thích cake mong nó sẽ có nhiều mục mới và thú vị hơn nữa nhé, cảm ơn cake",2022-04-09 07:30:45,Positive,"cake helps me learn a lot of words, questions or answers in English. I really like cake. I hope it will have more new and interesting sections, thank you cake."
dcc5817a-d509-4515-9ec7-d4c8dc7d338e,004,5,"app rất tốt, nó khó hơn mình nghĩ, nhưng càng khó mình càng thấy tốt. ứng dụng rất dễ hiểu, dễ học còn có bảng xếp hạng làm cho mình quyết tâm phải lấy top 1 😂. nói chung là đừng đắn đo gì nữa, down về học ngay thôi.",2022-04-08 09:14:49,Positive,"The app is very good, it's harder than I thought, but the harder it is, the better it feels.The application is very easy to understand, easy to learn, and has a ranking that makes me determined to get top 1 😂.In general, don't hesitate any longer, download and study right away."
971ed873-ec8a-4d3e-b331-55d8d9934c45,004,5,"app này học tốt lắm ý trời, có nhiều mẫu câu mỗi ngày cho bạn học. tải về học thử đi nhé nó sẽ có hiệu quả đấy! chúc bạn đạt điểm cao trong môn tiếng anh 🙆",2022-04-08 02:14:15,Positive,"This app is very good for studying, there are many sentence patterns every day for you to learn.Download it and try it out, it will work!Wishing you a high score in English 🙆"
fc7690b6-aa84-4f3f-a2c1-3476e1f43cf2,004,5,"tôi cảm thấy học ứng dụng này giúp mình hiểu rõ hơn về tiếng anh, nó hoàn toàn khác trương trình mà tôi học, đúng là khó ,nhưng toii thấy nó rất có ích !",2022-04-08 01:59:24,Positive,"I feel like learning this application helps me understand English better. It's completely different from the program I studied. It's really difficult, but I find it very useful!"
1c4e72c4-9c40-4fbf-a61e-0e8dce26c5f8,004,5,học được tiếng anh tự nhiên hơn thay vì các mẫu câu trong sách. nhưng mà phần speak cá nhân mình thấy hơi khó theo dõi xíu. nói chung là hài lòng 🥰,2022-04-07 09:44:30,Positive,Learn English more naturally instead of using sentence patterns in books.But I personally find the speaking part a bit difficult to follow.Overall satisfied 🥰
74706746-4ebc-4cb3-bc92-e0af1b996cea,004,5,ứng dụng này rất tốt trước đây tôi học yếu nhất là môn t.anh nhưng nhờ có cake đã giúp tôi học tốt môn tiếng anh rất nhiều mong nhà sản xuất sẻ tạo ra nhiều ứng dụng tốt hơn như vầy nữa 👍👏🤝👌,2022-04-05 01:19:03,Positive,"This app is very good. Previously, my weakest subject was math, but thanks to cake, it helped me learn English a lot. I hope the manufacturer will create more good apps like this 👍👏🤝👌"
b71c42f2-93e6-4707-bd53-1643e2269bd8,004,5,"ứng dụng này rất tốt giúp chính bản thân cháu học tốt hơn, dù ko pk ik hc thêm như các bn cùng lứa tuổi nhưng cháu vẫn luôn là hc sinh giỏi toàn diện .cảm ơn ứng dụng, rất nên sử dụng ứng dụng này.",2022-04-04 15:10:58,Positive,"This app is very good to help me study better. Even though I don't have the chance to take extra classes like other people my age, I am still a good student overall. Thank you for the app, I highly recommend using this app."
58e5fbd9-6b07-4b81-9535-40c011e9949c,004,5,án ana lệ tỳ xá đệ bệ ra bạt xà ra đà rị bàn đà bàn đà nể bạt xà ra bán ni phấn hổ hồng đô lô ung phấn ta bà ha,2022-04-04 08:16:01,Positive,Ana Le Bhikkhu Amitabha Padma Ra Bat Xa Ra Da Ri Ban Da Ban Da Nghi Bat Xa Ra Sell Ni Pollen Tiger Hong Do Lo Ung Pollen Ta Ba Ha
f7defa81-193c-4919-a7a0-6e0645b932e6,004,5,cake giúp cho tôi ôn lại phát âm tiếng anh chuẩn và cũng lấy lại tự tin khi giao tiếp với ai đó trong công việc,2022-03-31 15:13:12,Positive,cake helps me review correct English pronunciation and also regain confidence when communicating with someone at work
fe8ba8f2-9766-47a3-89cf-c22205c61f1d,004,5,"app hay quá, app này luyện phát âm rất tốt mn ạ, app này cho bạn nào đã thành thạo từ vựng thì nên luyện phát âm nhé, mik đánh giá 5*",2022-03-30 08:02:37,Positive,This app is great. This app is very good at practicing pronunciation. This app is for those who have mastered vocabulary to practice pronunciation. I rate it 5*.
4f29cf8e-0afc-4f18-a0d4-9772d7f895ac,004,5,"rất hay và bổ ích, nghe những đoạn thoại ngắn như vầy giúp tiếp thu nhanh mà không bị chán học vì cảm giác quá dài như những chương trình khác",2022-03-30 02:19:31,Positive,Very interesting and useful. Listening to short dialogues like this helps you learn quickly without getting bored because it feels too long like other programs.
6c8dbd15-08cc-443f-86b8-ef73607c87b2,004,5,woa ứng dụng học rất tốt tôi mới học khoảng vài ngày xanh như tiếng anh hỏi lớp 1 cho tới lớp 6 tôi học nhưng mà đầu tiên tôi học có tiến bộ hơn một chút đấy,2022-03-29 07:47:55,Positive,"wow, the learning app is very good. I've only been learning for a few days. I've been learning English from grade 1 to grade 6, but at first I've improved a bit."
3e99dc74-30dd-4012-89d0-d51ea93be410,004,5,cake là một ứng dụng học tiếng anh rất tốt sẽ chỉ dẫn chúng ta sau 2 tuần thử free qua 2 tuần mn có thể đăng kí học app dành cho từ 8 tuổi đến 15 tuổi học siêu dễ mỗi ngày bỏ ra nữa tiếng là chúng ta có thể app dụng được rồi !,2022-03-29 04:02:59,Positive,"cake is a very good English learning application that will guide us after 2 weeks of free trial for 2 weeks, you can register to learn the app for from 8 years old to 15 years old. Super easy learning, spending half an hour a day and we can apply it!"
cd08644e-aa71-4bbb-afe3-0cac64c56b02,004,5,ứng dụng này có vẻ hay nếu chúng ta đang rất kém tiếng anh nhưng khi vô đây ứng dụng này sẽ giúp chta thêm nhiều từ vựng từ tanh hơn và có thể giao tiếp vs ng nước ngoài ứng dụng tốt nên tải về học nha mn :)),2022-03-28 14:11:18,Positive,"This application seems good if you are very poor at English, but when you come here, this application will help you add more vocabulary and be able to communicate with foreigners. This is a good application so you should download and learn :))"
24aa69c0-459a-4e24-b4d0-eb027a0c70f1,004,5,thật ko thể chê vào đâu đc tôi phải công nhận nó là 1 ứng dụng cực kì hữu ích cho tôi cực kì cảm ơn luôn 🙂,2022-03-28 10:09:34,Positive,"I really can't fault it, I have to admit it is an extremely useful application for me, thank you very much 🙂"
cf14390c-af13-463e-9cad-e1c6655c2c10,004,5,"this app can help me practice english every day, it's very useful, but i'm just a primary school student, so i can only practice english for 3 days :(",2022-03-27 11:45:44,Positive,"this app can help me practice english every day, it's very useful, but i'm just a primary school student, so i can only practice english for 3 days :("
083c38b0-f065-4112-a091-4a4415f13502,004,4,"đây là lần đầu mình sử dụng cake, mình khá ấn tượng vì ứng dụng dạy tiếng anh thông qua video và có phụ đề rõ ràng, điểm trừ là việc giao diện theo dõi kênh và lựa chọn kênh hơi khó dùng. dù sao đây cũng là ứng dụng giúp kéo dài thói quen học tiếng anh tốt mà mọi người nên dùng!",2022-03-26 09:33:24,Positive,"This is my first time using cake. I'm quite impressed because the application teaches English through videos and has clear subtitles. The downside is that the channel tracking and channel selection interface is a bit difficult to use.Anyway, this is an application that helps prolong good English learning habits that everyone should use!"
f5631101-9753-475c-a215-aac93bb29b77,004,5,"ứng dụng cho chúng ta trải nghiệm nhiều điều , học phát âm , và tiéng anh nếu bạn nào phát âm hay đọc t.a chưa chuẩn thì chắc chắn nên tải app này về thử học trong một tuần nhe .chúc mọi người thi tốt ^^",2022-03-25 13:53:15,Positive,"The app allows us to experience many things, learn pronunciation, and English. If you don't pronounce or read English correctly, you should definitely download this app and try learning for a week. Good luck on your exam everyone ^^"
8b153bb0-c1d1-4c0f-968c-f64854b4f74c,004,5,"hiện tôi đang học và thấy app hay, qc ít còn bạn học hơi yếu hết tim nên mới bị xem qc do ng ta ko đủ phí nên tổ chức qc đừng chửi ng ta ok ok??",2022-03-23 23:22:28,Positive,"I'm currently studying and I think the app is good, the QC is low and my classmates are a bit weak-hearted so I'm being considered for QC because we don't have enough fees so the QC organization don't scold us ok ok??"
89336f40-cba1-418b-af21-bbb1c2ff89e7,004,5,"cake là một ứng dụng khá phổ biến và được nhiều người dùng.cake tập chung chủ yếu vệ phần giáo tiếp.cake sẽ giúp các bé luyện nghe,đọc,nói tốt hơn.",2022-03-23 14:20:45,Positive,"cake is a quite popular application and is used by many users. cake focuses mainly on the teaching part. cake will help children practice listening, reading, and speaking better."
46a15c51-f0f1-44d0-8e72-e9569726a103,004,5,"app rất hay mình là ng k thích học ta nhưng mình là ng đã làm phải làm hết không muốn dở dang,app đã áp dụng điều này rất thông minh để ép mình học ta :)",2022-03-21 02:08:44,Positive,"The app is very good. I'm someone who doesn't like to study, but I'm the one who has to do it all and don't want to leave it unfinished. The app has applied this very smartly to force me to learn :)"
1c82731f-c5d5-4828-b59d-9a7bf691b916,004,5,"mình thấy ứng dụng rất tốt nha, chúng ta có thể vừa xem phim vừa học, không bị áp lực quá nhiều , phù hợp cho mấy bạn k bt tiếng ănh hoặc bt chút chút.",2022-03-20 14:16:02,Positive,"I think the application is very good, we can watch movies and study at the same time, without too much pressure, suitable for those who don't know how to speak or listen a little bit."
8cded52c-75a3-4d19-a45a-b548425d69f3,004,5,tôi không hiểu biết làm sao cả một phần bởi vì nó quá là tuyệt vời nó không những là một cái áo giúp đỡ nói tiếng anh đâu mà nó cười là một cái áp giúp mình trải nghiệm rất là nhiều và nhiều thực tế luôn mình cho các năm sau 10 điểm 10 điểm mọi người hãy cho nó 1 like senham mọi người rất cãi nhau về ai cũng phải tải hết ai cũng phải tải hết nha nhớ nha,2022-03-20 05:10:13,Positive,"I don't know how, partly because it's so great. It's not only a shirt that helps me speak English, but it's a pressure that helps me experience a lot and a lot of reality. I'll give it next year 10 points 10 points everyone please give it 1 like senham everyone is arguing about who must download everyone everyone must download everyone remember"
77560a7f-629f-4405-b0c2-2e024071fb44,004,5,"nó khá tốt để học tiếng anh, luyện nghe, phát âm đều rất tốt. quá trình học khá hiệu quả, rất khuyên mọi người nên sử dụng. nhưng chi phi học hơi đắt, nếu như có gói trọn đời",2022-03-19 06:41:19,Positive,"It's quite good for learning English, practicing listening, and pronunciation are all very good.The learning process is quite effective, highly recommend it to everyone.But the tuition fee is a bit expensive, if there is a lifetime package"
31f60fe5-437c-449f-ae01-5f105f019ecf,004,5,app rất hữu ích video vừa có tiếng anh vừa có tiếng việt mk có thể nghe lại nhiều lần. và tắt bỏ phần sub đi để cải thiện kỹ năng nghe,2022-03-19 04:12:51,Positive,"Very useful app, the videos are both in English and Vietnamese so you can listen to them many times.and turn off the subtitles to improve listening skills"
9a9aa1e5-90fb-40f6-820d-894eedcfcdfc,004,5,"trải nghiệm tuyệt vời, nhưng hơi nhiều ads, vì vậy nhà sản xuất nên hạn chế quảng cáo hơn. cảm ơn cake đã mang đến chiếc bánh này mở ra cho tôi cơ hội nghề nghiệp và phát triển bản thân mỗi ngày. ước gì app sẽ dùng offline được thì hay ><",2022-03-18 07:12:19,Positive,"Great experience, but a bit too much ads, so the manufacturer should limit the ads more.Thank you cake for bringing me this cake, which opens up career opportunities for me and personal development every day.I wish the app could be used offline ><"
2d48e23a-045c-4d32-b1d9-39bded2f9d03,004,5,mình thấy nó rất hay và có thể bồi bổ thêm kiến thức lúc đầu mình chẳng thích hc av chút nào khi có cake mình lại hăng say làm bài và bồi bổ thêm nên mình cho cake 5 sao..🌸🤗🤗,2022-03-18 05:05:17,Positive,"I think it's very good and can enrich my knowledge. At first, I didn't like studying at all. When I had cake, I enthusiastically did my homework and supplemented it, so I gave cake 5 stars..🌸🤗🤗"
beb53c15-6bf9-4264-98a1-b287c7461ca6,004,5,"dùng cake cuốn lắm luôn ấy, tạo cảm giác thích thú học tiếng anh hơn qua những video thí vị nè, có luyện âm và nhiều cái nữa ,khá hay...",2022-03-17 14:16:56,Positive,"Using cake is so delicious, it makes learning English more enjoyable through interesting videos, with pronunciation practice and many more, quite good..."
075cea41-fd22-4b7d-9a58-28f207d0ab51,004,5,"em thấy app rất hay , lúc đầu em biết tiếng anh và cũng như cách đọc nhưng lại ko biết cách phát âm nhưng từ khi học bằng cake thì em thấy có tiếng bộ và càng ngày càng phát âm giống người nước ngoài mn nên tải app về để học hỏi nó rất tốt cho những người mới học hoặc cho những người như em ko biết cách phát âm.👌",2022-03-17 13:23:03,Positive,"I think the app is very good, at first I knew English and how to read but didn't know how to pronounce, but since learning with cake, I feel like I have a better voice and I'm sounding more and more like a foreigner, so I downloaded the app to learn. It's very good for beginners or for people like me who don't know how to pronounce.👌"
